consignment_id,date,origin,port,pathway,commodity,commodity_type,num_boxes,items_per_box,num_items,is_contaminated,num_contaminated,contamination_rate,plants_per_item,num_plants
CON-20231009-9935,2023-10-09,Colombia,JFK,land,bulbs,propagative_material,9,23,207,False,0,0.0,3.0,621.0
CON-20230406-4257,2023-04-06,Mexico,JFK,air,bulbs,propagative_material,33,87,2871,False,0,0.0,18.0,51678.0
CON-20240826-6574,2024-08-26,Mexico,ORD,maritime,roses,flower,49,30,1470,False,0,0.0,,
CON-20231211-6635,2023-12-11,Ethiopia,MIA,air,seeds,propagative_material,25,22,550,False,0,0.0,20.0,11000.0
CON-20240415-6925,2024-04-15,Ethiopia,JFK,land,grafts,propagative_material,6,80,480,False,0,0.0,19.0,9120.0
CON-20241108-2654,2024-11-08,Kenya,LAX,air,saplings,propagative_material,19,20,380,False,0,0.0,13.0,4940.0
CON-20240109-2169,2024-01-09,Ethiopia,BOS,land,cuttings,propagative_material,23,36,828,False,0,0.0,20.0,16560.0
CON-20230908-4598,2023-09-08,Ecuador,IAH,land,grafts,propagative_material,25,44,1100,False,0,0.0,11.0,12100.0
CON-20231120-6155,2023-11-20,Netherlands,ORD,air,orchids,flower,5,37,185,False,0,0.0,,
CON-20241020-9830,2024-10-20,Kenya,BOS,maritime,carnations,flower,17,27,459,False,0,0.0,,
CON-20240213-1771,2024-02-13,Ethiopia,SEA,land,lilies,flower,9,75,675,False,0,0.0,,
CON-20230613-8668,2023-06-13,Colombia,MIA,land,chrysanthemums,flower,25,58,1450,False,0,0.0,,
CON-20230112-6573,2023-01-12,Costa Rica,ATL,land,seedlings,propagative_material,35,44,1540,False,0,0.0,4.0,6160.0
CON-20240409-3927,2024-04-09,Ethiopia,SEA,air,seedlings,propagative_material,47,43,2021,False,0,0.0,17.0,34357.0
CON-20240603-9689,2024-06-03,Colombia,ATL,land,bulbs,propagative_material,24,30,720,False,0,0.0,1.0,720.0
CON-20230425-2290,2023-04-25,Israel,BOS,air,orchids,flower,16,17,272,False,0,0.0,,
CON-20240629-3705,2024-06-29,Colombia,BOS,air,bulbs,propagative_material,43,70,3010,False,0,0.0,9.0,27090.0
CON-20240706-7118,2024-07-06,Costa Rica,SEA,air,seedlings,propagative_material,20,61,1220,False,0,0.0,15.0,18300.0
CON-20230911-4770,2023-09-11,Costa Rica,BOS,air,seeds,propagative_material,22,12,264,False,0,0.0,19.0,5016.0
CON-20241225-2160,2024-12-25,Kenya,JFK,air,bulbs,propagative_material,5,14,70,False,0,0.0,17.0,1190.0
CON-20240512-4981,2024-05-12,Kenya,ATL,land,tissue cultures,propagative_material,9,83,747,False,0,0.0,16.0,11952.0
CON-20230410-1887,2023-04-10,Mexico,ORD,air,tulips,flower,28,62,1736,False,0,0.0,,
CON-20231214-3296,2023-12-14,Colombia,JFK,maritime,bulbs,propagative_material,13,34,442,False,0,0.0,14.0,6188.0
CON-20230913-9856,2023-09-13,Ecuador,ATL,maritime,grafts,propagative_material,36,22,792,False,0,0.0,1.0,792.0
CON-20240221-3697,2024-02-21,Colombia,ORD,air,sunflowers,flower,14,61,854,False,0,0.0,,
CON-20230929-8973,2023-09-29,Mexico,JFK,maritime,orchids,flower,28,99,2772,False,0,0.0,,
CON-20230811-6138,2023-08-11,Ecuador,ORD,maritime,tissue cultures,propagative_material,48,79,3792,False,0,0.0,2.0,7584.0
CON-20240627-2122,2024-06-27,Netherlands,BOS,land,seeds,propagative_material,33,20,660,False,0,0.0,20.0,13200.0
CON-20230503-7868,2023-05-03,Colombia,ORD,maritime,tissue cultures,propagative_material,39,15,585,False,0,0.0,19.0,11115.0
CON-20230729-5915,2023-07-29,Costa Rica,DFW,maritime,lilies,flower,17,60,1020,False,0,0.0,,
CON-20230110-5345,2023-01-10,Guatemala,DFW,air,chrysanthemums,flower,5,78,390,False,0,0.0,,
CON-20230908-5956,2023-09-08,Ecuador,DFW,air,orchids,flower,11,66,726,False,0,0.0,,
CON-20240721-2753,2024-07-21,Costa Rica,JFK,land,chrysanthemums,flower,9,43,387,False,0,0.0,,
CON-20231016-5325,2023-10-16,Costa Rica,MIA,maritime,seedlings,propagative_material,22,36,792,False,0,0.0,17.0,13464.0
CON-20230405-3143,2023-04-05,Guatemala,ATL,air,orchids,flower,3,10,30,False,0,0.0,,
CON-20240328-3442,2024-03-28,Ethiopia,MIA,land,roses,flower,8,19,152,False,0,0.0,,
CON-20240819-1653,2024-08-19,Costa Rica,JFK,maritime,grafts,propagative_material,9,15,135,False,0,0.0,12.0,1620.0
CON-20230416-4878,2023-04-16,Kenya,ORD,land,daffodils,flower,40,29,1160,False,0,0.0,,
CON-20230126-5065,2023-01-26,Ecuador,MIA,maritime,seedlings,propagative_material,22,62,1364,False,0,0.0,9.0,12276.0
CON-20230209-4728,2023-02-09,Ecuador,LAX,maritime,lilies,flower,13,68,884,False,0,0.0,,
CON-20230717-5573,2023-07-17,Kenya,JFK,land,tulips,flower,18,18,324,False,0,0.0,,
CON-20241126-5349,2024-11-26,Israel,IAH,maritime,roses,flower,8,43,344,False,0,0.0,,
CON-20240320-2894,2024-03-20,Netherlands,LAX,land,tulips,flower,28,87,2436,False,0,0.0,,
CON-20230215-4228,2023-02-15,Mexico,ORD,maritime,roses,flower,34,78,2652,False,0,0.0,,
CON-20241111-5920,2024-11-11,Israel,SEA,air,tulips,flower,43,25,1075,False,0,0.0,,
CON-20240223-4143,2024-02-23,Costa Rica,ATL,land,daffodils,flower,45,47,2115,False,0,0.0,,
CON-20230628-4443,2023-06-28,Mexico,SEA,land,daffodils,flower,36,10,360,False,0,0.0,,
CON-20240328-3780,2024-03-28,Mexico,DFW,maritime,lilies,flower,33,70,2310,False,0,0.0,,
CON-20241110-4680,2024-11-10,Colombia,ATL,land,chrysanthemums,flower,49,40,1960,False,0,0.0,,
CON-20230217-4185,2023-02-17,Kenya,MIA,air,grafts,propagative_material,40,19,760,False,0,0.0,13.0,9880.0
CON-20230601-4585,2023-06-01,Guatemala,SEA,air,saplings,propagative_material,50,23,1150,False,0,0.0,6.0,6900.0
CON-20240724-8612,2024-07-24,Costa Rica,BOS,air,saplings,propagative_material,8,68,544,False,0,0.0,17.0,9248.0
CON-20240919-5050,2024-09-19,Costa Rica,DFW,maritime,sunflowers,flower,11,70,770,False,0,0.0,,
CON-20241003-4841,2024-10-03,Ethiopia,IAH,maritime,cuttings,propagative_material,29,19,551,False,0,0.0,9.0,4959.0
CON-20230324-4505,2023-03-24,Israel,DFW,land,bulbs,propagative_material,15,59,885,False,0,0.0,3.0,2655.0
CON-20240709-7381,2024-07-09,Mexico,SEA,maritime,daffodils,flower,4,36,144,False,0,0.0,,
CON-20230107-7865,2023-01-07,Netherlands,SEA,maritime,orchids,flower,49,59,2891,False,0,0.0,,
CON-20230814-7371,2023-08-14,Costa Rica,IAH,land,lilies,flower,18,65,1170,False,0,0.0,,
CON-20230619-7455,2023-06-19,Israel,SEA,land,carnations,flower,40,78,3120,False,0,0.0,,
CON-20240314-7211,2024-03-14,Netherlands,LAX,land,saplings,propagative_material,30,33,990,False,0,0.0,11.0,10890.0
CON-20231212-2341,2023-12-12,Kenya,BOS,maritime,orchids,flower,49,63,3087,False,0,0.0,,
CON-20240706-1659,2024-07-06,Guatemala,JFK,land,cuttings,propagative_material,15,93,1395,False,0,0.0,1.0,1395.0
CON-20240928-4571,2024-09-28,Kenya,ORD,air,bulbs,propagative_material,9,70,630,False,0,0.0,15.0,9450.0
CON-20240912-1420,2024-09-12,Ethiopia,DFW,air,saplings,propagative_material,11,49,539,False,0,0.0,10.0,5390.0
CON-20230723-5941,2023-07-23,Mexico,SEA,land,tissue cultures,propagative_material,45,90,4050,False,0,0.0,20.0,81000.0
CON-20240629-1207,2024-06-29,Colombia,JFK,maritime,tulips,flower,5,74,370,False,0,0.0,,
CON-20240319-9548,2024-03-19,Mexico,BOS,air,sunflowers,flower,46,29,1334,False,0,0.0,,
CON-20240421-2419,2024-04-21,Ethiopia,IAH,maritime,orchids,flower,21,41,861,False,0,0.0,,
CON-20240420-3979,2024-04-20,Ethiopia,BOS,air,tulips,flower,2,73,146,False,0,0.0,,
CON-20230922-1166,2023-09-22,Guatemala,ORD,maritime,orchids,flower,39,99,3861,False,0,0.0,,
CON-20230905-9041,2023-09-05,Costa Rica,ORD,air,sunflowers,flower,36,40,1440,False,0,0.0,,
CON-20231029-7046,2023-10-29,Guatemala,JFK,air,grafts,propagative_material,45,41,1845,False,0,0.0,16.0,29520.0
CON-20240311-5118,2024-03-11,Costa Rica,IAH,maritime,tulips,flower,45,68,3060,False,0,0.0,,
CON-20230717-4033,2023-07-17,Kenya,LAX,land,chrysanthemums,flower,48,78,3744,False,0,0.0,,
CON-20240510-6912,2024-05-10,Kenya,ORD,land,orchids,flower,7,34,238,False,0,0.0,,
CON-20241226-3068,2024-12-26,Ecuador,ATL,air,cuttings,propagative_material,3,16,48,False,0,0.0,16.0,768.0
CON-20231019-1841,2023-10-19,Colombia,JFK,land,sunflowers,flower,29,53,1537,False,0,0.0,,
CON-20230308-1878,2023-03-08,Ethiopia,BOS,air,sunflowers,flower,5,83,415,False,0,0.0,,
CON-20231108-4697,2023-11-08,Ecuador,MIA,land,bulbs,propagative_material,8,81,648,False,0,0.0,17.0,11016.0
CON-20231101-2625,2023-11-01,Mexico,BOS,maritime,orchids,flower,37,89,3293,False,0,0.0,,
CON-20241107-3564,2024-11-07,Kenya,ORD,maritime,bulbs,propagative_material,16,32,512,False,0,0.0,1.0,512.0
CON-20240831-5632,2024-08-31,Mexico,BOS,land,orchids,flower,3,39,117,False,0,0.0,,
CON-20230828-3441,2023-08-28,Guatemala,LAX,land,lilies,flower,28,24,672,False,0,0.0,,
CON-20230303-5728,2023-03-03,Ethiopia,MIA,air,saplings,propagative_material,20,86,1720,False,0,0.0,15.0,25800.0
CON-20231108-2317,2023-11-08,Colombia,BOS,land,orchids,flower,33,79,2607,False,0,0.0,,
CON-20231127-1339,2023-11-27,Netherlands,SEA,land,roses,flower,6,39,234,False,0,0.0,,
CON-20240426-9056,2024-04-26,Ethiopia,JFK,air,orchids,flower,12,84,1008,False,0,0.0,,
CON-20240223-6403,2024-02-23,Colombia,BOS,maritime,tulips,flower,43,23,989,False,0,0.0,,
CON-20241109-6296,2024-11-09,Mexico,BOS,maritime,roses,flower,30,21,630,False,0,0.0,,
CON-20230102-9167,2023-01-02,Colombia,SEA,land,daffodils,flower,4,34,136,False,0,0.0,,
CON-20231001-1472,2023-10-01,Guatemala,JFK,air,cuttings,propagative_material,29,99,2871,False,0,0.0,20.0,57420.0
CON-20240718-2858,2024-07-18,Kenya,MIA,maritime,tissue cultures,propagative_material,27,21,567,False,0,0.0,15.0,8505.0
CON-20231026-3369,2023-10-26,Colombia,MIA,maritime,daffodils,flower,31,70,2170,False,0,0.0,,
CON-20240604-7798,2024-06-04,Mexico,ORD,land,saplings,propagative_material,5,45,225,False,0,0.0,11.0,2475.0
CON-20231017-6654,2023-10-17,Costa Rica,ATL,air,sunflowers,flower,10,67,670,False,0,0.0,,
CON-20240122-7274,2024-01-22,Israel,IAH,land,tulips,flower,13,99,1287,False,0,0.0,,
CON-20231122-3492,2023-11-22,Kenya,SEA,air,daffodils,flower,25,94,2350,False,0,0.0,,
CON-20240529-8486,2024-05-29,Guatemala,JFK,air,chrysanthemums,flower,29,22,638,False,0,0.0,,
CON-20241101-7512,2024-11-01,Netherlands,MIA,maritime,seeds,propagative_material,31,43,1333,False,0,0.0,3.0,3999.0
CON-20231121-5708,2023-11-21,Israel,IAH,maritime,roses,flower,40,18,720,False,0,0.0,,
CON-20230411-1474,2023-04-11,Kenya,LAX,maritime,grafts,propagative_material,11,98,1078,False,0,0.0,2.0,2156.0
CON-20240103-3950,2024-01-03,Israel,JFK,maritime,daffodils,flower,10,41,410,False,0,0.0,,
CON-20240916-8555,2024-09-16,Ecuador,MIA,air,lilies,flower,32,84,2688,False,0,0.0,,
CON-20241113-3588,2024-11-13,Ethiopia,BOS,maritime,saplings,propagative_material,30,46,1380,False,0,0.0,3.0,4140.0
CON-20231103-7302,2023-11-03,Guatemala,DFW,land,orchids,flower,30,48,1440,False,0,0.0,,
CON-20240126-7484,2024-01-26,Guatemala,LAX,air,orchids,flower,45,47,2115,False,0,0.0,,
CON-20241203-5689,2024-12-03,Ethiopia,JFK,land,tissue cultures,propagative_material,48,73,3504,False,0,0.0,8.0,28032.0
CON-20230714-1645,2023-07-14,Israel,ORD,land,carnations,flower,41,22,902,False,0,0.0,,
CON-20240816-7807,2024-08-16,Ethiopia,BOS,air,carnations,flower,6,47,282,False,0,0.0,,
CON-20240706-8894,2024-07-06,Ecuador,ORD,air,orchids,flower,11,42,462,False,0,0.0,,
CON-20240424-7511,2024-04-24,Ethiopia,DFW,air,bulbs,propagative_material,49,38,1862,False,0,0.0,18.0,33516.0
CON-20230115-5295,2023-01-15,Israel,LAX,maritime,chrysanthemums,flower,30,57,1710,False,0,0.0,,
CON-20241122-6374,2024-11-22,Mexico,DFW,air,grafts,propagative_material,2,89,178,False,0,0.0,20.0,3560.0
CON-20240420-1609,2024-04-20,Kenya,LAX,land,daffodils,flower,8,27,216,False,0,0.0,,
CON-20230410-9850,2023-04-10,Ethiopia,BOS,air,tissue cultures,propagative_material,9,59,531,False,0,0.0,14.0,7434.0
CON-20230412-4559,2023-04-12,Ecuador,SEA,land,daffodils,flower,18,14,252,False,0,0.0,,
CON-20240107-6876,2024-01-07,Guatemala,BOS,air,seedlings,propagative_material,24,79,1896,False,0,0.0,2.0,3792.0
CON-20230506-1349,2023-05-06,Mexico,ATL,air,chrysanthemums,flower,43,37,1591,False,0,0.0,,
CON-20230509-4538,2023-05-09,Netherlands,DFW,air,seeds,propagative_material,49,80,3920,False,0,0.0,8.0,31360.0
CON-20230103-3858,2023-01-03,Israel,MIA,land,carnations,flower,9,79,711,False,0,0.0,,
CON-20230116-1858,2023-01-16,Colombia,JFK,air,lilies,flower,38,51,1938,True,5,0.0025799793601651187,,
CON-20230427-2786,2023-04-27,Ecuador,SEA,land,grafts,propagative_material,29,56,1624,False,0,0.0,15.0,24360.0
CON-20230214-8847,2023-02-14,Costa Rica,ORD,land,sunflowers,flower,42,13,546,False,0,0.0,,
CON-20230421-3430,2023-04-21,Mexico,SEA,land,sunflowers,flower,5,20,100,False,0,0.0,,
CON-20241001-9282,2024-10-01,Colombia,MIA,maritime,daffodils,flower,39,77,3003,False,0,0.0,,
CON-20230428-8430,2023-04-28,Mexico,LAX,land,grafts,propagative_material,29,39,1131,False,0,0.0,13.0,14703.0
CON-20240313-8770,2024-03-13,Mexico,LAX,maritime,orchids,flower,24,29,696,False,0,0.0,,
CON-20230406-1982,2023-04-06,Colombia,LAX,air,chrysanthemums,flower,48,57,2736,False,0,0.0,,
CON-20241117-7929,2024-11-17,Costa Rica,IAH,maritime,grafts,propagative_material,23,95,2185,False,0,0.0,2.0,4370.0
CON-20230417-2773,2023-04-17,Ethiopia,ATL,maritime,bulbs,propagative_material,43,71,3053,False,0,0.0,12.0,36636.0
CON-20231013-1430,2023-10-13,Costa Rica,DFW,air,saplings,propagative_material,28,81,2268,False,0,0.0,20.0,45360.0
CON-20231007-3347,2023-10-07,Ethiopia,JFK,air,tulips,flower,23,10,230,False,0,0.0,,
CON-20241010-7878,2024-10-10,Mexico,LAX,air,seeds,propagative_material,48,77,3696,False,0,0.0,15.0,55440.0
CON-20231116-1815,2023-11-16,Israel,MIA,maritime,chrysanthemums,flower,4,29,116,False,0,0.0,,
CON-20241108-4531,2024-11-08,Colombia,ATL,maritime,sunflowers,flower,39,66,2574,False,0,0.0,,
CON-20240316-9633,2024-03-16,Costa Rica,LAX,maritime,cuttings,propagative_material,44,96,4224,False,0,0.0,10.0,42240.0
CON-20240905-3248,2024-09-05,Netherlands,ORD,maritime,seeds,propagative_material,14,48,672,False,0,0.0,9.0,6048.0
CON-20230108-4770,2023-01-08,Ethiopia,DFW,air,daffodils,flower,12,26,312,False,0,0.0,,
CON-20231229-8532,2023-12-29,Costa Rica,IAH,land,grafts,propagative_material,48,15,720,False,0,0.0,3.0,2160.0
CON-20240219-6321,2024-02-19,Israel,SEA,land,orchids,flower,8,61,488,False,0,0.0,,
CON-20240106-7560,2024-01-06,Ecuador,BOS,land,grafts,propagative_material,7,41,287,False,0,0.0,17.0,4879.0
CON-20231214-2868,2023-12-14,Colombia,SEA,maritime,cuttings,propagative_material,50,31,1550,False,0,0.0,17.0,26350.0
CON-20231226-3842,2023-12-26,Costa Rica,ORD,maritime,bulbs,propagative_material,7,28,196,False,0,0.0,20.0,3920.0
CON-20241005-8354,2024-10-05,Ecuador,LAX,air,sunflowers,flower,49,82,4018,False,0,0.0,,
CON-20240326-5500,2024-03-26,Israel,DFW,air,grafts,propagative_material,29,90,2610,False,0,0.0,19.0,49590.0
CON-20230317-5703,2023-03-17,Netherlands,DFW,land,sunflowers,flower,29,14,406,False,0,0.0,,
CON-20240831-1672,2024-08-31,Colombia,LAX,land,sunflowers,flower,38,80,3040,False,0,0.0,,
CON-20240911-6626,2024-09-11,Guatemala,ORD,maritime,carnations,flower,4,67,268,False,0,0.0,,
CON-20230626-9586,2023-06-26,Colombia,IAH,land,bulbs,propagative_material,46,66,3036,False,0,0.0,17.0,51612.0
CON-20231017-1857,2023-10-17,Ecuador,DFW,maritime,daffodils,flower,50,53,2650,False,0,0.0,,
CON-20230407-3463,2023-04-07,Israel,LAX,maritime,orchids,flower,17,94,1598,False,0,0.0,,
CON-20241110-7421,2024-11-10,Israel,LAX,land,cuttings,propagative_material,20,93,1860,False,0,0.0,5.0,9300.0
CON-20240121-9624,2024-01-21,Colombia,ATL,land,carnations,flower,43,99,4257,False,0,0.0,,
CON-20240106-6598,2024-01-06,Colombia,SEA,land,cuttings,propagative_material,20,33,660,False,0,0.0,16.0,10560.0
CON-20230608-9626,2023-06-08,Kenya,ORD,air,cuttings,propagative_material,7,74,518,False,0,0.0,2.0,1036.0
CON-20240121-3712,2024-01-21,Israel,MIA,land,bulbs,propagative_material,12,98,1176,False,0,0.0,15.0,17640.0
CON-20241123-8355,2024-11-23,Netherlands,SEA,maritime,grafts,propagative_material,40,46,1840,False,0,0.0,8.0,14720.0
CON-20240425-8564,2024-04-25,Costa Rica,ORD,maritime,cuttings,propagative_material,44,83,3652,False,0,0.0,10.0,36520.0
CON-20240304-5096,2024-03-04,Mexico,IAH,land,saplings,propagative_material,13,87,1131,False,0,0.0,2.0,2262.0
CON-20230416-9410,2023-04-16,Guatemala,DFW,land,cuttings,propagative_material,6,30,180,False,0,0.0,5.0,900.0
CON-20240406-7126,2024-04-06,Mexico,LAX,air,roses,flower,27,16,432,False,0,0.0,,
CON-20240119-6493,2024-01-19,Kenya,SEA,air,seeds,propagative_material,21,22,462,False,0,0.0,5.0,2310.0
CON-20240428-1086,2024-04-28,Ecuador,JFK,maritime,saplings,propagative_material,46,70,3220,False,0,0.0,3.0,9660.0
CON-20230603-2996,2023-06-03,Netherlands,ATL,air,chrysanthemums,flower,50,46,2300,False,0,0.0,,
CON-20241016-1269,2024-10-16,Netherlands,ORD,maritime,chrysanthemums,flower,8,73,584,False,0,0.0,,
CON-20230528-7825,2023-05-28,Costa Rica,ORD,land,daffodils,flower,1,88,88,False,0,0.0,,
CON-20240105-9316,2024-01-05,Ecuador,LAX,land,tissue cultures,propagative_material,35,74,2590,False,0,0.0,18.0,46620.0
CON-20230214-2106,2023-02-14,Netherlands,SEA,maritime,tulips,flower,17,12,204,False,0,0.0,,
CON-20241103-6772,2024-11-03,Israel,ORD,land,saplings,propagative_material,38,52,1976,False,0,0.0,18.0,35568.0
CON-20240420-8498,2024-04-20,Israel,MIA,land,carnations,flower,9,18,162,False,0,0.0,,
CON-20230214-9897,2023-02-14,Netherlands,ATL,air,seeds,propagative_material,21,49,1029,False,0,0.0,16.0,16464.0
CON-20230715-6438,2023-07-15,Ethiopia,JFK,land,tulips,flower,50,16,800,False,0,0.0,,
CON-20240323-9129,2024-03-23,Ethiopia,LAX,maritime,sunflowers,flower,25,53,1325,False,0,0.0,,
CON-20231001-3956,2023-10-01,Guatemala,DFW,land,seedlings,propagative_material,28,20,560,False,0,0.0,18.0,10080.0
CON-20230323-7981,2023-03-23,Ethiopia,DFW,air,orchids,flower,20,67,1340,False,0,0.0,,
CON-20240402-5498,2024-04-02,Ecuador,BOS,maritime,seedlings,propagative_material,23,88,2024,False,0,0.0,2.0,4048.0
CON-20240609-8179,2024-06-09,Colombia,SEA,maritime,seeds,propagative_material,10,87,870,False,0,0.0,2.0,1740.0
CON-20241022-3513,2024-10-22,Ecuador,LAX,air,tulips,flower,25,82,2050,False,0,0.0,,
CON-20240330-6150,2024-03-30,Guatemala,DFW,maritime,tissue cultures,propagative_material,9,77,693,False,0,0.0,9.0,6237.0
CON-20230710-5264,2023-07-10,Kenya,LAX,air,daffodils,flower,36,25,900,False,0,0.0,,
CON-20231020-8406,2023-10-20,Guatemala,ORD,land,lilies,flower,8,27,216,False,0,0.0,,
CON-20241129-5757,2024-11-29,Ecuador,BOS,air,tulips,flower,46,18,828,False,0,0.0,,
CON-20241227-4292,2024-12-27,Ethiopia,MIA,land,saplings,propagative_material,24,75,1800,False,0,0.0,5.0,9000.0
CON-20240105-2412,2024-01-05,Kenya,BOS,air,sunflowers,flower,36,26,936,False,0,0.0,,
CON-20240505-6194,2024-05-05,Colombia,ATL,maritime,daffodils,flower,37,19,703,False,0,0.0,,
CON-20241127-3981,2024-11-27,Colombia,BOS,maritime,carnations,flower,50,80,4000,False,0,0.0,,
CON-20230226-6286,2023-02-26,Ecuador,SEA,land,tissue cultures,propagative_material,10,48,480,False,0,0.0,8.0,3840.0
CON-20230322-5961,2023-03-22,Israel,IAH,maritime,lilies,flower,41,80,3280,False,0,0.0,,
CON-20241018-6531,2024-10-18,Costa Rica,LAX,land,tissue cultures,propagative_material,38,29,1102,False,0,0.0,19.0,20938.0
CON-20230216-1496,2023-02-16,Netherlands,JFK,air,lilies,flower,50,83,4150,False,0,0.0,,
CON-20241019-8430,2024-10-19,Guatemala,IAH,maritime,sunflowers,flower,16,97,1552,False,0,0.0,,
CON-20240326-3353,2024-03-26,Colombia,JFK,air,sunflowers,flower,30,36,1080,False,0,0.0,,
CON-20231220-2739,2023-12-20,Israel,DFW,land,carnations,flower,49,57,2793,False,0,0.0,,
CON-20230506-5754,2023-05-06,Israel,ORD,maritime,sunflowers,flower,16,28,448,False,0,0.0,,
CON-20230613-9433,2023-06-13,Mexico,SEA,air,tulips,flower,13,30,390,False,0,0.0,,
CON-20240524-4944,2024-05-24,Guatemala,BOS,maritime,seeds,propagative_material,26,74,1924,False,0,0.0,7.0,13468.0
CON-20231016-8060,2023-10-16,Israel,JFK,air,sunflowers,flower,19,78,1482,True,2,0.001349527665317139,,
CON-20240110-4189,2024-01-10,Ecuador,ATL,land,tulips,flower,3,61,183,False,0,0.0,,
CON-20230317-2946,2023-03-17,Israel,IAH,maritime,sunflowers,flower,49,80,3920,False,0,0.0,,
CON-20240118-9341,2024-01-18,Ecuador,LAX,maritime,tulips,flower,49,28,1372,False,0,0.0,,
CON-20230216-9508,2023-02-16,Mexico,IAH,air,bulbs,propagative_material,46,52,2392,False,0,0.0,15.0,35880.0
CON-20231202-5902,2023-12-02,Ecuador,IAH,air,carnations,flower,26,88,2288,False,0,0.0,,
CON-20240629-2795,2024-06-29,Israel,IAH,land,orchids,flower,31,12,372,False,0,0.0,,
CON-20241205-4728,2024-12-05,Mexico,ATL,land,tissue cultures,propagative_material,31,43,1333,False,0,0.0,2.0,2666.0
CON-20241006-2800,2024-10-06,Guatemala,MIA,land,carnations,flower,44,41,1804,False,0,0.0,,
CON-20231118-9221,2023-11-18,Kenya,JFK,maritime,carnations,flower,27,98,2646,False,0,0.0,,
CON-20230522-7173,2023-05-22,Guatemala,JFK,land,tissue cultures,propagative_material,21,94,1974,False,0,0.0,11.0,21714.0
CON-20231217-5038,2023-12-17,Ecuador,BOS,land,orchids,flower,40,71,2840,False,0,0.0,,
CON-20230819-9011,2023-08-19,Ethiopia,IAH,maritime,orchids,flower,46,36,1656,False,0,0.0,,
CON-20240727-7220,2024-07-27,Israel,BOS,maritime,orchids,flower,8,83,664,False,0,0.0,,
CON-20231025-8247,2023-10-25,Mexico,DFW,air,cuttings,propagative_material,46,20,920,False,0,0.0,9.0,8280.0
CON-20240705-4920,2024-07-05,Guatemala,ORD,air,orchids,flower,9,23,207,False,0,0.0,,
CON-20240627-6411,2024-06-27,Kenya,JFK,land,seedlings,propagative_material,15,16,240,False,0,0.0,16.0,3840.0
CON-20240717-4267,2024-07-17,Colombia,MIA,air,grafts,propagative_material,42,70,2940,False,0,0.0,10.0,29400.0
CON-20230302-1611,2023-03-02,Israel,ATL,land,seedlings,propagative_material,37,39,1443,False,0,0.0,6.0,8658.0
CON-20240211-1151,2024-02-11,Mexico,MIA,air,carnations,flower,48,47,2256,False,0,0.0,,
CON-20231019-4159,2023-10-19,Ethiopia,LAX,maritime,sunflowers,flower,9,74,666,False,0,0.0,,
CON-20240414-4164,2024-04-14,Colombia,DFW,air,carnations,flower,1,53,53,False,0,0.0,,
CON-20240611-3303,2024-06-11,Ecuador,SEA,maritime,chrysanthemums,flower,26,95,2470,False,0,0.0,,
CON-20230107-6400,2023-01-07,Guatemala,DFW,air,daffodils,flower,16,67,1072,False,0,0.0,,
CON-20241031-6026,2024-10-31,Ethiopia,JFK,maritime,lilies,flower,4,95,380,False,0,0.0,,
CON-20240529-4618,2024-05-29,Ecuador,SEA,land,chrysanthemums,flower,41,47,1927,False,0,0.0,,
CON-20230606-8714,2023-06-06,Kenya,MIA,maritime,tulips,flower,27,99,2673,False,0,0.0,,
CON-20241127-2279,2024-11-27,Costa Rica,ORD,air,tissue cultures,propagative_material,29,77,2233,False,0,0.0,19.0,42427.0
CON-20240601-9525,2024-06-01,Colombia,JFK,land,tissue cultures,propagative_material,35,29,1015,False,0,0.0,15.0,15225.0
CON-20240820-8429,2024-08-20,Colombia,ORD,land,chrysanthemums,flower,33,67,2211,False,0,0.0,,
CON-20240412-1356,2024-04-12,Ecuador,IAH,maritime,tissue cultures,propagative_material,30,96,2880,False,0,0.0,13.0,37440.0
CON-20230812-9866,2023-08-12,Ethiopia,JFK,land,seeds,propagative_material,28,54,1512,False,0,0.0,2.0,3024.0
CON-20231021-7887,2023-10-21,Colombia,BOS,air,carnations,flower,50,27,1350,False,0,0.0,,
CON-20240122-3178,2024-01-22,Israel,SEA,maritime,chrysanthemums,flower,44,94,4136,False,0,0.0,,
CON-20240704-1372,2024-07-04,Israel,LAX,air,carnations,flower,47,38,1786,False,0,0.0,,
CON-20240711-3541,2024-07-11,Ethiopia,BOS,land,daffodils,flower,15,41,615,False,0,0.0,,
CON-20230426-1256,2023-04-26,Ethiopia,ORD,land,saplings,propagative_material,43,63,2709,False,0,0.0,8.0,21672.0
CON-20240831-1797,2024-08-31,Kenya,LAX,air,grafts,propagative_material,39,96,3744,False,0,0.0,8.0,29952.0
CON-20230828-5739,2023-08-28,Netherlands,SEA,maritime,saplings,propagative_material,50,17,850,False,0,0.0,8.0,6800.0
CON-20231106-5508,2023-11-06,Israel,DFW,air,seedlings,propagative_material,34,38,1292,False,0,0.0,2.0,2584.0
CON-20241126-7244,2024-11-26,Costa Rica,MIA,land,sunflowers,flower,4,54,216,False,0,0.0,,
CON-20240302-9813,2024-03-02,Costa Rica,DFW,land,carnations,flower,20,58,1160,False,0,0.0,,
CON-20231104-7824,2023-11-04,Guatemala,ORD,air,saplings,propagative_material,30,17,510,False,0,0.0,18.0,9180.0
CON-20230906-8369,2023-09-06,Costa Rica,MIA,maritime,lilies,flower,22,92,2024,False,0,0.0,,
CON-20230715-1647,2023-07-15,Israel,LAX,land,cuttings,propagative_material,25,96,2400,False,0,0.0,3.0,7200.0
CON-20240505-1251,2024-05-05,Kenya,IAH,air,saplings,propagative_material,22,48,1056,False,0,0.0,7.0,7392.0
CON-20240505-4921,2024-05-05,Kenya,LAX,land,seedlings,propagative_material,39,100,3900,False,0,0.0,18.0,70200.0
CON-20240422-9147,2024-04-22,Israel,ATL,maritime,orchids,flower,17,56,952,False,0,0.0,,
CON-20240425-4625,2024-04-25,Guatemala,LAX,land,lilies,flower,24,50,1200,False,0,0.0,,
CON-20240720-7223,2024-07-20,Ecuador,JFK,maritime,orchids,flower,10,35,350,False,0,0.0,,
CON-20241101-9037,2024-11-01,Kenya,BOS,land,orchids,flower,49,72,3528,False,0,0.0,,
CON-20231227-9882,2023-12-27,Guatemala,MIA,land,bulbs,propagative_material,47,79,3713,False,0,0.0,2.0,7426.0
CON-20241115-4791,2024-11-15,Costa Rica,JFK,air,saplings,propagative_material,1,62,62,False,0,0.0,3.0,186.0
CON-20240601-8916,2024-06-01,Ecuador,JFK,air,tulips,flower,4,89,356,False,0,0.0,,
CON-20240628-9777,2024-06-28,Guatemala,JFK,air,roses,flower,2,77,154,False,0,0.0,,
CON-20241215-4948,2024-12-15,Ethiopia,JFK,land,carnations,flower,7,22,154,False,0,0.0,,
CON-20231229-8520,2023-12-29,Kenya,IAH,maritime,daffodils,flower,6,57,342,False,0,0.0,,
CON-20241201-7213,2024-12-01,Kenya,ORD,maritime,seedlings,propagative_material,42,14,588,False,0,0.0,13.0,7644.0
CON-20241014-8109,2024-10-14,Costa Rica,BOS,air,seedlings,propagative_material,11,20,220,False,0,0.0,11.0,2420.0
CON-20230824-1762,2023-08-24,Colombia,IAH,air,saplings,propagative_material,45,82,3690,False,0,0.0,3.0,11070.0
CON-20241104-3362,2024-11-04,Ethiopia,IAH,land,bulbs,propagative_material,21,12,252,False,0,0.0,13.0,3276.0
CON-20240731-6435,2024-07-31,Colombia,ATL,air,tissue cultures,propagative_material,25,96,2400,False,0,0.0,13.0,31200.0
CON-20231221-6580,2023-12-21,Ecuador,LAX,land,seeds,propagative_material,28,39,1092,False,0,0.0,20.0,21840.0
CON-20241011-7150,2024-10-11,Mexico,DFW,air,sunflowers,flower,32,39,1248,False,0,0.0,,
CON-20240822-5037,2024-08-22,Mexico,MIA,land,chrysanthemums,flower,50,89,4450,False,0,0.0,,
CON-20230607-2745,2023-06-07,Colombia,LAX,maritime,carnations,flower,48,59,2832,False,0,0.0,,
CON-20240331-8061,2024-03-31,Colombia,JFK,maritime,orchids,flower,7,26,182,False,0,0.0,,
CON-20240608-2524,2024-06-08,Guatemala,IAH,land,chrysanthemums,flower,2,21,42,False,0,0.0,,
CON-20231026-4977,2023-10-26,Israel,SEA,air,daffodils,flower,50,20,1000,False,0,0.0,,
CON-20240125-3390,2024-01-25,Costa Rica,MIA,land,bulbs,propagative_material,18,48,864,False,0,0.0,3.0,2592.0
CON-20240307-5040,2024-03-07,Ecuador,SEA,maritime,sunflowers,flower,5,56,280,False,0,0.0,,
CON-20230420-7224,2023-04-20,Guatemala,ORD,maritime,cuttings,propagative_material,1,60,60,False,0,0.0,11.0,660.0
CON-20241028-4290,2024-10-28,Guatemala,DFW,maritime,cuttings,propagative_material,21,87,1827,False,0,0.0,16.0,29232.0
CON-20231123-5592,2023-11-23,Israel,MIA,maritime,sunflowers,flower,37,41,1517,False,0,0.0,,
CON-20240731-1440,2024-07-31,Mexico,DFW,air,tissue cultures,propagative_material,35,33,1155,False,0,0.0,15.0,17325.0
CON-20241210-5961,2024-12-10,Kenya,BOS,maritime,saplings,propagative_material,27,96,2592,False,0,0.0,8.0,20736.0
CON-20240309-7566,2024-03-09,Ethiopia,MIA,land,chrysanthemums,flower,29,86,2494,False,0,0.0,,
CON-20240304-9796,2024-03-04,Costa Rica,IAH,land,saplings,propagative_material,24,99,2376,False,0,0.0,20.0,47520.0
CON-20241104-7547,2024-11-04,Colombia,LAX,air,carnations,flower,42,88,3696,False,0,0.0,,
CON-20230111-4621,2023-01-11,Israel,SEA,air,cuttings,propagative_material,15,75,1125,False,0,0.0,15.0,16875.0
CON-20241126-7815,2024-11-26,Israel,SEA,maritime,cuttings,propagative_material,2,71,142,False,0,0.0,3.0,426.0
CON-20231116-8801,2023-11-16,Colombia,MIA,maritime,sunflowers,flower,14,76,1064,False,0,0.0,,
CON-20241214-2885,2024-12-14,Colombia,BOS,land,tulips,flower,5,48,240,False,0,0.0,,
CON-20230422-3623,2023-04-22,Netherlands,DFW,land,seedlings,propagative_material,16,76,1216,False,0,0.0,11.0,13376.0
CON-20230826-7481,2023-08-26,Costa Rica,SEA,maritime,carnations,flower,12,91,1092,False,0,0.0,,
CON-20240829-5560,2024-08-29,Netherlands,ORD,maritime,daffodils,flower,1,100,100,False,0,0.0,,
CON-20230711-9019,2023-07-11,Colombia,LAX,land,tulips,flower,13,68,884,False,0,0.0,,
CON-20240202-3826,2024-02-02,Costa Rica,DFW,land,chrysanthemums,flower,23,55,1265,False,0,0.0,,
CON-20230518-7116,2023-05-18,Ethiopia,LAX,land,chrysanthemums,flower,16,49,784,False,0,0.0,,
CON-20240304-9804,2024-03-04,Ecuador,IAH,maritime,tissue cultures,propagative_material,25,64,1600,False,0,0.0,6.0,9600.0
CON-20231023-6882,2023-10-23,Costa Rica,MIA,maritime,bulbs,propagative_material,21,67,1407,False,0,0.0,1.0,1407.0
CON-20240129-8272,2024-01-29,Guatemala,MIA,air,daffodils,flower,44,72,3168,False,0,0.0,,
CON-20240801-5503,2024-08-01,Guatemala,MIA,air,saplings,propagative_material,49,38,1862,False,0,0.0,8.0,14896.0
CON-20240413-9898,2024-04-13,Costa Rica,ATL,air,chrysanthemums,flower,37,24,888,False,0,0.0,,
CON-20240327-5877,2024-03-27,Israel,IAH,air,grafts,propagative_material,7,93,651,False,0,0.0,2.0,1302.0
CON-20230331-6744,2023-03-31,Guatemala,ATL,maritime,chrysanthemums,flower,50,40,2000,False,0,0.0,,
CON-20230523-9720,2023-05-23,Mexico,MIA,land,saplings,propagative_material,14,17,238,False,0,0.0,9.0,2142.0
CON-20241221-9428,2024-12-21,Costa Rica,MIA,maritime,orchids,flower,37,44,1628,False,0,0.0,,
CON-20230302-6277,2023-03-02,Colombia,MIA,maritime,carnations,flower,45,26,1170,False,0,0.0,,
CON-20230526-2525,2023-05-26,Kenya,SEA,maritime,daffodils,flower,25,67,1675,False,0,0.0,,
CON-20231012-2526,2023-10-12,Mexico,IAH,land,sunflowers,flower,32,51,1632,False,0,0.0,,
CON-20240701-6289,2024-07-01,Guatemala,DFW,air,lilies,flower,28,37,1036,False,0,0.0,,
CON-20240814-1793,2024-08-14,Ethiopia,DFW,land,tissue cultures,propagative_material,32,53,1696,False,0,0.0,2.0,3392.0
CON-20230508-8009,2023-05-08,Colombia,BOS,air,grafts,propagative_material,30,10,300,False,0,0.0,7.0,2100.0
CON-20231008-3711,2023-10-08,Ecuador,ATL,air,seedlings,propagative_material,24,42,1008,False,0,0.0,2.0,2016.0
CON-20241217-1017,2024-12-17,Mexico,ATL,land,grafts,propagative_material,42,21,882,False,0,0.0,7.0,6174.0
CON-20240830-2975,2024-08-30,Guatemala,LAX,air,tissue cultures,propagative_material,44,66,2904,True,6,0.002066115702479339,14.0,40656.0
CON-20230823-7022,2023-08-23,Ecuador,BOS,air,chrysanthemums,flower,47,23,1081,False,0,0.0,,
CON-20230517-8210,2023-05-17,Ethiopia,MIA,maritime,seeds,propagative_material,34,82,2788,True,3,0.0010760401721664275,12.0,33456.0
CON-20240922-3017,2024-09-22,Kenya,MIA,maritime,lilies,flower,6,22,132,False,0,0.0,,
CON-20231119-5668,2023-11-19,Mexico,DFW,maritime,bulbs,propagative_material,18,92,1656,False,0,0.0,1.0,1656.0
CON-20240913-4921,2024-09-13,Ethiopia,ORD,land,seedlings,propagative_material,26,47,1222,False,0,0.0,16.0,19552.0
CON-20240526-3162,2024-05-26,Mexico,LAX,air,tissue cultures,propagative_material,1,56,56,False,0,0.0,13.0,728.0
CON-20241130-1225,2024-11-30,Mexico,DFW,land,saplings,propagative_material,31,19,589,True,2,0.003395585738539898,9.0,5301.0
CON-20240212-9791,2024-02-12,Kenya,JFK,air,daffodils,flower,28,99,2772,False,0,0.0,,
CON-20230327-3545,2023-03-27,Costa Rica,MIA,maritime,chrysanthemums,flower,33,36,1188,False,0,0.0,,
CON-20240823-4909,2024-08-23,Costa Rica,DFW,maritime,cuttings,propagative_material,45,65,2925,False,0,0.0,2.0,5850.0
CON-20230429-3877,2023-04-29,Kenya,LAX,maritime,roses,flower,20,95,1900,False,0,0.0,,
CON-20230521-5247,2023-05-21,Colombia,JFK,land,bulbs,propagative_material,32,54,1728,False,0,0.0,6.0,10368.0
CON-20231003-5456,2023-10-03,Israel,MIA,land,saplings,propagative_material,2,52,104,False,0,0.0,17.0,1768.0
CON-20240813-9185,2024-08-13,Colombia,ATL,land,grafts,propagative_material,30,75,2250,False,0,0.0,19.0,42750.0
CON-20230919-9336,2023-09-19,Ecuador,DFW,air,tissue cultures,propagative_material,44,24,1056,False,0,0.0,1.0,1056.0
CON-20230217-1579,2023-02-17,Netherlands,JFK,air,tulips,flower,25,29,725,False,0,0.0,,
CON-20231126-2276,2023-11-26,Costa Rica,SEA,air,grafts,propagative_material,47,50,2350,False,0,0.0,19.0,44650.0
CON-20241120-7568,2024-11-20,Israel,LAX,land,bulbs,propagative_material,15,76,1140,False,0,0.0,3.0,3420.0
CON-20231202-5777,2023-12-02,Guatemala,ATL,maritime,tissue cultures,propagative_material,30,11,330,False,0,0.0,19.0,6270.0
CON-20240113-5016,2024-01-13,Ethiopia,ORD,maritime,lilies,flower,47,79,3713,False,0,0.0,,
CON-20230125-1157,2023-01-25,Ecuador,JFK,maritime,tissue cultures,propagative_material,23,91,2093,False,0,0.0,11.0,23023.0
CON-20231111-1981,2023-11-11,Netherlands,SEA,land,bulbs,propagative_material,34,40,1360,False,0,0.0,5.0,6800.0
CON-20230826-9280,2023-08-26,Ethiopia,LAX,air,tulips,flower,30,20,600,False,0,0.0,,
CON-20240829-5276,2024-08-29,Ecuador,SEA,air,grafts,propagative_material,43,26,1118,False,0,0.0,11.0,12298.0
CON-20240408-2785,2024-04-08,Mexico,DFW,maritime,lilies,flower,5,35,175,False,0,0.0,,
CON-20240405-4401,2024-04-05,Ecuador,LAX,air,tulips,flower,27,25,675,False,0,0.0,,
CON-20230929-1660,2023-09-29,Guatemala,ATL,maritime,seeds,propagative_material,11,97,1067,False,0,0.0,7.0,7469.0
CON-20241229-5896,2024-12-29,Israel,MIA,air,cuttings,propagative_material,26,75,1950,False,0,0.0,9.0,17550.0
CON-20240408-3290,2024-04-08,Ecuador,JFK,maritime,seeds,propagative_material,30,23,690,False,0,0.0,4.0,2760.0
CON-20230514-2376,2023-05-14,Netherlands,JFK,air,saplings,propagative_material,26,57,1482,False,0,0.0,19.0,28158.0
CON-20230308-6432,2023-03-08,Ethiopia,LAX,air,seedlings,propagative_material,29,26,754,False,0,0.0,4.0,3016.0
CON-20230622-7990,2023-06-22,Netherlands,BOS,air,daffodils,flower,32,13,416,False,0,0.0,,
CON-20230711-5026,2023-07-11,Ecuador,DFW,air,orchids,flower,29,29,841,False,0,0.0,,
CON-20240717-7868,2024-07-17,Ethiopia,BOS,maritime,roses,flower,6,45,270,False,0,0.0,,
CON-20241007-8940,2024-10-07,Kenya,IAH,air,grafts,propagative_material,46,55,2530,False,0,0.0,12.0,30360.0
CON-20231004-5602,2023-10-04,Costa Rica,DFW,maritime,seeds,propagative_material,21,86,1806,False,0,0.0,2.0,3612.0
CON-20240821-5366,2024-08-21,Guatemala,IAH,maritime,bulbs,propagative_material,7,41,287,False,0,0.0,18.0,5166.0
CON-20240202-6878,2024-02-02,Netherlands,ORD,land,carnations,flower,12,40,480,False,0,0.0,,
CON-20240731-3876,2024-07-31,Netherlands,DFW,land,tissue cultures,propagative_material,13,73,949,False,0,0.0,16.0,15184.0
CON-20230827-4300,2023-08-27,Netherlands,LAX,air,seeds,propagative_material,34,71,2414,True,10,0.004142502071251036,5.0,12070.0
CON-20230302-2817,2023-03-02,Israel,MIA,maritime,bulbs,propagative_material,38,100,3800,False,0,0.0,17.0,64600.0
CON-20241222-3580,2024-12-22,Israel,LAX,maritime,chrysanthemums,flower,22,48,1056,False,0,0.0,,
CON-20231121-6846,2023-11-21,Mexico,BOS,land,seedlings,propagative_material,36,98,3528,False,0,0.0,8.0,28224.0
CON-20241206-7415,2024-12-06,Ecuador,SEA,maritime,carnations,flower,12,10,120,False,0,0.0,,
CON-20231122-3304,2023-11-22,Netherlands,MIA,land,seedlings,propagative_material,37,23,851,False,0,0.0,11.0,9361.0
CON-20231124-6500,2023-11-24,Colombia,ORD,maritime,seedlings,propagative_material,6,100,600,False,0,0.0,15.0,9000.0
CON-20230913-1788,2023-09-13,Netherlands,ATL,air,cuttings,propagative_material,17,23,391,False,0,0.0,13.0,5083.0
CON-20240228-8855,2024-02-28,Guatemala,SEA,air,daffodils,flower,23,79,1817,False,0,0.0,,
CON-20230317-2715,2023-03-17,Kenya,MIA,maritime,cuttings,propagative_material,2,50,100,False,0,0.0,3.0,300.0
CON-20230614-8909,2023-06-14,Israel,MIA,maritime,tissue cultures,propagative_material,6,53,318,False,0,0.0,1.0,318.0
CON-20240320-4112,2024-03-20,Mexico,MIA,land,seeds,propagative_material,7,52,364,False,0,0.0,14.0,5096.0
CON-20241107-9043,2024-11-07,Costa Rica,IAH,maritime,orchids,flower,16,22,352,False,0,0.0,,
CON-20230104-8869,2023-01-04,Ecuador,JFK,maritime,chrysanthemums,flower,19,94,1786,False,0,0.0,,
CON-20230731-2892,2023-07-31,Kenya,LAX,air,seedlings,propagative_material,19,20,380,False,0,0.0,10.0,3800.0
CON-20241107-7078,2024-11-07,Mexico,BOS,maritime,chrysanthemums,flower,42,79,3318,False,0,0.0,,
CON-20240401-5400,2024-04-01,Mexico,DFW,air,cuttings,propagative_material,29,69,2001,False,0,0.0,19.0,38019.0
CON-20241114-7782,2024-11-14,Netherlands,MIA,land,seeds,propagative_material,43,54,2322,False,0,0.0,19.0,44118.0
CON-20240201-2293,2024-02-01,Kenya,IAH,air,sunflowers,flower,37,40,1480,False,0,0.0,,
CON-20240807-3738,2024-08-07,Mexico,JFK,land,seeds,propagative_material,49,67,3283,False,0,0.0,7.0,22981.0
CON-20240309-3422,2024-03-09,Kenya,MIA,air,seedlings,propagative_material,28,35,980,False,0,0.0,20.0,19600.0
CON-20230310-5525,2023-03-10,Ethiopia,DFW,land,grafts,propagative_material,36,60,2160,False,0,0.0,17.0,36720.0
CON-20240930-2641,2024-09-30,Guatemala,JFK,land,chrysanthemums,flower,27,29,783,False,0,0.0,,
CON-20240702-8750,2024-07-02,Colombia,LAX,maritime,daffodils,flower,17,59,1003,False,0,0.0,,
CON-20240217-1635,2024-02-17,Netherlands,MIA,maritime,tissue cultures,propagative_material,39,97,3783,False,0,0.0,13.0,49179.0
CON-20240501-5965,2024-05-01,Israel,ORD,air,tulips,flower,2,53,106,False,0,0.0,,
CON-20241213-8259,2024-12-13,Ethiopia,ATL,maritime,saplings,propagative_material,15,27,405,False,0,0.0,11.0,4455.0
CON-20241023-7671,2024-10-23,Ethiopia,SEA,land,bulbs,propagative_material,29,37,1073,False,0,0.0,16.0,17168.0
CON-20240611-3222,2024-06-11,Costa Rica,DFW,air,seeds,propagative_material,20,100,2000,False,0,0.0,17.0,34000.0
CON-20230725-6904,2023-07-25,Netherlands,MIA,air,bulbs,propagative_material,3,68,204,False,0,0.0,7.0,1428.0
CON-20240601-9008,2024-06-01,Ethiopia,DFW,maritime,chrysanthemums,flower,44,13,572,False,0,0.0,,
CON-20240823-2480,2024-08-23,Guatemala,MIA,maritime,tulips,flower,11,43,473,False,0,0.0,,
CON-20230220-4688,2023-02-20,Ethiopia,JFK,maritime,saplings,propagative_material,37,37,1369,False,0,0.0,7.0,9583.0
CON-20230121-1138,2023-01-21,Ethiopia,SEA,land,grafts,propagative_material,9,92,828,False,0,0.0,8.0,6624.0
CON-20241227-4575,2024-12-27,Ethiopia,ATL,land,daffodils,flower,25,54,1350,False,0,0.0,,
CON-20240617-7131,2024-06-17,Guatemala,ATL,land,chrysanthemums,flower,1,75,75,False,0,0.0,,
CON-20241201-6327,2024-12-01,Costa Rica,ATL,maritime,grafts,propagative_material,5,53,265,False,0,0.0,9.0,2385.0
CON-20230603-3292,2023-06-03,Ethiopia,ATL,air,seeds,propagative_material,39,61,2379,False,0,0.0,1.0,2379.0
CON-20240304-4111,2024-03-04,Guatemala,ATL,maritime,daffodils,flower,48,14,672,False,0,0.0,,
CON-20240701-3967,2024-07-01,Israel,ORD,land,tulips,flower,33,48,1584,False,0,0.0,,
CON-20230512-4641,2023-05-12,Ethiopia,LAX,maritime,carnations,flower,44,52,2288,False,0,0.0,,
CON-20231111-8598,2023-11-11,Israel,ORD,land,tulips,flower,24,43,1032,False,0,0.0,,
CON-20241011-7253,2024-10-11,Colombia,BOS,air,grafts,propagative_material,13,74,962,False,0,0.0,17.0,16354.0
CON-20230604-8496,2023-06-04,Ethiopia,SEA,air,bulbs,propagative_material,22,62,1364,False,0,0.0,5.0,6820.0
CON-20240514-8406,2024-05-14,Israel,MIA,air,carnations,flower,21,91,1911,False,0,0.0,,
CON-20240813-8105,2024-08-13,Ethiopia,ORD,air,grafts,propagative_material,49,21,1029,False,0,0.0,14.0,14406.0
CON-20240128-1230,2024-01-28,Mexico,SEA,maritime,seeds,propagative_material,35,35,1225,False,0,0.0,11.0,13475.0
CON-20241123-6641,2024-11-23,Costa Rica,ORD,air,seedlings,propagative_material,47,41,1927,False,0,0.0,10.0,19270.0
CON-20240530-5764,2024-05-30,Ecuador,LAX,maritime,carnations,flower,5,15,75,False,0,0.0,,
CON-20240620-9031,2024-06-20,Guatemala,IAH,land,daffodils,flower,44,27,1188,False,0,0.0,,
CON-20240218-1359,2024-02-18,Israel,ORD,air,bulbs,propagative_material,15,26,390,False,0,0.0,19.0,7410.0
CON-20240111-1796,2024-01-11,Costa Rica,MIA,air,grafts,propagative_material,41,42,1722,False,0,0.0,20.0,34440.0
CON-20230121-3024,2023-01-21,Netherlands,LAX,land,seedlings,propagative_material,8,63,504,False,0,0.0,18.0,9072.0
CON-20230606-2654,2023-06-06,Ethiopia,BOS,land,seedlings,propagative_material,44,90,3960,True,7,0.0017676767676767678,17.0,67320.0
CON-20230418-4272,2023-04-18,Ethiopia,MIA,maritime,cuttings,propagative_material,8,23,184,False,0,0.0,9.0,1656.0
CON-20241221-4402,2024-12-21,Costa Rica,ORD,maritime,orchids,flower,11,15,165,False,0,0.0,,
CON-20230103-9095,2023-01-03,Guatemala,DFW,air,seedlings,propagative_material,6,24,144,False,0,0.0,5.0,720.0
CON-20230414-1820,2023-04-14,Colombia,IAH,air,lilies,flower,30,47,1410,False,0,0.0,,
CON-20231025-1751,2023-10-25,Colombia,MIA,air,tulips,flower,28,24,672,False,0,0.0,,
CON-20241024-5395,2024-10-24,Netherlands,MIA,land,cuttings,propagative_material,23,66,1518,False,0,0.0,3.0,4554.0
CON-20230427-8835,2023-04-27,Israel,DFW,air,daffodils,flower,30,44,1320,False,0,0.0,,
CON-20230516-8908,2023-05-16,Mexico,MIA,air,saplings,propagative_material,11,23,253,False,0,0.0,19.0,4807.0
CON-20240124-8997,2024-01-24,Guatemala,MIA,land,roses,flower,44,26,1144,False,0,0.0,,
CON-20230217-4669,2023-02-17,Colombia,SEA,maritime,cuttings,propagative_material,42,50,2100,True,9,0.004285714285714286,11.0,23100.0
CON-20241218-7305,2024-12-18,Costa Rica,IAH,land,grafts,propagative_material,43,41,1763,False,0,0.0,5.0,8815.0
CON-20241020-2226,2024-10-20,Costa Rica,JFK,air,tissue cultures,propagative_material,31,73,2263,False,0,0.0,16.0,36208.0
CON-20231012-7607,2023-10-12,Israel,ORD,maritime,tissue cultures,propagative_material,15,80,1200,False,0,0.0,8.0,9600.0
CON-20240809-9148,2024-08-09,Colombia,BOS,maritime,chrysanthemums,flower,32,67,2144,False,0,0.0,,
CON-20240227-5990,2024-02-27,Netherlands,LAX,maritime,tissue cultures,propagative_material,36,10,360,False,0,0.0,17.0,6120.0
CON-20241118-8445,2024-11-18,Costa Rica,ORD,land,tulips,flower,24,16,384,False,0,0.0,,
CON-20240906-4633,2024-09-06,Israel,IAH,land,tulips,flower,46,67,3082,False,0,0.0,,
CON-20241010-3689,2024-10-10,Netherlands,DFW,maritime,tulips,flower,45,23,1035,False,0,0.0,,
CON-20240224-7437,2024-02-24,Guatemala,MIA,land,cuttings,propagative_material,40,35,1400,False,0,0.0,7.0,9800.0
CON-20231213-3018,2023-12-13,Guatemala,ORD,land,saplings,propagative_material,27,15,405,False,0,0.0,15.0,6075.0
CON-20240525-8091,2024-05-25,Guatemala,IAH,air,tissue cultures,propagative_material,48,16,768,False,0,0.0,19.0,14592.0
CON-20241209-6273,2024-12-09,Guatemala,IAH,air,seedlings,propagative_material,9,23,207,False,0,0.0,17.0,3519.0
CON-20241210-8419,2024-12-10,Mexico,SEA,land,cuttings,propagative_material,26,53,1378,False,0,0.0,5.0,6890.0
CON-20241217-4291,2024-12-17,Ecuador,SEA,land,tulips,flower,46,80,3680,False,0,0.0,,
CON-20231220-6281,2023-12-20,Kenya,ATL,land,seedlings,propagative_material,42,32,1344,False,0,0.0,4.0,5376.0
CON-20240819-1414,2024-08-19,Israel,IAH,maritime,orchids,flower,28,11,308,False,0,0.0,,
CON-20241117-5105,2024-11-17,Mexico,MIA,air,bulbs,propagative_material,18,30,540,False,0,0.0,5.0,2700.0
CON-20240708-4675,2024-07-08,Netherlands,ATL,air,cuttings,propagative_material,29,23,667,False,0,0.0,18.0,12006.0
CON-20241213-6122,2024-12-13,Mexico,ORD,land,roses,flower,25,59,1475,False,0,0.0,,
CON-20230915-7025,2023-09-15,Costa Rica,JFK,air,tissue cultures,propagative_material,50,66,3300,False,0,0.0,19.0,62700.0
CON-20230718-3847,2023-07-18,Costa Rica,ORD,land,sunflowers,flower,12,97,1164,False,0,0.0,,
CON-20230211-5178,2023-02-11,Costa Rica,LAX,maritime,orchids,flower,36,43,1548,False,0,0.0,,
CON-20241227-5934,2024-12-27,Netherlands,DFW,maritime,seeds,propagative_material,10,51,510,False,0,0.0,16.0,8160.0
CON-20241225-9276,2024-12-25,Costa Rica,DFW,air,lilies,flower,12,76,912,False,0,0.0,,
CON-20240703-6437,2024-07-03,Ecuador,SEA,land,chrysanthemums,flower,23,38,874,False,0,0.0,,
CON-20230812-4937,2023-08-12,Israel,DFW,maritime,roses,flower,8,95,760,False,0,0.0,,
CON-20231125-5633,2023-11-25,Kenya,JFK,land,chrysanthemums,flower,25,42,1050,False,0,0.0,,
CON-20240610-4154,2024-06-10,Netherlands,IAH,maritime,sunflowers,flower,3,47,141,False,0,0.0,,
CON-20230409-4453,2023-04-09,Israel,IAH,air,saplings,propagative_material,35,78,2730,True,2,0.0007326007326007326,7.0,19110.0
CON-20240704-8523,2024-07-04,Mexico,LAX,air,chrysanthemums,flower,48,97,4656,False,0,0.0,,
CON-20230317-4729,2023-03-17,Israel,JFK,air,bulbs,propagative_material,17,81,1377,False,0,0.0,9.0,12393.0
CON-20241007-2938,2024-10-07,Mexico,SEA,maritime,daffodils,flower,21,12,252,False,0,0.0,,
CON-20240925-2189,2024-09-25,Costa Rica,JFK,land,saplings,propagative_material,48,84,4032,False,0,0.0,12.0,48384.0
CON-20241203-1504,2024-12-03,Costa Rica,LAX,maritime,chrysanthemums,flower,19,66,1254,False,0,0.0,,
CON-20230814-3360,2023-08-14,Guatemala,MIA,land,seedlings,propagative_material,26,79,2054,False,0,0.0,10.0,20540.0
CON-20240722-7456,2024-07-22,Israel,JFK,land,seeds,propagative_material,3,10,30,False,0,0.0,18.0,540.0
CON-20230804-3333,2023-08-04,Costa Rica,LAX,maritime,lilies,flower,27,92,2484,False,0,0.0,,
CON-20240923-1891,2024-09-23,Ecuador,MIA,air,lilies,flower,8,33,264,False,0,0.0,,
CON-20240716-4234,2024-07-16,Costa Rica,BOS,land,cuttings,propagative_material,43,18,774,False,0,0.0,19.0,14706.0
CON-20230512-4170,2023-05-12,Guatemala,DFW,maritime,seeds,propagative_material,19,89,1691,False,0,0.0,11.0,18601.0
CON-20240923-6182,2024-09-23,Guatemala,BOS,maritime,carnations,flower,37,82,3034,False,0,0.0,,
CON-20231117-6889,2023-11-17,Mexico,MIA,air,saplings,propagative_material,15,92,1380,False,0,0.0,5.0,6900.0
CON-20240401-2343,2024-04-01,Israel,BOS,maritime,orchids,flower,32,80,2560,False,0,0.0,,
CON-20230721-9309,2023-07-21,Ethiopia,MIA,land,chrysanthemums,flower,47,19,893,False,0,0.0,,
CON-20230806-9842,2023-08-06,Netherlands,SEA,land,tissue cultures,propagative_material,17,79,1343,False,0,0.0,16.0,21488.0
CON-20230817-7500,2023-08-17,Ecuador,DFW,maritime,carnations,flower,30,74,2220,False,0,0.0,,
CON-20241109-9423,2024-11-09,Israel,IAH,air,saplings,propagative_material,40,97,3880,False,0,0.0,5.0,19400.0
CON-20240802-1662,2024-08-02,Guatemala,MIA,air,seedlings,propagative_material,47,71,3337,False,0,0.0,8.0,26696.0
CON-20230928-6918,2023-09-28,Guatemala,ORD,air,lilies,flower,3,95,285,False,0,0.0,,
CON-20230217-9542,2023-02-17,Mexico,BOS,maritime,seedlings,propagative_material,21,23,483,False,0,0.0,9.0,4347.0
CON-20230628-2275,2023-06-28,Ethiopia,IAH,land,daffodils,flower,24,85,2040,False,0,0.0,,
CON-20230817-1108,2023-08-17,Costa Rica,ATL,maritime,tulips,flower,23,72,1656,False,0,0.0,,
CON-20230619-3461,2023-06-19,Costa Rica,MIA,maritime,seeds,propagative_material,33,92,3036,False,0,0.0,6.0,18216.0
CON-20230502-8844,2023-05-02,Ecuador,DFW,land,grafts,propagative_material,22,24,528,False,0,0.0,16.0,8448.0
CON-20240225-3639,2024-02-25,Kenya,MIA,land,bulbs,propagative_material,3,26,78,False,0,0.0,5.0,390.0
CON-20230531-7642,2023-05-31,Costa Rica,JFK,land,bulbs,propagative_material,17,33,561,False,0,0.0,20.0,11220.0
CON-20230810-7730,2023-08-10,Netherlands,ATL,air,sunflowers,flower,31,31,961,False,0,0.0,,
CON-20241106-8429,2024-11-06,Ecuador,MIA,land,carnations,flower,47,97,4559,False,0,0.0,,
CON-20240130-9263,2024-01-30,Colombia,ORD,maritime,seeds,propagative_material,2,35,70,False,0,0.0,14.0,980.0
CON-20240502-2526,2024-05-02,Ecuador,LAX,air,saplings,propagative_material,35,74,2590,False,0,0.0,16.0,41440.0
CON-20241125-8028,2024-11-25,Ecuador,IAH,air,daffodils,flower,24,15,360,False,0,0.0,,
CON-20231225-4809,2023-12-25,Kenya,BOS,maritime,grafts,propagative_material,9,42,378,False,0,0.0,3.0,1134.0
CON-20230921-2930,2023-09-21,Ethiopia,IAH,maritime,seeds,propagative_material,46,10,460,False,0,0.0,17.0,7820.0
CON-20230730-5155,2023-07-30,Netherlands,SEA,land,daffodils,flower,24,23,552,False,0,0.0,,
CON-20240801-7770,2024-08-01,Ethiopia,IAH,maritime,orchids,flower,44,60,2640,False,0,0.0,,
CON-20230703-7522,2023-07-03,Costa Rica,IAH,maritime,sunflowers,flower,17,49,833,False,0,0.0,,
CON-20230824-6544,2023-08-24,Ecuador,LAX,land,carnations,flower,7,37,259,False,0,0.0,,
CON-20240203-8133,2024-02-03,Costa Rica,JFK,air,saplings,propagative_material,6,28,168,False,0,0.0,3.0,504.0
CON-20240115-7564,2024-01-15,Colombia,ATL,air,tissue cultures,propagative_material,3,59,177,False,0,0.0,20.0,3540.0
CON-20240903-1175,2024-09-03,Costa Rica,ATL,land,saplings,propagative_material,12,91,1092,False,0,0.0,7.0,7644.0
CON-20230204-4919,2023-02-04,Costa Rica,ATL,air,tissue cultures,propagative_material,11,96,1056,False,0,0.0,1.0,1056.0
CON-20240214-1251,2024-02-14,Ecuador,LAX,maritime,daffodils,flower,26,85,2210,False,0,0.0,,
CON-20231019-4187,2023-10-19,Colombia,LAX,land,tulips,flower,18,38,684,False,0,0.0,,
CON-20230105-2185,2023-01-05,Guatemala,SEA,land,carnations,flower,27,74,1998,False,0,0.0,,
CON-20230430-8923,2023-04-30,Costa Rica,ATL,maritime,orchids,flower,45,66,2970,False,0,0.0,,
CON-20241128-7269,2024-11-28,Kenya,DFW,maritime,roses,flower,31,24,744,False,0,0.0,,
CON-20240227-2523,2024-02-27,Kenya,ORD,maritime,roses,flower,45,43,1935,False,0,0.0,,
CON-20240721-5408,2024-07-21,Mexico,DFW,air,grafts,propagative_material,21,55,1155,False,0,0.0,6.0,6930.0
CON-20230724-4322,2023-07-24,Kenya,BOS,land,seedlings,propagative_material,16,43,688,False,0,0.0,8.0,5504.0
CON-20230503-9871,2023-05-03,Israel,MIA,air,seedlings,propagative_material,43,73,3139,False,0,0.0,2.0,6278.0
CON-20231119-9374,2023-11-19,Guatemala,DFW,land,orchids,flower,32,33,1056,False,0,0.0,,
CON-20240813-9859,2024-08-13,Ethiopia,SEA,air,seeds,propagative_material,34,64,2176,False,0,0.0,2.0,4352.0
CON-20241203-6171,2024-12-03,Costa Rica,DFW,maritime,grafts,propagative_material,8,99,792,False,0,0.0,1.0,792.0
CON-20240817-4066,2024-08-17,Netherlands,ORD,maritime,cuttings,propagative_material,24,88,2112,False,0,0.0,18.0,38016.0
CON-20240427-7866,2024-04-27,Ethiopia,ORD,maritime,tulips,flower,12,73,876,False,0,0.0,,
CON-20231014-4744,2023-10-14,Israel,DFW,maritime,carnations,flower,37,26,962,False,0,0.0,,
CON-20240722-3450,2024-07-22,Colombia,ATL,air,daffodils,flower,13,28,364,False,0,0.0,,
CON-20240307-6172,2024-03-07,Guatemala,JFK,air,carnations,flower,41,76,3116,False,0,0.0,,
CON-20240729-4530,2024-07-29,Guatemala,ATL,maritime,grafts,propagative_material,7,98,686,False,0,0.0,9.0,6174.0
CON-20231209-5222,2023-12-09,Guatemala,LAX,maritime,tulips,flower,24,81,1944,False,0,0.0,,
CON-20230505-9821,2023-05-05,Israel,JFK,maritime,lilies,flower,37,83,3071,False,0,0.0,,
CON-20231129-8598,2023-11-29,Ecuador,ATL,maritime,sunflowers,flower,6,58,348,False,0,0.0,,
CON-20231212-4739,2023-12-12,Ecuador,MIA,land,daffodils,flower,5,20,100,False,0,0.0,,
CON-20231026-6950,2023-10-26,Israel,DFW,land,daffodils,flower,18,66,1188,False,0,0.0,,
CON-20230621-5122,2023-06-21,Costa Rica,BOS,maritime,saplings,propagative_material,2,26,52,False,0,0.0,3.0,156.0
CON-20230416-7504,2023-04-16,Kenya,MIA,maritime,seeds,propagative_material,31,80,2480,False,0,0.0,17.0,42160.0
CON-20240924-5053,2024-09-24,Colombia,LAX,maritime,seeds,propagative_material,42,59,2478,False,0,0.0,10.0,24780.0
CON-20240623-6328,2024-06-23,Guatemala,MIA,air,seeds,propagative_material,3,94,282,False,0,0.0,16.0,4512.0
CON-20240715-8480,2024-07-15,Guatemala,IAH,maritime,carnations,flower,45,79,3555,False,0,0.0,,
CON-20241016-2467,2024-10-16,Mexico,IAH,land,tulips,flower,31,79,2449,False,0,0.0,,
CON-20240227-6634,2024-02-27,Guatemala,ATL,maritime,carnations,flower,20,11,220,True,3,0.013636363636363636,,
CON-20230109-5799,2023-01-09,Ethiopia,BOS,land,sunflowers,flower,20,11,220,False,0,0.0,,
CON-20240118-3675,2024-01-18,Kenya,JFK,land,grafts,propagative_material,36,65,2340,False,0,0.0,13.0,30420.0
CON-20230323-5454,2023-03-23,Mexico,ORD,maritime,lilies,flower,34,88,2992,False,0,0.0,,
CON-20240227-2808,2024-02-27,Ethiopia,IAH,maritime,saplings,propagative_material,5,33,165,False,0,0.0,15.0,2475.0
CON-20240929-9764,2024-09-29,Guatemala,ATL,land,lilies,flower,21,12,252,False,0,0.0,,
CON-20231016-4814,2023-10-16,Netherlands,MIA,air,carnations,flower,46,66,3036,False,0,0.0,,
CON-20240520-9165,2024-05-20,Colombia,MIA,air,cuttings,propagative_material,27,49,1323,False,0,0.0,12.0,15876.0
CON-20230324-8702,2023-03-24,Guatemala,JFK,maritime,seeds,propagative_material,18,60,1080,False,0,0.0,6.0,6480.0
CON-20230113-8257,2023-01-13,Kenya,ATL,maritime,saplings,propagative_material,46,41,1886,False,0,0.0,8.0,15088.0
CON-20230407-6293,2023-04-07,Netherlands,ORD,maritime,grafts,propagative_material,25,97,2425,False,0,0.0,6.0,14550.0
CON-20230506-1853,2023-05-06,Netherlands,IAH,land,sunflowers,flower,41,48,1968,False,0,0.0,,
CON-20241010-2960,2024-10-10,Kenya,LAX,air,tulips,flower,1,31,31,False,0,0.0,,
CON-20230213-9190,2023-02-13,Mexico,ORD,air,carnations,flower,24,21,504,False,0,0.0,,
CON-20230303-2759,2023-03-03,Colombia,DFW,land,cuttings,propagative_material,42,29,1218,False,0,0.0,5.0,6090.0
CON-20240725-7189,2024-07-25,Guatemala,ORD,maritime,sunflowers,flower,47,34,1598,False,0,0.0,,
CON-20230210-9029,2023-02-10,Israel,MIA,maritime,sunflowers,flower,36,47,1692,False,0,0.0,,
CON-20231223-3627,2023-12-23,Kenya,MIA,land,sunflowers,flower,18,86,1548,False,0,0.0,,
CON-20240405-9289,2024-04-05,Colombia,IAH,air,orchids,flower,35,56,1960,False,0,0.0,,
CON-20240926-9830,2024-09-26,Mexico,MIA,air,lilies,flower,21,18,378,False,0,0.0,,
CON-20241130-6276,2024-11-30,Mexico,ORD,land,carnations,flower,40,46,1840,False,0,0.0,,
CON-20241105-4310,2024-11-05,Colombia,LAX,land,seeds,propagative_material,9,32,288,False,0,0.0,4.0,1152.0
CON-20230202-5193,2023-02-02,Guatemala,ORD,air,sunflowers,flower,34,89,3026,False,0,0.0,,
CON-20240912-2310,2024-09-12,Netherlands,DFW,air,seeds,propagative_material,14,93,1302,False,0,0.0,15.0,19530.0
CON-20240301-2153,2024-03-01,Netherlands,DFW,land,roses,flower,40,44,1760,False,0,0.0,,
CON-20240615-4104,2024-06-15,Ethiopia,LAX,air,seeds,propagative_material,47,39,1833,False,0,0.0,7.0,12831.0
CON-20241002-2728,2024-10-02,Costa Rica,ORD,land,tissue cultures,propagative_material,48,81,3888,False,0,0.0,19.0,73872.0
CON-20241112-9268,2024-11-12,Israel,BOS,land,chrysanthemums,flower,11,33,363,False,0,0.0,,
CON-20240906-6319,2024-09-06,Israel,MIA,land,tulips,flower,21,80,1680,False,0,0.0,,
CON-20240316-5162,2024-03-16,Israel,SEA,land,lilies,flower,37,79,2923,False,0,0.0,,
CON-20240211-9480,2024-02-11,Israel,BOS,maritime,seedlings,propagative_material,3,46,138,False,0,0.0,5.0,690.0
CON-20230816-5521,2023-08-16,Ethiopia,JFK,maritime,saplings,propagative_material,21,12,252,False,0,0.0,18.0,4536.0
CON-20240808-3267,2024-08-08,Costa Rica,IAH,land,seeds,propagative_material,3,68,204,False,0,0.0,9.0,1836.0
CON-20230920-4562,2023-09-20,Israel,ORD,air,chrysanthemums,flower,37,61,2257,False,0,0.0,,
CON-20230627-7251,2023-06-27,Colombia,DFW,maritime,chrysanthemums,flower,39,92,3588,False,0,0.0,,
CON-20231223-1187,2023-12-23,Colombia,JFK,maritime,daffodils,flower,8,39,312,False,0,0.0,,
CON-20240620-9231,2024-06-20,Mexico,JFK,maritime,cuttings,propagative_material,35,82,2870,False,0,0.0,8.0,22960.0
CON-20240207-7460,2024-02-07,Ecuador,JFK,land,chrysanthemums,flower,15,65,975,False,0,0.0,,
CON-20230326-7529,2023-03-26,Ecuador,MIA,maritime,roses,flower,36,61,2196,False,0,0.0,,
CON-20230514-4212,2023-05-14,Costa Rica,SEA,land,grafts,propagative_material,36,35,1260,False,0,0.0,18.0,22680.0
CON-20230315-2467,2023-03-15,Costa Rica,ORD,air,daffodils,flower,21,97,2037,False,0,0.0,,
CON-20240110-1396,2024-01-10,Colombia,SEA,maritime,lilies,flower,21,54,1134,False,0,0.0,,
CON-20240923-4825,2024-09-23,Ethiopia,MIA,maritime,carnations,flower,29,15,435,False,0,0.0,,
CON-20230329-3419,2023-03-29,Kenya,DFW,air,seedlings,propagative_material,4,41,164,False,0,0.0,10.0,1640.0
CON-20230424-9814,2023-04-24,Netherlands,DFW,land,sunflowers,flower,31,12,372,False,0,0.0,,
CON-20240619-1301,2024-06-19,Kenya,ORD,land,sunflowers,flower,40,28,1120,False,0,0.0,,
CON-20230919-5444,2023-09-19,Mexico,IAH,air,seeds,propagative_material,19,35,665,False,0,0.0,2.0,1330.0
CON-20240202-7332,2024-02-02,Guatemala,JFK,air,tulips,flower,7,12,84,False,0,0.0,,
CON-20241227-4054,2024-12-27,Kenya,SEA,land,cuttings,propagative_material,32,86,2752,False,0,0.0,7.0,19264.0
CON-20241230-9027,2024-12-30,Costa Rica,BOS,land,seeds,propagative_material,16,77,1232,False,0,0.0,13.0,16016.0
CON-20241201-9212,2024-12-01,Ecuador,JFK,maritime,tulips,flower,41,48,1968,False,0,0.0,,
CON-20230921-6599,2023-09-21,Ethiopia,JFK,land,roses,flower,36,45,1620,False,0,0.0,,
CON-20240127-6118,2024-01-27,Mexico,MIA,air,grafts,propagative_material,16,83,1328,False,0,0.0,20.0,26560.0
CON-20230515-4314,2023-05-15,Israel,BOS,land,seedlings,propagative_material,9,84,756,False,0,0.0,5.0,3780.0
CON-20240316-9732,2024-03-16,Ethiopia,IAH,air,seedlings,propagative_material,37,30,1110,False,0,0.0,4.0,4440.0
CON-20230131-5485,2023-01-31,Ecuador,DFW,air,daffodils,flower,27,48,1296,False,0,0.0,,
CON-20230515-4783,2023-05-15,Ecuador,ORD,air,seeds,propagative_material,49,88,4312,False,0,0.0,20.0,86240.0
CON-20230127-8680,2023-01-27,Kenya,ORD,land,chrysanthemums,flower,45,71,3195,False,0,0.0,,
CON-20240518-7694,2024-05-18,Israel,MIA,maritime,carnations,flower,11,34,374,False,0,0.0,,
CON-20230816-8197,2023-08-16,Netherlands,ATL,maritime,saplings,propagative_material,14,18,252,False,0,0.0,20.0,5040.0
CON-20230910-7232,2023-09-10,Guatemala,DFW,maritime,daffodils,flower,50,15,750,False,0,0.0,,
CON-20240808-1694,2024-08-08,Israel,SEA,land,tissue cultures,propagative_material,7,67,469,False,0,0.0,8.0,3752.0
CON-20230210-5989,2023-02-10,Costa Rica,IAH,maritime,roses,flower,13,47,611,False,0,0.0,,
CON-20240308-8595,2024-03-08,Ethiopia,BOS,air,roses,flower,45,76,3420,False,0,0.0,,
CON-20240527-9952,2024-05-27,Guatemala,LAX,land,bulbs,propagative_material,50,84,4200,False,0,0.0,5.0,21000.0
CON-20240406-4308,2024-04-06,Mexico,SEA,maritime,bulbs,propagative_material,30,85,2550,False,0,0.0,15.0,38250.0
CON-20241209-8362,2024-12-09,Colombia,ATL,maritime,seedlings,propagative_material,47,25,1175,False,0,0.0,12.0,14100.0
CON-20240129-3799,2024-01-29,Colombia,IAH,land,grafts,propagative_material,36,58,2088,False,0,0.0,11.0,22968.0
CON-20230703-8311,2023-07-03,Ecuador,MIA,air,grafts,propagative_material,20,49,980,False,0,0.0,10.0,9800.0
CON-20230727-9169,2023-07-27,Ecuador,LAX,air,tissue cultures,propagative_material,49,42,2058,True,8,0.003887269193391642,18.0,37044.0
CON-20230811-1107,2023-08-11,Netherlands,BOS,air,sunflowers,flower,27,66,1782,False,0,0.0,,
CON-20240926-6718,2024-09-26,Kenya,IAH,maritime,seeds,propagative_material,12,28,336,False,0,0.0,2.0,672.0
CON-20240814-3920,2024-08-14,Ecuador,JFK,land,tulips,flower,6,16,96,False,0,0.0,,
CON-20241107-1587,2024-11-07,Ecuador,ATL,land,grafts,propagative_material,48,84,4032,False,0,0.0,3.0,12096.0
CON-20240124-8713,2024-01-24,Ethiopia,DFW,maritime,saplings,propagative_material,28,80,2240,False,0,0.0,5.0,11200.0
CON-20240623-2790,2024-06-23,Colombia,ATL,maritime,lilies,flower,45,36,1620,False,0,0.0,,
CON-20241206-6797,2024-12-06,Costa Rica,LAX,maritime,daffodils,flower,39,50,1950,False,0,0.0,,
CON-20241009-5759,2024-10-09,Ecuador,BOS,land,sunflowers,flower,12,88,1056,False,0,0.0,,
CON-20230125-7793,2023-01-25,Kenya,JFK,air,chrysanthemums,flower,48,36,1728,False,0,0.0,,
CON-20231225-5168,2023-12-25,Mexico,JFK,maritime,seeds,propagative_material,41,35,1435,False,0,0.0,3.0,4305.0
CON-20240717-7488,2024-07-17,Ethiopia,ATL,land,roses,flower,8,97,776,False,0,0.0,,
CON-20231205-8888,2023-12-05,Netherlands,MIA,air,sunflowers,flower,31,14,434,False,0,0.0,,
CON-20231210-5904,2023-12-10,Ecuador,BOS,land,daffodils,flower,48,17,816,False,0,0.0,,
CON-20230120-6793,2023-01-20,Israel,IAH,land,tissue cultures,propagative_material,44,52,2288,False,0,0.0,3.0,6864.0
CON-20231214-2914,2023-12-14,Ecuador,ATL,air,carnations,flower,37,87,3219,False,0,0.0,,
CON-20230202-7088,2023-02-02,Ethiopia,DFW,land,daffodils,flower,6,73,438,False,0,0.0,,
CON-20240621-4311,2024-06-21,Guatemala,ATL,air,carnations,flower,8,57,456,False,0,0.0,,
CON-20230126-9579,2023-01-26,Colombia,BOS,land,carnations,flower,13,53,689,False,0,0.0,,
CON-20230411-9558,2023-04-11,Ethiopia,DFW,air,bulbs,propagative_material,47,14,658,False,0,0.0,4.0,2632.0
CON-20241204-6119,2024-12-04,Netherlands,ATL,air,cuttings,propagative_material,30,15,450,False,0,0.0,1.0,450.0
CON-20230725-8227,2023-07-25,Ethiopia,ORD,maritime,cuttings,propagative_material,18,78,1404,False,0,0.0,4.0,5616.0
CON-20231008-4384,2023-10-08,Ethiopia,MIA,air,seeds,propagative_material,40,81,3240,False,0,0.0,18.0,58320.0
CON-20231005-2167,2023-10-05,Israel,IAH,maritime,seedlings,propagative_material,19,83,1577,False,0,0.0,10.0,15770.0
CON-20230221-7284,2023-02-21,Israel,IAH,maritime,seeds,propagative_material,31,96,2976,False,0,0.0,2.0,5952.0
CON-20230703-9740,2023-07-03,Colombia,SEA,maritime,tulips,flower,20,52,1040,False,0,0.0,,
CON-20230515-6085,2023-05-15,Colombia,BOS,land,saplings,propagative_material,45,69,3105,False,0,0.0,15.0,46575.0
CON-20230528-6412,2023-05-28,Guatemala,ORD,air,tulips,flower,26,33,858,False,0,0.0,,
CON-20230131-3798,2023-01-31,Israel,BOS,maritime,grafts,propagative_material,8,54,432,False,0,0.0,10.0,4320.0
CON-20230416-5949,2023-04-16,Israel,MIA,land,chrysanthemums,flower,21,81,1701,False,0,0.0,,
CON-20240827-8903,2024-08-27,Costa Rica,BOS,maritime,lilies,flower,40,41,1640,False,0,0.0,,
CON-20230802-4869,2023-08-02,Mexico,LAX,maritime,daffodils,flower,37,53,1961,False,0,0.0,,
CON-20241229-2599,2024-12-29,Ecuador,LAX,land,chrysanthemums,flower,38,86,3268,False,0,0.0,,
CON-20240220-7208,2024-02-20,Guatemala,MIA,maritime,tissue cultures,propagative_material,7,97,679,False,0,0.0,11.0,7469.0
CON-20230811-3403,2023-08-11,Guatemala,JFK,air,tissue cultures,propagative_material,49,91,4459,False,0,0.0,5.0,22295.0
CON-20240204-5910,2024-02-04,Guatemala,IAH,maritime,lilies,flower,14,97,1358,False,0,0.0,,
CON-20231219-7622,2023-12-19,Ethiopia,SEA,land,tissue cultures,propagative_material,1,88,88,False,0,0.0,5.0,440.0
CON-20240716-6885,2024-07-16,Ethiopia,JFK,maritime,seeds,propagative_material,46,81,3726,False,0,0.0,4.0,14904.0
CON-20240318-8130,2024-03-18,Ethiopia,JFK,air,tulips,flower,46,58,2668,False,0,0.0,,
CON-20230627-6902,2023-06-27,Costa Rica,ORD,land,carnations,flower,13,81,1053,False,0,0.0,,
CON-20241117-3359,2024-11-17,Mexico,MIA,maritime,bulbs,propagative_material,1,19,19,False,0,0.0,16.0,304.0
CON-20230521-3945,2023-05-21,Mexico,MIA,air,sunflowers,flower,45,87,3915,False,0,0.0,,
CON-20240719-1121,2024-07-19,Guatemala,IAH,maritime,daffodils,flower,23,38,874,False,0,0.0,,
CON-20240528-1620,2024-05-28,Guatemala,ORD,land,daffodils,flower,35,83,2905,False,0,0.0,,
CON-20240817-5578,2024-08-17,Guatemala,DFW,air,chrysanthemums,flower,10,77,770,False,0,0.0,,
CON-20240619-2279,2024-06-19,Guatemala,IAH,air,bulbs,propagative_material,31,90,2790,False,0,0.0,18.0,50220.0
CON-20240701-6431,2024-07-01,Ethiopia,JFK,maritime,grafts,propagative_material,30,75,2250,False,0,0.0,14.0,31500.0
CON-20230621-5267,2023-06-21,Israel,ATL,maritime,seedlings,propagative_material,39,48,1872,False,0,0.0,2.0,3744.0
CON-20230222-9283,2023-02-22,Guatemala,MIA,land,roses,flower,19,72,1368,False,0,0.0,,
CON-20230516-3860,2023-05-16,Colombia,ATL,maritime,orchids,flower,17,11,187,False,0,0.0,,
CON-20230629-1542,2023-06-29,Ecuador,BOS,maritime,lilies,flower,32,33,1056,False,0,0.0,,
CON-20240901-4898,2024-09-01,Israel,LAX,air,saplings,propagative_material,32,62,1984,False,0,0.0,15.0,29760.0
CON-20231220-8602,2023-12-20,Ecuador,ORD,land,seedlings,propagative_material,17,24,408,False,0,0.0,13.0,5304.0
CON-20240629-5302,2024-06-29,Guatemala,ATL,maritime,grafts,propagative_material,44,100,4400,False,0,0.0,5.0,22000.0
CON-20231023-1672,2023-10-23,Costa Rica,SEA,air,daffodils,flower,44,50,2200,False,0,0.0,,
CON-20231229-2610,2023-12-29,Colombia,IAH,land,orchids,flower,22,44,968,False,0,0.0,,
CON-20241122-9518,2024-11-22,Ethiopia,SEA,maritime,seedlings,propagative_material,44,85,3740,False,0,0.0,11.0,41140.0
CON-20230111-9605,2023-01-11,Ecuador,DFW,land,saplings,propagative_material,5,11,55,False,0,0.0,4.0,220.0
CON-20231018-1931,2023-10-18,Guatemala,DFW,air,lilies,flower,3,13,39,False,0,0.0,,
CON-20230503-4027,2023-05-03,Kenya,LAX,land,saplings,propagative_material,39,26,1014,False,0,0.0,4.0,4056.0
CON-20240423-6298,2024-04-23,Ecuador,ATL,maritime,seedlings,propagative_material,30,45,1350,False,0,0.0,9.0,12150.0
CON-20230305-5336,2023-03-05,Ecuador,LAX,maritime,daffodils,flower,22,17,374,False,0,0.0,,
CON-20240518-2776,2024-05-18,Ecuador,BOS,air,tissue cultures,propagative_material,26,32,832,False,0,0.0,5.0,4160.0
CON-20240920-2194,2024-09-20,Costa Rica,SEA,air,grafts,propagative_material,46,43,1978,False,0,0.0,3.0,5934.0
CON-20240524-7397,2024-05-24,Ethiopia,BOS,air,seedlings,propagative_material,41,10,410,False,0,0.0,9.0,3690.0
CON-20240811-7617,2024-08-11,Ecuador,DFW,maritime,tissue cultures,propagative_material,46,72,3312,False,0,0.0,3.0,9936.0
CON-20240129-6880,2024-01-29,Costa Rica,ORD,air,chrysanthemums,flower,37,78,2886,False,0,0.0,,
CON-20230226-8530,2023-02-26,Israel,ATL,maritime,cuttings,propagative_material,35,53,1855,False,0,0.0,10.0,18550.0
CON-20230210-2749,2023-02-10,Kenya,MIA,land,lilies,flower,20,99,1980,False,0,0.0,,
CON-20241009-4907,2024-10-09,Israel,BOS,air,lilies,flower,9,14,126,False,0,0.0,,
CON-20240707-1268,2024-07-07,Guatemala,SEA,air,sunflowers,flower,35,67,2345,False,0,0.0,,
CON-20231212-9570,2023-12-12,Netherlands,DFW,air,grafts,propagative_material,8,37,296,False,0,0.0,15.0,4440.0
CON-20240816-1312,2024-08-16,Costa Rica,MIA,land,seeds,propagative_material,3,28,84,False,0,0.0,16.0,1344.0
CON-20241026-6035,2024-10-26,Netherlands,ORD,land,seeds,propagative_material,12,90,1080,False,0,0.0,4.0,4320.0
CON-20230307-4613,2023-03-07,Guatemala,MIA,land,seeds,propagative_material,32,86,2752,False,0,0.0,3.0,8256.0
CON-20241125-3250,2024-11-25,Kenya,SEA,maritime,tulips,flower,8,97,776,False,0,0.0,,
CON-20240830-7801,2024-08-30,Israel,ORD,air,cuttings,propagative_material,5,25,125,False,0,0.0,6.0,750.0
CON-20240325-7162,2024-03-25,Israel,IAH,air,tissue cultures,propagative_material,3,27,81,False,0,0.0,6.0,486.0
CON-20230107-5648,2023-01-07,Netherlands,BOS,air,bulbs,propagative_material,6,100,600,False,0,0.0,14.0,8400.0
CON-20230527-1616,2023-05-27,Guatemala,MIA,air,sunflowers,flower,27,40,1080,False,0,0.0,,
CON-20230401-4144,2023-04-01,Ecuador,BOS,land,tulips,flower,27,10,270,False,0,0.0,,
CON-20240925-5528,2024-09-25,Colombia,IAH,air,lilies,flower,30,90,2700,False,0,0.0,,
CON-20230602-1706,2023-06-02,Netherlands,ORD,air,sunflowers,flower,12,30,360,False,0,0.0,,
CON-20230803-8424,2023-08-03,Netherlands,DFW,maritime,orchids,flower,22,88,1936,False,0,0.0,,
CON-20230223-2160,2023-02-23,Netherlands,LAX,land,bulbs,propagative_material,2,72,144,False,0,0.0,8.0,1152.0
CON-20230723-2606,2023-07-23,Guatemala,DFW,maritime,lilies,flower,50,24,1200,False,0,0.0,,
CON-20240120-8141,2024-01-20,Kenya,SEA,air,seeds,propagative_material,31,84,2604,False,0,0.0,5.0,13020.0
CON-20240201-5418,2024-02-01,Kenya,BOS,air,carnations,flower,30,34,1020,False,0,0.0,,
CON-20230202-8513,2023-02-02,Kenya,DFW,air,cuttings,propagative_material,9,24,216,False,0,0.0,14.0,3024.0
CON-20231030-4763,2023-10-30,Ecuador,DFW,air,saplings,propagative_material,41,88,3608,False,0,0.0,3.0,10824.0
CON-20230810-5041,2023-08-10,Mexico,IAH,maritime,sunflowers,flower,18,11,198,False,0,0.0,,
CON-20240816-7844,2024-08-16,Kenya,DFW,maritime,tissue cultures,propagative_material,10,83,830,False,0,0.0,2.0,1660.0
CON-20240531-2605,2024-05-31,Netherlands,BOS,land,grafts,propagative_material,34,60,2040,False,0,0.0,15.0,30600.0
CON-20240725-3174,2024-07-25,Guatemala,ORD,air,seedlings,propagative_material,47,62,2914,False,0,0.0,12.0,34968.0
CON-20230403-8524,2023-04-03,Ethiopia,ORD,land,grafts,propagative_material,43,49,2107,False,0,0.0,19.0,40033.0
CON-20230522-1022,2023-05-22,Netherlands,BOS,maritime,carnations,flower,24,90,2160,False,0,0.0,,
CON-20231207-9887,2023-12-07,Colombia,SEA,land,cuttings,propagative_material,28,44,1232,False,0,0.0,19.0,23408.0
CON-20231210-2818,2023-12-10,Kenya,LAX,land,tissue cultures,propagative_material,44,56,2464,False,0,0.0,13.0,32032.0
CON-20230211-2097,2023-02-11,Israel,BOS,land,tulips,flower,12,92,1104,False,0,0.0,,
CON-20231209-4437,2023-12-09,Costa Rica,ORD,air,tissue cultures,propagative_material,8,93,744,False,0,0.0,8.0,5952.0
CON-20240530-8412,2024-05-30,Israel,DFW,maritime,orchids,flower,4,18,72,False,0,0.0,,
CON-20230506-2075,2023-05-06,Guatemala,IAH,land,orchids,flower,29,89,2581,False,0,0.0,,
CON-20230324-5521,2023-03-24,Kenya,BOS,air,carnations,flower,19,19,361,False,0,0.0,,
CON-20230604-9870,2023-06-04,Colombia,MIA,maritime,tissue cultures,propagative_material,41,12,492,False,0,0.0,5.0,2460.0
CON-20240330-4806,2024-03-30,Guatemala,DFW,maritime,cuttings,propagative_material,13,18,234,False,0,0.0,17.0,3978.0
CON-20231218-9986,2023-12-18,Israel,SEA,land,sunflowers,flower,38,95,3610,False,0,0.0,,
CON-20240803-4715,2024-08-03,Guatemala,BOS,maritime,saplings,propagative_material,20,31,620,False,0,0.0,16.0,9920.0
CON-20230601-3634,2023-06-01,Israel,ATL,air,orchids,flower,30,31,930,False,0,0.0,,
CON-20230629-6187,2023-06-29,Costa Rica,ATL,air,bulbs,propagative_material,16,24,384,False,0,0.0,19.0,7296.0
CON-20240114-6192,2024-01-14,Ecuador,BOS,maritime,bulbs,propagative_material,36,100,3600,False,0,0.0,12.0,43200.0
CON-20240706-7628,2024-07-06,Ecuador,DFW,maritime,tissue cultures,propagative_material,20,25,500,False,0,0.0,16.0,8000.0
CON-20230609-5842,2023-06-09,Ecuador,BOS,maritime,seedlings,propagative_material,35,74,2590,False,0,0.0,16.0,41440.0
CON-20240328-3284,2024-03-28,Ethiopia,MIA,land,chrysanthemums,flower,47,71,3337,False,0,0.0,,
CON-20230126-1901,2023-01-26,Costa Rica,LAX,maritime,lilies,flower,29,55,1595,False,0,0.0,,
CON-20231012-2431,2023-10-12,Kenya,IAH,air,seeds,propagative_material,6,78,468,False,0,0.0,17.0,7956.0
CON-20231122-8006,2023-11-22,Mexico,ORD,maritime,seedlings,propagative_material,24,60,1440,False,0,0.0,12.0,17280.0
CON-20231019-2435,2023-10-19,Mexico,DFW,air,tulips,flower,20,67,1340,False,0,0.0,,
CON-20240301-7786,2024-03-01,Kenya,BOS,land,orchids,flower,11,64,704,False,0,0.0,,
CON-20230801-7156,2023-08-01,Ecuador,LAX,air,sunflowers,flower,34,52,1768,False,0,0.0,,
CON-20241016-3243,2024-10-16,Colombia,JFK,maritime,daffodils,flower,12,81,972,False,0,0.0,,
CON-20231024-8593,2023-10-24,Kenya,MIA,maritime,roses,flower,20,84,1680,False,0,0.0,,
CON-20230607-5713,2023-06-07,Kenya,JFK,air,orchids,flower,41,91,3731,False,0,0.0,,
CON-20241205-2093,2024-12-05,Mexico,MIA,maritime,seeds,propagative_material,8,45,360,False,0,0.0,20.0,7200.0
CON-20240322-1287,2024-03-22,Israel,BOS,land,sunflowers,flower,45,25,1125,False,0,0.0,,
CON-20230301-3675,2023-03-01,Ethiopia,MIA,land,cuttings,propagative_material,30,98,2940,False,0,0.0,2.0,5880.0
CON-20241013-2258,2024-10-13,Ethiopia,DFW,maritime,roses,flower,19,47,893,False,0,0.0,,
CON-20230707-6180,2023-07-07,Costa Rica,ORD,land,tissue cultures,propagative_material,49,31,1519,False,0,0.0,10.0,15190.0
CON-20240701-7111,2024-07-01,Ethiopia,DFW,air,carnations,flower,1,27,27,False,0,0.0,,
CON-20230616-4087,2023-06-16,Guatemala,SEA,maritime,bulbs,propagative_material,10,74,740,False,0,0.0,18.0,13320.0
CON-20240718-3150,2024-07-18,Costa Rica,IAH,land,grafts,propagative_material,30,19,570,False,0,0.0,1.0,570.0
CON-20241208-6604,2024-12-08,Guatemala,DFW,maritime,carnations,flower,29,86,2494,False,0,0.0,,
CON-20230502-6036,2023-05-02,Ecuador,ATL,air,bulbs,propagative_material,45,28,1260,False,0,0.0,5.0,6300.0
CON-20240311-1696,2024-03-11,Kenya,MIA,air,seeds,propagative_material,2,71,142,False,0,0.0,7.0,994.0
CON-20240609-5942,2024-06-09,Colombia,JFK,land,grafts,propagative_material,8,42,336,False,0,0.0,1.0,336.0
CON-20230730-3384,2023-07-30,Colombia,LAX,land,bulbs,propagative_material,43,54,2322,False,0,0.0,9.0,20898.0
CON-20240527-1229,2024-05-27,Israel,DFW,air,tissue cultures,propagative_material,37,18,666,False,0,0.0,17.0,11322.0
CON-20230625-8777,2023-06-25,Kenya,ORD,maritime,seedlings,propagative_material,7,37,259,False,0,0.0,12.0,3108.0
CON-20230420-9425,2023-04-20,Ecuador,BOS,land,saplings,propagative_material,23,58,1334,False,0,0.0,8.0,10672.0
CON-20230507-6918,2023-05-07,Mexico,LAX,maritime,chrysanthemums,flower,34,27,918,False,0,0.0,,
CON-20230211-8486,2023-02-11,Ethiopia,IAH,land,cuttings,propagative_material,32,24,768,False,0,0.0,20.0,15360.0
CON-20240721-8793,2024-07-21,Ethiopia,BOS,air,orchids,flower,28,34,952,False,0,0.0,,
CON-20241121-2392,2024-11-21,Israel,MIA,air,chrysanthemums,flower,26,66,1716,False,0,0.0,,
CON-20240215-4261,2024-02-15,Colombia,MIA,maritime,seedlings,propagative_material,11,18,198,False,0,0.0,11.0,2178.0
CON-20230827-7557,2023-08-27,Kenya,SEA,air,sunflowers,flower,18,84,1512,False,0,0.0,,
CON-20240909-8448,2024-09-09,Israel,BOS,land,sunflowers,flower,33,45,1485,False,0,0.0,,
CON-20240516-1865,2024-05-16,Colombia,LAX,maritime,lilies,flower,41,27,1107,False,0,0.0,,
CON-20230128-5960,2023-01-28,Colombia,BOS,land,grafts,propagative_material,39,96,3744,False,0,0.0,20.0,74880.0
CON-20240616-9032,2024-06-16,Colombia,LAX,land,sunflowers,flower,13,47,611,False,0,0.0,,
CON-20231218-2951,2023-12-18,Costa Rica,ATL,land,saplings,propagative_material,3,65,195,False,0,0.0,13.0,2535.0
CON-20240329-5965,2024-03-29,Guatemala,DFW,maritime,roses,flower,3,32,96,False,0,0.0,,
CON-20230518-9037,2023-05-18,Ecuador,BOS,maritime,daffodils,flower,32,24,768,False,0,0.0,,
CON-20240426-9105,2024-04-26,Costa Rica,IAH,land,carnations,flower,33,17,561,False,0,0.0,,
CON-20231125-7003,2023-11-25,Mexico,DFW,maritime,seeds,propagative_material,38,15,570,False,0,0.0,12.0,6840.0
CON-20230410-5001,2023-04-10,Netherlands,DFW,maritime,tulips,flower,23,62,1426,False,0,0.0,,
CON-20231116-3781,2023-11-16,Kenya,ORD,land,seedlings,propagative_material,5,49,245,False,0,0.0,1.0,245.0
CON-20240416-1364,2024-04-16,Costa Rica,DFW,air,daffodils,flower,18,12,216,False,0,0.0,,
CON-20240204-4373,2024-02-04,Israel,SEA,land,chrysanthemums,flower,32,22,704,False,0,0.0,,
CON-20241114-8143,2024-11-14,Israel,BOS,land,carnations,flower,40,48,1920,False,0,0.0,,
CON-20230319-7586,2023-03-19,Kenya,BOS,land,cuttings,propagative_material,17,16,272,False,0,0.0,8.0,2176.0
CON-20231211-4436,2023-12-11,Colombia,LAX,land,chrysanthemums,flower,37,77,2849,False,0,0.0,,
CON-20231106-7788,2023-11-06,Israel,LAX,land,daffodils,flower,43,79,3397,False,0,0.0,,
CON-20240611-4056,2024-06-11,Mexico,ATL,land,carnations,flower,2,90,180,False,0,0.0,,
CON-20240423-4287,2024-04-23,Guatemala,ORD,land,daffodils,flower,37,90,3330,False,0,0.0,,
CON-20230904-7721,2023-09-04,Israel,BOS,air,seedlings,propagative_material,44,48,2112,False,0,0.0,11.0,23232.0
CON-20231001-7649,2023-10-01,Colombia,ORD,maritime,carnations,flower,17,97,1649,False,0,0.0,,
CON-20230716-8145,2023-07-16,Kenya,LAX,air,bulbs,propagative_material,20,69,1380,False,0,0.0,14.0,19320.0
CON-20231007-3883,2023-10-07,Netherlands,ORD,air,seeds,propagative_material,17,45,765,False,0,0.0,2.0,1530.0
CON-20230327-2479,2023-03-27,Guatemala,JFK,air,orchids,flower,5,62,310,False,0,0.0,,
CON-20230425-9605,2023-04-25,Mexico,MIA,air,tissue cultures,propagative_material,43,84,3612,False,0,0.0,9.0,32508.0
CON-20240906-7388,2024-09-06,Guatemala,LAX,air,saplings,propagative_material,21,52,1092,False,0,0.0,8.0,8736.0
CON-20230420-1916,2023-04-20,Mexico,ORD,air,bulbs,propagative_material,18,66,1188,False,0,0.0,16.0,19008.0
CON-20230426-5550,2023-04-26,Costa Rica,DFW,land,daffodils,flower,31,97,3007,False,0,0.0,,
CON-20240112-1895,2024-01-12,Ecuador,DFW,maritime,roses,flower,42,87,3654,False,0,0.0,,
CON-20240129-4872,2024-01-29,Kenya,ATL,land,tulips,flower,44,25,1100,False,0,0.0,,
CON-20240207-3625,2024-02-07,Guatemala,SEA,air,orchids,flower,6,40,240,False,0,0.0,,
CON-20240221-7765,2024-02-21,Guatemala,DFW,land,cuttings,propagative_material,6,72,432,False,0,0.0,11.0,4752.0
CON-20241216-9973,2024-12-16,Mexico,LAX,air,chrysanthemums,flower,23,63,1449,False,0,0.0,,
CON-20230129-3229,2023-01-29,Israel,BOS,land,seedlings,propagative_material,42,33,1386,False,0,0.0,1.0,1386.0
CON-20231109-3131,2023-11-09,Mexico,ORD,land,chrysanthemums,flower,8,30,240,False,0,0.0,,
CON-20240504-6367,2024-05-04,Mexico,DFW,maritime,cuttings,propagative_material,12,97,1164,False,0,0.0,10.0,11640.0
CON-20240112-1376,2024-01-12,Kenya,LAX,maritime,grafts,propagative_material,25,83,2075,False,0,0.0,18.0,37350.0
CON-20230723-5262,2023-07-23,Kenya,LAX,maritime,carnations,flower,4,61,244,False,0,0.0,,
CON-20230624-8433,2023-06-24,Ecuador,LAX,maritime,seeds,propagative_material,46,77,3542,False,0,0.0,16.0,56672.0
CON-20230728-7259,2023-07-28,Colombia,ORD,land,saplings,propagative_material,18,46,828,False,0,0.0,5.0,4140.0
CON-20230809-3391,2023-08-09,Mexico,ORD,land,lilies,flower,27,33,891,False,0,0.0,,
CON-20230830-8506,2023-08-30,Netherlands,ATL,maritime,lilies,flower,24,84,2016,False,0,0.0,,
CON-20230517-7935,2023-05-17,Colombia,JFK,maritime,daffodils,flower,44,37,1628,False,0,0.0,,
CON-20240724-6804,2024-07-24,Ethiopia,LAX,air,seeds,propagative_material,22,40,880,False,0,0.0,20.0,17600.0
CON-20240531-1673,2024-05-31,Netherlands,JFK,maritime,orchids,flower,26,95,2470,False,0,0.0,,
CON-20240530-9690,2024-05-30,Ecuador,ATL,air,tulips,flower,30,26,780,False,0,0.0,,
CON-20230430-5603,2023-04-30,Mexico,MIA,maritime,roses,flower,9,73,657,False,0,0.0,,
CON-20230927-9049,2023-09-27,Israel,SEA,maritime,tulips,flower,28,31,868,False,0,0.0,,
CON-20241013-4000,2024-10-13,Ecuador,IAH,land,roses,flower,13,29,377,False,0,0.0,,
CON-20230617-6841,2023-06-17,Netherlands,BOS,maritime,daffodils,flower,8,73,584,False,0,0.0,,
CON-20240519-2533,2024-05-19,Costa Rica,BOS,maritime,saplings,propagative_material,47,28,1316,False,0,0.0,7.0,9212.0
CON-20240604-3958,2024-06-04,Ethiopia,MIA,air,lilies,flower,38,10,380,False,0,0.0,,
CON-20240525-2998,2024-05-25,Mexico,LAX,air,cuttings,propagative_material,2,46,92,False,0,0.0,13.0,1196.0
CON-20230607-8439,2023-06-07,Israel,LAX,maritime,seeds,propagative_material,30,100,3000,False,0,0.0,9.0,27000.0
CON-20241102-1797,2024-11-02,Netherlands,DFW,air,tulips,flower,47,82,3854,False,0,0.0,,
CON-20230314-7535,2023-03-14,Ethiopia,DFW,air,chrysanthemums,flower,26,42,1092,False,0,0.0,,
CON-20230616-3525,2023-06-16,Colombia,JFK,air,daffodils,flower,19,92,1748,False,0,0.0,,
CON-20240318-7020,2024-03-18,Colombia,ATL,maritime,carnations,flower,23,95,2185,False,0,0.0,,
CON-20240401-2478,2024-04-01,Costa Rica,ORD,maritime,sunflowers,flower,18,82,1476,False,0,0.0,,
CON-20230710-8594,2023-07-10,Mexico,DFW,land,daffodils,flower,6,15,90,False,0,0.0,,
CON-20240623-8825,2024-06-23,Kenya,MIA,maritime,cuttings,propagative_material,30,65,1950,False,0,0.0,10.0,19500.0
CON-20231104-2253,2023-11-04,Ecuador,MIA,land,tissue cultures,propagative_material,28,47,1316,False,0,0.0,2.0,2632.0
CON-20240311-5151,2024-03-11,Costa Rica,LAX,land,chrysanthemums,flower,30,94,2820,False,0,0.0,,
CON-20230325-3985,2023-03-25,Israel,ATL,land,seeds,propagative_material,48,94,4512,False,0,0.0,13.0,58656.0
CON-20241222-8371,2024-12-22,Netherlands,LAX,maritime,tulips,flower,38,68,2584,False,0,0.0,,
CON-20230805-2742,2023-08-05,Ethiopia,DFW,air,seeds,propagative_material,48,87,4176,False,0,0.0,14.0,58464.0
CON-20240209-7637,2024-02-09,Costa Rica,JFK,air,seeds,propagative_material,11,93,1023,False,0,0.0,20.0,20460.0
CON-20240923-1227,2024-09-23,Guatemala,ATL,land,daffodils,flower,20,21,420,False,0,0.0,,
CON-20241213-3378,2024-12-13,Kenya,LAX,air,saplings,propagative_material,2,36,72,False,0,0.0,8.0,576.0
CON-20230330-2908,2023-03-30,Mexico,IAH,air,sunflowers,flower,10,70,700,False,0,0.0,,
CON-20241220-4975,2024-12-20,Ecuador,MIA,land,sunflowers,flower,31,12,372,False,0,0.0,,
CON-20240206-8074,2024-02-06,Kenya,ATL,land,cuttings,propagative_material,1,23,23,False,0,0.0,14.0,322.0
CON-20230207-8993,2023-02-07,Guatemala,IAH,maritime,daffodils,flower,32,75,2400,False,0,0.0,,
CON-20230120-7834,2023-01-20,Kenya,JFK,land,tulips,flower,36,18,648,False,0,0.0,,
CON-20240929-5718,2024-09-29,Guatemala,LAX,maritime,sunflowers,flower,45,65,2925,False,0,0.0,,
CON-20240324-6556,2024-03-24,Kenya,BOS,maritime,tissue cultures,propagative_material,15,85,1275,False,0,0.0,20.0,25500.0
CON-20241229-8738,2024-12-29,Guatemala,MIA,maritime,daffodils,flower,44,93,4092,False,0,0.0,,
CON-20241208-3561,2024-12-08,Ecuador,ORD,maritime,seedlings,propagative_material,31,26,806,False,0,0.0,20.0,16120.0
CON-20240520-1297,2024-05-20,Guatemala,LAX,maritime,lilies,flower,14,81,1134,False,0,0.0,,
CON-20241124-6533,2024-11-24,Israel,ATL,maritime,bulbs,propagative_material,33,14,462,False,0,0.0,14.0,6468.0
CON-20240729-1764,2024-07-29,Colombia,ORD,air,grafts,propagative_material,17,53,901,False,0,0.0,18.0,16218.0
CON-20240611-2817,2024-06-11,Ethiopia,MIA,land,seedlings,propagative_material,4,66,264,False,0,0.0,4.0,1056.0
CON-20240603-6925,2024-06-03,Colombia,IAH,air,bulbs,propagative_material,41,25,1025,False,0,0.0,6.0,6150.0
CON-20240525-3257,2024-05-25,Ethiopia,BOS,land,bulbs,propagative_material,42,56,2352,False,0,0.0,4.0,9408.0
CON-20230107-3805,2023-01-07,Kenya,BOS,maritime,saplings,propagative_material,31,53,1643,False,0,0.0,3.0,4929.0
CON-20240229-4738,2024-02-29,Ethiopia,DFW,land,lilies,flower,10,77,770,False,0,0.0,,
CON-20240224-1162,2024-02-24,Ecuador,SEA,maritime,tulips,flower,2,66,132,False,0,0.0,,
CON-20231213-7443,2023-12-13,Costa Rica,LAX,air,daffodils,flower,50,31,1550,False,0,0.0,,
CON-20230301-5986,2023-03-01,Netherlands,MIA,land,daffodils,flower,26,97,2522,False,0,0.0,,
CON-20231014-9919,2023-10-14,Israel,DFW,air,seedlings,propagative_material,26,67,1742,False,0,0.0,20.0,34840.0
CON-20240219-7389,2024-02-19,Guatemala,DFW,land,cuttings,propagative_material,6,14,84,False,0,0.0,5.0,420.0
CON-20230807-3621,2023-08-07,Costa Rica,IAH,maritime,tissue cultures,propagative_material,36,49,1764,False,0,0.0,1.0,1764.0
CON-20230922-9278,2023-09-22,Netherlands,IAH,land,saplings,propagative_material,50,48,2400,False,0,0.0,4.0,9600.0
CON-20241004-8352,2024-10-04,Netherlands,DFW,maritime,chrysanthemums,flower,4,93,372,False,0,0.0,,
CON-20231214-9737,2023-12-14,Ethiopia,JFK,maritime,saplings,propagative_material,48,84,4032,False,0,0.0,20.0,80640.0
CON-20231019-2724,2023-10-19,Kenya,DFW,maritime,seedlings,propagative_material,25,76,1900,False,0,0.0,11.0,20900.0
CON-20240410-2342,2024-04-10,Costa Rica,ORD,maritime,bulbs,propagative_material,46,64,2944,False,0,0.0,3.0,8832.0
CON-20240502-7598,2024-05-02,Netherlands,SEA,air,grafts,propagative_material,5,57,285,False,0,0.0,19.0,5415.0
CON-20230928-9020,2023-09-28,Costa Rica,IAH,maritime,daffodils,flower,29,98,2842,False,0,0.0,,
CON-20240601-9408,2024-06-01,Mexico,MIA,air,grafts,propagative_material,46,68,3128,False,0,0.0,17.0,53176.0
CON-20240429-2945,2024-04-29,Colombia,ORD,maritime,seedlings,propagative_material,11,81,891,False,0,0.0,20.0,17820.0
CON-20240114-5995,2024-01-14,Mexico,LAX,air,roses,flower,34,29,986,False,0,0.0,,
CON-20240512-7910,2024-05-12,Israel,ATL,maritime,saplings,propagative_material,10,28,280,False,0,0.0,2.0,560.0
CON-20230707-1732,2023-07-07,Ethiopia,ATL,air,roses,flower,8,80,640,False,0,0.0,,
CON-20231114-3175,2023-11-14,Mexico,BOS,land,tulips,flower,25,70,1750,False,0,0.0,,
CON-20240416-7711,2024-04-16,Ecuador,IAH,land,sunflowers,flower,10,51,510,False,0,0.0,,
CON-20231214-3713,2023-12-14,Mexico,ORD,maritime,seedlings,propagative_material,29,45,1305,False,0,0.0,1.0,1305.0
CON-20230507-1866,2023-05-07,Ethiopia,IAH,land,bulbs,propagative_material,40,79,3160,False,0,0.0,19.0,60040.0
CON-20240529-1310,2024-05-29,Costa Rica,ORD,maritime,seeds,propagative_material,43,78,3354,False,0,0.0,9.0,30186.0
CON-20240816-1737,2024-08-16,Kenya,ORD,land,chrysanthemums,flower,35,87,3045,False,0,0.0,,
CON-20240323-5213,2024-03-23,Guatemala,JFK,maritime,grafts,propagative_material,2,77,154,False,0,0.0,3.0,462.0
CON-20230622-3526,2023-06-22,Colombia,LAX,land,carnations,flower,12,42,504,False,0,0.0,,
CON-20230623-1958,2023-06-23,Ethiopia,SEA,land,tissue cultures,propagative_material,21,33,693,False,0,0.0,10.0,6930.0
CON-20230526-2981,2023-05-26,Mexico,LAX,maritime,tulips,flower,17,58,986,False,0,0.0,,
CON-20240903-2885,2024-09-03,Netherlands,ORD,air,grafts,propagative_material,33,74,2442,False,0,0.0,9.0,21978.0
CON-20240720-4829,2024-07-20,Netherlands,DFW,maritime,chrysanthemums,flower,31,13,403,False,0,0.0,,
CON-20240823-3057,2024-08-23,Netherlands,ATL,land,bulbs,propagative_material,49,81,3969,False,0,0.0,10.0,39690.0
CON-20241013-3755,2024-10-13,Mexico,BOS,air,saplings,propagative_material,10,57,570,False,0,0.0,8.0,4560.0
CON-20240407-3742,2024-04-07,Costa Rica,SEA,land,seeds,propagative_material,30,89,2670,False,0,0.0,1.0,2670.0
CON-20240904-9361,2024-09-04,Netherlands,BOS,maritime,daffodils,flower,23,90,2070,False,0,0.0,,
CON-20240630-3288,2024-06-30,Ethiopia,JFK,air,cuttings,propagative_material,6,60,360,False,0,0.0,18.0,6480.0
CON-20240917-8417,2024-09-17,Ethiopia,SEA,air,tulips,flower,41,43,1763,False,0,0.0,,
CON-20231126-3190,2023-11-26,Ethiopia,ORD,land,lilies,flower,30,86,2580,False,0,0.0,,
CON-20230110-7435,2023-01-10,Netherlands,BOS,air,grafts,propagative_material,36,99,3564,False,0,0.0,18.0,64152.0
CON-20230201-6864,2023-02-01,Colombia,LAX,land,chrysanthemums,flower,23,58,1334,False,0,0.0,,
CON-20230109-4629,2023-01-09,Mexico,MIA,land,grafts,propagative_material,24,34,816,False,0,0.0,1.0,816.0
CON-20230403-1602,2023-04-03,Ethiopia,DFW,air,lilies,flower,15,73,1095,False,0,0.0,,
CON-20241224-5544,2024-12-24,Ethiopia,BOS,land,seeds,propagative_material,13,91,1183,False,0,0.0,19.0,22477.0
CON-20240719-3875,2024-07-19,Costa Rica,BOS,air,seedlings,propagative_material,48,82,3936,False,0,0.0,3.0,11808.0
CON-20230923-1378,2023-09-23,Ecuador,LAX,air,tissue cultures,propagative_material,47,45,2115,False,0,0.0,18.0,38070.0
CON-20230103-7666,2023-01-03,Ethiopia,IAH,maritime,roses,flower,21,65,1365,False,0,0.0,,
CON-20240614-4678,2024-06-14,Ethiopia,LAX,land,sunflowers,flower,24,76,1824,False,0,0.0,,
CON-20240629-2340,2024-06-29,Netherlands,ATL,maritime,tulips,flower,1,60,60,False,0,0.0,,
CON-20240309-2029,2024-03-09,Netherlands,ORD,land,bulbs,propagative_material,13,31,403,False,0,0.0,4.0,1612.0
CON-20230125-6583,2023-01-25,Netherlands,BOS,maritime,orchids,flower,16,23,368,False,0,0.0,,
CON-20230831-2567,2023-08-31,Netherlands,DFW,land,saplings,propagative_material,39,89,3471,False,0,0.0,15.0,52065.0
CON-20230204-2015,2023-02-04,Colombia,LAX,air,tulips,flower,45,18,810,False,0,0.0,,
CON-20240917-1855,2024-09-17,Guatemala,JFK,maritime,chrysanthemums,flower,7,96,672,False,0,0.0,,
CON-20230409-8428,2023-04-09,Ethiopia,SEA,maritime,lilies,flower,39,94,3666,False,0,0.0,,
CON-20240927-8439,2024-09-27,Mexico,BOS,maritime,cuttings,propagative_material,42,96,4032,False,0,0.0,17.0,68544.0
CON-20230416-4172,2023-04-16,Israel,ORD,air,tissue cultures,propagative_material,46,18,828,False,0,0.0,19.0,15732.0
CON-20231230-4983,2023-12-30,Ecuador,IAH,maritime,sunflowers,flower,47,89,4183,False,0,0.0,,
CON-20230511-6098,2023-05-11,Ecuador,JFK,air,daffodils,flower,33,93,3069,False,0,0.0,,
CON-20240425-9481,2024-04-25,Costa Rica,MIA,air,tulips,flower,19,57,1083,False,0,0.0,,
CON-20240603-4297,2024-06-03,Ecuador,JFK,air,grafts,propagative_material,23,35,805,False,0,0.0,3.0,2415.0
CON-20240502-5909,2024-05-02,Israel,ORD,land,tulips,flower,38,82,3116,False,0,0.0,,
CON-20230418-4654,2023-04-18,Mexico,DFW,air,roses,flower,32,38,1216,False,0,0.0,,
CON-20230807-7158,2023-08-07,Kenya,BOS,land,grafts,propagative_material,48,52,2496,False,0,0.0,7.0,17472.0
CON-20240107-3333,2024-01-07,Mexico,MIA,air,seeds,propagative_material,23,13,299,False,0,0.0,10.0,2990.0
CON-20240822-3853,2024-08-22,Guatemala,ORD,land,roses,flower,2,35,70,False,0,0.0,,
CON-20230628-5289,2023-06-28,Kenya,ATL,land,lilies,flower,12,35,420,False,0,0.0,,
CON-20230521-4934,2023-05-21,Colombia,JFK,land,chrysanthemums,flower,22,36,792,False,0,0.0,,
CON-20230625-3142,2023-06-25,Israel,DFW,land,chrysanthemums,flower,8,28,224,False,0,0.0,,
CON-20240123-5006,2024-01-23,Kenya,ORD,land,tulips,flower,39,64,2496,False,0,0.0,,
CON-20231029-5588,2023-10-29,Netherlands,ORD,land,cuttings,propagative_material,16,16,256,False,0,0.0,5.0,1280.0
CON-20230325-9342,2023-03-25,Costa Rica,BOS,air,chrysanthemums,flower,11,75,825,False,0,0.0,,
CON-20240420-8918,2024-04-20,Israel,BOS,land,cuttings,propagative_material,46,57,2622,False,0,0.0,16.0,41952.0
CON-20240215-4840,2024-02-15,Guatemala,ATL,land,bulbs,propagative_material,15,35,525,False,0,0.0,13.0,6825.0
CON-20240122-3200,2024-01-22,Kenya,ATL,maritime,saplings,propagative_material,24,42,1008,False,0,0.0,3.0,3024.0
CON-20231227-6511,2023-12-27,Ethiopia,BOS,land,tissue cultures,propagative_material,3,69,207,False,0,0.0,14.0,2898.0
CON-20240223-3942,2024-02-23,Guatemala,BOS,maritime,sunflowers,flower,21,44,924,False,0,0.0,,
CON-20241022-9401,2024-10-22,Guatemala,ORD,maritime,cuttings,propagative_material,6,47,282,False,0,0.0,18.0,5076.0
CON-20230411-6468,2023-04-11,Colombia,ATL,air,seeds,propagative_material,24,14,336,False,0,0.0,7.0,2352.0
CON-20241130-9898,2024-11-30,Israel,ATL,maritime,lilies,flower,46,87,4002,False,0,0.0,,
CON-20231016-1194,2023-10-16,Ethiopia,JFK,maritime,daffodils,flower,26,84,2184,False,0,0.0,,
CON-20240212-9451,2024-02-12,Guatemala,IAH,air,bulbs,propagative_material,47,36,1692,False,0,0.0,19.0,32148.0
CON-20240417-7843,2024-04-17,Costa Rica,BOS,land,chrysanthemums,flower,21,34,714,False,0,0.0,,
CON-20240725-6006,2024-07-25,Kenya,BOS,maritime,cuttings,propagative_material,9,83,747,False,0,0.0,1.0,747.0
CON-20230819-9808,2023-08-19,Guatemala,DFW,maritime,daffodils,flower,44,61,2684,False,0,0.0,,
CON-20230124-7404,2023-01-24,Ethiopia,DFW,land,bulbs,propagative_material,10,52,520,False,0,0.0,13.0,6760.0
CON-20240701-8397,2024-07-01,Kenya,SEA,air,lilies,flower,31,23,713,False,0,0.0,,
CON-20230417-4058,2023-04-17,Ethiopia,LAX,air,seeds,propagative_material,45,87,3915,False,0,0.0,7.0,27405.0
CON-20230730-1941,2023-07-30,Colombia,SEA,maritime,cuttings,propagative_material,43,77,3311,False,0,0.0,12.0,39732.0
CON-20231201-7855,2023-12-01,Costa Rica,JFK,air,daffodils,flower,11,24,264,False,0,0.0,,
CON-20230731-8778,2023-07-31,Guatemala,LAX,maritime,saplings,propagative_material,14,49,686,False,0,0.0,6.0,4116.0
CON-20241202-8302,2024-12-02,Ethiopia,ORD,land,orchids,flower,13,10,130,False,0,0.0,,
CON-20230910-2492,2023-09-10,Colombia,SEA,land,sunflowers,flower,30,69,2070,False,0,0.0,,
CON-20241218-3942,2024-12-18,Ethiopia,BOS,maritime,daffodils,flower,40,32,1280,False,0,0.0,,
CON-20241105-1715,2024-11-05,Mexico,BOS,maritime,seedlings,propagative_material,37,22,814,False,0,0.0,8.0,6512.0
CON-20240704-7738,2024-07-04,Ecuador,ATL,land,chrysanthemums,flower,45,37,1665,False,0,0.0,,
CON-20230320-3700,2023-03-20,Costa Rica,LAX,maritime,tissue cultures,propagative_material,50,51,2550,False,0,0.0,9.0,22950.0
CON-20240418-8567,2024-04-18,Kenya,IAH,air,seeds,propagative_material,41,98,4018,False,0,0.0,13.0,52234.0
CON-20240211-3236,2024-02-11,Israel,SEA,air,seeds,propagative_material,17,24,408,False,0,0.0,11.0,4488.0
CON-20230311-8171,2023-03-11,Guatemala,BOS,maritime,tissue cultures,propagative_material,43,41,1763,False,0,0.0,5.0,8815.0
CON-20230624-9759,2023-06-24,Guatemala,ATL,air,tissue cultures,propagative_material,7,32,224,False,0,0.0,13.0,2912.0
CON-20230112-1564,2023-01-12,Ecuador,LAX,land,carnations,flower,29,55,1595,False,0,0.0,,
CON-20241214-2684,2024-12-14,Costa Rica,ORD,maritime,saplings,propagative_material,41,76,3116,False,0,0.0,13.0,40508.0
CON-20240904-5091,2024-09-04,Ethiopia,BOS,air,seeds,propagative_material,50,58,2900,False,0,0.0,12.0,34800.0
CON-20230117-2035,2023-01-17,Kenya,ORD,air,roses,flower,1,53,53,False,0,0.0,,
CON-20230621-6359,2023-06-21,Kenya,LAX,land,seeds,propagative_material,27,75,2025,False,0,0.0,11.0,22275.0
CON-20230801-6842,2023-08-01,Costa Rica,ORD,land,daffodils,flower,8,39,312,False,0,0.0,,
CON-20240216-2081,2024-02-16,Israel,MIA,air,roses,flower,25,37,925,False,0,0.0,,
CON-20230310-2668,2023-03-10,Ethiopia,DFW,air,grafts,propagative_material,20,86,1720,False,0,0.0,18.0,30960.0
CON-20240906-3872,2024-09-06,Ecuador,ATL,air,daffodils,flower,44,98,4312,False,0,0.0,,
CON-20231210-4808,2023-12-10,Israel,BOS,air,tissue cultures,propagative_material,38,67,2546,False,0,0.0,17.0,43282.0
CON-20240923-2300,2024-09-23,Netherlands,ORD,air,cuttings,propagative_material,16,64,1024,False,0,0.0,2.0,2048.0
CON-20231031-4900,2023-10-31,Ecuador,DFW,maritime,bulbs,propagative_material,25,36,900,False,0,0.0,20.0,18000.0
CON-20231012-5726,2023-10-12,Guatemala,DFW,air,roses,flower,34,63,2142,False,0,0.0,,
CON-20231206-5068,2023-12-06,Netherlands,ORD,land,lilies,flower,14,79,1106,False,0,0.0,,
CON-20231126-9055,2023-11-26,Kenya,SEA,land,grafts,propagative_material,41,10,410,False,0,0.0,3.0,1230.0
CON-20230525-4348,2023-05-25,Kenya,JFK,land,bulbs,propagative_material,6,32,192,False,0,0.0,8.0,1536.0
CON-20240423-3890,2024-04-23,Costa Rica,LAX,maritime,carnations,flower,47,35,1645,False,0,0.0,,
CON-20240813-6891,2024-08-13,Kenya,ATL,maritime,lilies,flower,18,71,1278,False,0,0.0,,
CON-20240427-3553,2024-04-27,Mexico,SEA,air,daffodils,flower,33,88,2904,False,0,0.0,,
CON-20240313-3878,2024-03-13,Guatemala,JFK,maritime,saplings,propagative_material,20,86,1720,False,0,0.0,9.0,15480.0
CON-20240409-6459,2024-04-09,Mexico,BOS,maritime,daffodils,flower,36,87,3132,False,0,0.0,,
CON-20230608-7131,2023-06-08,Ecuador,BOS,air,seeds,propagative_material,1,74,74,False,0,0.0,16.0,1184.0
CON-20240118-2167,2024-01-18,Mexico,SEA,maritime,sunflowers,flower,20,92,1840,False,0,0.0,,
CON-20240130-6711,2024-01-30,Mexico,JFK,air,bulbs,propagative_material,49,65,3185,False,0,0.0,17.0,54145.0
CON-20230301-1565,2023-03-01,Guatemala,DFW,land,daffodils,flower,48,41,1968,False,0,0.0,,
CON-20241112-3414,2024-11-12,Israel,JFK,land,cuttings,propagative_material,39,68,2652,False,0,0.0,9.0,23868.0
CON-20230430-2316,2023-04-30,Kenya,MIA,air,seedlings,propagative_material,46,59,2714,False,0,0.0,17.0,46138.0
CON-20240313-7271,2024-03-13,Kenya,SEA,air,orchids,flower,33,78,2574,False,0,0.0,,
CON-20230402-5407,2023-04-02,Ethiopia,SEA,land,seedlings,propagative_material,37,54,1998,False,0,0.0,7.0,13986.0
CON-20230622-7845,2023-06-22,Mexico,ATL,air,roses,flower,7,18,126,False,0,0.0,,
CON-20231023-3200,2023-10-23,Costa Rica,SEA,land,carnations,flower,12,57,684,False,0,0.0,,
CON-20240529-1966,2024-05-29,Kenya,BOS,air,grafts,propagative_material,37,37,1369,False,0,0.0,6.0,8214.0
CON-20240327-2404,2024-03-27,Kenya,ATL,maritime,saplings,propagative_material,41,31,1271,False,0,0.0,13.0,16523.0
CON-20231217-2651,2023-12-17,Colombia,ATL,air,tissue cultures,propagative_material,16,71,1136,False,0,0.0,1.0,1136.0
CON-20241112-7154,2024-11-12,Netherlands,ATL,air,seeds,propagative_material,14,76,1064,False,0,0.0,20.0,21280.0
CON-20240429-6620,2024-04-29,Costa Rica,ATL,maritime,daffodils,flower,22,57,1254,False,0,0.0,,
CON-20241112-6410,2024-11-12,Israel,ORD,maritime,daffodils,flower,40,17,680,False,0,0.0,,
CON-20241216-9693,2024-12-16,Colombia,JFK,maritime,carnations,flower,2,87,174,False,0,0.0,,
CON-20240407-1272,2024-04-07,Ethiopia,ORD,maritime,daffodils,flower,43,34,1462,True,6,0.004103967168262654,,
CON-20231130-2333,2023-11-30,Israel,JFK,land,lilies,flower,39,72,2808,False,0,0.0,,
CON-20241105-3345,2024-11-05,Israel,SEA,maritime,seedlings,propagative_material,25,47,1175,False,0,0.0,17.0,19975.0
CON-20240524-8648,2024-05-24,Costa Rica,JFK,air,cuttings,propagative_material,44,80,3520,False,0,0.0,6.0,21120.0
CON-20241109-2465,2024-11-09,Guatemala,LAX,maritime,bulbs,propagative_material,14,31,434,False,0,0.0,4.0,1736.0
CON-20231201-3016,2023-12-01,Mexico,JFK,air,orchids,flower,15,42,630,False,0,0.0,,
CON-20240518-2059,2024-05-18,Ecuador,IAH,land,saplings,propagative_material,45,52,2340,False,0,0.0,11.0,25740.0
CON-20241019-2436,2024-10-19,Mexico,SEA,land,lilies,flower,15,43,645,False,0,0.0,,
CON-20240829-6134,2024-08-29,Colombia,LAX,maritime,seedlings,propagative_material,8,83,664,False,0,0.0,13.0,8632.0
CON-20240827-6980,2024-08-27,Netherlands,ATL,air,saplings,propagative_material,25,64,1600,False,0,0.0,5.0,8000.0
CON-20240209-5863,2024-02-09,Costa Rica,ORD,air,tissue cultures,propagative_material,30,50,1500,False,0,0.0,8.0,12000.0
CON-20240907-1562,2024-09-07,Guatemala,BOS,air,carnations,flower,48,95,4560,False,0,0.0,,
CON-20241206-4534,2024-12-06,Israel,ATL,land,cuttings,propagative_material,46,83,3818,False,0,0.0,16.0,61088.0
CON-20231208-4687,2023-12-08,Ethiopia,SEA,air,saplings,propagative_material,46,36,1656,False,0,0.0,2.0,3312.0
CON-20240206-7921,2024-02-06,Ecuador,BOS,land,carnations,flower,2,80,160,False,0,0.0,,
CON-20240205-4196,2024-02-05,Guatemala,DFW,maritime,tissue cultures,propagative_material,47,46,2162,False,0,0.0,18.0,38916.0
CON-20231128-3681,2023-11-28,Mexico,LAX,air,saplings,propagative_material,46,48,2208,False,0,0.0,19.0,41952.0
CON-20240509-4205,2024-05-09,Ecuador,BOS,land,carnations,flower,14,37,518,False,0,0.0,,
CON-20240812-7997,2024-08-12,Netherlands,DFW,land,seedlings,propagative_material,10,58,580,False,0,0.0,6.0,3480.0
CON-20240430-8107,2024-04-30,Netherlands,LAX,maritime,seeds,propagative_material,8,75,600,False,0,0.0,5.0,3000.0
CON-20230502-3826,2023-05-02,Mexico,ORD,air,grafts,propagative_material,32,48,1536,False,0,0.0,13.0,19968.0
CON-20240127-2353,2024-01-27,Colombia,BOS,land,sunflowers,flower,24,11,264,False,0,0.0,,
CON-20241115-8856,2024-11-15,Colombia,BOS,land,seeds,propagative_material,38,83,3154,False,0,0.0,9.0,28386.0
CON-20240510-2040,2024-05-10,Colombia,MIA,maritime,orchids,flower,37,26,962,False,0,0.0,,
CON-20241218-9684,2024-12-18,Costa Rica,MIA,maritime,grafts,propagative_material,36,78,2808,False,0,0.0,16.0,44928.0
CON-20240705-2922,2024-07-05,Colombia,IAH,land,saplings,propagative_material,49,36,1764,False,0,0.0,6.0,10584.0
CON-20240402-3641,2024-04-02,Ecuador,JFK,land,chrysanthemums,flower,3,26,78,False,0,0.0,,
CON-20230205-9919,2023-02-05,Colombia,IAH,maritime,seeds,propagative_material,33,48,1584,False,0,0.0,6.0,9504.0
CON-20231104-3291,2023-11-04,Mexico,JFK,air,tissue cultures,propagative_material,19,94,1786,False,0,0.0,19.0,33934.0
CON-20231227-4884,2023-12-27,Guatemala,DFW,land,seedlings,propagative_material,7,94,658,False,0,0.0,2.0,1316.0
CON-20230809-5544,2023-08-09,Kenya,MIA,maritime,tissue cultures,propagative_material,36,37,1332,False,0,0.0,5.0,6660.0
CON-20230919-2364,2023-09-19,Mexico,LAX,land,daffodils,flower,42,30,1260,False,0,0.0,,
CON-20230527-4156,2023-05-27,Ethiopia,SEA,land,seeds,propagative_material,41,44,1804,False,0,0.0,12.0,21648.0
CON-20230607-5055,2023-06-07,Costa Rica,MIA,maritime,daffodils,flower,25,13,325,False,0,0.0,,
CON-20240628-2457,2024-06-28,Colombia,ATL,air,seedlings,propagative_material,36,62,2232,False,0,0.0,12.0,26784.0
CON-20230820-4640,2023-08-20,Israel,ATL,air,roses,flower,7,58,406,False,0,0.0,,
CON-20230629-5620,2023-06-29,Mexico,LAX,air,sunflowers,flower,7,77,539,False,0,0.0,,
CON-20230412-9711,2023-04-12,Costa Rica,ATL,land,bulbs,propagative_material,21,59,1239,False,0,0.0,18.0,22302.0
CON-20230511-3070,2023-05-11,Mexico,BOS,land,roses,flower,44,75,3300,False,0,0.0,,
CON-20231001-5081,2023-10-01,Ecuador,SEA,land,seedlings,propagative_material,41,57,2337,False,0,0.0,20.0,46740.0
CON-20240325-8008,2024-03-25,Mexico,BOS,air,sunflowers,flower,33,46,1518,False,0,0.0,,
CON-20241012-2302,2024-10-12,Costa Rica,ORD,maritime,cuttings,propagative_material,27,50,1350,False,0,0.0,3.0,4050.0
CON-20240812-9074,2024-08-12,Kenya,LAX,air,seeds,propagative_material,48,46,2208,False,0,0.0,1.0,2208.0
CON-20230520-9722,2023-05-20,Mexico,IAH,land,sunflowers,flower,33,97,3201,False,0,0.0,,
CON-20240923-9754,2024-09-23,Colombia,SEA,air,saplings,propagative_material,48,10,480,False,0,0.0,12.0,5760.0
CON-20240915-9577,2024-09-15,Kenya,IAH,land,tissue cultures,propagative_material,29,31,899,False,0,0.0,8.0,7192.0
CON-20230517-7115,2023-05-17,Ecuador,LAX,maritime,roses,flower,28,73,2044,False,0,0.0,,
CON-20230913-4490,2023-09-13,Colombia,DFW,land,cuttings,propagative_material,20,71,1420,False,0,0.0,1.0,1420.0
CON-20241020-1096,2024-10-20,Mexico,ORD,maritime,grafts,propagative_material,40,72,2880,False,0,0.0,20.0,57600.0
CON-20231229-1145,2023-12-29,Guatemala,DFW,maritime,seeds,propagative_material,23,33,759,False,0,0.0,4.0,3036.0
CON-20230328-4704,2023-03-28,Mexico,BOS,air,grafts,propagative_material,8,72,576,True,5,0.008680555555555556,16.0,9216.0
CON-20240109-8185,2024-01-09,Mexico,DFW,maritime,carnations,flower,35,44,1540,False,0,0.0,,
CON-20231229-4105,2023-12-29,Guatemala,MIA,air,roses,flower,23,100,2300,False,0,0.0,,
CON-20240209-8852,2024-02-09,Ethiopia,JFK,air,tulips,flower,3,30,90,False,0,0.0,,
CON-20240515-7370,2024-05-15,Ethiopia,LAX,maritime,carnations,flower,21,61,1281,False,0,0.0,,
CON-20230122-1852,2023-01-22,Ecuador,LAX,air,bulbs,propagative_material,23,74,1702,True,4,0.0023501762632197414,11.0,18722.0
CON-20240506-5059,2024-05-06,Mexico,JFK,maritime,orchids,flower,32,20,640,False,0,0.0,,
CON-20230913-8031,2023-09-13,Ecuador,IAH,air,chrysanthemums,flower,17,99,1683,False,0,0.0,,
CON-20230416-4758,2023-04-16,Kenya,BOS,land,bulbs,propagative_material,38,90,3420,False,0,0.0,4.0,13680.0
CON-20231008-2489,2023-10-08,Ecuador,SEA,air,bulbs,propagative_material,28,12,336,False,0,0.0,2.0,672.0
CON-20231110-9353,2023-11-10,Mexico,SEA,land,bulbs,propagative_material,22,64,1408,False,0,0.0,14.0,19712.0
CON-20231003-1779,2023-10-03,Netherlands,ATL,air,orchids,flower,23,63,1449,False,0,0.0,,
CON-20230223-2650,2023-02-23,Ecuador,JFK,air,lilies,flower,19,70,1330,False,0,0.0,,
CON-20240518-1223,2024-05-18,Mexico,MIA,maritime,tulips,flower,20,24,480,False,0,0.0,,
CON-20240105-7292,2024-01-05,Costa Rica,MIA,maritime,tulips,flower,16,93,1488,False,0,0.0,,
CON-20241006-4160,2024-10-06,Colombia,LAX,air,seeds,propagative_material,38,93,3534,False,0,0.0,15.0,53010.0
CON-20240925-4309,2024-09-25,Colombia,LAX,land,orchids,flower,47,70,3290,False,0,0.0,,
CON-20230511-6690,2023-05-11,Costa Rica,MIA,air,grafts,propagative_material,36,42,1512,False,0,0.0,12.0,18144.0
CON-20230311-3735,2023-03-11,Guatemala,LAX,maritime,daffodils,flower,34,74,2516,False,0,0.0,,
CON-20230216-7512,2023-02-16,Ethiopia,MIA,maritime,saplings,propagative_material,45,34,1530,False,0,0.0,16.0,24480.0
CON-20230619-5448,2023-06-19,Costa Rica,IAH,air,daffodils,flower,36,59,2124,False,0,0.0,,
CON-20230613-9401,2023-06-13,Kenya,MIA,air,tissue cultures,propagative_material,45,11,495,False,0,0.0,15.0,7425.0
CON-20231107-3803,2023-11-07,Costa Rica,IAH,maritime,cuttings,propagative_material,46,44,2024,False,0,0.0,8.0,16192.0
CON-20231026-5430,2023-10-26,Netherlands,IAH,air,seedlings,propagative_material,10,45,450,False,0,0.0,2.0,900.0
CON-20230429-7047,2023-04-29,Kenya,ORD,land,seedlings,propagative_material,23,90,2070,False,0,0.0,11.0,22770.0
CON-20230517-1170,2023-05-17,Colombia,IAH,maritime,orchids,flower,21,17,357,False,0,0.0,,
CON-20231014-2743,2023-10-14,Israel,ORD,land,cuttings,propagative_material,2,78,156,False,0,0.0,13.0,2028.0
CON-20240328-7479,2024-03-28,Ethiopia,IAH,air,cuttings,propagative_material,18,36,648,False,0,0.0,5.0,3240.0
CON-20240320-8526,2024-03-20,Guatemala,ORD,land,carnations,flower,31,21,651,False,0,0.0,,
CON-20240806-3669,2024-08-06,Ecuador,MIA,air,carnations,flower,42,46,1932,False,0,0.0,,
CON-20240914-8455,2024-09-14,Ecuador,SEA,land,seeds,propagative_material,10,19,190,False,0,0.0,13.0,2470.0
CON-20230113-1222,2023-01-13,Colombia,IAH,air,grafts,propagative_material,25,12,300,False,0,0.0,2.0,600.0
CON-20231002-1153,2023-10-02,Ecuador,ORD,air,seedlings,propagative_material,39,11,429,False,0,0.0,4.0,1716.0
CON-20230329-3672,2023-03-29,Costa Rica,DFW,land,bulbs,propagative_material,31,82,2542,False,0,0.0,10.0,25420.0
CON-20230907-3016,2023-09-07,Israel,BOS,air,tissue cultures,propagative_material,45,44,1980,False,0,0.0,1.0,1980.0
CON-20231031-1393,2023-10-31,Netherlands,LAX,land,tissue cultures,propagative_material,27,28,756,True,4,0.005291005291005291,8.0,6048.0
CON-20231228-2841,2023-12-28,Mexico,SEA,air,lilies,flower,44,59,2596,False,0,0.0,,
CON-20230818-2939,2023-08-18,Guatemala,MIA,air,cuttings,propagative_material,23,19,437,False,0,0.0,12.0,5244.0
CON-20230604-7967,2023-06-04,Colombia,JFK,land,grafts,propagative_material,34,52,1768,False,0,0.0,5.0,8840.0
CON-20230417-2251,2023-04-17,Ethiopia,ATL,maritime,sunflowers,flower,43,57,2451,False,0,0.0,,
CON-20230531-8838,2023-05-31,Netherlands,MIA,land,carnations,flower,25,67,1675,False,0,0.0,,
CON-20240313-3979,2024-03-13,Colombia,LAX,land,carnations,flower,6,51,306,False,0,0.0,,
CON-20240521-6463,2024-05-21,Mexico,DFW,maritime,sunflowers,flower,45,62,2790,False,0,0.0,,
CON-20240304-7301,2024-03-04,Ecuador,ORD,maritime,sunflowers,flower,35,78,2730,False,0,0.0,,
CON-20240814-4330,2024-08-14,Colombia,SEA,land,seedlings,propagative_material,6,40,240,False,0,0.0,1.0,240.0
CON-20230517-3283,2023-05-17,Israel,IAH,maritime,seeds,propagative_material,23,56,1288,False,0,0.0,10.0,12880.0
CON-20240307-2920,2024-03-07,Guatemala,MIA,land,bulbs,propagative_material,15,17,255,False,0,0.0,5.0,1275.0
CON-20240310-2208,2024-03-10,Mexico,JFK,land,roses,flower,45,23,1035,False,0,0.0,,
CON-20230531-7823,2023-05-31,Guatemala,MIA,air,carnations,flower,6,41,246,False,0,0.0,,
CON-20230524-1216,2023-05-24,Ecuador,MIA,maritime,sunflowers,flower,27,53,1431,False,0,0.0,,
CON-20230303-1178,2023-03-03,Ethiopia,LAX,air,tissue cultures,propagative_material,49,32,1568,False,0,0.0,13.0,20384.0
CON-20241229-3569,2024-12-29,Mexico,BOS,land,orchids,flower,46,39,1794,False,0,0.0,,
CON-20240122-4586,2024-01-22,Ethiopia,LAX,land,seedlings,propagative_material,14,61,854,False,0,0.0,13.0,11102.0
CON-20230321-7233,2023-03-21,Ecuador,IAH,land,sunflowers,flower,21,93,1953,False,0,0.0,,
CON-20241024-6942,2024-10-24,Ecuador,JFK,maritime,lilies,flower,18,23,414,False,0,0.0,,
CON-20231016-1179,2023-10-16,Israel,JFK,air,tissue cultures,propagative_material,7,18,126,False,0,0.0,10.0,1260.0
CON-20241015-1735,2024-10-15,Kenya,IAH,air,bulbs,propagative_material,18,20,360,False,0,0.0,19.0,6840.0
CON-20231119-7523,2023-11-19,Guatemala,JFK,air,cuttings,propagative_material,1,55,55,False,0,0.0,17.0,935.0
CON-20231231-9250,2023-12-31,Kenya,DFW,maritime,seedlings,propagative_material,44,22,968,False,0,0.0,4.0,3872.0
CON-20240824-3482,2024-08-24,Costa Rica,MIA,air,sunflowers,flower,38,14,532,False,0,0.0,,
CON-20230406-3638,2023-04-06,Guatemala,LAX,land,bulbs,propagative_material,44,93,4092,False,0,0.0,17.0,69564.0
CON-20240403-8059,2024-04-03,Costa Rica,IAH,maritime,cuttings,propagative_material,19,56,1064,False,0,0.0,2.0,2128.0
CON-20240917-2595,2024-09-17,Mexico,ORD,air,bulbs,propagative_material,37,90,3330,False,0,0.0,1.0,3330.0
CON-20230331-5843,2023-03-31,Ecuador,ATL,land,chrysanthemums,flower,30,50,1500,False,0,0.0,,
CON-20240813-8548,2024-08-13,Ecuador,LAX,maritime,tulips,flower,6,19,114,False,0,0.0,,
CON-20240328-5696,2024-03-28,Ethiopia,BOS,maritime,seeds,propagative_material,37,72,2664,False,0,0.0,13.0,34632.0
CON-20240111-8374,2024-01-11,Mexico,MIA,maritime,tulips,flower,6,97,582,False,0,0.0,,
CON-20241021-1130,2024-10-21,Ethiopia,JFK,land,seedlings,propagative_material,16,99,1584,False,0,0.0,5.0,7920.0
CON-20230612-2531,2023-06-12,Colombia,ATL,maritime,chrysanthemums,flower,15,59,885,False,0,0.0,,
CON-20241019-7503,2024-10-19,Israel,BOS,maritime,chrysanthemums,flower,6,33,198,False,0,0.0,,
CON-20231203-8802,2023-12-03,Mexico,ORD,maritime,cuttings,propagative_material,22,87,1914,False,0,0.0,4.0,7656.0
CON-20240712-1513,2024-07-12,Ethiopia,BOS,air,grafts,propagative_material,10,91,910,False,0,0.0,20.0,18200.0
CON-20240316-7929,2024-03-16,Mexico,JFK,maritime,lilies,flower,4,37,148,False,0,0.0,,
CON-20230630-5887,2023-06-30,Ethiopia,ATL,land,bulbs,propagative_material,5,45,225,False,0,0.0,15.0,3375.0
CON-20241116-8021,2024-11-16,Mexico,IAH,air,carnations,flower,4,21,84,False,0,0.0,,
CON-20230723-3632,2023-07-23,Israel,ATL,air,daffodils,flower,31,70,2170,False,0,0.0,,
CON-20240807-3369,2024-08-07,Mexico,DFW,land,roses,flower,36,86,3096,False,0,0.0,,
CON-20230604-7658,2023-06-04,Israel,DFW,air,carnations,flower,32,50,1600,False,0,0.0,,
CON-20230104-2596,2023-01-04,Ethiopia,IAH,land,carnations,flower,41,67,2747,False,0,0.0,,
CON-20230712-4436,2023-07-12,Netherlands,ORD,land,carnations,flower,39,58,2262,False,0,0.0,,
CON-20240108-3043,2024-01-08,Kenya,JFK,maritime,cuttings,propagative_material,20,74,1480,False,0,0.0,16.0,23680.0
CON-20231227-3880,2023-12-27,Guatemala,SEA,maritime,daffodils,flower,34,52,1768,False,0,0.0,,
CON-20230701-8167,2023-07-01,Guatemala,SEA,maritime,tissue cultures,propagative_material,28,58,1624,False,0,0.0,10.0,16240.0
CON-20230402-9924,2023-04-02,Colombia,LAX,air,tissue cultures,propagative_material,27,23,621,False,0,0.0,4.0,2484.0
CON-20230203-7243,2023-02-03,Guatemala,IAH,land,daffodils,flower,14,38,532,False,0,0.0,,
CON-20230508-7484,2023-05-08,Colombia,ORD,maritime,sunflowers,flower,27,92,2484,False,0,0.0,,
CON-20240603-7794,2024-06-03,Netherlands,DFW,air,orchids,flower,43,43,1849,False,0,0.0,,
CON-20230203-9502,2023-02-03,Kenya,JFK,maritime,seeds,propagative_material,10,57,570,False,0,0.0,20.0,11400.0
CON-20240808-7444,2024-08-08,Israel,DFW,air,lilies,flower,36,60,2160,False,0,0.0,,
CON-20241013-8166,2024-10-13,Netherlands,SEA,air,carnations,flower,26,50,1300,False,0,0.0,,
CON-20230510-5263,2023-05-10,Kenya,LAX,land,seedlings,propagative_material,37,60,2220,False,0,0.0,18.0,39960.0
CON-20230406-3507,2023-04-06,Ecuador,DFW,air,seeds,propagative_material,28,11,308,False,0,0.0,1.0,308.0
CON-20240127-6867,2024-01-27,Costa Rica,LAX,land,seedlings,propagative_material,47,26,1222,False,0,0.0,6.0,7332.0
CON-20230718-1847,2023-07-18,Kenya,ORD,maritime,seedlings,propagative_material,50,58,2900,False,0,0.0,9.0,26100.0
CON-20230124-3323,2023-01-24,Colombia,MIA,land,seeds,propagative_material,30,86,2580,False,0,0.0,10.0,25800.0
CON-20230321-1359,2023-03-21,Ethiopia,MIA,air,tulips,flower,14,60,840,False,0,0.0,,
CON-20241002-6137,2024-10-02,Mexico,LAX,maritime,bulbs,propagative_material,44,63,2772,False,0,0.0,15.0,41580.0
CON-20230111-1515,2023-01-11,Ecuador,MIA,maritime,seedlings,propagative_material,37,90,3330,False,0,0.0,4.0,13320.0
CON-20240920-4159,2024-09-20,Israel,DFW,maritime,bulbs,propagative_material,34,42,1428,False,0,0.0,20.0,28560.0
CON-20240614-1483,2024-06-14,Netherlands,IAH,air,bulbs,propagative_material,24,24,576,False,0,0.0,11.0,6336.0
CON-20241209-2506,2024-12-09,Ecuador,ORD,air,cuttings,propagative_material,18,71,1278,False,0,0.0,12.0,15336.0
CON-20240522-5605,2024-05-22,Costa Rica,ATL,maritime,daffodils,flower,13,42,546,False,0,0.0,,
CON-20240824-8309,2024-08-24,Mexico,LAX,land,carnations,flower,14,72,1008,False,0,0.0,,
CON-20240929-6782,2024-09-29,Mexico,ATL,maritime,tissue cultures,propagative_material,25,64,1600,False,0,0.0,12.0,19200.0
CON-20230204-9691,2023-02-04,Colombia,BOS,air,daffodils,flower,19,87,1653,False,0,0.0,,
CON-20230428-6861,2023-04-28,Israel,SEA,air,saplings,propagative_material,21,64,1344,False,0,0.0,8.0,10752.0
CON-20240116-6219,2024-01-16,Colombia,ORD,land,carnations,flower,50,50,2500,False,0,0.0,,
CON-20240421-4476,2024-04-21,Netherlands,DFW,air,lilies,flower,36,18,648,False,0,0.0,,
CON-20240728-8130,2024-07-28,Costa Rica,ORD,air,chrysanthemums,flower,37,92,3404,False,0,0.0,,
CON-20230721-5496,2023-07-21,Israel,DFW,air,saplings,propagative_material,32,73,2336,False,0,0.0,14.0,32704.0
CON-20230625-1292,2023-06-25,Colombia,LAX,maritime,daffodils,flower,16,83,1328,False,0,0.0,,
CON-20230515-1266,2023-05-15,Netherlands,BOS,maritime,roses,flower,35,77,2695,False,0,0.0,,
CON-20240301-6131,2024-03-01,Colombia,BOS,air,orchids,flower,21,54,1134,False,0,0.0,,
CON-20231102-2683,2023-11-02,Guatemala,JFK,maritime,sunflowers,flower,42,25,1050,False,0,0.0,,
CON-20230111-4708,2023-01-11,Netherlands,ORD,air,seeds,propagative_material,21,98,2058,False,0,0.0,6.0,12348.0
CON-20240113-1705,2024-01-13,Colombia,ORD,land,seedlings,propagative_material,4,43,172,False,0,0.0,4.0,688.0
CON-20230928-3257,2023-09-28,Netherlands,ATL,air,daffodils,flower,18,99,1782,False,0,0.0,,
CON-20231123-3004,2023-11-23,Guatemala,LAX,air,saplings,propagative_material,38,62,2356,False,0,0.0,17.0,40052.0
CON-20240504-5322,2024-05-04,Costa Rica,ORD,land,orchids,flower,21,71,1491,False,0,0.0,,
CON-20240725-2231,2024-07-25,Ethiopia,LAX,maritime,seedlings,propagative_material,42,36,1512,False,0,0.0,16.0,24192.0
CON-20241117-6577,2024-11-17,Netherlands,ORD,air,grafts,propagative_material,25,34,850,False,0,0.0,7.0,5950.0
CON-20231116-4584,2023-11-16,Costa Rica,IAH,maritime,carnations,flower,33,23,759,False,0,0.0,,
CON-20240927-7931,2024-09-27,Israel,SEA,maritime,saplings,propagative_material,26,34,884,False,0,0.0,6.0,5304.0
CON-20240417-4064,2024-04-17,Ethiopia,LAX,air,seedlings,propagative_material,8,40,320,True,8,0.025,9.0,2880.0
CON-20240627-2377,2024-06-27,Netherlands,BOS,land,tulips,flower,17,25,425,False,0,0.0,,
CON-20230604-5466,2023-06-04,Israel,SEA,air,daffodils,flower,33,52,1716,False,0,0.0,,
CON-20241026-3894,2024-10-26,Israel,LAX,air,daffodils,flower,13,47,611,False,0,0.0,,
CON-20240520-2819,2024-05-20,Ethiopia,IAH,land,chrysanthemums,flower,44,16,704,False,0,0.0,,
CON-20230206-4710,2023-02-06,Kenya,LAX,air,lilies,flower,5,78,390,False,0,0.0,,
CON-20230414-3802,2023-04-14,Mexico,SEA,maritime,seedlings,propagative_material,45,44,1980,False,0,0.0,7.0,13860.0
CON-20240902-8811,2024-09-02,Israel,ATL,land,roses,flower,7,33,231,False,0,0.0,,
CON-20231119-3323,2023-11-19,Ethiopia,ORD,air,bulbs,propagative_material,12,52,624,False,0,0.0,1.0,624.0
CON-20230122-1159,2023-01-22,Guatemala,SEA,maritime,cuttings,propagative_material,5,31,155,False,0,0.0,20.0,3100.0
CON-20230102-1284,2023-01-02,Israel,BOS,land,lilies,flower,31,24,744,False,0,0.0,,
CON-20240530-6499,2024-05-30,Ethiopia,ORD,land,saplings,propagative_material,10,22,220,False,0,0.0,15.0,3300.0
CON-20230921-5933,2023-09-21,Guatemala,DFW,land,orchids,flower,24,68,1632,True,6,0.003676470588235294,,
CON-20240902-1339,2024-09-02,Israel,IAH,land,chrysanthemums,flower,18,97,1746,False,0,0.0,,
CON-20241106-8056,2024-11-06,Ecuador,SEA,air,cuttings,propagative_material,32,13,416,False,0,0.0,12.0,4992.0
CON-20240122-8360,2024-01-22,Kenya,LAX,air,cuttings,propagative_material,41,96,3936,False,0,0.0,17.0,66912.0
CON-20231224-5526,2023-12-24,Ecuador,ATL,land,daffodils,flower,38,63,2394,False,0,0.0,,
CON-20240816-6685,2024-08-16,Ethiopia,ORD,air,chrysanthemums,flower,28,68,1904,False,0,0.0,,
CON-20240525-5747,2024-05-25,Ethiopia,LAX,air,grafts,propagative_material,44,29,1276,False,0,0.0,20.0,25520.0
CON-20240513-4560,2024-05-13,Costa Rica,MIA,maritime,chrysanthemums,flower,19,11,209,False,0,0.0,,
CON-20240515-1010,2024-05-15,Ethiopia,LAX,air,roses,flower,28,55,1540,False,0,0.0,,
CON-20231225-4223,2023-12-25,Netherlands,ATL,air,carnations,flower,6,44,264,False,0,0.0,,
CON-20230813-7328,2023-08-13,Mexico,LAX,maritime,grafts,propagative_material,23,41,943,False,0,0.0,14.0,13202.0
CON-20231106-6283,2023-11-06,Mexico,LAX,maritime,carnations,flower,37,65,2405,False,0,0.0,,
CON-20230519-8555,2023-05-19,Ecuador,ORD,maritime,lilies,flower,20,49,980,False,0,0.0,,
CON-20240323-9254,2024-03-23,Costa Rica,MIA,maritime,bulbs,propagative_material,34,66,2244,False,0,0.0,12.0,26928.0
CON-20240422-1432,2024-04-22,Guatemala,DFW,maritime,daffodils,flower,30,13,390,False,0,0.0,,
CON-20240921-9900,2024-09-21,Mexico,LAX,air,lilies,flower,38,75,2850,False,0,0.0,,
CON-20230509-1890,2023-05-09,Ethiopia,JFK,maritime,roses,flower,30,76,2280,False,0,0.0,,
CON-20241027-8888,2024-10-27,Colombia,JFK,maritime,cuttings,propagative_material,39,22,858,False,0,0.0,11.0,9438.0
CON-20240821-9115,2024-08-21,Netherlands,LAX,land,seedlings,propagative_material,14,76,1064,False,0,0.0,5.0,5320.0
CON-20241005-2879,2024-10-05,Kenya,MIA,maritime,roses,flower,32,89,2848,False,0,0.0,,
CON-20240910-8761,2024-09-10,Colombia,JFK,air,tissue cultures,propagative_material,7,41,287,False,0,0.0,1.0,287.0
CON-20230226-4849,2023-02-26,Costa Rica,BOS,maritime,cuttings,propagative_material,26,71,1846,False,0,0.0,18.0,33228.0
CON-20240923-3321,2024-09-23,Ethiopia,BOS,land,grafts,propagative_material,10,91,910,False,0,0.0,8.0,7280.0
CON-20241217-2638,2024-12-17,Ecuador,IAH,land,grafts,propagative_material,31,47,1457,False,0,0.0,19.0,27683.0
CON-20231009-7960,2023-10-09,Guatemala,DFW,land,daffodils,flower,45,23,1035,False,0,0.0,,
CON-20240413-1558,2024-04-13,Ecuador,JFK,maritime,tissue cultures,propagative_material,25,11,275,False,0,0.0,20.0,5500.0
CON-20230523-6861,2023-05-23,Guatemala,JFK,maritime,sunflowers,flower,18,11,198,False,0,0.0,,
CON-20231224-6558,2023-12-24,Costa Rica,IAH,air,chrysanthemums,flower,12,93,1116,False,0,0.0,,
CON-20241105-8729,2024-11-05,Guatemala,MIA,maritime,daffodils,flower,5,92,460,False,0,0.0,,
CON-20240622-6703,2024-06-22,Ecuador,IAH,land,carnations,flower,45,51,2295,False,0,0.0,,
CON-20230131-8805,2023-01-31,Mexico,LAX,air,bulbs,propagative_material,7,95,665,False,0,0.0,11.0,7315.0
CON-20230628-2875,2023-06-28,Kenya,ORD,air,daffodils,flower,5,17,85,False,0,0.0,,
CON-20240119-7187,2024-01-19,Netherlands,LAX,maritime,bulbs,propagative_material,21,23,483,False,0,0.0,5.0,2415.0
CON-20230916-3655,2023-09-16,Costa Rica,ORD,air,sunflowers,flower,44,46,2024,False,0,0.0,,
CON-20230330-3302,2023-03-30,Mexico,IAH,air,seedlings,propagative_material,43,22,946,False,0,0.0,1.0,946.0
CON-20240713-9653,2024-07-13,Israel,SEA,land,cuttings,propagative_material,12,97,1164,False,0,0.0,16.0,18624.0
CON-20240430-2100,2024-04-30,Kenya,ORD,land,tulips,flower,40,81,3240,False,0,0.0,,
CON-20240121-5886,2024-01-21,Guatemala,SEA,land,tissue cultures,propagative_material,6,26,156,False,0,0.0,4.0,624.0
CON-20230222-5118,2023-02-22,Colombia,BOS,air,roses,flower,15,47,705,False,0,0.0,,
CON-20230611-9482,2023-06-11,Mexico,DFW,air,chrysanthemums,flower,35,83,2905,False,0,0.0,,
CON-20240925-5309,2024-09-25,Costa Rica,ATL,maritime,tissue cultures,propagative_material,45,24,1080,False,0,0.0,1.0,1080.0
CON-20230925-9963,2023-09-25,Netherlands,DFW,maritime,cuttings,propagative_material,49,17,833,False,0,0.0,11.0,9163.0
CON-20230316-2320,2023-03-16,Netherlands,ORD,maritime,cuttings,propagative_material,5,63,315,False,0,0.0,18.0,5670.0
CON-20230212-6738,2023-02-12,Guatemala,MIA,maritime,seeds,propagative_material,32,74,2368,False,0,0.0,14.0,33152.0
CON-20230122-7215,2023-01-22,Guatemala,ATL,air,seeds,propagative_material,50,35,1750,False,0,0.0,1.0,1750.0
CON-20240201-3257,2024-02-01,Costa Rica,BOS,air,carnations,flower,28,99,2772,False,0,0.0,,
CON-20240922-1949,2024-09-22,Colombia,BOS,air,tulips,flower,13,53,689,False,0,0.0,,
CON-20240825-1244,2024-08-25,Kenya,ORD,air,bulbs,propagative_material,27,78,2106,False,0,0.0,8.0,16848.0
CON-20230510-5001,2023-05-10,Netherlands,LAX,air,carnations,flower,19,15,285,False,0,0.0,,
CON-20240212-9907,2024-02-12,Ethiopia,MIA,land,chrysanthemums,flower,43,19,817,False,0,0.0,,
CON-20240101-5795,2024-01-01,Kenya,BOS,land,grafts,propagative_material,46,48,2208,False,0,0.0,8.0,17664.0
CON-20241215-8966,2024-12-15,Costa Rica,ATL,maritime,seeds,propagative_material,23,62,1426,False,0,0.0,9.0,12834.0
CON-20240617-7101,2024-06-17,Colombia,ORD,air,cuttings,propagative_material,48,80,3840,False,0,0.0,5.0,19200.0
CON-20240326-5428,2024-03-26,Netherlands,ORD,land,chrysanthemums,flower,2,73,146,False,0,0.0,,
CON-20230328-7268,2023-03-28,Ethiopia,SEA,maritime,cuttings,propagative_material,40,59,2360,False,0,0.0,13.0,30680.0
CON-20230730-5999,2023-07-30,Guatemala,JFK,air,carnations,flower,43,65,2795,False,0,0.0,,
CON-20230127-1448,2023-01-27,Netherlands,IAH,maritime,orchids,flower,49,85,4165,False,0,0.0,,
CON-20230228-9761,2023-02-28,Israel,SEA,maritime,tissue cultures,propagative_material,25,96,2400,False,0,0.0,15.0,36000.0
CON-20230616-1248,2023-06-16,Mexico,IAH,maritime,sunflowers,flower,48,40,1920,False,0,0.0,,
CON-20230913-5493,2023-09-13,Ethiopia,ATL,air,tulips,flower,37,60,2220,False,0,0.0,,
CON-20230914-5333,2023-09-14,Israel,ATL,land,seeds,propagative_material,20,82,1640,False,0,0.0,6.0,9840.0
CON-20240326-4569,2024-03-26,Guatemala,BOS,air,grafts,propagative_material,3,55,165,False,0,0.0,14.0,2310.0
CON-20240916-5524,2024-09-16,Netherlands,LAX,maritime,chrysanthemums,flower,29,33,957,False,0,0.0,,
CON-20230821-2875,2023-08-21,Ethiopia,BOS,air,bulbs,propagative_material,40,93,3720,False,0,0.0,2.0,7440.0
CON-20240816-5244,2024-08-16,Ecuador,IAH,maritime,roses,flower,36,39,1404,False,0,0.0,,
CON-20231228-9305,2023-12-28,Ethiopia,JFK,land,tissue cultures,propagative_material,16,54,864,False,0,0.0,15.0,12960.0
CON-20230831-7815,2023-08-31,Colombia,IAH,air,cuttings,propagative_material,37,57,2109,False,0,0.0,3.0,6327.0
CON-20230126-7139,2023-01-26,Mexico,ATL,air,tulips,flower,22,62,1364,False,0,0.0,,
CON-20230201-1418,2023-02-01,Guatemala,ATL,land,cuttings,propagative_material,3,47,141,False,0,0.0,4.0,564.0
CON-20240604-3458,2024-06-04,Kenya,DFW,land,lilies,flower,25,84,2100,False,0,0.0,,
CON-20230818-9592,2023-08-18,Mexico,LAX,air,chrysanthemums,flower,34,16,544,False,0,0.0,,
CON-20231003-6385,2023-10-03,Costa Rica,BOS,maritime,saplings,propagative_material,37,47,1739,False,0,0.0,8.0,13912.0
CON-20231119-7716,2023-11-19,Israel,ORD,maritime,seedlings,propagative_material,16,66,1056,False,0,0.0,12.0,12672.0
CON-20240601-8355,2024-06-01,Colombia,DFW,land,cuttings,propagative_material,42,71,2982,False,0,0.0,14.0,41748.0
CON-20230908-6596,2023-09-08,Kenya,MIA,land,carnations,flower,39,43,1677,False,0,0.0,,
CON-20240223-4245,2024-02-23,Israel,LAX,air,carnations,flower,37,73,2701,False,0,0.0,,
CON-20230620-8698,2023-06-20,Ecuador,BOS,air,grafts,propagative_material,17,80,1360,False,0,0.0,4.0,5440.0
CON-20230125-7358,2023-01-25,Ecuador,JFK,maritime,seeds,propagative_material,9,75,675,False,0,0.0,14.0,9450.0
CON-20241214-6515,2024-12-14,Israel,MIA,maritime,seedlings,propagative_material,19,25,475,False,0,0.0,19.0,9025.0
CON-20231230-8138,2023-12-30,Colombia,JFK,air,daffodils,flower,41,67,2747,False,0,0.0,,
CON-20230518-9345,2023-05-18,Ethiopia,BOS,land,seedlings,propagative_material,50,85,4250,False,0,0.0,3.0,12750.0
CON-20240830-9334,2024-08-30,Ecuador,JFK,land,sunflowers,flower,25,51,1275,False,0,0.0,,
CON-20231101-9604,2023-11-01,Ethiopia,LAX,air,tulips,flower,4,82,328,False,0,0.0,,
CON-20231127-1687,2023-11-27,Costa Rica,SEA,maritime,tulips,flower,49,32,1568,False,0,0.0,,
CON-20231012-5716,2023-10-12,Kenya,SEA,land,chrysanthemums,flower,23,46,1058,False,0,0.0,,
CON-20230818-4795,2023-08-18,Ethiopia,BOS,maritime,cuttings,propagative_material,17,87,1479,False,0,0.0,9.0,13311.0
CON-20240719-9844,2024-07-19,Ecuador,LAX,air,seeds,propagative_material,39,15,585,False,0,0.0,18.0,10530.0
CON-20230127-8288,2023-01-27,Kenya,JFK,maritime,lilies,flower,19,83,1577,False,0,0.0,,
CON-20231030-8082,2023-10-30,Costa Rica,MIA,maritime,seedlings,propagative_material,46,25,1150,False,0,0.0,16.0,18400.0
CON-20231013-6359,2023-10-13,Ethiopia,LAX,air,cuttings,propagative_material,6,38,228,False,0,0.0,6.0,1368.0
CON-20240409-1628,2024-04-09,Costa Rica,DFW,maritime,seedlings,propagative_material,45,50,2250,False,0,0.0,14.0,31500.0
CON-20230714-7163,2023-07-14,Colombia,IAH,maritime,seedlings,propagative_material,41,11,451,False,0,0.0,8.0,3608.0
CON-20230605-4253,2023-06-05,Kenya,ATL,maritime,carnations,flower,47,73,3431,False,0,0.0,,
CON-20230808-4416,2023-08-08,Colombia,IAH,land,grafts,propagative_material,5,72,360,False,0,0.0,6.0,2160.0
CON-20230927-3950,2023-09-27,Netherlands,SEA,land,lilies,flower,41,54,2214,False,0,0.0,,
CON-20241115-9903,2024-11-15,Ethiopia,ORD,maritime,sunflowers,flower,41,60,2460,False,0,0.0,,
CON-20230813-8326,2023-08-13,Guatemala,ATL,air,saplings,propagative_material,49,46,2254,False,0,0.0,11.0,24794.0
CON-20230630-7522,2023-06-30,Kenya,SEA,air,tulips,flower,43,24,1032,False,0,0.0,,
CON-20240907-4524,2024-09-07,Ecuador,BOS,maritime,lilies,flower,2,47,94,False,0,0.0,,
CON-20231127-7966,2023-11-27,Mexico,JFK,land,tulips,flower,27,60,1620,False,0,0.0,,
CON-20231002-6054,2023-10-02,Mexico,ATL,air,lilies,flower,22,91,2002,False,0,0.0,,
CON-20240809-6401,2024-08-09,Guatemala,SEA,air,tissue cultures,propagative_material,14,90,1260,False,0,0.0,5.0,6300.0
CON-20230122-6778,2023-01-22,Costa Rica,JFK,land,chrysanthemums,flower,50,100,5000,False,0,0.0,,
CON-20230220-9776,2023-02-20,Costa Rica,LAX,land,cuttings,propagative_material,35,35,1225,False,0,0.0,13.0,15925.0
CON-20240118-1223,2024-01-18,Kenya,ATL,air,daffodils,flower,14,80,1120,False,0,0.0,,
CON-20230415-1397,2023-04-15,Netherlands,JFK,land,sunflowers,flower,3,30,90,False,0,0.0,,
CON-20231006-5423,2023-10-06,Kenya,ORD,air,saplings,propagative_material,25,93,2325,False,0,0.0,3.0,6975.0
CON-20241221-3487,2024-12-21,Colombia,LAX,land,roses,flower,1,79,79,False,0,0.0,,
CON-20240912-5950,2024-09-12,Colombia,SEA,air,tulips,flower,28,75,2100,False,0,0.0,,
CON-20230413-4641,2023-04-13,Ethiopia,BOS,air,sunflowers,flower,25,47,1175,False,0,0.0,,
CON-20240509-7449,2024-05-09,Mexico,IAH,maritime,lilies,flower,25,12,300,False,0,0.0,,
CON-20230421-4802,2023-04-21,Israel,IAH,land,lilies,flower,37,13,481,False,0,0.0,,
CON-20240730-2370,2024-07-30,Guatemala,DFW,maritime,seedlings,propagative_material,20,52,1040,False,0,0.0,4.0,4160.0
CON-20240516-8758,2024-05-16,Costa Rica,MIA,air,seeds,propagative_material,10,61,610,False,0,0.0,17.0,10370.0
CON-20230916-1598,2023-09-16,Kenya,JFK,maritime,orchids,flower,48,53,2544,False,0,0.0,,
CON-20231002-6128,2023-10-02,Israel,SEA,air,saplings,propagative_material,36,72,2592,False,0,0.0,8.0,20736.0
CON-20240509-3085,2024-05-09,Israel,BOS,land,seeds,propagative_material,28,99,2772,False,0,0.0,1.0,2772.0
CON-20230505-7949,2023-05-05,Ecuador,IAH,land,bulbs,propagative_material,29,24,696,False,0,0.0,16.0,11136.0
CON-20230524-5820,2023-05-24,Ecuador,IAH,maritime,daffodils,flower,1,47,47,False,0,0.0,,
CON-20240921-4349,2024-09-21,Ethiopia,IAH,maritime,carnations,flower,10,47,470,False,0,0.0,,
CON-20230915-3217,2023-09-15,Israel,IAH,land,sunflowers,flower,14,52,728,False,0,0.0,,
CON-20240430-2098,2024-04-30,Ecuador,IAH,land,cuttings,propagative_material,27,32,864,False,0,0.0,1.0,864.0
CON-20241211-8679,2024-12-11,Ethiopia,ORD,air,tissue cultures,propagative_material,30,52,1560,False,0,0.0,20.0,31200.0
CON-20241013-5498,2024-10-13,Ecuador,LAX,maritime,cuttings,propagative_material,41,11,451,False,0,0.0,10.0,4510.0
CON-20241001-4319,2024-10-01,Mexico,ATL,maritime,orchids,flower,36,79,2844,False,0,0.0,,
CON-20230810-9557,2023-08-10,Colombia,MIA,air,carnations,flower,17,82,1394,False,0,0.0,,
CON-20240829-4546,2024-08-29,Mexico,DFW,land,sunflowers,flower,14,31,434,True,4,0.009216589861751152,,
CON-20230618-1855,2023-06-18,Colombia,MIA,air,roses,flower,21,19,399,False,0,0.0,,
CON-20240311-4944,2024-03-11,Ecuador,IAH,maritime,tulips,flower,20,74,1480,False,0,0.0,,
CON-20240130-2281,2024-01-30,Costa Rica,SEA,maritime,tulips,flower,20,76,1520,False,0,0.0,,
CON-20231012-5104,2023-10-12,Kenya,MIA,land,saplings,propagative_material,28,81,2268,False,0,0.0,4.0,9072.0
CON-20231223-6668,2023-12-23,Costa Rica,SEA,land,seeds,propagative_material,24,69,1656,False,0,0.0,14.0,23184.0
CON-20240127-6914,2024-01-27,Kenya,IAH,air,carnations,flower,48,11,528,False,0,0.0,,
CON-20240823-9237,2024-08-23,Costa Rica,ORD,air,tulips,flower,7,57,399,False,0,0.0,,
CON-20241024-5145,2024-10-24,Netherlands,ATL,air,sunflowers,flower,26,15,390,False,0,0.0,,
CON-20230201-9938,2023-02-01,Ethiopia,JFK,land,sunflowers,flower,32,32,1024,False,0,0.0,,
CON-20230130-3156,2023-01-30,Colombia,JFK,maritime,seedlings,propagative_material,48,32,1536,False,0,0.0,3.0,4608.0
CON-20240330-4181,2024-03-30,Mexico,LAX,air,cuttings,propagative_material,7,79,553,False,0,0.0,20.0,11060.0
CON-20231121-7605,2023-11-21,Netherlands,DFW,land,tissue cultures,propagative_material,47,56,2632,False,0,0.0,14.0,36848.0
CON-20240528-1729,2024-05-28,Netherlands,LAX,air,seedlings,propagative_material,18,20,360,False,0,0.0,9.0,3240.0
CON-20230627-6594,2023-06-27,Kenya,IAH,maritime,cuttings,propagative_material,18,81,1458,False,0,0.0,15.0,21870.0
CON-20230430-1329,2023-04-30,Colombia,BOS,air,bulbs,propagative_material,47,21,987,False,0,0.0,6.0,5922.0
CON-20240119-4130,2024-01-19,Netherlands,ORD,land,chrysanthemums,flower,47,41,1927,False,0,0.0,,
CON-20240124-7782,2024-01-24,Ecuador,ATL,air,carnations,flower,18,27,486,False,0,0.0,,
CON-20230724-2514,2023-07-24,Kenya,ORD,maritime,cuttings,propagative_material,17,99,1683,False,0,0.0,16.0,26928.0
CON-20241019-9813,2024-10-19,Israel,DFW,maritime,carnations,flower,3,84,252,False,0,0.0,,
CON-20241023-5406,2024-10-23,Kenya,SEA,maritime,lilies,flower,22,99,2178,False,0,0.0,,
CON-20230922-9471,2023-09-22,Colombia,IAH,air,grafts,propagative_material,17,14,238,False,0,0.0,6.0,1428.0
CON-20240823-1554,2024-08-23,Guatemala,MIA,maritime,tulips,flower,37,58,2146,False,0,0.0,,
CON-20240103-2641,2024-01-03,Israel,LAX,land,bulbs,propagative_material,27,70,1890,False,0,0.0,6.0,11340.0
CON-20240423-8478,2024-04-23,Israel,ATL,air,saplings,propagative_material,2,66,132,False,0,0.0,19.0,2508.0
CON-20230907-7572,2023-09-07,Mexico,SEA,maritime,tulips,flower,39,53,2067,False,0,0.0,,
CON-20240603-7565,2024-06-03,Ethiopia,JFK,air,grafts,propagative_material,28,44,1232,False,0,0.0,19.0,23408.0
CON-20230620-6458,2023-06-20,Netherlands,MIA,land,lilies,flower,37,27,999,False,0,0.0,,
CON-20230525-3416,2023-05-25,Netherlands,LAX,maritime,sunflowers,flower,26,31,806,False,0,0.0,,
CON-20231111-5009,2023-11-11,Kenya,MIA,maritime,bulbs,propagative_material,16,36,576,False,0,0.0,5.0,2880.0
CON-20240503-7456,2024-05-03,Costa Rica,DFW,air,cuttings,propagative_material,7,70,490,False,0,0.0,7.0,3430.0
CON-20241224-3187,2024-12-24,Guatemala,SEA,maritime,saplings,propagative_material,7,59,413,False,0,0.0,13.0,5369.0
CON-20240310-1440,2024-03-10,Israel,ATL,land,chrysanthemums,flower,23,72,1656,False,0,0.0,,
CON-20240113-7523,2024-01-13,Kenya,MIA,air,tulips,flower,33,10,330,False,0,0.0,,
CON-20240526-6563,2024-05-26,Colombia,ORD,air,seeds,propagative_material,14,48,672,False,0,0.0,13.0,8736.0
CON-20231019-7909,2023-10-19,Ecuador,SEA,air,daffodils,flower,44,71,3124,False,0,0.0,,
CON-20241129-2661,2024-11-29,Ecuador,MIA,maritime,grafts,propagative_material,6,54,324,False,0,0.0,13.0,4212.0
CON-20230512-7581,2023-05-12,Netherlands,MIA,maritime,sunflowers,flower,1,72,72,False,0,0.0,,
CON-20240311-8758,2024-03-11,Mexico,JFK,maritime,chrysanthemums,flower,39,67,2613,False,0,0.0,,
CON-20230425-2310,2023-04-25,Israel,IAH,maritime,grafts,propagative_material,35,59,2065,False,0,0.0,5.0,10325.0
CON-20240827-8454,2024-08-27,Netherlands,DFW,land,lilies,flower,33,88,2904,False,0,0.0,,
CON-20231016-7050,2023-10-16,Mexico,JFK,maritime,seeds,propagative_material,32,68,2176,False,0,0.0,9.0,19584.0
CON-20231031-7833,2023-10-31,Mexico,DFW,land,tissue cultures,propagative_material,18,32,576,False,0,0.0,1.0,576.0
CON-20241013-9704,2024-10-13,Guatemala,DFW,maritime,tissue cultures,propagative_material,8,55,440,False,0,0.0,13.0,5720.0
CON-20240701-8063,2024-07-01,Kenya,MIA,air,bulbs,propagative_material,47,28,1316,False,0,0.0,9.0,11844.0
CON-20240924-1665,2024-09-24,Israel,BOS,land,saplings,propagative_material,47,77,3619,False,0,0.0,3.0,10857.0
CON-20230531-5947,2023-05-31,Israel,DFW,air,grafts,propagative_material,33,20,660,False,0,0.0,14.0,9240.0
CON-20230921-5275,2023-09-21,Mexico,JFK,air,saplings,propagative_material,28,24,672,False,0,0.0,10.0,6720.0
CON-20241211-8158,2024-12-11,Costa Rica,IAH,air,cuttings,propagative_material,37,70,2590,False,0,0.0,9.0,23310.0
CON-20241118-5467,2024-11-18,Ecuador,ATL,land,tissue cultures,propagative_material,26,33,858,False,0,0.0,1.0,858.0
CON-20240229-6212,2024-02-29,Mexico,ORD,air,cuttings,propagative_material,18,69,1242,False,0,0.0,4.0,4968.0
CON-20241227-8547,2024-12-27,Kenya,ORD,air,lilies,flower,5,88,440,False,0,0.0,,
CON-20240203-8280,2024-02-03,Mexico,DFW,land,roses,flower,22,53,1166,False,0,0.0,,
CON-20240525-5189,2024-05-25,Ecuador,BOS,land,tissue cultures,propagative_material,45,31,1395,False,0,0.0,13.0,18135.0
CON-20240513-5781,2024-05-13,Netherlands,LAX,land,chrysanthemums,flower,14,77,1078,False,0,0.0,,
CON-20240423-6761,2024-04-23,Israel,BOS,land,bulbs,propagative_material,40,84,3360,False,0,0.0,19.0,63840.0
CON-20231018-3023,2023-10-18,Mexico,SEA,air,lilies,flower,25,78,1950,False,0,0.0,,
CON-20230805-7571,2023-08-05,Colombia,SEA,air,tissue cultures,propagative_material,19,32,608,False,0,0.0,18.0,10944.0
CON-20240304-6206,2024-03-04,Mexico,DFW,air,tulips,flower,50,56,2800,False,0,0.0,,
CON-20240206-5690,2024-02-06,Costa Rica,IAH,land,saplings,propagative_material,26,73,1898,False,0,0.0,15.0,28470.0
CON-20231023-2610,2023-10-23,Ecuador,MIA,maritime,tissue cultures,propagative_material,22,69,1518,False,0,0.0,13.0,19734.0
CON-20230713-9247,2023-07-13,Mexico,SEA,maritime,tissue cultures,propagative_material,15,27,405,False,0,0.0,3.0,1215.0
CON-20240916-2490,2024-09-16,Mexico,JFK,maritime,bulbs,propagative_material,37,90,3330,False,0,0.0,12.0,39960.0
CON-20240607-4920,2024-06-07,Netherlands,SEA,land,saplings,propagative_material,11,68,748,False,0,0.0,6.0,4488.0
CON-20230516-8523,2023-05-16,Guatemala,ORD,maritime,chrysanthemums,flower,2,36,72,False,0,0.0,,
CON-20230701-3609,2023-07-01,Kenya,BOS,air,chrysanthemums,flower,39,52,2028,False,0,0.0,,
CON-20230313-9515,2023-03-13,Kenya,BOS,land,seedlings,propagative_material,3,97,291,False,0,0.0,16.0,4656.0
CON-20230924-9751,2023-09-24,Mexico,LAX,maritime,seedlings,propagative_material,50,87,4350,False,0,0.0,1.0,4350.0
CON-20230303-9381,2023-03-03,Guatemala,BOS,land,daffodils,flower,47,15,705,False,0,0.0,,
CON-20230417-2831,2023-04-17,Guatemala,SEA,air,saplings,propagative_material,17,84,1428,False,0,0.0,6.0,8568.0
CON-20231214-6407,2023-12-14,Israel,SEA,land,bulbs,propagative_material,31,36,1116,False,0,0.0,3.0,3348.0
CON-20230924-8378,2023-09-24,Guatemala,BOS,air,orchids,flower,45,66,2970,False,0,0.0,,
CON-20230206-7076,2023-02-06,Ethiopia,ATL,land,bulbs,propagative_material,34,46,1564,False,0,0.0,19.0,29716.0
CON-20230612-3530,2023-06-12,Israel,ATL,maritime,sunflowers,flower,46,66,3036,False,0,0.0,,
CON-20231027-4467,2023-10-27,Ecuador,MIA,land,orchids,flower,41,39,1599,False,0,0.0,,
CON-20230113-9467,2023-01-13,Ethiopia,MIA,land,tulips,flower,47,75,3525,False,0,0.0,,
CON-20230624-7133,2023-06-24,Mexico,BOS,land,carnations,flower,38,74,2812,False,0,0.0,,
CON-20230623-6609,2023-06-23,Mexico,BOS,land,carnations,flower,31,58,1798,True,2,0.0011123470522803114,,
CON-20230818-6840,2023-08-18,Kenya,ATL,air,cuttings,propagative_material,39,25,975,False,0,0.0,16.0,15600.0
CON-20240620-7528,2024-06-20,Guatemala,JFK,land,seedlings,propagative_material,13,56,728,False,0,0.0,4.0,2912.0
CON-20231005-5062,2023-10-05,Israel,IAH,air,saplings,propagative_material,4,67,268,False,0,0.0,8.0,2144.0
CON-20241028-5354,2024-10-28,Ethiopia,MIA,land,bulbs,propagative_material,45,68,3060,False,0,0.0,18.0,55080.0
CON-20230714-4728,2023-07-14,Ethiopia,LAX,land,bulbs,propagative_material,34,48,1632,False,0,0.0,8.0,13056.0
CON-20240703-2907,2024-07-03,Guatemala,BOS,air,cuttings,propagative_material,41,19,779,False,0,0.0,15.0,11685.0
CON-20230413-8041,2023-04-13,Colombia,BOS,air,tissue cultures,propagative_material,32,48,1536,False,0,0.0,4.0,6144.0
CON-20241012-9070,2024-10-12,Guatemala,ORD,land,roses,flower,17,62,1054,False,0,0.0,,
CON-20240509-5510,2024-05-09,Ecuador,DFW,land,orchids,flower,17,78,1326,False,0,0.0,,
CON-20241002-6229,2024-10-02,Costa Rica,IAH,maritime,chrysanthemums,flower,49,33,1617,False,0,0.0,,
CON-20230617-2549,2023-06-17,Costa Rica,BOS,maritime,seeds,propagative_material,49,65,3185,False,0,0.0,15.0,47775.0
CON-20230718-6003,2023-07-18,Israel,IAH,air,saplings,propagative_material,15,37,555,False,0,0.0,11.0,6105.0
CON-20241202-3562,2024-12-02,Costa Rica,BOS,air,lilies,flower,37,96,3552,False,0,0.0,,
CON-20230611-7830,2023-06-11,Kenya,SEA,air,cuttings,propagative_material,34,70,2380,False,0,0.0,9.0,21420.0
CON-20231107-6166,2023-11-07,Kenya,ATL,maritime,carnations,flower,20,52,1040,False,0,0.0,,
CON-20240730-7697,2024-07-30,Guatemala,ATL,maritime,daffodils,flower,1,61,61,False,0,0.0,,
CON-20231008-5193,2023-10-08,Israel,MIA,maritime,saplings,propagative_material,46,35,1610,False,0,0.0,10.0,16100.0
CON-20240313-4522,2024-03-13,Israel,JFK,maritime,tulips,flower,36,81,2916,False,0,0.0,,
CON-20230420-8698,2023-04-20,Costa Rica,BOS,maritime,bulbs,propagative_material,11,51,561,False,0,0.0,2.0,1122.0
CON-20231014-5522,2023-10-14,Mexico,BOS,air,roses,flower,7,17,119,False,0,0.0,,
CON-20231019-7779,2023-10-19,Costa Rica,DFW,maritime,grafts,propagative_material,9,19,171,False,0,0.0,5.0,855.0
CON-20230724-5271,2023-07-24,Ecuador,ATL,land,grafts,propagative_material,16,51,816,False,0,0.0,18.0,14688.0
CON-20230123-6143,2023-01-23,Costa Rica,ATL,land,saplings,propagative_material,50,18,900,False,0,0.0,12.0,10800.0
CON-20231125-5243,2023-11-25,Guatemala,ORD,air,lilies,flower,30,56,1680,False,0,0.0,,
CON-20230503-9657,2023-05-03,Ethiopia,JFK,air,daffodils,flower,26,72,1872,False,0,0.0,,
CON-20230117-9061,2023-01-17,Netherlands,IAH,maritime,roses,flower,33,51,1683,False,0,0.0,,
CON-20230310-9712,2023-03-10,Ethiopia,DFW,land,tissue cultures,propagative_material,6,81,486,False,0,0.0,6.0,2916.0
CON-20240424-5536,2024-04-24,Costa Rica,LAX,land,saplings,propagative_material,5,97,485,False,0,0.0,15.0,7275.0
CON-20231205-9646,2023-12-05,Guatemala,MIA,land,bulbs,propagative_material,42,83,3486,False,0,0.0,14.0,48804.0
CON-20231028-7998,2023-10-28,Netherlands,SEA,land,tissue cultures,propagative_material,25,12,300,True,6,0.02,5.0,1500.0
CON-20241121-6810,2024-11-21,Ethiopia,ORD,land,sunflowers,flower,42,95,3990,False,0,0.0,,
CON-20230731-1646,2023-07-31,Ecuador,ORD,air,carnations,flower,7,13,91,False,0,0.0,,
CON-20230312-5963,2023-03-12,Ecuador,IAH,maritime,tulips,flower,15,94,1410,False,0,0.0,,
CON-20230827-8203,2023-08-27,Ecuador,SEA,maritime,saplings,propagative_material,23,13,299,False,0,0.0,4.0,1196.0
CON-20230802-4369,2023-08-02,Mexico,JFK,maritime,roses,flower,29,66,1914,False,0,0.0,,
CON-20230629-9013,2023-06-29,Mexico,LAX,air,bulbs,propagative_material,49,36,1764,False,0,0.0,20.0,35280.0
CON-20230715-9335,2023-07-15,Israel,DFW,maritime,seeds,propagative_material,33,56,1848,False,0,0.0,4.0,7392.0
CON-20240125-6078,2024-01-25,Guatemala,JFK,air,daffodils,flower,7,55,385,False,0,0.0,,
CON-20231104-7384,2023-11-04,Colombia,SEA,land,seedlings,propagative_material,6,93,558,False,0,0.0,16.0,8928.0
CON-20241024-1151,2024-10-24,Netherlands,ATL,land,roses,flower,10,41,410,False,0,0.0,,
CON-20230524-5801,2023-05-24,Ecuador,IAH,air,roses,flower,4,86,344,False,0,0.0,,
CON-20240305-3975,2024-03-05,Israel,SEA,air,bulbs,propagative_material,34,29,986,False,0,0.0,12.0,11832.0
CON-20240524-5344,2024-05-24,Colombia,MIA,air,cuttings,propagative_material,26,90,2340,False,0,0.0,20.0,46800.0
CON-20231206-1761,2023-12-06,Israel,JFK,air,grafts,propagative_material,3,28,84,False,0,0.0,18.0,1512.0
CON-20230611-2086,2023-06-11,Mexico,IAH,air,seeds,propagative_material,23,38,874,False,0,0.0,4.0,3496.0
CON-20240703-8692,2024-07-03,Guatemala,BOS,maritime,carnations,flower,39,91,3549,True,8,0.0022541561003099463,,
CON-20241103-4215,2024-11-03,Ethiopia,MIA,maritime,chrysanthemums,flower,31,73,2263,False,0,0.0,,
CON-20230513-7616,2023-05-13,Ecuador,ORD,land,bulbs,propagative_material,43,20,860,False,0,0.0,10.0,8600.0
CON-20230914-8571,2023-09-14,Colombia,ORD,air,seedlings,propagative_material,43,48,2064,False,0,0.0,19.0,39216.0
CON-20231001-1560,2023-10-01,Costa Rica,IAH,land,cuttings,propagative_material,28,57,1596,False,0,0.0,13.0,20748.0
CON-20230115-6284,2023-01-15,Netherlands,ORD,air,seedlings,propagative_material,3,40,120,False,0,0.0,1.0,120.0
CON-20230712-9943,2023-07-12,Guatemala,BOS,maritime,sunflowers,flower,14,68,952,False,0,0.0,,
CON-20231014-8984,2023-10-14,Guatemala,LAX,land,tulips,flower,12,42,504,False,0,0.0,,
CON-20230409-1416,2023-04-09,Costa Rica,BOS,land,orchids,flower,5,56,280,False,0,0.0,,
CON-20230821-3069,2023-08-21,Costa Rica,MIA,air,chrysanthemums,flower,8,80,640,False,0,0.0,,
CON-20240322-9370,2024-03-22,Israel,ATL,maritime,saplings,propagative_material,33,33,1089,False,0,0.0,7.0,7623.0
CON-20230723-9735,2023-07-23,Ecuador,ORD,air,carnations,flower,37,77,2849,False,0,0.0,,
CON-20241211-4707,2024-12-11,Israel,IAH,air,cuttings,propagative_material,11,22,242,False,0,0.0,5.0,1210.0
CON-20231013-7901,2023-10-13,Costa Rica,SEA,air,grafts,propagative_material,19,59,1121,False,0,0.0,16.0,17936.0
CON-20231104-6105,2023-11-04,Guatemala,DFW,air,seeds,propagative_material,17,100,1700,False,0,0.0,7.0,11900.0
CON-20230524-3612,2023-05-24,Colombia,JFK,maritime,grafts,propagative_material,11,41,451,False,0,0.0,14.0,6314.0
CON-20231225-3022,2023-12-25,Mexico,ORD,air,bulbs,propagative_material,18,27,486,False,0,0.0,19.0,9234.0
CON-20230526-6098,2023-05-26,Ecuador,ORD,maritime,tulips,flower,1,91,91,False,0,0.0,,
CON-20240904-3045,2024-09-04,Costa Rica,LAX,land,lilies,flower,43,66,2838,False,0,0.0,,
CON-20230314-5185,2023-03-14,Costa Rica,BOS,air,orchids,flower,3,58,174,False,0,0.0,,
CON-20240822-4680,2024-08-22,Colombia,BOS,maritime,seedlings,propagative_material,45,72,3240,False,0,0.0,17.0,55080.0
CON-20240909-8085,2024-09-09,Colombia,LAX,land,lilies,flower,43,73,3139,False,0,0.0,,
CON-20230418-7875,2023-04-18,Mexico,JFK,land,orchids,flower,17,91,1547,False,0,0.0,,
CON-20230114-4627,2023-01-14,Ethiopia,DFW,air,seedlings,propagative_material,32,41,1312,False,0,0.0,19.0,24928.0
CON-20241226-7268,2024-12-26,Mexico,ATL,air,daffodils,flower,39,76,2964,False,0,0.0,,
CON-20241020-4909,2024-10-20,Netherlands,LAX,land,tissue cultures,propagative_material,7,25,175,False,0,0.0,12.0,2100.0
CON-20230210-1610,2023-02-10,Mexico,SEA,land,sunflowers,flower,30,83,2490,False,0,0.0,,
CON-20230127-6389,2023-01-27,Mexico,SEA,land,tissue cultures,propagative_material,12,13,156,False,0,0.0,4.0,624.0
CON-20240412-5074,2024-04-12,Ethiopia,SEA,air,tulips,flower,44,54,2376,False,0,0.0,,
CON-20231129-9966,2023-11-29,Ethiopia,BOS,air,orchids,flower,50,30,1500,False,0,0.0,,
CON-20230626-4728,2023-06-26,Israel,SEA,maritime,chrysanthemums,flower,22,55,1210,False,0,0.0,,
CON-20230403-7270,2023-04-03,Israel,ATL,air,tulips,flower,40,73,2920,False,0,0.0,,
CON-20240512-3761,2024-05-12,Kenya,ATL,land,tulips,flower,29,56,1624,False,0,0.0,,
CON-20230714-7520,2023-07-14,Israel,JFK,air,orchids,flower,49,81,3969,False,0,0.0,,
CON-20230403-7500,2023-04-03,Colombia,ORD,air,orchids,flower,10,53,530,False,0,0.0,,
CON-20231028-5028,2023-10-28,Ecuador,SEA,air,cuttings,propagative_material,15,66,990,False,0,0.0,18.0,17820.0
CON-20240521-4700,2024-05-21,Ecuador,ATL,air,saplings,propagative_material,45,38,1710,False,0,0.0,15.0,25650.0
CON-20231031-7791,2023-10-31,Kenya,MIA,air,seeds,propagative_material,40,71,2840,False,0,0.0,18.0,51120.0
CON-20230710-6963,2023-07-10,Costa Rica,ORD,maritime,daffodils,flower,48,43,2064,False,0,0.0,,
CON-20240109-3203,2024-01-09,Ethiopia,SEA,maritime,cuttings,propagative_material,35,55,1925,False,0,0.0,11.0,21175.0
CON-20230512-6136,2023-05-12,Kenya,IAH,land,saplings,propagative_material,33,100,3300,False,0,0.0,4.0,13200.0
CON-20241219-8540,2024-12-19,Kenya,DFW,land,grafts,propagative_material,18,83,1494,False,0,0.0,20.0,29880.0
CON-20240322-1942,2024-03-22,Guatemala,BOS,land,bulbs,propagative_material,2,81,162,False,0,0.0,12.0,1944.0
CON-20241129-1451,2024-11-29,Guatemala,MIA,air,chrysanthemums,flower,47,45,2115,False,0,0.0,,
CON-20230517-5991,2023-05-17,Guatemala,SEA,land,lilies,flower,43,67,2881,False,0,0.0,,
CON-20240604-6152,2024-06-04,Israel,ORD,land,carnations,flower,50,79,3950,False,0,0.0,,
CON-20240102-7778,2024-01-02,Netherlands,JFK,land,saplings,propagative_material,5,88,440,False,0,0.0,6.0,2640.0
CON-20230703-6436,2023-07-03,Kenya,ORD,land,seeds,propagative_material,42,73,3066,False,0,0.0,3.0,9198.0
CON-20241218-6624,2024-12-18,Colombia,SEA,land,daffodils,flower,25,99,2475,False,0,0.0,,
CON-20231230-4023,2023-12-30,Ecuador,LAX,maritime,seedlings,propagative_material,28,42,1176,False,0,0.0,9.0,10584.0
CON-20231226-1334,2023-12-26,Mexico,ORD,air,cuttings,propagative_material,29,22,638,False,0,0.0,20.0,12760.0
CON-20241130-9669,2024-11-30,Netherlands,IAH,air,chrysanthemums,flower,11,10,110,False,0,0.0,,
CON-20240129-2136,2024-01-29,Netherlands,JFK,maritime,roses,flower,37,82,3034,False,0,0.0,,
CON-20240927-2588,2024-09-27,Ecuador,ORD,land,carnations,flower,35,37,1295,False,0,0.0,,
CON-20230701-8292,2023-07-01,Ecuador,DFW,land,carnations,flower,33,29,957,False,0,0.0,,
CON-20230504-9494,2023-05-04,Netherlands,JFK,land,orchids,flower,7,54,378,False,0,0.0,,
CON-20230717-9978,2023-07-17,Ecuador,LAX,maritime,tissue cultures,propagative_material,22,68,1496,False,0,0.0,13.0,19448.0
CON-20240721-9040,2024-07-21,Guatemala,LAX,land,cuttings,propagative_material,16,56,896,False,0,0.0,7.0,6272.0
CON-20230302-6251,2023-03-02,Mexico,JFK,maritime,chrysanthemums,flower,34,21,714,False,0,0.0,,
CON-20240208-4244,2024-02-08,Costa Rica,IAH,land,cuttings,propagative_material,21,27,567,False,0,0.0,10.0,5670.0
CON-20240122-8931,2024-01-22,Mexico,SEA,maritime,grafts,propagative_material,2,72,144,False,0,0.0,20.0,2880.0
CON-20231022-6031,2023-10-22,Mexico,ATL,maritime,tissue cultures,propagative_material,3,34,102,False,0,0.0,19.0,1938.0
CON-20231118-7306,2023-11-18,Costa Rica,MIA,land,tissue cultures,propagative_material,2,16,32,False,0,0.0,7.0,224.0
CON-20241201-1732,2024-12-01,Israel,IAH,air,carnations,flower,33,57,1881,False,0,0.0,,
CON-20230710-9114,2023-07-10,Kenya,LAX,maritime,seedlings,propagative_material,21,19,399,False,0,0.0,7.0,2793.0
CON-20230730-6419,2023-07-30,Netherlands,JFK,maritime,cuttings,propagative_material,1,40,40,False,0,0.0,6.0,240.0
CON-20240216-5230,2024-02-16,Mexico,ORD,maritime,bulbs,propagative_material,10,86,860,False,0,0.0,14.0,12040.0
CON-20231007-4104,2023-10-07,Ethiopia,ORD,land,roses,flower,27,62,1674,False,0,0.0,,
CON-20230111-4653,2023-01-11,Guatemala,ATL,land,roses,flower,45,67,3015,False,0,0.0,,
CON-20230612-5202,2023-06-12,Colombia,LAX,air,chrysanthemums,flower,12,78,936,False,0,0.0,,
CON-20231021-4311,2023-10-21,Mexico,ATL,land,orchids,flower,7,25,175,False,0,0.0,,
CON-20230725-2825,2023-07-25,Colombia,IAH,maritime,tissue cultures,propagative_material,3,70,210,False,0,0.0,8.0,1680.0
CON-20230327-3338,2023-03-27,Netherlands,SEA,air,bulbs,propagative_material,28,88,2464,False,0,0.0,15.0,36960.0
CON-20230804-6592,2023-08-04,Netherlands,IAH,air,roses,flower,37,11,407,False,0,0.0,,
CON-20240418-5780,2024-04-18,Ethiopia,MIA,maritime,seedlings,propagative_material,4,60,240,False,0,0.0,17.0,4080.0
CON-20241004-8217,2024-10-04,Colombia,ORD,air,cuttings,propagative_material,43,66,2838,False,0,0.0,3.0,8514.0
CON-20240724-2067,2024-07-24,Kenya,IAH,maritime,bulbs,propagative_material,36,50,1800,False,0,0.0,14.0,25200.0
CON-20240925-2700,2024-09-25,Costa Rica,IAH,air,seedlings,propagative_material,21,57,1197,False,0,0.0,8.0,9576.0
CON-20240730-4678,2024-07-30,Netherlands,SEA,air,saplings,propagative_material,25,82,2050,False,0,0.0,2.0,4100.0
CON-20241026-8367,2024-10-26,Costa Rica,LAX,air,daffodils,flower,19,97,1843,False,0,0.0,,
CON-20230914-6900,2023-09-14,Kenya,BOS,land,sunflowers,flower,31,29,899,False,0,0.0,,
CON-20241014-1343,2024-10-14,Kenya,MIA,maritime,grafts,propagative_material,17,30,510,False,0,0.0,14.0,7140.0
CON-20240415-6782,2024-04-15,Ethiopia,MIA,air,lilies,flower,26,26,676,False,0,0.0,,
CON-20240303-6534,2024-03-03,Kenya,SEA,maritime,sunflowers,flower,29,59,1711,False,0,0.0,,
CON-20240626-6954,2024-06-26,Israel,SEA,air,bulbs,propagative_material,14,34,476,False,0,0.0,15.0,7140.0
CON-20241021-9893,2024-10-21,Costa Rica,SEA,maritime,lilies,flower,26,28,728,False,0,0.0,,
CON-20240227-3567,2024-02-27,Guatemala,ATL,land,bulbs,propagative_material,14,53,742,False,0,0.0,13.0,9646.0
CON-20240329-3823,2024-03-29,Costa Rica,SEA,air,seedlings,propagative_material,14,59,826,False,0,0.0,9.0,7434.0
CON-20230722-3139,2023-07-22,Ecuador,SEA,land,grafts,propagative_material,21,69,1449,False,0,0.0,16.0,23184.0
CON-20241005-1142,2024-10-05,Israel,IAH,land,seedlings,propagative_material,7,18,126,False,0,0.0,2.0,252.0
CON-20240101-2081,2024-01-01,Israel,LAX,maritime,seedlings,propagative_material,10,37,370,False,0,0.0,12.0,4440.0
CON-20231213-3618,2023-12-13,Israel,BOS,maritime,cuttings,propagative_material,20,22,440,False,0,0.0,5.0,2200.0
CON-20240629-5607,2024-06-29,Ecuador,SEA,air,carnations,flower,36,80,2880,False,0,0.0,,
CON-20230531-7241,2023-05-31,Kenya,LAX,land,chrysanthemums,flower,49,15,735,False,0,0.0,,
CON-20230624-3979,2023-06-24,Guatemala,SEA,maritime,tissue cultures,propagative_material,45,56,2520,False,0,0.0,15.0,37800.0
CON-20240803-3210,2024-08-03,Netherlands,BOS,land,tulips,flower,6,57,342,False,0,0.0,,
CON-20230424-2361,2023-04-24,Ethiopia,SEA,air,seedlings,propagative_material,21,47,987,False,0,0.0,12.0,11844.0
CON-20240827-5591,2024-08-27,Guatemala,JFK,land,carnations,flower,24,42,1008,False,0,0.0,,
CON-20231123-5310,2023-11-23,Costa Rica,JFK,maritime,seeds,propagative_material,42,40,1680,False,0,0.0,15.0,25200.0
CON-20231007-1174,2023-10-07,Mexico,DFW,air,chrysanthemums,flower,22,80,1760,False,0,0.0,,
CON-20230724-5428,2023-07-24,Netherlands,ATL,maritime,daffodils,flower,25,14,350,False,0,0.0,,
CON-20240608-6672,2024-06-08,Mexico,DFW,maritime,daffodils,flower,46,53,2438,False,0,0.0,,
CON-20240515-2389,2024-05-15,Ethiopia,IAH,air,orchids,flower,6,67,402,False,0,0.0,,
CON-20230124-3901,2023-01-24,Israel,IAH,air,saplings,propagative_material,49,23,1127,False,0,0.0,12.0,13524.0
CON-20230831-6589,2023-08-31,Colombia,MIA,land,saplings,propagative_material,5,11,55,False,0,0.0,20.0,1100.0
CON-20241003-1920,2024-10-03,Colombia,MIA,land,tulips,flower,43,23,989,False,0,0.0,,
CON-20230325-4444,2023-03-25,Ecuador,ORD,land,seeds,propagative_material,46,21,966,True,4,0.004140786749482402,2.0,1932.0
CON-20241002-4048,2024-10-02,Colombia,SEA,maritime,grafts,propagative_material,13,100,1300,False,0,0.0,16.0,20800.0
CON-20230709-9880,2023-07-09,Ethiopia,JFK,maritime,seeds,propagative_material,12,35,420,False,0,0.0,19.0,7980.0
CON-20230319-5861,2023-03-19,Kenya,LAX,land,bulbs,propagative_material,21,39,819,False,0,0.0,20.0,16380.0
CON-20231020-9692,2023-10-20,Mexico,IAH,land,grafts,propagative_material,17,54,918,False,0,0.0,1.0,918.0
CON-20230308-1989,2023-03-08,Ethiopia,ATL,air,seeds,propagative_material,32,54,1728,False,0,0.0,20.0,34560.0
CON-20240401-6922,2024-04-01,Mexico,LAX,land,seedlings,propagative_material,44,21,924,False,0,0.0,20.0,18480.0
CON-20231123-5919,2023-11-23,Colombia,ATL,land,tulips,flower,48,71,3408,False,0,0.0,,
CON-20230714-7713,2023-07-14,Guatemala,DFW,land,tissue cultures,propagative_material,11,15,165,False,0,0.0,15.0,2475.0
CON-20240419-7317,2024-04-19,Guatemala,DFW,maritime,sunflowers,flower,10,28,280,False,0,0.0,,
CON-20231121-3474,2023-11-21,Mexico,JFK,air,carnations,flower,26,56,1456,True,3,0.0020604395604395605,,
CON-20230117-1355,2023-01-17,Ecuador,ORD,air,sunflowers,flower,10,44,440,False,0,0.0,,
CON-20231107-9177,2023-11-07,Guatemala,SEA,air,lilies,flower,13,72,936,False,0,0.0,,
CON-20240514-8810,2024-05-14,Mexico,SEA,air,cuttings,propagative_material,7,18,126,False,0,0.0,20.0,2520.0
CON-20240615-3598,2024-06-15,Ethiopia,MIA,air,lilies,flower,27,72,1944,True,5,0.00257201646090535,,
CON-20240925-6588,2024-09-25,Israel,ATL,land,chrysanthemums,flower,39,26,1014,False,0,0.0,,
CON-20240801-5032,2024-08-01,Israel,MIA,maritime,chrysanthemums,flower,2,67,134,False,0,0.0,,
CON-20230828-6424,2023-08-28,Kenya,DFW,land,sunflowers,flower,18,81,1458,False,0,0.0,,
CON-20241009-5081,2024-10-09,Kenya,MIA,maritime,seedlings,propagative_material,38,88,3344,False,0,0.0,16.0,53504.0
CON-20240607-2332,2024-06-07,Guatemala,JFK,maritime,grafts,propagative_material,49,28,1372,False,0,0.0,17.0,23324.0
CON-20230930-5525,2023-09-30,Guatemala,BOS,land,grafts,propagative_material,25,34,850,False,0,0.0,5.0,4250.0
CON-20230910-8906,2023-09-10,Israel,JFK,maritime,seedlings,propagative_material,1,51,51,False,0,0.0,18.0,918.0
CON-20240511-2972,2024-05-11,Ecuador,ATL,maritime,lilies,flower,42,34,1428,False,0,0.0,,
CON-20230719-1178,2023-07-19,Ethiopia,JFK,land,lilies,flower,25,64,1600,False,0,0.0,,
CON-20230528-7904,2023-05-28,Ethiopia,ATL,air,roses,flower,2,93,186,False,0,0.0,,
CON-20230601-6146,2023-06-01,Colombia,DFW,maritime,daffodils,flower,36,30,1080,False,0,0.0,,
CON-20231010-3105,2023-10-10,Colombia,ATL,maritime,seedlings,propagative_material,39,68,2652,False,0,0.0,11.0,29172.0
CON-20231201-7144,2023-12-01,Netherlands,LAX,air,tulips,flower,10,50,500,False,0,0.0,,
CON-20240320-1565,2024-03-20,Costa Rica,JFK,land,daffodils,flower,12,51,612,False,0,0.0,,
CON-20240805-2112,2024-08-05,Ethiopia,DFW,land,tissue cultures,propagative_material,4,26,104,False,0,0.0,5.0,520.0
CON-20230617-6540,2023-06-17,Ecuador,LAX,land,seeds,propagative_material,49,56,2744,False,0,0.0,3.0,8232.0
CON-20240519-7487,2024-05-19,Mexico,DFW,air,roses,flower,34,63,2142,False,0,0.0,,
CON-20230801-1925,2023-08-01,Ecuador,IAH,air,carnations,flower,8,43,344,False,0,0.0,,
CON-20241020-4811,2024-10-20,Costa Rica,JFK,air,grafts,propagative_material,3,15,45,False,0,0.0,5.0,225.0
CON-20231127-9064,2023-11-27,Ecuador,IAH,maritime,daffodils,flower,2,75,150,False,0,0.0,,
CON-20230311-9052,2023-03-11,Netherlands,SEA,land,bulbs,propagative_material,38,14,532,False,0,0.0,1.0,532.0
CON-20240112-5610,2024-01-12,Israel,LAX,land,grafts,propagative_material,14,29,406,False,0,0.0,9.0,3654.0
CON-20240202-4207,2024-02-02,Costa Rica,DFW,land,saplings,propagative_material,13,87,1131,False,0,0.0,11.0,12441.0
CON-20241028-9385,2024-10-28,Ethiopia,SEA,air,sunflowers,flower,2,67,134,False,0,0.0,,
CON-20230426-5892,2023-04-26,Mexico,ORD,air,grafts,propagative_material,7,36,252,False,0,0.0,7.0,1764.0
CON-20230225-6077,2023-02-25,Ethiopia,DFW,maritime,tissue cultures,propagative_material,17,37,629,False,0,0.0,1.0,629.0
CON-20230731-7402,2023-07-31,Kenya,MIA,maritime,daffodils,flower,47,51,2397,False,0,0.0,,
CON-20240728-1004,2024-07-28,Ecuador,BOS,maritime,lilies,flower,5,88,440,False,0,0.0,,
CON-20231008-3613,2023-10-08,Netherlands,JFK,air,cuttings,propagative_material,29,58,1682,False,0,0.0,4.0,6728.0
CON-20241023-7840,2024-10-23,Netherlands,DFW,air,grafts,propagative_material,48,57,2736,False,0,0.0,1.0,2736.0
CON-20231106-1497,2023-11-06,Ethiopia,JFK,air,cuttings,propagative_material,30,36,1080,False,0,0.0,16.0,17280.0
CON-20230330-5424,2023-03-30,Ecuador,JFK,air,grafts,propagative_material,38,98,3724,False,0,0.0,1.0,3724.0
CON-20241209-1489,2024-12-09,Guatemala,LAX,land,bulbs,propagative_material,5,60,300,False,0,0.0,2.0,600.0
CON-20240227-5601,2024-02-27,Guatemala,SEA,maritime,seeds,propagative_material,37,15,555,False,0,0.0,10.0,5550.0
CON-20230125-1031,2023-01-25,Guatemala,ORD,maritime,lilies,flower,16,98,1568,False,0,0.0,,
CON-20241220-2448,2024-12-20,Netherlands,SEA,land,lilies,flower,46,16,736,False,0,0.0,,
CON-20240711-9859,2024-07-11,Israel,BOS,maritime,cuttings,propagative_material,43,57,2451,False,0,0.0,5.0,12255.0
CON-20230628-3418,2023-06-28,Israel,DFW,maritime,tulips,flower,30,54,1620,False,0,0.0,,
CON-20240104-6452,2024-01-04,Guatemala,IAH,maritime,chrysanthemums,flower,39,42,1638,False,0,0.0,,
CON-20240706-3376,2024-07-06,Israel,BOS,maritime,seeds,propagative_material,22,74,1628,False,0,0.0,20.0,32560.0
CON-20230613-7864,2023-06-13,Israel,IAH,land,saplings,propagative_material,14,98,1372,False,0,0.0,4.0,5488.0
CON-20240616-3698,2024-06-16,Costa Rica,IAH,air,tissue cultures,propagative_material,1,42,42,False,0,0.0,8.0,336.0
CON-20231130-4589,2023-11-30,Israel,BOS,air,daffodils,flower,34,94,3196,False,0,0.0,,
CON-20230419-4085,2023-04-19,Israel,SEA,land,seedlings,propagative_material,42,68,2856,False,0,0.0,1.0,2856.0
CON-20230528-5962,2023-05-28,Costa Rica,LAX,maritime,seedlings,propagative_material,20,40,800,False,0,0.0,7.0,5600.0
CON-20230125-2168,2023-01-25,Costa Rica,LAX,air,seeds,propagative_material,19,25,475,False,0,0.0,3.0,1425.0
CON-20240308-6622,2024-03-08,Ethiopia,BOS,air,daffodils,flower,1,99,99,False,0,0.0,,
CON-20231108-9050,2023-11-08,Mexico,DFW,air,sunflowers,flower,41,88,3608,False,0,0.0,,
CON-20231226-7287,2023-12-26,Netherlands,BOS,maritime,cuttings,propagative_material,45,70,3150,False,0,0.0,18.0,56700.0
CON-20240824-8986,2024-08-24,Colombia,SEA,land,sunflowers,flower,2,58,116,False,0,0.0,,
CON-20240710-8449,2024-07-10,Colombia,BOS,maritime,seeds,propagative_material,16,90,1440,False,0,0.0,13.0,18720.0
CON-20240425-8392,2024-04-25,Israel,ORD,land,cuttings,propagative_material,20,80,1600,False,0,0.0,7.0,11200.0
CON-20241201-8281,2024-12-01,Mexico,LAX,air,tissue cultures,propagative_material,44,13,572,False,0,0.0,3.0,1716.0
CON-20231009-9466,2023-10-09,Costa Rica,MIA,maritime,roses,flower,17,84,1428,False,0,0.0,,
CON-20231028-2796,2023-10-28,Guatemala,MIA,maritime,seeds,propagative_material,19,86,1634,False,0,0.0,5.0,8170.0
CON-20240512-7172,2024-05-12,Colombia,ORD,maritime,seeds,propagative_material,25,93,2325,False,0,0.0,2.0,4650.0
CON-20231215-2902,2023-12-15,Ethiopia,MIA,air,lilies,flower,46,66,3036,False,0,0.0,,
CON-20230516-8044,2023-05-16,Colombia,MIA,air,grafts,propagative_material,32,56,1792,False,0,0.0,1.0,1792.0
CON-20240710-7918,2024-07-10,Costa Rica,DFW,land,grafts,propagative_material,31,14,434,False,0,0.0,3.0,1302.0
CON-20241111-3253,2024-11-11,Colombia,LAX,maritime,sunflowers,flower,26,74,1924,False,0,0.0,,
CON-20230330-9944,2023-03-30,Colombia,JFK,air,seedlings,propagative_material,13,67,871,False,0,0.0,12.0,10452.0
CON-20230310-4805,2023-03-10,Costa Rica,ATL,maritime,tissue cultures,propagative_material,27,24,648,False,0,0.0,7.0,4536.0
CON-20241219-1199,2024-12-19,Ecuador,ATL,air,roses,flower,24,17,408,False,0,0.0,,
CON-20230930-8870,2023-09-30,Colombia,IAH,land,cuttings,propagative_material,9,50,450,False,0,0.0,7.0,3150.0
CON-20240505-9870,2024-05-05,Kenya,BOS,maritime,seeds,propagative_material,12,59,708,False,0,0.0,3.0,2124.0
CON-20230529-5047,2023-05-29,Ecuador,MIA,land,grafts,propagative_material,33,19,627,False,0,0.0,14.0,8778.0
CON-20240221-7465,2024-02-21,Israel,ORD,maritime,saplings,propagative_material,28,15,420,False,0,0.0,1.0,420.0
CON-20240405-9348,2024-04-05,Kenya,DFW,maritime,seedlings,propagative_material,9,71,639,False,0,0.0,14.0,8946.0
CON-20240617-1506,2024-06-17,Ecuador,ORD,land,sunflowers,flower,50,19,950,False,0,0.0,,
CON-20230328-7443,2023-03-28,Mexico,LAX,land,saplings,propagative_material,42,15,630,False,0,0.0,9.0,5670.0
CON-20240702-3248,2024-07-02,Guatemala,DFW,maritime,orchids,flower,31,75,2325,False,0,0.0,,
CON-20241209-2031,2024-12-09,Guatemala,DFW,air,tulips,flower,35,76,2660,False,0,0.0,,
CON-20231023-6710,2023-10-23,Ethiopia,ATL,maritime,cuttings,propagative_material,21,40,840,False,0,0.0,10.0,8400.0
CON-20241123-4085,2024-11-23,Kenya,DFW,land,orchids,flower,17,86,1462,False,0,0.0,,
CON-20241204-3841,2024-12-04,Ecuador,ATL,air,tulips,flower,14,69,966,False,0,0.0,,
CON-20230910-9142,2023-09-10,Colombia,ATL,land,tissue cultures,propagative_material,41,53,2173,False,0,0.0,12.0,26076.0
CON-20231005-5137,2023-10-05,Kenya,SEA,maritime,tulips,flower,10,42,420,False,0,0.0,,
CON-20240207-8450,2024-02-07,Colombia,SEA,land,seeds,propagative_material,13,42,546,False,0,0.0,18.0,9828.0
CON-20240306-9020,2024-03-06,Ethiopia,IAH,land,cuttings,propagative_material,4,64,256,False,0,0.0,20.0,5120.0
CON-20240201-1892,2024-02-01,Colombia,BOS,maritime,chrysanthemums,flower,9,33,297,False,0,0.0,,
CON-20230421-1654,2023-04-21,Netherlands,LAX,maritime,carnations,flower,7,97,679,False,0,0.0,,
CON-20231212-5370,2023-12-12,Netherlands,JFK,air,orchids,flower,28,40,1120,False,0,0.0,,
CON-20230605-3815,2023-06-05,Costa Rica,DFW,air,tissue cultures,propagative_material,38,50,1900,False,0,0.0,13.0,24700.0
CON-20230118-5419,2023-01-18,Kenya,IAH,land,seeds,propagative_material,37,88,3256,False,0,0.0,16.0,52096.0
CON-20240221-3843,2024-02-21,Colombia,LAX,air,bulbs,propagative_material,30,88,2640,False,0,0.0,8.0,21120.0
CON-20230902-8309,2023-09-02,Ethiopia,LAX,air,daffodils,flower,38,86,3268,False,0,0.0,,
CON-20230325-7299,2023-03-25,Kenya,ORD,air,sunflowers,flower,29,29,841,False,0,0.0,,
CON-20231006-9584,2023-10-06,Mexico,JFK,land,seedlings,propagative_material,32,65,2080,False,0,0.0,11.0,22880.0
CON-20240603-2267,2024-06-03,Israel,JFK,maritime,sunflowers,flower,39,36,1404,False,0,0.0,,
CON-20230801-5762,2023-08-01,Mexico,MIA,maritime,cuttings,propagative_material,23,61,1403,False,0,0.0,8.0,11224.0
CON-20241203-1358,2024-12-03,Mexico,BOS,air,seedlings,propagative_material,45,18,810,False,0,0.0,13.0,10530.0
CON-20230121-2465,2023-01-21,Israel,DFW,maritime,daffodils,flower,47,67,3149,False,0,0.0,,
CON-20230823-4590,2023-08-23,Mexico,ATL,maritime,tulips,flower,17,71,1207,False,0,0.0,,
CON-20230207-3601,2023-02-07,Costa Rica,IAH,air,tulips,flower,4,39,156,False,0,0.0,,
CON-20230914-3320,2023-09-14,Colombia,IAH,air,tissue cultures,propagative_material,17,67,1139,False,0,0.0,14.0,15946.0
CON-20240224-2511,2024-02-24,Ethiopia,MIA,air,carnations,flower,34,18,612,False,0,0.0,,
CON-20240715-2262,2024-07-15,Netherlands,MIA,maritime,daffodils,flower,11,40,440,True,4,0.00909090909090909,,
CON-20230703-3931,2023-07-03,Colombia,LAX,maritime,saplings,propagative_material,30,80,2400,False,0,0.0,5.0,12000.0
CON-20230109-1339,2023-01-09,Costa Rica,MIA,air,carnations,flower,50,44,2200,False,0,0.0,,
CON-20240208-3167,2024-02-08,Costa Rica,IAH,air,bulbs,propagative_material,4,70,280,False,0,0.0,8.0,2240.0
CON-20230909-3655,2023-09-09,Israel,ATL,maritime,carnations,flower,46,24,1104,False,0,0.0,,
CON-20230520-7471,2023-05-20,Netherlands,LAX,maritime,cuttings,propagative_material,30,77,2310,False,0,0.0,18.0,41580.0
CON-20240422-7679,2024-04-22,Costa Rica,SEA,land,daffodils,flower,49,42,2058,False,0,0.0,,
CON-20230510-5889,2023-05-10,Ecuador,IAH,maritime,bulbs,propagative_material,5,86,430,False,0,0.0,4.0,1720.0
CON-20231103-1262,2023-11-03,Mexico,SEA,maritime,roses,flower,21,72,1512,False,0,0.0,,
CON-20230531-3331,2023-05-31,Kenya,SEA,land,carnations,flower,42,48,2016,False,0,0.0,,
CON-20230916-4353,2023-09-16,Netherlands,ORD,maritime,daffodils,flower,30,69,2070,False,0,0.0,,
CON-20230222-1870,2023-02-22,Guatemala,MIA,maritime,bulbs,propagative_material,41,22,902,False,0,0.0,12.0,10824.0
CON-20240319-8816,2024-03-19,Guatemala,SEA,land,tissue cultures,propagative_material,19,55,1045,False,0,0.0,2.0,2090.0
CON-20231206-3391,2023-12-06,Guatemala,LAX,maritime,cuttings,propagative_material,33,31,1023,True,2,0.0019550342130987292,18.0,18414.0
CON-20240605-7609,2024-06-05,Ethiopia,JFK,air,seedlings,propagative_material,34,57,1938,False,0,0.0,11.0,21318.0
CON-20231201-8182,2023-12-01,Guatemala,DFW,land,tulips,flower,4,76,304,False,0,0.0,,
CON-20230207-8206,2023-02-07,Guatemala,SEA,land,bulbs,propagative_material,25,52,1300,False,0,0.0,9.0,11700.0
CON-20230406-5962,2023-04-06,Ecuador,MIA,air,orchids,flower,26,38,988,False,0,0.0,,
CON-20240304-5180,2024-03-04,Netherlands,MIA,air,grafts,propagative_material,10,64,640,False,0,0.0,7.0,4480.0
CON-20230208-3713,2023-02-08,Netherlands,LAX,air,sunflowers,flower,5,38,190,False,0,0.0,,
CON-20241116-5228,2024-11-16,Guatemala,LAX,air,tulips,flower,40,57,2280,False,0,0.0,,
CON-20231205-9520,2023-12-05,Costa Rica,IAH,land,carnations,flower,43,97,4171,False,0,0.0,,
CON-20230123-5924,2023-01-23,Ethiopia,ORD,air,sunflowers,flower,18,52,936,False,0,0.0,,
CON-20240828-4587,2024-08-28,Guatemala,SEA,air,orchids,flower,7,28,196,False,0,0.0,,
CON-20230411-6426,2023-04-11,Kenya,BOS,air,daffodils,flower,48,61,2928,False,0,0.0,,
CON-20230616-1932,2023-06-16,Ethiopia,LAX,air,chrysanthemums,flower,50,50,2500,False,0,0.0,,
CON-20230607-2937,2023-06-07,Mexico,SEA,maritime,sunflowers,flower,2,52,104,False,0,0.0,,
CON-20240518-5693,2024-05-18,Ethiopia,ORD,maritime,lilies,flower,26,65,1690,False,0,0.0,,
CON-20230613-1139,2023-06-13,Kenya,MIA,maritime,daffodils,flower,6,22,132,False,0,0.0,,
CON-20240519-1841,2024-05-19,Ecuador,IAH,maritime,saplings,propagative_material,45,92,4140,False,0,0.0,1.0,4140.0
CON-20230517-6853,2023-05-17,Guatemala,MIA,air,tulips,flower,44,97,4268,False,0,0.0,,
CON-20231114-1647,2023-11-14,Colombia,JFK,air,chrysanthemums,flower,3,84,252,False,0,0.0,,
CON-20240205-9619,2024-02-05,Netherlands,ORD,air,chrysanthemums,flower,18,85,1530,False,0,0.0,,
CON-20230308-9435,2023-03-08,Colombia,ATL,air,orchids,flower,11,92,1012,False,0,0.0,,
CON-20230818-8744,2023-08-18,Colombia,BOS,land,roses,flower,26,53,1378,False,0,0.0,,
CON-20231110-6067,2023-11-10,Guatemala,DFW,land,daffodils,flower,27,40,1080,False,0,0.0,,
CON-20240417-2928,2024-04-17,Israel,ORD,air,seedlings,propagative_material,10,14,140,False,0,0.0,5.0,700.0
CON-20230602-4919,2023-06-02,Colombia,BOS,air,cuttings,propagative_material,50,52,2600,False,0,0.0,16.0,41600.0
CON-20241021-3564,2024-10-21,Mexico,SEA,air,lilies,flower,31,93,2883,False,0,0.0,,
CON-20230309-9152,2023-03-09,Mexico,ORD,maritime,seeds,propagative_material,17,59,1003,False,0,0.0,15.0,15045.0
CON-20230517-4014,2023-05-17,Mexico,DFW,maritime,daffodils,flower,43,50,2150,False,0,0.0,,
CON-20240301-3299,2024-03-01,Netherlands,MIA,maritime,grafts,propagative_material,22,28,616,False,0,0.0,8.0,4928.0
CON-20230727-6619,2023-07-27,Costa Rica,BOS,maritime,grafts,propagative_material,3,11,33,False,0,0.0,20.0,660.0
CON-20230418-9273,2023-04-18,Israel,DFW,air,lilies,flower,14,28,392,False,0,0.0,,
CON-20240625-9964,2024-06-25,Ethiopia,IAH,maritime,grafts,propagative_material,50,15,750,False,0,0.0,10.0,7500.0
CON-20231019-2028,2023-10-19,Costa Rica,BOS,air,roses,flower,27,85,2295,False,0,0.0,,
CON-20240915-5919,2024-09-15,Guatemala,SEA,maritime,cuttings,propagative_material,38,38,1444,False,0,0.0,2.0,2888.0
CON-20230929-8360,2023-09-29,Kenya,ATL,maritime,tissue cultures,propagative_material,15,15,225,False,0,0.0,8.0,1800.0
CON-20230218-9954,2023-02-18,Mexico,JFK,maritime,saplings,propagative_material,18,78,1404,False,0,0.0,14.0,19656.0
CON-20241017-5711,2024-10-17,Netherlands,IAH,land,roses,flower,32,84,2688,False,0,0.0,,
CON-20240728-8036,2024-07-28,Colombia,ORD,maritime,carnations,flower,35,93,3255,False,0,0.0,,
CON-20230909-5230,2023-09-09,Colombia,DFW,land,roses,flower,7,26,182,False,0,0.0,,
CON-20230921-6921,2023-09-21,Ecuador,ATL,land,carnations,flower,28,36,1008,False,0,0.0,,
CON-20240709-1054,2024-07-09,Colombia,ATL,maritime,seeds,propagative_material,10,25,250,False,0,0.0,8.0,2000.0
CON-20230427-9758,2023-04-27,Colombia,ATL,air,tulips,flower,8,74,592,False,0,0.0,,
CON-20240507-7355,2024-05-07,Guatemala,IAH,air,chrysanthemums,flower,23,21,483,False,0,0.0,,
CON-20230119-9553,2023-01-19,Kenya,IAH,maritime,seeds,propagative_material,11,28,308,False,0,0.0,18.0,5544.0
CON-20231226-9395,2023-12-26,Kenya,BOS,land,cuttings,propagative_material,25,65,1625,False,0,0.0,13.0,21125.0
CON-20240927-9099,2024-09-27,Kenya,MIA,air,chrysanthemums,flower,48,39,1872,False,0,0.0,,
CON-20231126-1060,2023-11-26,Costa Rica,BOS,maritime,lilies,flower,3,14,42,False,0,0.0,,
CON-20240117-8593,2024-01-17,Israel,JFK,land,daffodils,flower,48,10,480,False,0,0.0,,
CON-20240831-6582,2024-08-31,Colombia,MIA,air,tissue cultures,propagative_material,9,70,630,False,0,0.0,4.0,2520.0
CON-20231116-5918,2023-11-16,Netherlands,DFW,air,orchids,flower,3,23,69,False,0,0.0,,
CON-20230606-6960,2023-06-06,Ecuador,ATL,maritime,tulips,flower,27,19,513,False,0,0.0,,
CON-20231104-2524,2023-11-04,Colombia,BOS,maritime,roses,flower,2,46,92,False,0,0.0,,
CON-20240905-6468,2024-09-05,Ecuador,IAH,land,cuttings,propagative_material,8,22,176,False,0,0.0,11.0,1936.0
CON-20230806-9868,2023-08-06,Colombia,MIA,land,bulbs,propagative_material,4,45,180,False,0,0.0,3.0,540.0
CON-20240719-7884,2024-07-19,Costa Rica,IAH,maritime,chrysanthemums,flower,26,15,390,False,0,0.0,,
CON-20230223-1696,2023-02-23,Colombia,DFW,maritime,seeds,propagative_material,7,85,595,True,8,0.013445378151260505,16.0,9520.0
CON-20230420-5056,2023-04-20,Israel,SEA,land,carnations,flower,38,81,3078,False,0,0.0,,
CON-20230709-3075,2023-07-09,Colombia,DFW,air,seedlings,propagative_material,2,70,140,False,0,0.0,6.0,840.0
CON-20230106-8040,2023-01-06,Costa Rica,ORD,maritime,lilies,flower,32,80,2560,False,0,0.0,,
CON-20240624-7742,2024-06-24,Kenya,SEA,air,tulips,flower,9,61,549,False,0,0.0,,
CON-20240923-9153,2024-09-23,Ethiopia,ATL,air,seedlings,propagative_material,27,42,1134,False,0,0.0,1.0,1134.0
CON-20230715-2965,2023-07-15,Colombia,SEA,land,carnations,flower,37,33,1221,False,0,0.0,,
CON-20230211-7467,2023-02-11,Kenya,MIA,land,bulbs,propagative_material,48,15,720,False,0,0.0,5.0,3600.0
CON-20240811-1225,2024-08-11,Kenya,ATL,air,seedlings,propagative_material,14,24,336,False,0,0.0,14.0,4704.0
CON-20240402-7041,2024-04-02,Colombia,DFW,air,bulbs,propagative_material,47,92,4324,False,0,0.0,11.0,47564.0
CON-20240615-3390,2024-06-15,Mexico,SEA,land,sunflowers,flower,43,35,1505,False,0,0.0,,
CON-20230712-5130,2023-07-12,Kenya,SEA,maritime,grafts,propagative_material,32,45,1440,False,0,0.0,1.0,1440.0
CON-20230304-7773,2023-03-04,Mexico,BOS,air,seedlings,propagative_material,30,77,2310,False,0,0.0,4.0,9240.0
CON-20231014-9676,2023-10-14,Ethiopia,MIA,maritime,grafts,propagative_material,50,11,550,False,0,0.0,3.0,1650.0
CON-20241021-8812,2024-10-21,Guatemala,DFW,maritime,grafts,propagative_material,13,98,1274,False,0,0.0,13.0,16562.0
CON-20230814-7300,2023-08-14,Ethiopia,MIA,maritime,carnations,flower,2,40,80,False,0,0.0,,
CON-20241019-2619,2024-10-19,Kenya,IAH,land,seeds,propagative_material,18,57,1026,False,0,0.0,9.0,9234.0
CON-20240218-5633,2024-02-18,Costa Rica,ATL,land,seeds,propagative_material,37,23,851,False,0,0.0,9.0,7659.0
CON-20240811-6363,2024-08-11,Kenya,IAH,land,seedlings,propagative_material,32,77,2464,True,1,0.00040584415584415587,18.0,44352.0
CON-20240507-7960,2024-05-07,Mexico,DFW,air,bulbs,propagative_material,7,49,343,False,0,0.0,9.0,3087.0
CON-20240216-5012,2024-02-16,Ethiopia,ORD,land,chrysanthemums,flower,25,70,1750,False,0,0.0,,
CON-20240101-8058,2024-01-01,Israel,JFK,maritime,lilies,flower,35,52,1820,False,0,0.0,,
CON-20230320-1718,2023-03-20,Costa Rica,JFK,land,tissue cultures,propagative_material,9,39,351,False,0,0.0,7.0,2457.0
CON-20230316-4616,2023-03-16,Guatemala,SEA,land,seedlings,propagative_material,36,66,2376,False,0,0.0,7.0,16632.0
CON-20230207-5594,2023-02-07,Kenya,DFW,air,roses,flower,38,62,2356,False,0,0.0,,
CON-20231215-9796,2023-12-15,Guatemala,ORD,air,tissue cultures,propagative_material,8,21,168,False,0,0.0,8.0,1344.0
CON-20231011-9020,2023-10-11,Netherlands,BOS,land,seedlings,propagative_material,49,99,4851,False,0,0.0,7.0,33957.0
CON-20230401-6717,2023-04-01,Mexico,DFW,air,tissue cultures,propagative_material,18,10,180,False,0,0.0,12.0,2160.0
CON-20230618-5509,2023-06-18,Guatemala,IAH,land,seedlings,propagative_material,7,90,630,False,0,0.0,7.0,4410.0
CON-20230216-8550,2023-02-16,Ecuador,MIA,air,bulbs,propagative_material,14,35,490,False,0,0.0,2.0,980.0
CON-20230518-5908,2023-05-18,Guatemala,ORD,land,seeds,propagative_material,47,36,1692,False,0,0.0,14.0,23688.0
CON-20240430-3868,2024-04-30,Ecuador,LAX,air,roses,flower,11,57,627,False,0,0.0,,
CON-20230611-4756,2023-06-11,Mexico,LAX,air,seeds,propagative_material,10,63,630,False,0,0.0,6.0,3780.0
CON-20240722-4532,2024-07-22,Ethiopia,IAH,land,sunflowers,flower,11,86,946,False,0,0.0,,
CON-20240917-1328,2024-09-17,Guatemala,SEA,air,orchids,flower,21,43,903,False,0,0.0,,
CON-20240120-3077,2024-01-20,Kenya,SEA,maritime,chrysanthemums,flower,38,24,912,False,0,0.0,,
CON-20241218-3215,2024-12-18,Netherlands,ORD,land,tissue cultures,propagative_material,31,60,1860,False,0,0.0,2.0,3720.0
CON-20230826-9907,2023-08-26,Costa Rica,MIA,land,bulbs,propagative_material,4,75,300,False,0,0.0,3.0,900.0
CON-20230327-3231,2023-03-27,Kenya,IAH,land,chrysanthemums,flower,17,43,731,False,0,0.0,,
CON-20240517-9486,2024-05-17,Ecuador,JFK,maritime,bulbs,propagative_material,15,99,1485,False,0,0.0,5.0,7425.0
CON-20241011-5527,2024-10-11,Guatemala,LAX,maritime,seedlings,propagative_material,49,51,2499,False,0,0.0,11.0,27489.0
CON-20230128-3702,2023-01-28,Netherlands,JFK,air,saplings,propagative_material,47,13,611,False,0,0.0,19.0,11609.0
CON-20230714-1937,2023-07-14,Colombia,LAX,land,chrysanthemums,flower,29,78,2262,False,0,0.0,,
CON-20231117-5786,2023-11-17,Netherlands,MIA,maritime,chrysanthemums,flower,33,92,3036,False,0,0.0,,
CON-20240712-5705,2024-07-12,Ethiopia,MIA,air,tissue cultures,propagative_material,43,83,3569,False,0,0.0,16.0,57104.0
CON-20230629-9309,2023-06-29,Costa Rica,LAX,air,roses,flower,21,58,1218,False,0,0.0,,
CON-20230215-7191,2023-02-15,Mexico,BOS,air,seeds,propagative_material,43,43,1849,False,0,0.0,12.0,22188.0
CON-20240612-4863,2024-06-12,Israel,LAX,maritime,carnations,flower,26,58,1508,False,0,0.0,,
CON-20240607-6081,2024-06-07,Mexico,MIA,maritime,cuttings,propagative_material,24,94,2256,False,0,0.0,6.0,13536.0
CON-20230210-8537,2023-02-10,Mexico,JFK,land,roses,flower,27,36,972,False,0,0.0,,
CON-20241013-1769,2024-10-13,Israel,JFK,land,bulbs,propagative_material,5,17,85,False,0,0.0,4.0,340.0
CON-20230508-3907,2023-05-08,Mexico,ATL,land,cuttings,propagative_material,41,43,1763,False,0,0.0,18.0,31734.0
CON-20240612-2051,2024-06-12,Guatemala,BOS,air,grafts,propagative_material,46,34,1564,False,0,0.0,13.0,20332.0
CON-20241120-5835,2024-11-20,Ethiopia,ORD,air,bulbs,propagative_material,45,61,2745,False,0,0.0,6.0,16470.0
CON-20231101-3138,2023-11-01,Costa Rica,ATL,maritime,seeds,propagative_material,16,63,1008,False,0,0.0,12.0,12096.0
CON-20230417-7392,2023-04-17,Costa Rica,SEA,air,orchids,flower,6,69,414,False,0,0.0,,
CON-20231230-4753,2023-12-30,Ethiopia,SEA,air,orchids,flower,3,33,99,False,0,0.0,,
CON-20241130-8697,2024-11-30,Israel,DFW,land,cuttings,propagative_material,13,12,156,False,0,0.0,13.0,2028.0
CON-20231025-9207,2023-10-25,Ethiopia,SEA,maritime,saplings,propagative_material,15,23,345,False,0,0.0,17.0,5865.0
CON-20230518-5746,2023-05-18,Ecuador,ATL,maritime,roses,flower,44,98,4312,False,0,0.0,,
CON-20230729-9621,2023-07-29,Netherlands,ATL,air,bulbs,propagative_material,49,55,2695,False,0,0.0,9.0,24255.0
CON-20230816-8450,2023-08-16,Israel,LAX,maritime,saplings,propagative_material,7,21,147,False,0,0.0,17.0,2499.0
CON-20230219-4243,2023-02-19,Guatemala,LAX,land,bulbs,propagative_material,38,21,798,False,0,0.0,16.0,12768.0
CON-20241021-2258,2024-10-21,Kenya,MIA,maritime,lilies,flower,3,62,186,False,0,0.0,,
CON-20231202-9592,2023-12-02,Colombia,IAH,maritime,chrysanthemums,flower,30,74,2220,False,0,0.0,,
CON-20230802-7799,2023-08-02,Netherlands,JFK,air,saplings,propagative_material,2,85,170,False,0,0.0,4.0,680.0
CON-20240620-9148,2024-06-20,Costa Rica,MIA,land,bulbs,propagative_material,45,58,2610,False,0,0.0,9.0,23490.0
CON-20240301-6665,2024-03-01,Ethiopia,LAX,land,tissue cultures,propagative_material,44,37,1628,False,0,0.0,5.0,8140.0
CON-20240910-5699,2024-09-10,Netherlands,LAX,maritime,saplings,propagative_material,8,77,616,False,0,0.0,4.0,2464.0
CON-20230825-7672,2023-08-25,Costa Rica,ATL,air,sunflowers,flower,22,13,286,False,0,0.0,,
CON-20230611-4934,2023-06-11,Kenya,MIA,land,tissue cultures,propagative_material,39,74,2886,False,0,0.0,15.0,43290.0
CON-20240304-5816,2024-03-04,Ethiopia,DFW,maritime,seeds,propagative_material,17,14,238,False,0,0.0,5.0,1190.0
CON-20230213-7479,2023-02-13,Costa Rica,IAH,maritime,roses,flower,50,53,2650,False,0,0.0,,
CON-20230217-1294,2023-02-17,Mexico,SEA,land,seeds,propagative_material,48,26,1248,False,0,0.0,2.0,2496.0
CON-20230728-1446,2023-07-28,Kenya,JFK,land,daffodils,flower,26,87,2262,False,0,0.0,,
CON-20240411-3875,2024-04-11,Mexico,MIA,land,cuttings,propagative_material,48,37,1776,False,0,0.0,7.0,12432.0
CON-20230223-8950,2023-02-23,Ethiopia,DFW,maritime,carnations,flower,28,83,2324,False,0,0.0,,
CON-20230527-1660,2023-05-27,Mexico,IAH,land,tissue cultures,propagative_material,17,47,799,False,0,0.0,4.0,3196.0
CON-20230106-9660,2023-01-06,Kenya,ATL,land,lilies,flower,22,48,1056,False,0,0.0,,
CON-20230806-1874,2023-08-06,Ecuador,SEA,air,seedlings,propagative_material,24,88,2112,False,0,0.0,4.0,8448.0
CON-20241211-2062,2024-12-11,Israel,BOS,land,tissue cultures,propagative_material,4,74,296,False,0,0.0,10.0,2960.0
CON-20240408-7893,2024-04-08,Ethiopia,MIA,air,carnations,flower,26,86,2236,False,0,0.0,,
CON-20241019-6999,2024-10-19,Mexico,ATL,land,chrysanthemums,flower,34,47,1598,False,0,0.0,,
CON-20231205-4185,2023-12-05,Mexico,ORD,air,cuttings,propagative_material,2,74,148,False,0,0.0,6.0,888.0
CON-20230817-1897,2023-08-17,Kenya,LAX,air,carnations,flower,50,65,3250,False,0,0.0,,
CON-20240429-7843,2024-04-29,Mexico,JFK,land,grafts,propagative_material,41,25,1025,False,0,0.0,1.0,1025.0
CON-20230810-6927,2023-08-10,Guatemala,MIA,land,lilies,flower,34,87,2958,False,0,0.0,,
CON-20241104-7676,2024-11-04,Kenya,IAH,air,saplings,propagative_material,19,10,190,False,0,0.0,4.0,760.0
CON-20230131-3402,2023-01-31,Ecuador,SEA,maritime,grafts,propagative_material,38,55,2090,False,0,0.0,14.0,29260.0
CON-20240127-4549,2024-01-27,Ethiopia,LAX,land,tulips,flower,27,90,2430,False,0,0.0,,
CON-20240312-9659,2024-03-12,Netherlands,IAH,maritime,seedlings,propagative_material,44,28,1232,False,0,0.0,11.0,13552.0
CON-20230716-6091,2023-07-16,Israel,LAX,maritime,daffodils,flower,35,29,1015,False,0,0.0,,
CON-20230211-1016,2023-02-11,Costa Rica,ATL,land,saplings,propagative_material,11,71,781,False,0,0.0,1.0,781.0
CON-20240205-7343,2024-02-05,Costa Rica,SEA,land,chrysanthemums,flower,4,24,96,False,0,0.0,,
CON-20230325-1417,2023-03-25,Costa Rica,ORD,air,saplings,propagative_material,40,52,2080,False,0,0.0,2.0,4160.0
CON-20230227-6265,2023-02-27,Colombia,SEA,land,chrysanthemums,flower,19,90,1710,False,0,0.0,,
CON-20230701-3353,2023-07-01,Netherlands,BOS,maritime,saplings,propagative_material,38,66,2508,False,0,0.0,2.0,5016.0
CON-20231014-5612,2023-10-14,Israel,ORD,land,roses,flower,32,66,2112,False,0,0.0,,
CON-20240404-3247,2024-04-04,Mexico,MIA,air,seedlings,propagative_material,26,62,1612,False,0,0.0,12.0,19344.0
CON-20240518-2094,2024-05-18,Netherlands,IAH,air,daffodils,flower,4,30,120,False,0,0.0,,
CON-20240620-4802,2024-06-20,Ethiopia,JFK,maritime,chrysanthemums,flower,13,35,455,False,0,0.0,,
CON-20240102-9924,2024-01-02,Colombia,MIA,maritime,bulbs,propagative_material,23,61,1403,False,0,0.0,3.0,4209.0
CON-20230618-4585,2023-06-18,Guatemala,JFK,air,seeds,propagative_material,39,30,1170,True,2,0.0017094017094017094,14.0,16380.0
CON-20231122-6651,2023-11-22,Kenya,IAH,land,grafts,propagative_material,32,79,2528,False,0,0.0,13.0,32864.0
CON-20240403-1805,2024-04-03,Colombia,ORD,air,seedlings,propagative_material,35,47,1645,False,0,0.0,6.0,9870.0
CON-20240210-1866,2024-02-10,Israel,JFK,air,roses,flower,7,65,455,False,0,0.0,,
CON-20241129-3322,2024-11-29,Kenya,BOS,air,chrysanthemums,flower,26,70,1820,False,0,0.0,,
CON-20240609-2511,2024-06-09,Guatemala,BOS,land,bulbs,propagative_material,5,11,55,False,0,0.0,16.0,880.0
CON-20241005-9947,2024-10-05,Costa Rica,MIA,air,cuttings,propagative_material,34,63,2142,False,0,0.0,11.0,23562.0
CON-20240312-9442,2024-03-12,Guatemala,BOS,air,saplings,propagative_material,35,41,1435,False,0,0.0,6.0,8610.0
CON-20230130-1375,2023-01-30,Costa Rica,DFW,maritime,lilies,flower,37,67,2479,False,0,0.0,,
CON-20241013-2000,2024-10-13,Guatemala,IAH,land,daffodils,flower,44,25,1100,False,0,0.0,,
CON-20240219-7162,2024-02-19,Mexico,BOS,air,saplings,propagative_material,1,56,56,False,0,0.0,18.0,1008.0
CON-20230625-3608,2023-06-25,Ecuador,LAX,land,bulbs,propagative_material,41,54,2214,False,0,0.0,3.0,6642.0
CON-20231210-3463,2023-12-10,Mexico,DFW,air,chrysanthemums,flower,44,43,1892,False,0,0.0,,
CON-20230628-8482,2023-06-28,Colombia,IAH,land,tissue cultures,propagative_material,9,51,459,False,0,0.0,20.0,9180.0
CON-20240701-5731,2024-07-01,Netherlands,IAH,land,lilies,flower,28,89,2492,False,0,0.0,,
CON-20230510-4765,2023-05-10,Costa Rica,JFK,air,saplings,propagative_material,22,14,308,False,0,0.0,18.0,5544.0
CON-20231026-9391,2023-10-26,Mexico,ATL,land,cuttings,propagative_material,39,53,2067,False,0,0.0,18.0,37206.0
CON-20231222-8231,2023-12-22,Colombia,LAX,maritime,sunflowers,flower,49,14,686,False,0,0.0,,
CON-20230829-4059,2023-08-29,Colombia,DFW,air,sunflowers,flower,25,71,1775,False,0,0.0,,
CON-20240125-8559,2024-01-25,Netherlands,BOS,maritime,tissue cultures,propagative_material,5,90,450,False,0,0.0,16.0,7200.0
CON-20240708-9287,2024-07-08,Costa Rica,BOS,maritime,saplings,propagative_material,40,83,3320,False,0,0.0,16.0,53120.0
CON-20240612-9718,2024-06-12,Ecuador,MIA,maritime,grafts,propagative_material,48,14,672,False,0,0.0,11.0,7392.0
CON-20241020-5412,2024-10-20,Costa Rica,JFK,maritime,seedlings,propagative_material,41,40,1640,False,0,0.0,1.0,1640.0
CON-20240926-3045,2024-09-26,Israel,SEA,maritime,sunflowers,flower,37,14,518,False,0,0.0,,
CON-20230630-9578,2023-06-30,Ecuador,ATL,land,tulips,flower,18,42,756,False,0,0.0,,
CON-20240208-5040,2024-02-08,Mexico,BOS,land,bulbs,propagative_material,23,88,2024,False,0,0.0,5.0,10120.0
CON-20230816-3693,2023-08-16,Costa Rica,ATL,maritime,tissue cultures,propagative_material,37,23,851,False,0,0.0,9.0,7659.0
CON-20240629-3815,2024-06-29,Colombia,DFW,air,sunflowers,flower,12,53,636,False,0,0.0,,
CON-20230816-9265,2023-08-16,Mexico,ORD,land,tulips,flower,7,38,266,False,0,0.0,,
CON-20240205-5306,2024-02-05,Colombia,IAH,land,tulips,flower,2,92,184,False,0,0.0,,
CON-20230117-5287,2023-01-17,Mexico,IAH,maritime,sunflowers,flower,50,97,4850,False,0,0.0,,
CON-20231110-2854,2023-11-10,Kenya,JFK,air,seedlings,propagative_material,33,83,2739,False,0,0.0,16.0,43824.0
CON-20230723-6967,2023-07-23,Guatemala,MIA,air,lilies,flower,18,14,252,False,0,0.0,,
CON-20230401-6370,2023-04-01,Kenya,SEA,maritime,orchids,flower,30,23,690,False,0,0.0,,
CON-20230627-9593,2023-06-27,Kenya,LAX,air,lilies,flower,27,70,1890,False,0,0.0,,
CON-20240403-3452,2024-04-03,Colombia,ORD,maritime,roses,flower,2,89,178,False,0,0.0,,
CON-20230206-2999,2023-02-06,Colombia,ATL,air,carnations,flower,30,59,1770,False,0,0.0,,
CON-20230303-3126,2023-03-03,Costa Rica,BOS,land,saplings,propagative_material,31,10,310,False,0,0.0,8.0,2480.0
CON-20231223-8014,2023-12-23,Costa Rica,IAH,land,carnations,flower,9,52,468,False,0,0.0,,
CON-20240820-3745,2024-08-20,Mexico,JFK,maritime,sunflowers,flower,35,66,2310,False,0,0.0,,
CON-20231212-7913,2023-12-12,Ecuador,BOS,land,orchids,flower,35,90,3150,False,0,0.0,,
CON-20240920-2944,2024-09-20,Israel,DFW,land,carnations,flower,33,26,858,False,0,0.0,,
CON-20230127-6027,2023-01-27,Colombia,SEA,maritime,saplings,propagative_material,1,15,15,False,0,0.0,12.0,180.0
CON-20230831-2134,2023-08-31,Kenya,ORD,air,seedlings,propagative_material,8,51,408,False,0,0.0,7.0,2856.0
CON-20240507-3984,2024-05-07,Netherlands,DFW,maritime,tissue cultures,propagative_material,14,91,1274,False,0,0.0,4.0,5096.0
CON-20240616-9038,2024-06-16,Ethiopia,ATL,maritime,daffodils,flower,38,89,3382,False,0,0.0,,
CON-20230816-5795,2023-08-16,Ecuador,BOS,land,sunflowers,flower,41,66,2706,False,0,0.0,,
CON-20230107-7042,2023-01-07,Mexico,MIA,land,cuttings,propagative_material,33,100,3300,False,0,0.0,10.0,33000.0
CON-20230812-4119,2023-08-12,Kenya,LAX,land,seedlings,propagative_material,35,23,805,False,0,0.0,3.0,2415.0
CON-20230527-7179,2023-05-27,Ecuador,ORD,land,seedlings,propagative_material,20,89,1780,False,0,0.0,1.0,1780.0
CON-20240301-8588,2024-03-01,Colombia,IAH,air,sunflowers,flower,11,36,396,False,0,0.0,,
CON-20230619-8471,2023-06-19,Israel,JFK,land,daffodils,flower,34,100,3400,False,0,0.0,,
CON-20240506-5352,2024-05-06,Ecuador,MIA,maritime,tulips,flower,17,56,952,False,0,0.0,,
CON-20230608-8431,2023-06-08,Guatemala,MIA,maritime,cuttings,propagative_material,10,89,890,False,0,0.0,13.0,11570.0
CON-20230415-2981,2023-04-15,Costa Rica,ORD,land,roses,flower,36,33,1188,False,0,0.0,,
CON-20240413-4049,2024-04-13,Guatemala,MIA,air,bulbs,propagative_material,29,37,1073,False,0,0.0,1.0,1073.0
CON-20230608-7997,2023-06-08,Israel,MIA,air,seedlings,propagative_material,27,31,837,False,0,0.0,11.0,9207.0
CON-20240720-5006,2024-07-20,Colombia,ATL,air,bulbs,propagative_material,11,51,561,False,0,0.0,19.0,10659.0
CON-20240723-8586,2024-07-23,Costa Rica,ORD,maritime,orchids,flower,27,25,675,False,0,0.0,,
CON-20240207-5159,2024-02-07,Guatemala,ORD,air,lilies,flower,2,83,166,False,0,0.0,,
CON-20240402-2144,2024-04-02,Guatemala,LAX,air,roses,flower,12,83,996,False,0,0.0,,
CON-20230910-6355,2023-09-10,Ecuador,JFK,maritime,sunflowers,flower,47,24,1128,False,0,0.0,,
CON-20230906-2614,2023-09-06,Ecuador,IAH,land,bulbs,propagative_material,2,96,192,False,0,0.0,5.0,960.0
CON-20230225-9010,2023-02-25,Israel,SEA,land,bulbs,propagative_material,3,15,45,False,0,0.0,20.0,900.0
CON-20240602-7098,2024-06-02,Guatemala,IAH,land,tulips,flower,44,36,1584,False,0,0.0,,
CON-20230831-5556,2023-08-31,Costa Rica,DFW,air,roses,flower,49,15,735,False,0,0.0,,
CON-20241022-8540,2024-10-22,Ethiopia,ORD,maritime,saplings,propagative_material,37,83,3071,False,0,0.0,3.0,9213.0
CON-20240807-3743,2024-08-07,Israel,MIA,air,seeds,propagative_material,50,29,1450,False,0,0.0,19.0,27550.0
CON-20231107-9378,2023-11-07,Israel,JFK,air,grafts,propagative_material,18,93,1674,False,0,0.0,7.0,11718.0
CON-20240813-9189,2024-08-13,Netherlands,ORD,air,sunflowers,flower,6,36,216,False,0,0.0,,
CON-20240212-3578,2024-02-12,Colombia,LAX,air,seedlings,propagative_material,10,29,290,False,0,0.0,4.0,1160.0
CON-20241107-2462,2024-11-07,Guatemala,SEA,maritime,seeds,propagative_material,8,87,696,False,0,0.0,4.0,2784.0
CON-20230418-1522,2023-04-18,Colombia,SEA,maritime,bulbs,propagative_material,3,25,75,False,0,0.0,15.0,1125.0
CON-20240625-4507,2024-06-25,Ecuador,DFW,land,lilies,flower,13,89,1157,False,0,0.0,,
CON-20230717-3930,2023-07-17,Netherlands,ATL,land,daffodils,flower,22,36,792,False,0,0.0,,
CON-20230417-5660,2023-04-17,Guatemala,ATL,land,saplings,propagative_material,19,32,608,False,0,0.0,1.0,608.0
CON-20240621-3205,2024-06-21,Costa Rica,SEA,land,cuttings,propagative_material,1,83,83,False,0,0.0,5.0,415.0
CON-20230118-2081,2023-01-18,Ethiopia,SEA,air,seedlings,propagative_material,24,54,1296,False,0,0.0,1.0,1296.0
CON-20241212-8433,2024-12-12,Kenya,DFW,air,roses,flower,50,22,1100,False,0,0.0,,
CON-20230715-7346,2023-07-15,Colombia,MIA,maritime,tulips,flower,36,51,1836,False,0,0.0,,
CON-20230128-8894,2023-01-28,Ethiopia,MIA,air,chrysanthemums,flower,48,29,1392,False,0,0.0,,
CON-20240106-1988,2024-01-06,Netherlands,SEA,air,grafts,propagative_material,15,81,1215,False,0,0.0,6.0,7290.0
CON-20230329-3129,2023-03-29,Netherlands,BOS,land,daffodils,flower,38,12,456,False,0,0.0,,
CON-20241027-3598,2024-10-27,Ecuador,ATL,land,cuttings,propagative_material,21,43,903,False,0,0.0,1.0,903.0
CON-20230913-7644,2023-09-13,Kenya,ATL,air,seeds,propagative_material,2,88,176,False,0,0.0,16.0,2816.0
CON-20231112-6702,2023-11-12,Guatemala,DFW,maritime,cuttings,propagative_material,29,85,2465,False,0,0.0,12.0,29580.0
CON-20230910-5114,2023-09-10,Ethiopia,SEA,air,sunflowers,flower,7,27,189,False,0,0.0,,
CON-20230424-9424,2023-04-24,Guatemala,SEA,air,tissue cultures,propagative_material,4,25,100,False,0,0.0,4.0,400.0
CON-20240227-2474,2024-02-27,Netherlands,ORD,air,seeds,propagative_material,29,61,1769,False,0,0.0,16.0,28304.0
CON-20230213-2759,2023-02-13,Ecuador,SEA,land,tissue cultures,propagative_material,7,95,665,False,0,0.0,5.0,3325.0
CON-20241222-7694,2024-12-22,Netherlands,LAX,maritime,grafts,propagative_material,6,35,210,False,0,0.0,15.0,3150.0
CON-20240418-5714,2024-04-18,Colombia,ORD,air,cuttings,propagative_material,6,16,96,False,0,0.0,12.0,1152.0
CON-20231104-4220,2023-11-04,Costa Rica,ATL,maritime,saplings,propagative_material,26,32,832,False,0,0.0,1.0,832.0
CON-20231224-5157,2023-12-24,Netherlands,SEA,air,sunflowers,flower,28,100,2800,False,0,0.0,,
CON-20230504-4282,2023-05-04,Guatemala,JFK,air,cuttings,propagative_material,13,95,1235,False,0,0.0,20.0,24700.0
CON-20230918-2049,2023-09-18,Mexico,MIA,maritime,daffodils,flower,28,29,812,False,0,0.0,,
CON-20241217-7602,2024-12-17,Costa Rica,ORD,air,roses,flower,3,17,51,False,0,0.0,,
CON-20231115-1828,2023-11-15,Mexico,SEA,air,roses,flower,49,18,882,False,0,0.0,,
CON-20240423-5303,2024-04-23,Guatemala,BOS,land,cuttings,propagative_material,3,12,36,False,0,0.0,19.0,684.0
CON-20230311-2077,2023-03-11,Kenya,IAH,land,roses,flower,21,41,861,False,0,0.0,,
CON-20230919-9141,2023-09-19,Israel,MIA,air,saplings,propagative_material,38,48,1824,False,0,0.0,13.0,23712.0
CON-20230818-2970,2023-08-18,Costa Rica,BOS,land,bulbs,propagative_material,30,85,2550,False,0,0.0,14.0,35700.0
CON-20231027-8945,2023-10-27,Mexico,IAH,land,grafts,propagative_material,25,22,550,False,0,0.0,10.0,5500.0
CON-20240807-8158,2024-08-07,Netherlands,BOS,maritime,lilies,flower,15,32,480,False,0,0.0,,
CON-20241206-2097,2024-12-06,Ecuador,ORD,land,chrysanthemums,flower,40,67,2680,False,0,0.0,,
CON-20241107-8548,2024-11-07,Ethiopia,MIA,maritime,seeds,propagative_material,14,69,966,False,0,0.0,18.0,17388.0
CON-20240225-1449,2024-02-25,Ecuador,LAX,air,saplings,propagative_material,11,94,1034,False,0,0.0,9.0,9306.0
CON-20230829-8281,2023-08-29,Colombia,IAH,air,sunflowers,flower,10,24,240,False,0,0.0,,
CON-20241002-5260,2024-10-02,Netherlands,IAH,land,roses,flower,5,79,395,False,0,0.0,,
CON-20230614-4819,2023-06-14,Ethiopia,IAH,air,grafts,propagative_material,23,76,1748,False,0,0.0,19.0,33212.0
CON-20240324-5251,2024-03-24,Guatemala,IAH,maritime,tissue cultures,propagative_material,12,17,204,False,0,0.0,18.0,3672.0
CON-20231124-2394,2023-11-24,Netherlands,SEA,maritime,chrysanthemums,flower,12,34,408,False,0,0.0,,
CON-20241025-5430,2024-10-25,Ethiopia,SEA,air,bulbs,propagative_material,33,73,2409,False,0,0.0,6.0,14454.0
CON-20230604-8817,2023-06-04,Mexico,IAH,land,daffodils,flower,38,95,3610,False,0,0.0,,
CON-20240825-2448,2024-08-25,Netherlands,ATL,air,lilies,flower,46,25,1150,False,0,0.0,,
CON-20240313-8987,2024-03-13,Mexico,LAX,maritime,grafts,propagative_material,36,92,3312,False,0,0.0,10.0,33120.0
CON-20231208-7523,2023-12-08,Costa Rica,IAH,air,tulips,flower,7,68,476,False,0,0.0,,
CON-20230216-5073,2023-02-16,Ecuador,ATL,land,orchids,flower,40,58,2320,False,0,0.0,,
CON-20230930-3505,2023-09-30,Ethiopia,SEA,air,orchids,flower,10,18,180,False,0,0.0,,
CON-20240131-7662,2024-01-31,Costa Rica,DFW,air,bulbs,propagative_material,23,84,1932,False,0,0.0,9.0,17388.0
CON-20230101-9221,2023-01-01,Costa Rica,IAH,air,cuttings,propagative_material,35,61,2135,False,0,0.0,8.0,17080.0
CON-20230922-2116,2023-09-22,Netherlands,SEA,air,sunflowers,flower,10,77,770,False,0,0.0,,
CON-20230306-2850,2023-03-06,Mexico,JFK,land,cuttings,propagative_material,5,37,185,False,0,0.0,19.0,3515.0
CON-20240906-4495,2024-09-06,Kenya,DFW,land,saplings,propagative_material,14,62,868,False,0,0.0,16.0,13888.0
CON-20230711-2546,2023-07-11,Mexico,JFK,maritime,seeds,propagative_material,17,51,867,False,0,0.0,13.0,11271.0
CON-20240104-2595,2024-01-04,Israel,JFK,air,orchids,flower,32,28,896,False,0,0.0,,
CON-20230202-7822,2023-02-02,Mexico,DFW,land,seedlings,propagative_material,19,45,855,False,0,0.0,13.0,11115.0
CON-20240510-9818,2024-05-10,Colombia,BOS,land,saplings,propagative_material,34,26,884,False,0,0.0,19.0,16796.0
CON-20240708-3383,2024-07-08,Costa Rica,JFK,land,saplings,propagative_material,26,69,1794,False,0,0.0,4.0,7176.0
CON-20231005-7463,2023-10-05,Ethiopia,LAX,maritime,chrysanthemums,flower,15,51,765,False,0,0.0,,
CON-20240308-8214,2024-03-08,Mexico,ATL,land,seedlings,propagative_material,38,60,2280,False,0,0.0,10.0,22800.0
CON-20231116-6137,2023-11-16,Costa Rica,SEA,land,cuttings,propagative_material,22,85,1870,False,0,0.0,2.0,3740.0
CON-20230519-5036,2023-05-19,Colombia,LAX,land,seeds,propagative_material,44,71,3124,False,0,0.0,13.0,40612.0
CON-20230314-4720,2023-03-14,Netherlands,DFW,air,chrysanthemums,flower,28,97,2716,False,0,0.0,,
CON-20230801-3060,2023-08-01,Costa Rica,IAH,maritime,tulips,flower,16,62,992,False,0,0.0,,
CON-20230924-1125,2023-09-24,Colombia,IAH,land,tulips,flower,39,17,663,False,0,0.0,,
CON-20241102-5099,2024-11-02,Netherlands,JFK,land,carnations,flower,20,77,1540,False,0,0.0,,
CON-20240121-8067,2024-01-21,Ecuador,JFK,maritime,orchids,flower,48,81,3888,False,0,0.0,,
CON-20231201-6091,2023-12-01,Guatemala,SEA,air,orchids,flower,11,11,121,False,0,0.0,,
CON-20240516-6054,2024-05-16,Israel,SEA,maritime,tulips,flower,35,13,455,False,0,0.0,,
CON-20240602-7054,2024-06-02,Israel,ORD,air,grafts,propagative_material,9,41,369,False,0,0.0,9.0,3321.0
CON-20241010-1887,2024-10-10,Mexico,SEA,air,saplings,propagative_material,27,53,1431,False,0,0.0,4.0,5724.0
CON-20240914-7971,2024-09-14,Mexico,DFW,land,lilies,flower,4,11,44,False,0,0.0,,
CON-20230629-8837,2023-06-29,Ecuador,MIA,air,cuttings,propagative_material,12,67,804,False,0,0.0,16.0,12864.0
CON-20231120-5602,2023-11-20,Ethiopia,SEA,air,grafts,propagative_material,2,23,46,False,0,0.0,4.0,184.0
CON-20230915-9458,2023-09-15,Colombia,DFW,land,roses,flower,1,78,78,True,8,0.10256410256410256,,
CON-20240521-6871,2024-05-21,Mexico,BOS,land,bulbs,propagative_material,6,32,192,False,0,0.0,15.0,2880.0
CON-20230519-2247,2023-05-19,Netherlands,ATL,maritime,orchids,flower,11,91,1001,False,0,0.0,,
CON-20230224-8843,2023-02-24,Ecuador,LAX,air,tissue cultures,propagative_material,17,39,663,False,0,0.0,11.0,7293.0
CON-20241214-3765,2024-12-14,Kenya,SEA,maritime,roses,flower,30,80,2400,False,0,0.0,,
CON-20230629-4810,2023-06-29,Israel,ATL,land,carnations,flower,8,95,760,False,0,0.0,,
CON-20240106-5169,2024-01-06,Costa Rica,DFW,maritime,roses,flower,3,96,288,False,0,0.0,,
CON-20241029-2256,2024-10-29,Ethiopia,DFW,maritime,tulips,flower,48,28,1344,False,0,0.0,,
CON-20230607-9048,2023-06-07,Colombia,MIA,air,orchids,flower,50,78,3900,False,0,0.0,,
CON-20240212-3725,2024-02-12,Colombia,BOS,maritime,bulbs,propagative_material,43,47,2021,False,0,0.0,16.0,32336.0
CON-20240722-1206,2024-07-22,Ecuador,JFK,air,carnations,flower,5,70,350,False,0,0.0,,
CON-20240913-4184,2024-09-13,Costa Rica,JFK,air,lilies,flower,3,42,126,False,0,0.0,,
CON-20230824-6423,2023-08-24,Netherlands,SEA,land,carnations,flower,18,89,1602,False,0,0.0,,
CON-20230206-9276,2023-02-06,Kenya,ATL,air,tissue cultures,propagative_material,5,60,300,False,0,0.0,10.0,3000.0
CON-20231220-6889,2023-12-20,Costa Rica,LAX,maritime,cuttings,propagative_material,17,42,714,False,0,0.0,9.0,6426.0
CON-20240628-8784,2024-06-28,Ethiopia,SEA,air,saplings,propagative_material,35,56,1960,False,0,0.0,20.0,39200.0
CON-20240719-6251,2024-07-19,Kenya,BOS,land,seeds,propagative_material,42,97,4074,False,0,0.0,8.0,32592.0
CON-20240412-9645,2024-04-12,Colombia,MIA,land,daffodils,flower,40,82,3280,False,0,0.0,,
CON-20240905-3176,2024-09-05,Costa Rica,MIA,land,cuttings,propagative_material,21,71,1491,False,0,0.0,16.0,23856.0
CON-20241128-2467,2024-11-28,Colombia,ATL,maritime,cuttings,propagative_material,25,39,975,False,0,0.0,20.0,19500.0
CON-20230916-4709,2023-09-16,Costa Rica,SEA,land,cuttings,propagative_material,9,36,324,False,0,0.0,19.0,6156.0
CON-20230830-9191,2023-08-30,Guatemala,MIA,land,tissue cultures,propagative_material,7,29,203,False,0,0.0,1.0,203.0
CON-20230804-4474,2023-08-04,Mexico,MIA,land,tissue cultures,propagative_material,33,16,528,False,0,0.0,6.0,3168.0
CON-20230430-1266,2023-04-30,Ecuador,LAX,air,bulbs,propagative_material,15,32,480,False,0,0.0,3.0,1440.0
CON-20240320-8878,2024-03-20,Costa Rica,SEA,maritime,chrysanthemums,flower,3,13,39,False,0,0.0,,
CON-20240714-2522,2024-07-14,Mexico,LAX,air,saplings,propagative_material,19,34,646,False,0,0.0,10.0,6460.0
CON-20231024-1776,2023-10-24,Netherlands,ORD,land,lilies,flower,42,20,840,False,0,0.0,,
CON-20240717-6183,2024-07-17,Guatemala,ATL,maritime,bulbs,propagative_material,21,49,1029,False,0,0.0,4.0,4116.0
CON-20230118-5570,2023-01-18,Netherlands,JFK,air,daffodils,flower,12,10,120,False,0,0.0,,
CON-20230318-7388,2023-03-18,Israel,SEA,maritime,roses,flower,45,15,675,False,0,0.0,,
CON-20230317-2417,2023-03-17,Mexico,ATL,air,seedlings,propagative_material,26,57,1482,False,0,0.0,3.0,4446.0
CON-20240402-5405,2024-04-02,Kenya,ATL,air,chrysanthemums,flower,26,88,2288,False,0,0.0,,
CON-20240921-8043,2024-09-21,Guatemala,JFK,land,cuttings,propagative_material,50,81,4050,False,0,0.0,14.0,56700.0
CON-20240721-7639,2024-07-21,Costa Rica,ORD,maritime,grafts,propagative_material,35,82,2870,False,0,0.0,6.0,17220.0
CON-20240624-2938,2024-06-24,Mexico,BOS,air,tissue cultures,propagative_material,28,81,2268,False,0,0.0,16.0,36288.0
CON-20230316-6947,2023-03-16,Costa Rica,BOS,land,roses,flower,24,85,2040,False,0,0.0,,
CON-20240410-1364,2024-04-10,Guatemala,LAX,land,roses,flower,45,86,3870,False,0,0.0,,
CON-20241219-4060,2024-12-19,Colombia,MIA,maritime,sunflowers,flower,41,76,3116,False,0,0.0,,
CON-20230322-2193,2023-03-22,Mexico,JFK,maritime,saplings,propagative_material,37,57,2109,False,0,0.0,15.0,31635.0
CON-20231118-2478,2023-11-18,Israel,DFW,land,grafts,propagative_material,32,68,2176,False,0,0.0,5.0,10880.0
CON-20240908-3370,2024-09-08,Guatemala,ATL,maritime,saplings,propagative_material,5,22,110,False,0,0.0,9.0,990.0
CON-20240322-8823,2024-03-22,Colombia,SEA,air,carnations,flower,11,28,308,False,0,0.0,,
CON-20230318-7003,2023-03-18,Israel,IAH,land,roses,flower,46,43,1978,False,0,0.0,,
CON-20240720-1743,2024-07-20,Ethiopia,MIA,air,orchids,flower,24,72,1728,False,0,0.0,,
CON-20230510-7015,2023-05-10,Israel,SEA,land,saplings,propagative_material,37,28,1036,False,0,0.0,16.0,16576.0
CON-20230220-6606,2023-02-20,Netherlands,JFK,land,seedlings,propagative_material,26,38,988,False,0,0.0,14.0,13832.0
CON-20230625-8700,2023-06-25,Ethiopia,JFK,maritime,saplings,propagative_material,9,45,405,False,0,0.0,6.0,2430.0
CON-20240917-9522,2024-09-17,Costa Rica,MIA,land,orchids,flower,1,17,17,False,0,0.0,,
CON-20241206-7876,2024-12-06,Costa Rica,MIA,air,sunflowers,flower,16,21,336,False,0,0.0,,
CON-20240118-1966,2024-01-18,Colombia,SEA,land,grafts,propagative_material,5,17,85,False,0,0.0,3.0,255.0
CON-20240917-2411,2024-09-17,Colombia,DFW,air,saplings,propagative_material,30,23,690,False,0,0.0,11.0,7590.0
CON-20230214-3230,2023-02-14,Ecuador,SEA,air,lilies,flower,29,16,464,False,0,0.0,,
CON-20240418-1240,2024-04-18,Kenya,JFK,air,saplings,propagative_material,28,85,2380,False,0,0.0,1.0,2380.0
CON-20241031-6361,2024-10-31,Guatemala,ATL,land,tissue cultures,propagative_material,37,49,1813,False,0,0.0,10.0,18130.0
CON-20240618-7752,2024-06-18,Kenya,MIA,land,daffodils,flower,38,81,3078,False,0,0.0,,
CON-20230921-2443,2023-09-21,Israel,MIA,land,sunflowers,flower,50,24,1200,False,0,0.0,,
CON-20230727-6444,2023-07-27,Costa Rica,MIA,maritime,chrysanthemums,flower,14,19,266,False,0,0.0,,
CON-20240728-5862,2024-07-28,Netherlands,MIA,maritime,lilies,flower,44,33,1452,False,0,0.0,,
CON-20230920-7645,2023-09-20,Kenya,DFW,maritime,cuttings,propagative_material,10,63,630,False,0,0.0,9.0,5670.0
CON-20240315-5118,2024-03-15,Costa Rica,SEA,air,lilies,flower,38,80,3040,False,0,0.0,,
CON-20230719-5881,2023-07-19,Ethiopia,IAH,land,carnations,flower,21,39,819,False,0,0.0,,
CON-20230218-5533,2023-02-18,Mexico,MIA,land,tulips,flower,4,67,268,False,0,0.0,,
CON-20240404-3612,2024-04-04,Netherlands,SEA,maritime,tulips,flower,6,56,336,False,0,0.0,,
CON-20230110-9083,2023-01-10,Kenya,MIA,land,tissue cultures,propagative_material,22,51,1122,False,0,0.0,10.0,11220.0
CON-20230413-2552,2023-04-13,Netherlands,LAX,air,seeds,propagative_material,30,74,2220,False,0,0.0,20.0,44400.0
CON-20231030-3755,2023-10-30,Netherlands,MIA,maritime,daffodils,flower,4,97,388,False,0,0.0,,
CON-20240927-2362,2024-09-27,Netherlands,SEA,land,lilies,flower,21,44,924,False,0,0.0,,
CON-20241113-6854,2024-11-13,Ecuador,JFK,air,bulbs,propagative_material,29,50,1450,False,0,0.0,2.0,2900.0
CON-20241217-3999,2024-12-17,Netherlands,MIA,maritime,seeds,propagative_material,21,24,504,False,0,0.0,12.0,6048.0
CON-20240924-9066,2024-09-24,Ethiopia,BOS,land,roses,flower,29,46,1334,False,0,0.0,,
CON-20230715-6797,2023-07-15,Colombia,BOS,land,grafts,propagative_material,39,80,3120,False,0,0.0,19.0,59280.0
CON-20241113-4542,2024-11-13,Israel,JFK,air,seeds,propagative_material,1,60,60,False,0,0.0,10.0,600.0
CON-20240815-1514,2024-08-15,Netherlands,ORD,land,seeds,propagative_material,18,54,972,False,0,0.0,7.0,6804.0
CON-20240918-2536,2024-09-18,Mexico,JFK,land,chrysanthemums,flower,5,79,395,False,0,0.0,,
CON-20240923-4991,2024-09-23,Kenya,DFW,land,tissue cultures,propagative_material,23,54,1242,False,0,0.0,12.0,14904.0
CON-20240106-8977,2024-01-06,Israel,MIA,air,chrysanthemums,flower,3,17,51,False,0,0.0,,
CON-20240807-8196,2024-08-07,Netherlands,JFK,maritime,roses,flower,5,79,395,False,0,0.0,,
CON-20241213-3053,2024-12-13,Guatemala,ATL,air,grafts,propagative_material,33,44,1452,False,0,0.0,7.0,10164.0
CON-20240817-8511,2024-08-17,Kenya,ATL,maritime,lilies,flower,2,10,20,False,0,0.0,,
CON-20231202-1181,2023-12-02,Mexico,MIA,maritime,bulbs,propagative_material,11,91,1001,False,0,0.0,3.0,3003.0
CON-20231117-8526,2023-11-17,Guatemala,ORD,maritime,carnations,flower,26,33,858,False,0,0.0,,
CON-20240819-3448,2024-08-19,Costa Rica,ATL,air,seedlings,propagative_material,12,94,1128,False,0,0.0,8.0,9024.0
CON-20230408-7910,2023-04-08,Kenya,ATL,maritime,seeds,propagative_material,48,14,672,False,0,0.0,2.0,1344.0
CON-20241014-2911,2024-10-14,Israel,ORD,air,orchids,flower,16,11,176,False,0,0.0,,
CON-20240330-5613,2024-03-30,Colombia,SEA,maritime,saplings,propagative_material,9,88,792,False,0,0.0,11.0,8712.0
CON-20240723-7938,2024-07-23,Guatemala,DFW,land,tulips,flower,37,33,1221,False,0,0.0,,
CON-20230217-3935,2023-02-17,Ethiopia,MIA,maritime,saplings,propagative_material,16,63,1008,False,0,0.0,1.0,1008.0
CON-20231229-1404,2023-12-29,Ecuador,BOS,maritime,seeds,propagative_material,17,69,1173,False,0,0.0,20.0,23460.0
CON-20230428-1100,2023-04-28,Ecuador,JFK,maritime,saplings,propagative_material,23,30,690,False,0,0.0,6.0,4140.0
CON-20230622-6776,2023-06-22,Kenya,SEA,land,seedlings,propagative_material,39,94,3666,False,0,0.0,17.0,62322.0
CON-20240515-2743,2024-05-15,Colombia,IAH,land,seedlings,propagative_material,24,82,1968,False,0,0.0,4.0,7872.0
CON-20240702-6127,2024-07-02,Costa Rica,SEA,air,tulips,flower,36,80,2880,False,0,0.0,,
CON-20241221-1824,2024-12-21,Guatemala,BOS,air,grafts,propagative_material,36,76,2736,False,0,0.0,11.0,30096.0
CON-20241217-3532,2024-12-17,Kenya,BOS,land,seeds,propagative_material,36,58,2088,False,0,0.0,17.0,35496.0
CON-20231010-9419,2023-10-10,Guatemala,MIA,land,orchids,flower,4,94,376,False,0,0.0,,
CON-20240503-5825,2024-05-03,Ecuador,MIA,land,seeds,propagative_material,4,32,128,False,0,0.0,18.0,2304.0
CON-20241109-8983,2024-11-09,Ecuador,ORD,air,seeds,propagative_material,17,21,357,False,0,0.0,9.0,3213.0
CON-20240621-4215,2024-06-21,Kenya,MIA,land,seeds,propagative_material,27,56,1512,False,0,0.0,1.0,1512.0
CON-20230206-3149,2023-02-06,Ecuador,JFK,air,seeds,propagative_material,18,99,1782,False,0,0.0,5.0,8910.0
CON-20230511-3140,2023-05-11,Guatemala,BOS,maritime,bulbs,propagative_material,24,34,816,False,0,0.0,17.0,13872.0
CON-20230218-6643,2023-02-18,Colombia,SEA,maritime,orchids,flower,26,35,910,True,1,0.001098901098901099,,
CON-20240415-4674,2024-04-15,Kenya,BOS,maritime,daffodils,flower,38,22,836,False,0,0.0,,
CON-20230124-2212,2023-01-24,Ecuador,LAX,land,tissue cultures,propagative_material,6,63,378,False,0,0.0,16.0,6048.0
CON-20230211-1477,2023-02-11,Ethiopia,SEA,land,tissue cultures,propagative_material,48,77,3696,False,0,0.0,9.0,33264.0
CON-20230310-4326,2023-03-10,Kenya,IAH,maritime,daffodils,flower,11,29,319,False,0,0.0,,
CON-20230115-7843,2023-01-15,Colombia,SEA,maritime,cuttings,propagative_material,26,81,2106,False,0,0.0,13.0,27378.0
CON-20230828-7450,2023-08-28,Guatemala,JFK,maritime,carnations,flower,6,83,498,False,0,0.0,,
CON-20231107-8069,2023-11-07,Israel,DFW,air,orchids,flower,20,93,1860,False,0,0.0,,
CON-20231110-1139,2023-11-10,Mexico,ORD,land,seedlings,propagative_material,15,82,1230,False,0,0.0,10.0,12300.0
CON-20230714-2924,2023-07-14,Mexico,MIA,maritime,saplings,propagative_material,11,59,649,False,0,0.0,3.0,1947.0
CON-20230810-6252,2023-08-10,Ethiopia,MIA,maritime,carnations,flower,48,53,2544,False,0,0.0,,
CON-20241126-2607,2024-11-26,Ethiopia,MIA,air,tissue cultures,propagative_material,48,73,3504,False,0,0.0,20.0,70080.0
CON-20230903-7230,2023-09-03,Mexico,MIA,land,chrysanthemums,flower,43,86,3698,False,0,0.0,,
CON-20240727-4058,2024-07-27,Ethiopia,ORD,air,lilies,flower,9,46,414,False,0,0.0,,
CON-20240628-1569,2024-06-28,Israel,JFK,maritime,bulbs,propagative_material,16,43,688,False,0,0.0,8.0,5504.0
CON-20240110-5375,2024-01-10,Colombia,LAX,land,daffodils,flower,2,57,114,False,0,0.0,,
CON-20240204-5395,2024-02-04,Israel,BOS,land,sunflowers,flower,22,68,1496,False,0,0.0,,
CON-20230903-5437,2023-09-03,Israel,ORD,maritime,tulips,flower,37,70,2590,False,0,0.0,,
CON-20240831-3072,2024-08-31,Mexico,SEA,land,chrysanthemums,flower,28,36,1008,False,0,0.0,,
CON-20231020-6440,2023-10-20,Colombia,MIA,maritime,roses,flower,35,99,3465,False,0,0.0,,
CON-20231216-7081,2023-12-16,Ethiopia,IAH,air,saplings,propagative_material,26,86,2236,False,0,0.0,19.0,42484.0
CON-20240402-5524,2024-04-02,Mexico,SEA,maritime,seeds,propagative_material,16,11,176,False,0,0.0,5.0,880.0
CON-20240825-5684,2024-08-25,Kenya,DFW,land,cuttings,propagative_material,12,59,708,False,0,0.0,2.0,1416.0
CON-20230720-5931,2023-07-20,Ethiopia,IAH,land,saplings,propagative_material,11,63,693,False,0,0.0,11.0,7623.0
CON-20230227-4702,2023-02-27,Ethiopia,ORD,land,daffodils,flower,15,94,1410,False,0,0.0,,
CON-20240630-3327,2024-06-30,Colombia,JFK,air,grafts,propagative_material,34,55,1870,False,0,0.0,4.0,7480.0
CON-20240716-4426,2024-07-16,Colombia,DFW,land,chrysanthemums,flower,36,45,1620,False,0,0.0,,
CON-20230630-9160,2023-06-30,Israel,ATL,land,sunflowers,flower,17,44,748,False,0,0.0,,
CON-20230718-9667,2023-07-18,Netherlands,LAX,maritime,saplings,propagative_material,42,96,4032,False,0,0.0,14.0,56448.0
CON-20240331-6307,2024-03-31,Israel,MIA,air,sunflowers,flower,9,83,747,False,0,0.0,,
CON-20240424-1764,2024-04-24,Mexico,ORD,air,seeds,propagative_material,18,17,306,False,0,0.0,12.0,3672.0
CON-20230306-1747,2023-03-06,Ecuador,BOS,land,cuttings,propagative_material,21,93,1953,False,0,0.0,2.0,3906.0
CON-20241129-6239,2024-11-29,Netherlands,MIA,maritime,seedlings,propagative_material,9,18,162,False,0,0.0,15.0,2430.0
CON-20230128-4565,2023-01-28,Kenya,LAX,maritime,lilies,flower,37,98,3626,False,0,0.0,,
CON-20241211-4245,2024-12-11,Mexico,IAH,land,grafts,propagative_material,11,14,154,False,0,0.0,13.0,2002.0
CON-20230607-4055,2023-06-07,Israel,DFW,land,carnations,flower,47,13,611,False,0,0.0,,
CON-20230511-4844,2023-05-11,Guatemala,ORD,maritime,tulips,flower,43,97,4171,False,0,0.0,,
CON-20241017-9555,2024-10-17,Ecuador,MIA,air,lilies,flower,45,88,3960,False,0,0.0,,
CON-20240108-7934,2024-01-08,Ecuador,JFK,maritime,lilies,flower,23,38,874,False,0,0.0,,
CON-20231225-8522,2023-12-25,Mexico,LAX,land,grafts,propagative_material,26,21,546,False,0,0.0,2.0,1092.0
CON-20240913-4275,2024-09-13,Costa Rica,MIA,maritime,chrysanthemums,flower,49,74,3626,False,0,0.0,,
CON-20230115-4641,2023-01-15,Mexico,JFK,air,chrysanthemums,flower,10,60,600,False,0,0.0,,
CON-20230707-8122,2023-07-07,Costa Rica,IAH,land,saplings,propagative_material,32,95,3040,False,0,0.0,9.0,27360.0
CON-20240504-4437,2024-05-04,Costa Rica,ATL,maritime,cuttings,propagative_material,29,43,1247,False,0,0.0,7.0,8729.0
CON-20241230-3522,2024-12-30,Ecuador,MIA,air,seedlings,propagative_material,7,87,609,False,0,0.0,12.0,7308.0
CON-20241111-7177,2024-11-11,Costa Rica,MIA,land,bulbs,propagative_material,47,55,2585,False,0,0.0,6.0,15510.0
CON-20241102-8844,2024-11-02,Israel,ORD,maritime,grafts,propagative_material,16,91,1456,False,0,0.0,8.0,11648.0
CON-20230226-4871,2023-02-26,Colombia,LAX,land,daffodils,flower,44,72,3168,False,0,0.0,,
CON-20231119-6307,2023-11-19,Netherlands,BOS,land,saplings,propagative_material,36,49,1764,False,0,0.0,5.0,8820.0
CON-20240130-5699,2024-01-30,Netherlands,LAX,air,grafts,propagative_material,43,17,731,False,0,0.0,13.0,9503.0
CON-20240110-1737,2024-01-10,Kenya,BOS,land,chrysanthemums,flower,21,45,945,False,0,0.0,,
CON-20240805-7034,2024-08-05,Israel,DFW,maritime,saplings,propagative_material,12,90,1080,False,0,0.0,3.0,3240.0
CON-20230321-7159,2023-03-21,Mexico,ATL,air,tulips,flower,28,44,1232,True,2,0.0016233766233766235,,
CON-20240714-1008,2024-07-14,Kenya,DFW,maritime,tulips,flower,12,17,204,False,0,0.0,,
CON-20230622-9128,2023-06-22,Ecuador,JFK,maritime,carnations,flower,43,11,473,False,0,0.0,,
CON-20241108-4991,2024-11-08,Colombia,MIA,land,bulbs,propagative_material,20,19,380,False,0,0.0,14.0,5320.0
CON-20240803-8775,2024-08-03,Mexico,BOS,land,daffodils,flower,3,82,246,False,0,0.0,,
CON-20240312-4037,2024-03-12,Kenya,LAX,air,sunflowers,flower,15,20,300,False,0,0.0,,
CON-20240203-9690,2024-02-03,Ecuador,BOS,land,grafts,propagative_material,22,99,2178,False,0,0.0,18.0,39204.0
CON-20231227-6058,2023-12-27,Guatemala,IAH,maritime,saplings,propagative_material,41,36,1476,False,0,0.0,7.0,10332.0
CON-20240127-6486,2024-01-27,Colombia,LAX,land,orchids,flower,13,13,169,False,0,0.0,,
CON-20230529-1385,2023-05-29,Ecuador,ORD,air,bulbs,propagative_material,8,85,680,False,0,0.0,12.0,8160.0
CON-20231017-1019,2023-10-17,Guatemala,SEA,maritime,orchids,flower,31,10,310,False,0,0.0,,
CON-20240420-8131,2024-04-20,Ecuador,SEA,land,orchids,flower,20,79,1580,False,0,0.0,,
CON-20240809-4298,2024-08-09,Guatemala,SEA,maritime,sunflowers,flower,20,21,420,False,0,0.0,,
CON-20241208-5002,2024-12-08,Mexico,DFW,maritime,cuttings,propagative_material,22,14,308,False,0,0.0,12.0,3696.0
CON-20230723-7989,2023-07-23,Israel,ORD,maritime,tissue cultures,propagative_material,48,59,2832,False,0,0.0,20.0,56640.0
CON-20230322-7228,2023-03-22,Ecuador,BOS,maritime,seedlings,propagative_material,37,93,3441,False,0,0.0,8.0,27528.0
CON-20241212-6730,2024-12-12,Israel,ORD,air,sunflowers,flower,47,11,517,False,0,0.0,,
CON-20230614-4846,2023-06-14,Colombia,MIA,land,daffodils,flower,44,36,1584,False,0,0.0,,
CON-20231024-8120,2023-10-24,Colombia,DFW,land,daffodils,flower,23,46,1058,False,0,0.0,,
CON-20230926-2195,2023-09-26,Kenya,ATL,maritime,lilies,flower,20,100,2000,False,0,0.0,,
CON-20240806-5234,2024-08-06,Ethiopia,LAX,maritime,saplings,propagative_material,39,41,1599,False,0,0.0,9.0,14391.0
CON-20240811-3807,2024-08-11,Guatemala,ATL,air,daffodils,flower,17,12,204,False,0,0.0,,
CON-20240830-4580,2024-08-30,Ecuador,ORD,air,daffodils,flower,9,87,783,False,0,0.0,,
CON-20231004-8299,2023-10-04,Costa Rica,IAH,land,bulbs,propagative_material,11,23,253,False,0,0.0,5.0,1265.0
CON-20240505-9496,2024-05-05,Netherlands,MIA,air,grafts,propagative_material,21,48,1008,False,0,0.0,12.0,12096.0
CON-20241227-3161,2024-12-27,Kenya,ATL,land,tulips,flower,22,70,1540,False,0,0.0,,
CON-20230111-5987,2023-01-11,Ecuador,JFK,air,cuttings,propagative_material,18,82,1476,False,0,0.0,13.0,19188.0
CON-20240917-6828,2024-09-17,Colombia,MIA,land,tissue cultures,propagative_material,4,13,52,False,0,0.0,4.0,208.0
CON-20240417-7416,2024-04-17,Ecuador,LAX,air,daffodils,flower,23,77,1771,False,0,0.0,,
CON-20231212-2292,2023-12-12,Kenya,DFW,land,roses,flower,36,65,2340,False,0,0.0,,
CON-20241223-7497,2024-12-23,Kenya,LAX,maritime,orchids,flower,13,43,559,False,0,0.0,,
CON-20230316-4353,2023-03-16,Mexico,ORD,air,tissue cultures,propagative_material,36,57,2052,False,0,0.0,10.0,20520.0
CON-20230611-5796,2023-06-11,Ecuador,ORD,maritime,seeds,propagative_material,16,34,544,False,0,0.0,6.0,3264.0
CON-20241102-7810,2024-11-02,Ethiopia,SEA,air,seeds,propagative_material,20,39,780,False,0,0.0,17.0,13260.0
CON-20230203-1821,2023-02-03,Mexico,IAH,air,carnations,flower,37,45,1665,False,0,0.0,,
CON-20241109-4085,2024-11-09,Ecuador,LAX,land,sunflowers,flower,19,18,342,False,0,0.0,,
CON-20231123-7006,2023-11-23,Netherlands,ATL,air,bulbs,propagative_material,15,78,1170,False,0,0.0,2.0,2340.0
CON-20240916-6517,2024-09-16,Ecuador,MIA,land,daffodils,flower,26,53,1378,False,0,0.0,,
CON-20230517-3202,2023-05-17,Ecuador,ORD,air,tissue cultures,propagative_material,15,11,165,False,0,0.0,11.0,1815.0
CON-20230729-7689,2023-07-29,Mexico,LAX,air,bulbs,propagative_material,2,38,76,False,0,0.0,15.0,1140.0
CON-20241209-1175,2024-12-09,Guatemala,LAX,land,seedlings,propagative_material,28,68,1904,False,0,0.0,15.0,28560.0
CON-20240916-7065,2024-09-16,Mexico,MIA,maritime,tulips,flower,16,17,272,False,0,0.0,,
CON-20230627-8989,2023-06-27,Kenya,JFK,air,seedlings,propagative_material,38,81,3078,False,0,0.0,6.0,18468.0
CON-20231005-2115,2023-10-05,Kenya,JFK,air,seeds,propagative_material,9,79,711,False,0,0.0,19.0,13509.0
CON-20230616-7116,2023-06-16,Netherlands,LAX,maritime,seedlings,propagative_material,9,47,423,False,0,0.0,2.0,846.0
CON-20241107-9113,2024-11-07,Guatemala,SEA,maritime,chrysanthemums,flower,31,92,2852,False,0,0.0,,
CON-20230419-9873,2023-04-19,Israel,ATL,maritime,cuttings,propagative_material,4,59,236,False,0,0.0,8.0,1888.0
CON-20241124-2050,2024-11-24,Costa Rica,BOS,air,carnations,flower,22,74,1628,False,0,0.0,,
CON-20240905-7458,2024-09-05,Ecuador,MIA,maritime,saplings,propagative_material,38,98,3724,False,0,0.0,18.0,67032.0
CON-20230531-2250,2023-05-31,Ethiopia,ATL,land,grafts,propagative_material,16,90,1440,False,0,0.0,6.0,8640.0
CON-20230330-1687,2023-03-30,Colombia,MIA,air,seeds,propagative_material,34,68,2312,False,0,0.0,8.0,18496.0
CON-20240920-8941,2024-09-20,Israel,IAH,maritime,seedlings,propagative_material,5,68,340,False,0,0.0,10.0,3400.0
CON-20230604-6815,2023-06-04,Netherlands,ORD,land,chrysanthemums,flower,38,89,3382,False,0,0.0,,
CON-20230423-9064,2023-04-23,Ecuador,DFW,land,chrysanthemums,flower,12,32,384,False,0,0.0,,
CON-20230814-5739,2023-08-14,Mexico,ATL,air,carnations,flower,11,12,132,False,0,0.0,,
CON-20240120-5270,2024-01-20,Ecuador,MIA,air,grafts,propagative_material,44,51,2244,False,0,0.0,19.0,42636.0
CON-20230102-1303,2023-01-02,Mexico,ORD,air,bulbs,propagative_material,19,47,893,False,0,0.0,10.0,8930.0
CON-20240604-3723,2024-06-04,Costa Rica,IAH,maritime,roses,flower,18,69,1242,False,0,0.0,,
CON-20241130-6131,2024-11-30,Netherlands,DFW,land,tulips,flower,5,88,440,False,0,0.0,,
CON-20230921-3620,2023-09-21,Kenya,BOS,maritime,grafts,propagative_material,28,91,2548,False,0,0.0,20.0,50960.0
CON-20231002-3793,2023-10-02,Israel,SEA,air,grafts,propagative_material,32,70,2240,False,0,0.0,6.0,13440.0
CON-20240304-3192,2024-03-04,Israel,MIA,air,grafts,propagative_material,23,79,1817,False,0,0.0,1.0,1817.0
CON-20240829-7725,2024-08-29,Israel,MIA,air,chrysanthemums,flower,5,51,255,False,0,0.0,,
CON-20240828-7590,2024-08-28,Kenya,JFK,air,tulips,flower,49,95,4655,False,0,0.0,,
CON-20240419-5860,2024-04-19,Kenya,SEA,air,seedlings,propagative_material,27,32,864,False,0,0.0,6.0,5184.0
CON-20230319-6564,2023-03-19,Netherlands,SEA,maritime,orchids,flower,40,75,3000,False,0,0.0,,
CON-20230420-9756,2023-04-20,Colombia,ORD,air,seedlings,propagative_material,35,15,525,False,0,0.0,8.0,4200.0
CON-20230327-3832,2023-03-27,Ecuador,LAX,land,saplings,propagative_material,10,22,220,False,0,0.0,3.0,660.0
CON-20241109-8134,2024-11-09,Israel,ATL,land,seedlings,propagative_material,24,78,1872,False,0,0.0,18.0,33696.0
CON-20240216-6352,2024-02-16,Mexico,IAH,maritime,roses,flower,7,84,588,False,0,0.0,,
CON-20230301-1015,2023-03-01,Ethiopia,IAH,land,orchids,flower,20,27,540,False,0,0.0,,
CON-20240806-6139,2024-08-06,Netherlands,SEA,air,sunflowers,flower,41,77,3157,False,0,0.0,,
CON-20240202-2945,2024-02-02,Costa Rica,DFW,land,orchids,flower,26,49,1274,False,0,0.0,,
CON-20231031-8145,2023-10-31,Mexico,MIA,air,seeds,propagative_material,40,28,1120,False,0,0.0,5.0,5600.0
CON-20230707-3672,2023-07-07,Ecuador,LAX,air,cuttings,propagative_material,45,18,810,False,0,0.0,20.0,16200.0
CON-20230426-2833,2023-04-26,Ethiopia,IAH,air,sunflowers,flower,33,82,2706,False,0,0.0,,
CON-20240402-5549,2024-04-02,Colombia,BOS,land,saplings,propagative_material,49,62,3038,False,0,0.0,19.0,57722.0
CON-20230614-8077,2023-06-14,Costa Rica,LAX,land,seeds,propagative_material,48,80,3840,True,4,0.0010416666666666667,14.0,53760.0
CON-20241205-3642,2024-12-05,Mexico,JFK,land,seedlings,propagative_material,1,17,17,True,4,0.23529411764705882,18.0,306.0
CON-20240210-1760,2024-02-10,Israel,ORD,land,saplings,propagative_material,7,10,70,False,0,0.0,11.0,770.0
CON-20240626-3651,2024-06-26,Ecuador,ATL,air,tissue cultures,propagative_material,46,10,460,False,0,0.0,14.0,6440.0
CON-20240406-4998,2024-04-06,Ecuador,JFK,air,daffodils,flower,11,68,748,False,0,0.0,,
CON-20230731-2364,2023-07-31,Kenya,MIA,land,lilies,flower,14,71,994,False,0,0.0,,
CON-20230427-8111,2023-04-27,Costa Rica,DFW,land,carnations,flower,26,68,1768,False,0,0.0,,
CON-20230101-3569,2023-01-01,Costa Rica,ATL,air,bulbs,propagative_material,10,94,940,False,0,0.0,7.0,6580.0
CON-20241120-2037,2024-11-20,Kenya,MIA,air,cuttings,propagative_material,12,69,828,False,0,0.0,17.0,14076.0
CON-20241218-1711,2024-12-18,Guatemala,DFW,land,grafts,propagative_material,31,73,2263,False,0,0.0,14.0,31682.0
CON-20241012-2229,2024-10-12,Israel,MIA,air,saplings,propagative_material,42,44,1848,False,0,0.0,20.0,36960.0
CON-20240331-6772,2024-03-31,Ecuador,BOS,land,chrysanthemums,flower,30,74,2220,False,0,0.0,,
CON-20230910-1272,2023-09-10,Mexico,IAH,land,tulips,flower,43,73,3139,False,0,0.0,,
CON-20240113-6798,2024-01-13,Ecuador,SEA,maritime,daffodils,flower,49,31,1519,False,0,0.0,,
CON-20240403-3662,2024-04-03,Colombia,MIA,maritime,cuttings,propagative_material,40,74,2960,False,0,0.0,11.0,32560.0
CON-20231007-3236,2023-10-07,Israel,ORD,land,roses,flower,49,66,3234,False,0,0.0,,
CON-20241004-5989,2024-10-04,Netherlands,BOS,maritime,carnations,flower,49,89,4361,False,0,0.0,,
CON-20240925-8492,2024-09-25,Colombia,BOS,land,sunflowers,flower,2,81,162,True,10,0.06172839506172839,,
CON-20240726-9340,2024-07-26,Ethiopia,BOS,maritime,orchids,flower,26,45,1170,False,0,0.0,,
CON-20230426-9503,2023-04-26,Kenya,IAH,maritime,sunflowers,flower,16,46,736,False,0,0.0,,
CON-20240818-5345,2024-08-18,Israel,ORD,maritime,grafts,propagative_material,19,84,1596,False,0,0.0,10.0,15960.0
CON-20230620-1514,2023-06-20,Israel,JFK,land,roses,flower,21,31,651,False,0,0.0,,
CON-20240414-2002,2024-04-14,Ecuador,SEA,air,grafts,propagative_material,26,47,1222,False,0,0.0,1.0,1222.0
CON-20240701-1008,2024-07-01,Costa Rica,MIA,maritime,tulips,flower,34,23,782,False,0,0.0,,
CON-20240722-5999,2024-07-22,Costa Rica,IAH,land,saplings,propagative_material,43,15,645,False,0,0.0,18.0,11610.0
CON-20240901-7815,2024-09-01,Costa Rica,ORD,land,orchids,flower,48,23,1104,False,0,0.0,,
CON-20240402-6651,2024-04-02,Kenya,JFK,air,roses,flower,4,10,40,False,0,0.0,,
CON-20240829-2590,2024-08-29,Mexico,SEA,air,lilies,flower,2,55,110,False,0,0.0,,
CON-20230716-9235,2023-07-16,Costa Rica,ATL,land,orchids,flower,28,67,1876,False,0,0.0,,
CON-20230502-1511,2023-05-02,Guatemala,JFK,land,carnations,flower,27,92,2484,False,0,0.0,,
CON-20240117-5964,2024-01-17,Colombia,ORD,maritime,seeds,propagative_material,15,44,660,False,0,0.0,9.0,5940.0
CON-20240510-7567,2024-05-10,Ecuador,JFK,maritime,tulips,flower,28,81,2268,False,0,0.0,,
CON-20230209-6639,2023-02-09,Israel,MIA,maritime,carnations,flower,50,26,1300,False,0,0.0,,
CON-20231119-1129,2023-11-19,Mexico,BOS,air,carnations,flower,12,33,396,False,0,0.0,,
CON-20241012-8870,2024-10-12,Israel,ORD,air,sunflowers,flower,2,43,86,False,0,0.0,,
CON-20231023-6345,2023-10-23,Mexico,ATL,land,tulips,flower,39,38,1482,False,0,0.0,,
CON-20240701-3247,2024-07-01,Ecuador,LAX,air,cuttings,propagative_material,1,72,72,False,0,0.0,10.0,720.0
CON-20230415-7461,2023-04-15,Israel,DFW,air,seedlings,propagative_material,39,17,663,True,4,0.006033182503770739,5.0,3315.0
CON-20240428-8590,2024-04-28,Ecuador,LAX,air,saplings,propagative_material,41,28,1148,False,0,0.0,16.0,18368.0
CON-20240702-6263,2024-07-02,Ecuador,SEA,maritime,tissue cultures,propagative_material,23,81,1863,False,0,0.0,18.0,33534.0
CON-20240821-6122,2024-08-21,Israel,MIA,air,carnations,flower,44,54,2376,False,0,0.0,,
CON-20240529-2090,2024-05-29,Colombia,SEA,air,sunflowers,flower,24,88,2112,False,0,0.0,,
CON-20240625-8343,2024-06-25,Netherlands,DFW,air,cuttings,propagative_material,20,86,1720,False,0,0.0,15.0,25800.0
CON-20230824-9665,2023-08-24,Ethiopia,ATL,maritime,lilies,flower,23,28,644,False,0,0.0,,
CON-20230502-5259,2023-05-02,Ethiopia,LAX,maritime,orchids,flower,45,83,3735,False,0,0.0,,
CON-20231208-4198,2023-12-08,Ethiopia,ORD,air,grafts,propagative_material,33,78,2574,False,0,0.0,4.0,10296.0
CON-20230327-9538,2023-03-27,Costa Rica,ORD,maritime,seedlings,propagative_material,13,40,520,False,0,0.0,20.0,10400.0
CON-20240609-3852,2024-06-09,Ecuador,SEA,air,carnations,flower,36,18,648,False,0,0.0,,
CON-20230721-2025,2023-07-21,Guatemala,IAH,maritime,cuttings,propagative_material,36,65,2340,False,0,0.0,11.0,25740.0
CON-20241209-6364,2024-12-09,Ecuador,LAX,maritime,daffodils,flower,21,94,1974,False,0,0.0,,
CON-20230221-8837,2023-02-21,Kenya,BOS,land,tissue cultures,propagative_material,37,23,851,False,0,0.0,7.0,5957.0
CON-20240523-3663,2024-05-23,Ethiopia,ATL,maritime,seedlings,propagative_material,31,66,2046,False,0,0.0,19.0,38874.0
CON-20230818-5209,2023-08-18,Mexico,LAX,maritime,saplings,propagative_material,26,27,702,False,0,0.0,13.0,9126.0
CON-20230223-6575,2023-02-23,Mexico,ATL,maritime,seedlings,propagative_material,3,24,72,False,0,0.0,16.0,1152.0
CON-20230828-7710,2023-08-28,Kenya,JFK,land,carnations,flower,7,100,700,False,0,0.0,,
CON-20230624-5874,2023-06-24,Costa Rica,ATL,maritime,daffodils,flower,18,75,1350,False,0,0.0,,
CON-20230624-6710,2023-06-24,Guatemala,DFW,maritime,sunflowers,flower,22,91,2002,False,0,0.0,,
CON-20230424-8581,2023-04-24,Costa Rica,MIA,land,bulbs,propagative_material,10,19,190,False,0,0.0,18.0,3420.0
CON-20240625-8571,2024-06-25,Colombia,MIA,maritime,seedlings,propagative_material,39,67,2613,False,0,0.0,1.0,2613.0
CON-20230926-3619,2023-09-26,Israel,IAH,maritime,chrysanthemums,flower,18,36,648,False,0,0.0,,
CON-20230418-4439,2023-04-18,Costa Rica,SEA,land,bulbs,propagative_material,47,37,1739,False,0,0.0,17.0,29563.0
CON-20240703-9055,2024-07-03,Costa Rica,DFW,maritime,saplings,propagative_material,6,83,498,False,0,0.0,18.0,8964.0
CON-20240813-3734,2024-08-13,Colombia,ATL,maritime,saplings,propagative_material,2,89,178,False,0,0.0,4.0,712.0
CON-20230218-7929,2023-02-18,Guatemala,BOS,land,tulips,flower,10,81,810,False,0,0.0,,
CON-20230402-1194,2023-04-02,Kenya,ORD,maritime,roses,flower,49,69,3381,False,0,0.0,,
CON-20241120-4950,2024-11-20,Israel,ORD,air,roses,flower,48,25,1200,False,0,0.0,,
CON-20240629-6163,2024-06-29,Colombia,JFK,air,saplings,propagative_material,37,70,2590,False,0,0.0,12.0,31080.0
CON-20240312-9765,2024-03-12,Colombia,ORD,land,tissue cultures,propagative_material,4,98,392,False,0,0.0,4.0,1568.0
CON-20231018-8553,2023-10-18,Costa Rica,LAX,air,roses,flower,9,48,432,False,0,0.0,,
CON-20231218-8206,2023-12-18,Kenya,SEA,air,lilies,flower,25,61,1525,False,0,0.0,,
CON-20231224-1988,2023-12-24,Colombia,ORD,land,lilies,flower,14,55,770,False,0,0.0,,
CON-20231126-8378,2023-11-26,Netherlands,DFW,land,chrysanthemums,flower,24,91,2184,False,0,0.0,,
CON-20231209-4046,2023-12-09,Kenya,LAX,land,daffodils,flower,16,84,1344,False,0,0.0,,
CON-20230414-1697,2023-04-14,Israel,DFW,air,orchids,flower,16,60,960,False,0,0.0,,
CON-20240427-9924,2024-04-27,Ecuador,IAH,air,carnations,flower,30,13,390,False,0,0.0,,
CON-20230105-7188,2023-01-05,Mexico,SEA,maritime,lilies,flower,19,32,608,False,0,0.0,,
CON-20241222-8566,2024-12-22,Ethiopia,ATL,air,chrysanthemums,flower,3,23,69,False,0,0.0,,
CON-20240702-3038,2024-07-02,Israel,ORD,maritime,daffodils,flower,17,15,255,False,0,0.0,,
CON-20240727-8972,2024-07-27,Netherlands,ORD,land,bulbs,propagative_material,32,37,1184,True,3,0.002533783783783784,14.0,16576.0
CON-20240605-8426,2024-06-05,Kenya,SEA,air,cuttings,propagative_material,41,43,1763,False,0,0.0,4.0,7052.0
CON-20231121-1735,2023-11-21,Costa Rica,ORD,land,seeds,propagative_material,37,62,2294,False,0,0.0,14.0,32116.0
CON-20241212-5558,2024-12-12,Guatemala,SEA,maritime,tissue cultures,propagative_material,12,32,384,False,0,0.0,20.0,7680.0
CON-20231124-6384,2023-11-24,Costa Rica,BOS,maritime,chrysanthemums,flower,46,40,1840,False,0,0.0,,
CON-20240517-7960,2024-05-17,Costa Rica,BOS,air,grafts,propagative_material,18,35,630,False,0,0.0,18.0,11340.0
CON-20240128-9255,2024-01-28,Costa Rica,LAX,air,roses,flower,13,49,637,False,0,0.0,,
CON-20240520-6884,2024-05-20,Costa Rica,LAX,land,tissue cultures,propagative_material,31,66,2046,False,0,0.0,17.0,34782.0
CON-20240219-2544,2024-02-19,Kenya,ORD,air,sunflowers,flower,29,11,319,False,0,0.0,,
CON-20230113-7867,2023-01-13,Kenya,JFK,land,cuttings,propagative_material,13,75,975,False,0,0.0,1.0,975.0
CON-20240210-5292,2024-02-10,Ecuador,IAH,air,cuttings,propagative_material,17,31,527,False,0,0.0,3.0,1581.0
CON-20240917-3194,2024-09-17,Ecuador,ORD,air,seedlings,propagative_material,42,55,2310,False,0,0.0,1.0,2310.0
CON-20230121-5458,2023-01-21,Ethiopia,ATL,air,seedlings,propagative_material,45,73,3285,False,0,0.0,4.0,13140.0
CON-20240116-8908,2024-01-16,Kenya,MIA,maritime,saplings,propagative_material,36,92,3312,False,0,0.0,20.0,66240.0
CON-20230528-1461,2023-05-28,Ethiopia,LAX,land,saplings,propagative_material,18,79,1422,False,0,0.0,19.0,27018.0
CON-20240204-2280,2024-02-04,Costa Rica,BOS,air,daffodils,flower,14,33,462,False,0,0.0,,
CON-20230709-4505,2023-07-09,Guatemala,ATL,air,roses,flower,17,98,1666,False,0,0.0,,
CON-20230421-8071,2023-04-21,Ecuador,SEA,air,seeds,propagative_material,13,49,637,False,0,0.0,4.0,2548.0
CON-20240501-3782,2024-05-01,Mexico,ORD,air,bulbs,propagative_material,35,61,2135,False,0,0.0,2.0,4270.0
CON-20240831-2148,2024-08-31,Ecuador,JFK,air,lilies,flower,26,63,1638,False,0,0.0,,
CON-20240710-6128,2024-07-10,Israel,ORD,maritime,seeds,propagative_material,22,69,1518,False,0,0.0,1.0,1518.0
CON-20230907-8559,2023-09-07,Netherlands,LAX,maritime,cuttings,propagative_material,37,11,407,False,0,0.0,7.0,2849.0
CON-20230205-9856,2023-02-05,Guatemala,LAX,air,carnations,flower,11,21,231,False,0,0.0,,
CON-20240605-4041,2024-06-05,Mexico,JFK,land,chrysanthemums,flower,42,59,2478,False,0,0.0,,
CON-20231120-3739,2023-11-20,Colombia,JFK,maritime,daffodils,flower,8,73,584,False,0,0.0,,
CON-20230107-3370,2023-01-07,Costa Rica,LAX,maritime,orchids,flower,20,41,820,False,0,0.0,,
CON-20230515-1252,2023-05-15,Kenya,ATL,maritime,cuttings,propagative_material,10,21,210,False,0,0.0,5.0,1050.0
CON-20240824-5449,2024-08-24,Israel,MIA,air,chrysanthemums,flower,10,95,950,False,0,0.0,,
CON-20230704-6785,2023-07-04,Ethiopia,BOS,maritime,roses,flower,14,96,1344,False,0,0.0,,
CON-20230514-5916,2023-05-14,Israel,LAX,air,daffodils,flower,6,93,558,False,0,0.0,,
CON-20230518-6746,2023-05-18,Costa Rica,JFK,land,tulips,flower,45,55,2475,False,0,0.0,,
CON-20230515-9798,2023-05-15,Colombia,SEA,air,seeds,propagative_material,37,95,3515,False,0,0.0,19.0,66785.0
CON-20240707-7776,2024-07-07,Colombia,MIA,maritime,orchids,flower,47,87,4089,False,0,0.0,,
CON-20240314-1963,2024-03-14,Ethiopia,BOS,land,carnations,flower,14,69,966,False,0,0.0,,
CON-20231003-4780,2023-10-03,Netherlands,IAH,land,sunflowers,flower,17,13,221,False,0,0.0,,
CON-20240801-3140,2024-08-01,Guatemala,IAH,air,tissue cultures,propagative_material,3,72,216,False,0,0.0,3.0,648.0
CON-20230221-3094,2023-02-21,Mexico,ATL,air,lilies,flower,26,87,2262,False,0,0.0,,
CON-20231013-1640,2023-10-13,Kenya,DFW,air,daffodils,flower,18,67,1206,False,0,0.0,,
CON-20230818-1159,2023-08-18,Costa Rica,MIA,air,tulips,flower,18,65,1170,False,0,0.0,,
CON-20230724-1024,2023-07-24,Ecuador,LAX,air,carnations,flower,1,55,55,False,0,0.0,,
CON-20230304-5779,2023-03-04,Kenya,ORD,air,seeds,propagative_material,36,76,2736,False,0,0.0,13.0,35568.0
CON-20230424-2474,2023-04-24,Guatemala,ORD,land,seeds,propagative_material,34,76,2584,False,0,0.0,4.0,10336.0
CON-20230103-3494,2023-01-03,Ethiopia,LAX,maritime,tissue cultures,propagative_material,6,59,354,False,0,0.0,8.0,2832.0
CON-20240412-6518,2024-04-12,Ecuador,BOS,air,roses,flower,25,11,275,False,0,0.0,,
CON-20240714-1830,2024-07-14,Ethiopia,IAH,air,sunflowers,flower,17,59,1003,False,0,0.0,,
CON-20241201-5002,2024-12-01,Netherlands,IAH,maritime,bulbs,propagative_material,28,25,700,False,0,0.0,15.0,10500.0
CON-20230329-7051,2023-03-29,Colombia,LAX,land,chrysanthemums,flower,43,87,3741,False,0,0.0,,
CON-20230525-1197,2023-05-25,Ethiopia,DFW,land,carnations,flower,2,34,68,False,0,0.0,,
CON-20231128-6269,2023-11-28,Colombia,DFW,air,cuttings,propagative_material,27,62,1674,False,0,0.0,13.0,21762.0
CON-20241221-1879,2024-12-21,Ethiopia,ATL,land,daffodils,flower,28,66,1848,False,0,0.0,,
CON-20230522-2500,2023-05-22,Colombia,JFK,land,roses,flower,9,100,900,False,0,0.0,,
CON-20241030-5734,2024-10-30,Costa Rica,MIA,air,tissue cultures,propagative_material,29,86,2494,False,0,0.0,1.0,2494.0
CON-20230204-3227,2023-02-04,Ecuador,SEA,air,chrysanthemums,flower,32,43,1376,False,0,0.0,,
CON-20241014-4641,2024-10-14,Guatemala,ORD,maritime,grafts,propagative_material,20,30,600,False,0,0.0,12.0,7200.0
CON-20231029-3285,2023-10-29,Guatemala,JFK,air,bulbs,propagative_material,40,22,880,False,0,0.0,18.0,15840.0
CON-20230429-6363,2023-04-29,Israel,LAX,land,chrysanthemums,flower,41,32,1312,False,0,0.0,,
CON-20241112-3832,2024-11-12,Israel,JFK,maritime,chrysanthemums,flower,3,17,51,False,0,0.0,,
CON-20240312-4969,2024-03-12,Kenya,JFK,maritime,roses,flower,4,20,80,False,0,0.0,,
CON-20230330-3083,2023-03-30,Costa Rica,MIA,maritime,seeds,propagative_material,47,32,1504,False,0,0.0,19.0,28576.0
CON-20230402-7131,2023-04-02,Mexico,LAX,maritime,seeds,propagative_material,42,43,1806,False,0,0.0,1.0,1806.0
CON-20231129-1753,2023-11-29,Guatemala,SEA,maritime,saplings,propagative_material,50,43,2150,False,0,0.0,10.0,21500.0
CON-20240305-1412,2024-03-05,Ecuador,MIA,maritime,saplings,propagative_material,41,48,1968,False,0,0.0,4.0,7872.0
CON-20230108-6064,2023-01-08,Colombia,DFW,air,sunflowers,flower,47,90,4230,False,0,0.0,,
CON-20230829-9761,2023-08-29,Guatemala,MIA,maritime,daffodils,flower,6,72,432,False,0,0.0,,
CON-20230414-7459,2023-04-14,Ecuador,MIA,maritime,saplings,propagative_material,30,95,2850,False,0,0.0,15.0,42750.0
CON-20240304-3130,2024-03-04,Netherlands,IAH,maritime,tulips,flower,45,61,2745,False,0,0.0,,
CON-20240328-5807,2024-03-28,Ethiopia,LAX,land,sunflowers,flower,33,44,1452,False,0,0.0,,
CON-20241109-1246,2024-11-09,Guatemala,BOS,air,tissue cultures,propagative_material,4,91,364,False,0,0.0,2.0,728.0
CON-20231107-5454,2023-11-07,Mexico,LAX,land,orchids,flower,10,26,260,False,0,0.0,,
CON-20231111-3470,2023-11-11,Kenya,ATL,air,daffodils,flower,36,29,1044,False,0,0.0,,
CON-20240319-3819,2024-03-19,Colombia,DFW,land,tulips,flower,11,55,605,False,0,0.0,,
CON-20241208-2656,2024-12-08,Netherlands,SEA,land,orchids,flower,42,21,882,False,0,0.0,,
CON-20240717-8029,2024-07-17,Guatemala,ORD,land,tissue cultures,propagative_material,10,69,690,False,0,0.0,8.0,5520.0
CON-20241124-5542,2024-11-24,Ethiopia,ORD,maritime,carnations,flower,47,18,846,False,0,0.0,,
CON-20240219-2611,2024-02-19,Mexico,IAH,air,orchids,flower,50,12,600,False,0,0.0,,
CON-20230404-5570,2023-04-04,Colombia,JFK,air,saplings,propagative_material,24,49,1176,False,0,0.0,3.0,3528.0
CON-20230502-9648,2023-05-02,Ecuador,ORD,air,roses,flower,20,88,1760,False,0,0.0,,
CON-20240523-7308,2024-05-23,Mexico,JFK,air,seeds,propagative_material,46,92,4232,False,0,0.0,2.0,8464.0
CON-20230305-1810,2023-03-05,Netherlands,ORD,air,seeds,propagative_material,39,67,2613,False,0,0.0,3.0,7839.0
CON-20230114-9132,2023-01-14,Colombia,ATL,air,cuttings,propagative_material,31,24,744,False,0,0.0,4.0,2976.0
CON-20230216-3549,2023-02-16,Guatemala,IAH,maritime,seedlings,propagative_material,49,59,2891,False,0,0.0,12.0,34692.0
CON-20230411-1154,2023-04-11,Netherlands,IAH,maritime,sunflowers,flower,34,52,1768,False,0,0.0,,
CON-20240324-2955,2024-03-24,Colombia,LAX,air,lilies,flower,22,77,1694,False,0,0.0,,
CON-20240725-1921,2024-07-25,Netherlands,BOS,air,roses,flower,31,27,837,False,0,0.0,,
CON-20240301-2819,2024-03-01,Kenya,BOS,air,grafts,propagative_material,2,80,160,False,0,0.0,20.0,3200.0
CON-20230727-9773,2023-07-27,Guatemala,MIA,air,orchids,flower,31,72,2232,False,0,0.0,,
CON-20230821-1114,2023-08-21,Kenya,BOS,maritime,grafts,propagative_material,27,81,2187,False,0,0.0,6.0,13122.0
CON-20241120-3780,2024-11-20,Ethiopia,IAH,air,tulips,flower,30,74,2220,False,0,0.0,,
CON-20230519-2991,2023-05-19,Ethiopia,ATL,air,grafts,propagative_material,12,30,360,False,0,0.0,13.0,4680.0
CON-20241115-8735,2024-11-15,Netherlands,SEA,land,tulips,flower,30,43,1290,False,0,0.0,,
CON-20241129-5028,2024-11-29,Netherlands,SEA,maritime,chrysanthemums,flower,28,89,2492,False,0,0.0,,
CON-20231126-3378,2023-11-26,Israel,MIA,air,seedlings,propagative_material,8,62,496,False,0,0.0,13.0,6448.0
CON-20230110-9563,2023-01-10,Colombia,JFK,maritime,bulbs,propagative_material,24,15,360,False,0,0.0,9.0,3240.0
CON-20241220-5727,2024-12-20,Ecuador,ATL,air,tissue cultures,propagative_material,35,38,1330,False,0,0.0,18.0,23940.0
CON-20230814-2222,2023-08-14,Ethiopia,IAH,air,seeds,propagative_material,20,23,460,False,0,0.0,1.0,460.0
CON-20230531-6975,2023-05-31,Israel,ORD,air,cuttings,propagative_material,5,58,290,False,0,0.0,18.0,5220.0
CON-20241231-4812,2024-12-31,Mexico,ATL,maritime,bulbs,propagative_material,43,88,3784,False,0,0.0,10.0,37840.0
CON-20230104-7891,2023-01-04,Costa Rica,LAX,air,roses,flower,8,45,360,False,0,0.0,,
CON-20240601-6520,2024-06-01,Ethiopia,MIA,maritime,chrysanthemums,flower,21,70,1470,False,0,0.0,,
CON-20240713-3195,2024-07-13,Israel,LAX,air,grafts,propagative_material,32,52,1664,False,0,0.0,8.0,13312.0
CON-20230411-1747,2023-04-11,Israel,BOS,land,tulips,flower,17,29,493,False,0,0.0,,
CON-20240128-7058,2024-01-28,Guatemala,MIA,air,bulbs,propagative_material,19,47,893,False,0,0.0,9.0,8037.0
CON-20230525-8547,2023-05-25,Mexico,BOS,maritime,cuttings,propagative_material,5,66,330,False,0,0.0,7.0,2310.0
CON-20230506-4766,2023-05-06,Netherlands,IAH,maritime,daffodils,flower,17,93,1581,False,0,0.0,,
CON-20230411-4042,2023-04-11,Guatemala,JFK,air,tulips,flower,20,39,780,False,0,0.0,,
CON-20231105-3654,2023-11-05,Guatemala,ATL,air,sunflowers,flower,43,33,1419,False,0,0.0,,
CON-20240208-5919,2024-02-08,Ecuador,DFW,maritime,carnations,flower,29,33,957,False,0,0.0,,
CON-20240314-7180,2024-03-14,Netherlands,BOS,maritime,carnations,flower,1,67,67,False,0,0.0,,
CON-20230311-7568,2023-03-11,Kenya,MIA,maritime,cuttings,propagative_material,14,80,1120,False,0,0.0,16.0,17920.0
CON-20240910-8785,2024-09-10,Mexico,MIA,maritime,bulbs,propagative_material,34,65,2210,False,0,0.0,20.0,44200.0
CON-20241211-9574,2024-12-11,Netherlands,SEA,land,saplings,propagative_material,17,76,1292,False,0,0.0,13.0,16796.0
CON-20241211-6682,2024-12-11,Kenya,MIA,air,tulips,flower,50,40,2000,False,0,0.0,,
CON-20230529-6363,2023-05-29,Netherlands,IAH,land,lilies,flower,37,63,2331,False,0,0.0,,
CON-20230110-7741,2023-01-10,Guatemala,SEA,maritime,lilies,flower,44,93,4092,False,0,0.0,,
CON-20240430-3601,2024-04-30,Guatemala,JFK,land,sunflowers,flower,46,53,2438,False,0,0.0,,
CON-20241222-3964,2024-12-22,Mexico,LAX,land,bulbs,propagative_material,34,43,1462,False,0,0.0,16.0,23392.0
CON-20230514-3874,2023-05-14,Kenya,SEA,land,lilies,flower,12,17,204,False,0,0.0,,
CON-20230419-9029,2023-04-19,Ecuador,BOS,air,saplings,propagative_material,30,57,1710,False,0,0.0,14.0,23940.0
CON-20240309-9899,2024-03-09,Colombia,BOS,air,seeds,propagative_material,50,47,2350,False,0,0.0,12.0,28200.0
CON-20240719-2696,2024-07-19,Colombia,ATL,maritime,lilies,flower,3,57,171,False,0,0.0,,
CON-20240821-1227,2024-08-21,Mexico,JFK,air,bulbs,propagative_material,2,33,66,False,0,0.0,4.0,264.0
CON-20240212-1414,2024-02-12,Ethiopia,MIA,land,sunflowers,flower,5,17,85,False,0,0.0,,
CON-20230120-8301,2023-01-20,Colombia,BOS,maritime,saplings,propagative_material,6,61,366,False,0,0.0,2.0,732.0
CON-20231026-4007,2023-10-26,Israel,JFK,air,bulbs,propagative_material,12,62,744,False,0,0.0,9.0,6696.0
CON-20230818-8267,2023-08-18,Ethiopia,SEA,land,saplings,propagative_material,29,30,870,False,0,0.0,14.0,12180.0
CON-20240706-6326,2024-07-06,Kenya,IAH,air,tissue cultures,propagative_material,3,60,180,False,0,0.0,9.0,1620.0
CON-20240922-4684,2024-09-22,Netherlands,MIA,maritime,chrysanthemums,flower,45,87,3915,False,0,0.0,,
CON-20230611-2931,2023-06-11,Ecuador,BOS,land,carnations,flower,35,21,735,False,0,0.0,,
CON-20241029-1974,2024-10-29,Mexico,ORD,maritime,cuttings,propagative_material,50,82,4100,False,0,0.0,5.0,20500.0
CON-20240209-5976,2024-02-09,Mexico,SEA,maritime,carnations,flower,30,31,930,False,0,0.0,,
CON-20240515-9284,2024-05-15,Israel,ORD,land,tulips,flower,2,67,134,False,0,0.0,,
CON-20230103-1355,2023-01-03,Costa Rica,SEA,maritime,sunflowers,flower,24,62,1488,False,0,0.0,,
CON-20230111-4050,2023-01-11,Ecuador,JFK,land,tissue cultures,propagative_material,11,86,946,False,0,0.0,3.0,2838.0
CON-20240926-1566,2024-09-26,Israel,ATL,air,cuttings,propagative_material,17,79,1343,False,0,0.0,19.0,25517.0
CON-20231223-5008,2023-12-23,Kenya,MIA,air,bulbs,propagative_material,14,32,448,True,3,0.006696428571428571,12.0,5376.0
CON-20240119-4706,2024-01-19,Colombia,JFK,air,tulips,flower,4,24,96,False,0,0.0,,
CON-20241130-5666,2024-11-30,Israel,ATL,maritime,bulbs,propagative_material,26,84,2184,False,0,0.0,7.0,15288.0
CON-20230616-3166,2023-06-16,Kenya,ORD,air,lilies,flower,26,30,780,False,0,0.0,,
CON-20231222-2482,2023-12-22,Netherlands,IAH,air,seeds,propagative_material,9,44,396,False,0,0.0,6.0,2376.0
CON-20240904-1924,2024-09-04,Netherlands,BOS,maritime,tulips,flower,40,86,3440,False,0,0.0,,
CON-20240523-7089,2024-05-23,Colombia,MIA,air,lilies,flower,5,71,355,False,0,0.0,,
CON-20230116-4328,2023-01-16,Ethiopia,MIA,air,carnations,flower,39,44,1716,False,0,0.0,,
CON-20230411-4753,2023-04-11,Guatemala,DFW,land,bulbs,propagative_material,26,67,1742,False,0,0.0,4.0,6968.0
CON-20240215-9334,2024-02-15,Guatemala,DFW,air,grafts,propagative_material,18,70,1260,False,0,0.0,13.0,16380.0
CON-20230526-4744,2023-05-26,Ethiopia,SEA,air,tissue cultures,propagative_material,28,25,700,False,0,0.0,1.0,700.0
CON-20240629-3723,2024-06-29,Netherlands,MIA,land,tulips,flower,9,44,396,False,0,0.0,,
CON-20241208-5438,2024-12-08,Colombia,LAX,maritime,saplings,propagative_material,22,55,1210,True,2,0.001652892561983471,7.0,8470.0
CON-20241017-9477,2024-10-17,Ecuador,LAX,land,cuttings,propagative_material,16,95,1520,False,0,0.0,15.0,22800.0
CON-20230524-5117,2023-05-24,Guatemala,BOS,land,sunflowers,flower,39,26,1014,False,0,0.0,,
CON-20240528-6264,2024-05-28,Ecuador,MIA,air,seedlings,propagative_material,17,90,1530,False,0,0.0,18.0,27540.0
CON-20230108-7262,2023-01-08,Colombia,MIA,land,sunflowers,flower,32,15,480,False,0,0.0,,
CON-20230624-1936,2023-06-24,Kenya,ORD,air,tulips,flower,7,55,385,False,0,0.0,,
CON-20240709-6464,2024-07-09,Ecuador,DFW,maritime,daffodils,flower,18,17,306,False,0,0.0,,
CON-20240623-6253,2024-06-23,Costa Rica,DFW,land,saplings,propagative_material,48,79,3792,False,0,0.0,14.0,53088.0
CON-20230626-3053,2023-06-26,Guatemala,MIA,maritime,seedlings,propagative_material,33,44,1452,False,0,0.0,19.0,27588.0
CON-20230810-3605,2023-08-10,Ecuador,DFW,maritime,tulips,flower,6,84,504,False,0,0.0,,
CON-20230109-7647,2023-01-09,Ecuador,MIA,maritime,tissue cultures,propagative_material,12,55,660,False,0,0.0,6.0,3960.0
CON-20240719-1208,2024-07-19,Ethiopia,BOS,air,lilies,flower,38,42,1596,False,0,0.0,,
CON-20230909-1187,2023-09-09,Colombia,MIA,air,chrysanthemums,flower,19,82,1558,False,0,0.0,,
CON-20230624-5297,2023-06-24,Netherlands,SEA,maritime,roses,flower,9,62,558,False,0,0.0,,
CON-20240105-5670,2024-01-05,Israel,JFK,land,lilies,flower,12,18,216,False,0,0.0,,
CON-20230826-5024,2023-08-26,Netherlands,JFK,land,seeds,propagative_material,48,20,960,False,0,0.0,12.0,11520.0
CON-20230701-4640,2023-07-01,Kenya,IAH,land,bulbs,propagative_material,20,69,1380,False,0,0.0,13.0,17940.0
CON-20230122-7553,2023-01-22,Netherlands,JFK,maritime,grafts,propagative_material,32,94,3008,False,0,0.0,9.0,27072.0
CON-20240304-4578,2024-03-04,Mexico,LAX,land,grafts,propagative_material,28,26,728,False,0,0.0,17.0,12376.0
CON-20240809-7941,2024-08-09,Israel,JFK,air,lilies,flower,30,32,960,False,0,0.0,,
CON-20241105-4247,2024-11-05,Colombia,BOS,maritime,saplings,propagative_material,15,96,1440,False,0,0.0,14.0,20160.0
CON-20240924-5909,2024-09-24,Colombia,JFK,land,orchids,flower,46,21,966,False,0,0.0,,
CON-20230412-4221,2023-04-12,Ecuador,ORD,land,tulips,flower,18,46,828,False,0,0.0,,
CON-20240426-1518,2024-04-26,Guatemala,MIA,maritime,tulips,flower,31,63,1953,False,0,0.0,,
CON-20240910-8021,2024-09-10,Mexico,ORD,maritime,carnations,flower,40,15,600,False,0,0.0,,
CON-20231215-9100,2023-12-15,Colombia,BOS,maritime,tissue cultures,propagative_material,36,66,2376,True,2,0.0008417508417508417,20.0,47520.0
CON-20241215-8295,2024-12-15,Kenya,MIA,maritime,seeds,propagative_material,11,46,506,False,0,0.0,10.0,5060.0
CON-20240523-6492,2024-05-23,Ethiopia,ATL,air,bulbs,propagative_material,18,54,972,False,0,0.0,7.0,6804.0
CON-20230919-9782,2023-09-19,Costa Rica,SEA,land,roses,flower,11,55,605,False,0,0.0,,
CON-20230521-4241,2023-05-21,Israel,ORD,maritime,roses,flower,18,98,1764,False,0,0.0,,
CON-20241224-1052,2024-12-24,Costa Rica,SEA,land,chrysanthemums,flower,42,11,462,False,0,0.0,,
CON-20231212-7403,2023-12-12,Israel,ORD,land,sunflowers,flower,48,44,2112,False,0,0.0,,
CON-20240827-8814,2024-08-27,Ethiopia,ORD,maritime,saplings,propagative_material,3,84,252,False,0,0.0,18.0,4536.0
CON-20240313-2537,2024-03-13,Colombia,ATL,land,cuttings,propagative_material,32,92,2944,False,0,0.0,10.0,29440.0
CON-20240619-7146,2024-06-19,Kenya,BOS,land,orchids,flower,14,68,952,False,0,0.0,,
CON-20241029-3152,2024-10-29,Colombia,IAH,maritime,daffodils,flower,17,63,1071,False,0,0.0,,
CON-20240720-2427,2024-07-20,Mexico,ORD,maritime,cuttings,propagative_material,43,48,2064,False,0,0.0,17.0,35088.0
CON-20240915-3735,2024-09-15,Israel,IAH,land,seeds,propagative_material,10,67,670,False,0,0.0,19.0,12730.0
CON-20231112-7308,2023-11-12,Colombia,JFK,land,roses,flower,45,68,3060,False,0,0.0,,
CON-20240108-4733,2024-01-08,Netherlands,ATL,air,daffodils,flower,3,53,159,False,0,0.0,,
CON-20240311-8209,2024-03-11,Kenya,BOS,maritime,bulbs,propagative_material,2,60,120,False,0,0.0,7.0,840.0
CON-20241218-7891,2024-12-18,Netherlands,SEA,maritime,tissue cultures,propagative_material,9,33,297,False,0,0.0,14.0,4158.0
CON-20240921-9307,2024-09-21,Guatemala,ATL,air,saplings,propagative_material,33,67,2211,False,0,0.0,14.0,30954.0
CON-20231204-4348,2023-12-04,Israel,ORD,land,grafts,propagative_material,31,36,1116,False,0,0.0,10.0,11160.0
CON-20240924-6286,2024-09-24,Ecuador,IAH,land,daffodils,flower,2,50,100,False,0,0.0,,
CON-20230522-5298,2023-05-22,Netherlands,ATL,land,saplings,propagative_material,8,98,784,False,0,0.0,18.0,14112.0
CON-20240216-2002,2024-02-16,Mexico,LAX,land,roses,flower,27,60,1620,False,0,0.0,,
CON-20240814-9338,2024-08-14,Colombia,SEA,air,grafts,propagative_material,13,84,1092,False,0,0.0,20.0,21840.0
CON-20240517-4343,2024-05-17,Colombia,IAH,air,tissue cultures,propagative_material,10,63,630,False,0,0.0,8.0,5040.0
CON-20230107-5783,2023-01-07,Guatemala,LAX,maritime,orchids,flower,40,43,1720,False,0,0.0,,
CON-20241213-5955,2024-12-13,Ecuador,JFK,air,seeds,propagative_material,44,40,1760,False,0,0.0,20.0,35200.0
CON-20240103-2040,2024-01-03,Netherlands,LAX,maritime,sunflowers,flower,2,58,116,False,0,0.0,,
CON-20230714-5449,2023-07-14,Israel,IAH,maritime,cuttings,propagative_material,17,87,1479,False,0,0.0,8.0,11832.0
CON-20231012-2234,2023-10-12,Costa Rica,IAH,land,saplings,propagative_material,4,99,396,False,0,0.0,15.0,5940.0
CON-20240427-5441,2024-04-27,Costa Rica,LAX,maritime,grafts,propagative_material,41,58,2378,False,0,0.0,8.0,19024.0
CON-20240624-3325,2024-06-24,Colombia,DFW,land,seeds,propagative_material,25,93,2325,False,0,0.0,17.0,39525.0
CON-20230724-3557,2023-07-24,Colombia,DFW,air,roses,flower,8,70,560,False,0,0.0,,
CON-20240401-1515,2024-04-01,Mexico,ATL,air,bulbs,propagative_material,2,75,150,False,0,0.0,17.0,2550.0
CON-20240216-3848,2024-02-16,Colombia,BOS,air,tissue cultures,propagative_material,11,86,946,False,0,0.0,10.0,9460.0
CON-20230131-6552,2023-01-31,Ethiopia,IAH,maritime,grafts,propagative_material,10,76,760,False,0,0.0,19.0,14440.0
CON-20231010-2840,2023-10-10,Ecuador,BOS,land,seeds,propagative_material,27,79,2133,True,10,0.0046882325363338025,20.0,42660.0
CON-20240428-9689,2024-04-28,Mexico,LAX,air,daffodils,flower,9,11,99,False,0,0.0,,
CON-20241001-3870,2024-10-01,Ecuador,JFK,air,grafts,propagative_material,4,91,364,False,0,0.0,14.0,5096.0
CON-20231003-4012,2023-10-03,Kenya,ATL,maritime,cuttings,propagative_material,39,58,2262,False,0,0.0,9.0,20358.0
CON-20240511-5837,2024-05-11,Israel,IAH,land,seeds,propagative_material,12,11,132,False,0,0.0,5.0,660.0
CON-20240118-3559,2024-01-18,Ethiopia,MIA,land,grafts,propagative_material,39,12,468,False,0,0.0,8.0,3744.0
CON-20230110-1963,2023-01-10,Guatemala,DFW,air,tissue cultures,propagative_material,18,82,1476,False,0,0.0,8.0,11808.0
CON-20230516-6051,2023-05-16,Mexico,BOS,air,lilies,flower,25,50,1250,False,0,0.0,,
CON-20230816-8202,2023-08-16,Netherlands,DFW,maritime,orchids,flower,33,20,660,False,0,0.0,,
CON-20230117-9356,2023-01-17,Israel,ATL,land,saplings,propagative_material,26,99,2574,False,0,0.0,18.0,46332.0
CON-20240806-7554,2024-08-06,Ecuador,LAX,maritime,sunflowers,flower,16,76,1216,False,0,0.0,,
CON-20230511-8595,2023-05-11,Mexico,MIA,air,grafts,propagative_material,3,58,174,False,0,0.0,20.0,3480.0
CON-20240822-8939,2024-08-22,Costa Rica,SEA,maritime,bulbs,propagative_material,24,84,2016,False,0,0.0,6.0,12096.0
CON-20230710-3110,2023-07-10,Ecuador,JFK,maritime,carnations,flower,11,62,682,False,0,0.0,,
CON-20240212-4098,2024-02-12,Netherlands,SEA,maritime,grafts,propagative_material,37,84,3108,False,0,0.0,12.0,37296.0
CON-20240909-7550,2024-09-09,Mexico,MIA,land,bulbs,propagative_material,21,80,1680,False,0,0.0,18.0,30240.0
CON-20240522-5047,2024-05-22,Costa Rica,BOS,land,carnations,flower,24,65,1560,True,2,0.001282051282051282,,
CON-20230220-9648,2023-02-20,Ethiopia,IAH,air,lilies,flower,7,51,357,False,0,0.0,,
CON-20230510-5744,2023-05-10,Kenya,LAX,air,roses,flower,2,10,20,False,0,0.0,,
CON-20241105-2103,2024-11-05,Ethiopia,JFK,land,daffodils,flower,10,88,880,False,0,0.0,,
CON-20231019-9121,2023-10-19,Ethiopia,ORD,air,bulbs,propagative_material,20,25,500,True,9,0.018,11.0,5500.0
CON-20230516-6361,2023-05-16,Ecuador,IAH,maritime,tissue cultures,propagative_material,40,79,3160,False,0,0.0,13.0,41080.0
CON-20241114-3479,2024-11-14,Ethiopia,MIA,land,cuttings,propagative_material,1,52,52,False,0,0.0,2.0,104.0
CON-20231211-8014,2023-12-11,Costa Rica,MIA,air,seeds,propagative_material,37,72,2664,False,0,0.0,20.0,53280.0
CON-20240927-1556,2024-09-27,Colombia,ATL,land,carnations,flower,37,79,2923,False,0,0.0,,
CON-20230515-1045,2023-05-15,Israel,SEA,land,seeds,propagative_material,31,94,2914,False,0,0.0,15.0,43710.0
CON-20240622-5757,2024-06-22,Mexico,SEA,air,tulips,flower,31,29,899,False,0,0.0,,
CON-20231111-4695,2023-11-11,Netherlands,ATL,air,orchids,flower,8,100,800,False,0,0.0,,
CON-20241107-9031,2024-11-07,Colombia,ORD,maritime,daffodils,flower,7,11,77,False,0,0.0,,
CON-20230623-2411,2023-06-23,Guatemala,ORD,land,grafts,propagative_material,23,17,391,False,0,0.0,19.0,7429.0
CON-20241212-4168,2024-12-12,Ecuador,JFK,air,chrysanthemums,flower,38,35,1330,False,0,0.0,,
CON-20230714-8349,2023-07-14,Kenya,BOS,air,carnations,flower,19,49,931,False,0,0.0,,
CON-20230101-9757,2023-01-01,Ethiopia,IAH,land,sunflowers,flower,28,13,364,False,0,0.0,,
CON-20231119-2248,2023-11-19,Mexico,MIA,air,seeds,propagative_material,45,70,3150,False,0,0.0,20.0,63000.0
CON-20230204-3727,2023-02-04,Colombia,BOS,land,chrysanthemums,flower,31,98,3038,False,0,0.0,,
CON-20231002-2202,2023-10-02,Costa Rica,DFW,air,daffodils,flower,13,42,546,False,0,0.0,,
CON-20230102-2563,2023-01-02,Costa Rica,DFW,land,tulips,flower,35,20,700,False,0,0.0,,
CON-20231005-7526,2023-10-05,Israel,BOS,maritime,tulips,flower,16,87,1392,False,0,0.0,,
CON-20230103-1206,2023-01-03,Netherlands,BOS,maritime,cuttings,propagative_material,1,85,85,False,0,0.0,10.0,850.0
CON-20240706-9944,2024-07-06,Israel,ATL,air,roses,flower,49,41,2009,False,0,0.0,,
CON-20240706-3626,2024-07-06,Ecuador,MIA,air,seedlings,propagative_material,14,85,1190,False,0,0.0,2.0,2380.0
CON-20240711-8287,2024-07-11,Kenya,IAH,maritime,orchids,flower,41,98,4018,False,0,0.0,,
CON-20230605-2483,2023-06-05,Costa Rica,IAH,air,tulips,flower,11,87,957,False,0,0.0,,
CON-20240323-7840,2024-03-23,Mexico,ATL,land,saplings,propagative_material,14,40,560,False,0,0.0,5.0,2800.0
CON-20240911-9310,2024-09-11,Kenya,JFK,air,orchids,flower,17,12,204,False,0,0.0,,
CON-20230213-2924,2023-02-13,Netherlands,SEA,maritime,roses,flower,39,31,1209,False,0,0.0,,
CON-20241210-3379,2024-12-10,Colombia,IAH,land,lilies,flower,6,21,126,False,0,0.0,,
CON-20230409-6618,2023-04-09,Mexico,SEA,air,orchids,flower,36,53,1908,False,0,0.0,,
CON-20230710-5837,2023-07-10,Ecuador,SEA,air,seeds,propagative_material,39,93,3627,False,0,0.0,15.0,54405.0
CON-20231118-5466,2023-11-18,Ecuador,MIA,air,tissue cultures,propagative_material,31,96,2976,True,8,0.002688172043010753,12.0,35712.0
CON-20241215-3254,2024-12-15,Ethiopia,ATL,maritime,saplings,propagative_material,35,96,3360,False,0,0.0,7.0,23520.0
CON-20231024-4995,2023-10-24,Colombia,BOS,air,chrysanthemums,flower,40,83,3320,False,0,0.0,,
CON-20240201-7159,2024-02-01,Ethiopia,SEA,maritime,carnations,flower,27,33,891,False,0,0.0,,
CON-20230114-5934,2023-01-14,Netherlands,DFW,air,seedlings,propagative_material,25,19,475,False,0,0.0,1.0,475.0
CON-20240722-1793,2024-07-22,Ecuador,DFW,maritime,roses,flower,14,59,826,False,0,0.0,,
CON-20230831-1137,2023-08-31,Israel,JFK,maritime,grafts,propagative_material,26,40,1040,False,0,0.0,12.0,12480.0
CON-20240627-1131,2024-06-27,Netherlands,MIA,land,seedlings,propagative_material,41,64,2624,False,0,0.0,20.0,52480.0
CON-20230810-4887,2023-08-10,Costa Rica,LAX,air,tissue cultures,propagative_material,8,31,248,False,0,0.0,1.0,248.0
CON-20230124-8537,2023-01-24,Ecuador,DFW,air,tulips,flower,11,98,1078,False,0,0.0,,
CON-20240903-4058,2024-09-03,Israel,BOS,land,lilies,flower,8,83,664,False,0,0.0,,
CON-20240930-9077,2024-09-30,Mexico,JFK,air,roses,flower,9,69,621,False,0,0.0,,
CON-20231007-5612,2023-10-07,Ethiopia,DFW,maritime,seeds,propagative_material,21,46,966,False,0,0.0,10.0,9660.0
CON-20230403-9978,2023-04-03,Israel,ORD,land,tissue cultures,propagative_material,2,90,180,False,0,0.0,20.0,3600.0
CON-20231225-7654,2023-12-25,Mexico,DFW,land,cuttings,propagative_material,19,52,988,False,0,0.0,6.0,5928.0
CON-20230507-7224,2023-05-07,Ecuador,DFW,air,sunflowers,flower,4,50,200,False,0,0.0,,
CON-20230416-8334,2023-04-16,Netherlands,ORD,maritime,carnations,flower,20,79,1580,False,0,0.0,,
CON-20241017-6788,2024-10-17,Netherlands,ATL,maritime,saplings,propagative_material,27,61,1647,True,4,0.0024286581663630845,3.0,4941.0
CON-20230128-4774,2023-01-28,Israel,IAH,maritime,cuttings,propagative_material,13,97,1261,True,8,0.006344171292624901,3.0,3783.0
CON-20231120-2013,2023-11-20,Mexico,BOS,air,roses,flower,23,77,1771,False,0,0.0,,
CON-20230919-6039,2023-09-19,Israel,MIA,air,chrysanthemums,flower,14,41,574,False,0,0.0,,
CON-20241227-6240,2024-12-27,Guatemala,ATL,air,orchids,flower,47,56,2632,False,0,0.0,,
CON-20240416-9596,2024-04-16,Guatemala,JFK,maritime,tissue cultures,propagative_material,48,20,960,False,0,0.0,19.0,18240.0
CON-20231104-3016,2023-11-04,Costa Rica,SEA,maritime,lilies,flower,28,52,1456,False,0,0.0,,
CON-20231127-7487,2023-11-27,Costa Rica,ORD,air,orchids,flower,41,95,3895,False,0,0.0,,
CON-20241204-8835,2024-12-04,Costa Rica,JFK,maritime,roses,flower,50,33,1650,False,0,0.0,,
CON-20230929-4041,2023-09-29,Guatemala,LAX,land,saplings,propagative_material,1,92,92,False,0,0.0,6.0,552.0
CON-20240515-8848,2024-05-15,Netherlands,DFW,maritime,bulbs,propagative_material,13,28,364,False,0,0.0,7.0,2548.0
CON-20240219-3185,2024-02-19,Ecuador,ORD,land,orchids,flower,3,33,99,False,0,0.0,,
CON-20240209-5231,2024-02-09,Israel,ORD,air,daffodils,flower,40,85,3400,False,0,0.0,,
CON-20230831-3305,2023-08-31,Ecuador,BOS,maritime,bulbs,propagative_material,47,78,3666,False,0,0.0,2.0,7332.0
CON-20230706-1002,2023-07-06,Ecuador,ORD,land,tissue cultures,propagative_material,7,42,294,False,0,0.0,3.0,882.0
CON-20230629-9104,2023-06-29,Mexico,ORD,air,orchids,flower,9,37,333,False,0,0.0,,
CON-20240914-6260,2024-09-14,Colombia,IAH,air,saplings,propagative_material,44,71,3124,False,0,0.0,3.0,9372.0
CON-20231217-2137,2023-12-17,Israel,ATL,land,grafts,propagative_material,4,66,264,False,0,0.0,7.0,1848.0
CON-20230131-4497,2023-01-31,Costa Rica,ORD,air,seedlings,propagative_material,26,46,1196,False,0,0.0,5.0,5980.0
CON-20230604-4338,2023-06-04,Ecuador,SEA,land,grafts,propagative_material,29,69,2001,False,0,0.0,3.0,6003.0
CON-20230204-8257,2023-02-04,Mexico,IAH,land,daffodils,flower,20,71,1420,False,0,0.0,,
CON-20240106-6131,2024-01-06,Netherlands,ORD,land,bulbs,propagative_material,25,14,350,False,0,0.0,6.0,2100.0
CON-20241007-5874,2024-10-07,Costa Rica,ATL,air,chrysanthemums,flower,47,14,658,False,0,0.0,,
CON-20231004-7010,2023-10-04,Netherlands,MIA,maritime,seedlings,propagative_material,42,65,2730,False,0,0.0,17.0,46410.0
CON-20240306-8040,2024-03-06,Ecuador,SEA,maritime,cuttings,propagative_material,37,10,370,False,0,0.0,6.0,2220.0
CON-20241224-7611,2024-12-24,Netherlands,JFK,air,lilies,flower,33,94,3102,False,0,0.0,,
CON-20230314-4422,2023-03-14,Ethiopia,SEA,land,sunflowers,flower,18,50,900,False,0,0.0,,
CON-20240824-9291,2024-08-24,Colombia,IAH,air,orchids,flower,39,19,741,False,0,0.0,,
CON-20240927-4400,2024-09-27,Mexico,JFK,land,tulips,flower,1,46,46,False,0,0.0,,
CON-20231031-5214,2023-10-31,Ecuador,SEA,maritime,bulbs,propagative_material,9,38,342,False,0,0.0,13.0,4446.0
CON-20230610-6561,2023-06-10,Colombia,MIA,air,seedlings,propagative_material,7,52,364,False,0,0.0,8.0,2912.0
CON-20241217-3676,2024-12-17,Ethiopia,JFK,air,bulbs,propagative_material,44,67,2948,False,0,0.0,5.0,14740.0
CON-20231108-7515,2023-11-08,Kenya,IAH,land,orchids,flower,12,91,1092,False,0,0.0,,
CON-20240518-3109,2024-05-18,Guatemala,IAH,land,saplings,propagative_material,33,74,2442,False,0,0.0,7.0,17094.0
CON-20240713-5753,2024-07-13,Guatemala,IAH,land,roses,flower,22,94,2068,False,0,0.0,,
CON-20230220-5184,2023-02-20,Colombia,SEA,land,chrysanthemums,flower,47,35,1645,False,0,0.0,,
CON-20240423-8018,2024-04-23,Israel,SEA,maritime,daffodils,flower,2,96,192,False,0,0.0,,
CON-20240201-8287,2024-02-01,Guatemala,ATL,land,seedlings,propagative_material,35,40,1400,False,0,0.0,5.0,7000.0
CON-20230221-7566,2023-02-21,Kenya,SEA,air,tissue cultures,propagative_material,10,63,630,False,0,0.0,5.0,3150.0
CON-20231127-7657,2023-11-27,Netherlands,LAX,maritime,tulips,flower,47,67,3149,False,0,0.0,,
CON-20241112-6768,2024-11-12,Ethiopia,DFW,maritime,tulips,flower,21,55,1155,False,0,0.0,,
CON-20240426-9581,2024-04-26,Colombia,MIA,maritime,orchids,flower,1,10,10,False,0,0.0,,
CON-20240229-7794,2024-02-29,Guatemala,DFW,land,cuttings,propagative_material,44,17,748,False,0,0.0,13.0,9724.0
CON-20230420-9393,2023-04-20,Israel,ATL,maritime,bulbs,propagative_material,17,48,816,False,0,0.0,19.0,15504.0
CON-20230528-7976,2023-05-28,Guatemala,ATL,air,bulbs,propagative_material,34,62,2108,False,0,0.0,1.0,2108.0
CON-20240426-7688,2024-04-26,Costa Rica,ORD,maritime,seedlings,propagative_material,5,67,335,True,4,0.011940298507462687,7.0,2345.0
CON-20230607-1740,2023-06-07,Netherlands,ATL,maritime,tissue cultures,propagative_material,42,62,2604,False,0,0.0,11.0,28644.0
CON-20240701-4483,2024-07-01,Netherlands,IAH,land,seeds,propagative_material,39,45,1755,False,0,0.0,9.0,15795.0
CON-20230309-5468,2023-03-09,Netherlands,SEA,land,sunflowers,flower,37,72,2664,False,0,0.0,,
CON-20231003-9628,2023-10-03,Israel,MIA,land,bulbs,propagative_material,24,59,1416,False,0,0.0,1.0,1416.0
CON-20240420-9063,2024-04-20,Ethiopia,DFW,air,cuttings,propagative_material,49,58,2842,False,0,0.0,10.0,28420.0
CON-20231126-6517,2023-11-26,Costa Rica,JFK,land,lilies,flower,37,42,1554,False,0,0.0,,
CON-20241104-3410,2024-11-04,Costa Rica,JFK,air,roses,flower,11,88,968,False,0,0.0,,
CON-20231229-1287,2023-12-29,Netherlands,ORD,air,cuttings,propagative_material,34,45,1530,False,0,0.0,15.0,22950.0
CON-20230211-8719,2023-02-11,Kenya,ATL,air,seeds,propagative_material,37,66,2442,False,0,0.0,10.0,24420.0
CON-20240107-7969,2024-01-07,Costa Rica,SEA,maritime,chrysanthemums,flower,43,49,2107,False,0,0.0,,
CON-20230612-3115,2023-06-12,Ethiopia,IAH,land,seeds,propagative_material,33,76,2508,False,0,0.0,20.0,50160.0
CON-20241214-4600,2024-12-14,Israel,IAH,maritime,chrysanthemums,flower,37,63,2331,False,0,0.0,,
CON-20241020-3715,2024-10-20,Ecuador,SEA,air,daffodils,flower,46,89,4094,False,0,0.0,,
CON-20231027-7290,2023-10-27,Guatemala,SEA,maritime,seeds,propagative_material,29,34,986,False,0,0.0,13.0,12818.0
CON-20241019-2479,2024-10-19,Ecuador,ORD,land,cuttings,propagative_material,6,77,462,False,0,0.0,15.0,6930.0
CON-20231029-7788,2023-10-29,Costa Rica,IAH,air,grafts,propagative_material,24,53,1272,False,0,0.0,20.0,25440.0
CON-20230606-8762,2023-06-06,Costa Rica,JFK,maritime,bulbs,propagative_material,30,28,840,False,0,0.0,4.0,3360.0
CON-20230128-1927,2023-01-28,Guatemala,IAH,land,bulbs,propagative_material,15,70,1050,False,0,0.0,2.0,2100.0
CON-20240709-8635,2024-07-09,Mexico,DFW,maritime,roses,flower,43,80,3440,False,0,0.0,,
CON-20230923-6142,2023-09-23,Guatemala,DFW,land,seedlings,propagative_material,29,63,1827,False,0,0.0,7.0,12789.0
CON-20240707-2086,2024-07-07,Costa Rica,LAX,land,saplings,propagative_material,29,36,1044,False,0,0.0,12.0,12528.0
CON-20240908-7399,2024-09-08,Colombia,DFW,maritime,tissue cultures,propagative_material,38,48,1824,False,0,0.0,6.0,10944.0
CON-20240601-3548,2024-06-01,Mexico,IAH,air,sunflowers,flower,27,36,972,False,0,0.0,,
CON-20230323-3955,2023-03-23,Netherlands,BOS,maritime,bulbs,propagative_material,38,61,2318,False,0,0.0,4.0,9272.0
CON-20230401-9568,2023-04-01,Netherlands,DFW,land,bulbs,propagative_material,37,92,3404,False,0,0.0,13.0,44252.0
CON-20230128-1600,2023-01-28,Colombia,IAH,air,roses,flower,26,59,1534,False,0,0.0,,
CON-20240823-3358,2024-08-23,Colombia,JFK,maritime,bulbs,propagative_material,31,28,868,False,0,0.0,13.0,11284.0
CON-20231009-4974,2023-10-09,Costa Rica,ORD,air,orchids,flower,39,68,2652,False,0,0.0,,
CON-20240517-9496,2024-05-17,Israel,JFK,maritime,sunflowers,flower,33,88,2904,False,0,0.0,,
CON-20231229-2663,2023-12-29,Kenya,ORD,maritime,roses,flower,32,66,2112,False,0,0.0,,
CON-20231127-6214,2023-11-27,Ecuador,ORD,air,tulips,flower,41,15,615,False,0,0.0,,
CON-20230511-4647,2023-05-11,Guatemala,JFK,maritime,tissue cultures,propagative_material,31,89,2759,False,0,0.0,17.0,46903.0
CON-20230215-2250,2023-02-15,Ethiopia,ATL,maritime,tulips,flower,33,78,2574,False,0,0.0,,
CON-20240509-4716,2024-05-09,Ethiopia,LAX,maritime,seedlings,propagative_material,45,23,1035,False,0,0.0,11.0,11385.0
CON-20240702-9746,2024-07-02,Netherlands,ORD,maritime,chrysanthemums,flower,21,90,1890,False,0,0.0,,
CON-20241016-3328,2024-10-16,Colombia,JFK,land,sunflowers,flower,40,67,2680,False,0,0.0,,
CON-20231001-8750,2023-10-01,Kenya,ATL,land,daffodils,flower,33,47,1551,False,0,0.0,,
CON-20240309-3207,2024-03-09,Ethiopia,JFK,air,orchids,flower,2,18,36,False,0,0.0,,
CON-20240525-9162,2024-05-25,Israel,BOS,air,saplings,propagative_material,8,55,440,False,0,0.0,12.0,5280.0
CON-20241221-7447,2024-12-21,Guatemala,MIA,land,seedlings,propagative_material,29,39,1131,False,0,0.0,18.0,20358.0
CON-20240801-5985,2024-08-01,Kenya,JFK,air,cuttings,propagative_material,36,57,2052,False,0,0.0,6.0,12312.0
CON-20231104-6684,2023-11-04,Kenya,ORD,air,grafts,propagative_material,48,57,2736,False,0,0.0,9.0,24624.0
CON-20240319-7296,2024-03-19,Costa Rica,ORD,land,roses,flower,30,36,1080,False,0,0.0,,
CON-20230630-9925,2023-06-30,Guatemala,ATL,maritime,cuttings,propagative_material,48,90,4320,False,0,0.0,10.0,43200.0
CON-20240916-3647,2024-09-16,Colombia,BOS,maritime,grafts,propagative_material,5,66,330,True,1,0.0030303030303030303,6.0,1980.0
CON-20230407-2620,2023-04-07,Colombia,IAH,land,chrysanthemums,flower,42,46,1932,False,0,0.0,,
CON-20241114-5180,2024-11-14,Kenya,ATL,maritime,daffodils,flower,45,17,765,False,0,0.0,,
CON-20240513-3054,2024-05-13,Costa Rica,ORD,land,orchids,flower,2,26,52,False,0,0.0,,
CON-20241111-7959,2024-11-11,Costa Rica,SEA,maritime,bulbs,propagative_material,50,13,650,False,0,0.0,12.0,7800.0
CON-20230711-8531,2023-07-11,Netherlands,SEA,land,tissue cultures,propagative_material,13,63,819,False,0,0.0,4.0,3276.0
CON-20240321-4940,2024-03-21,Mexico,SEA,maritime,seeds,propagative_material,9,50,450,False,0,0.0,9.0,4050.0
CON-20230512-9916,2023-05-12,Ecuador,JFK,air,seedlings,propagative_material,45,38,1710,False,0,0.0,2.0,3420.0
CON-20240324-1264,2024-03-24,Colombia,ORD,land,lilies,flower,27,72,1944,False,0,0.0,,
CON-20240921-7612,2024-09-21,Colombia,BOS,maritime,cuttings,propagative_material,10,91,910,False,0,0.0,4.0,3640.0
CON-20240923-5981,2024-09-23,Ethiopia,ATL,air,bulbs,propagative_material,16,54,864,False,0,0.0,13.0,11232.0
CON-20230524-9021,2023-05-24,Israel,SEA,maritime,roses,flower,8,80,640,False,0,0.0,,
CON-20230310-3587,2023-03-10,Ecuador,SEA,air,daffodils,flower,40,91,3640,False,0,0.0,,
CON-20240325-1431,2024-03-25,Ecuador,BOS,land,orchids,flower,6,48,288,False,0,0.0,,
CON-20230103-4412,2023-01-03,Kenya,IAH,maritime,seedlings,propagative_material,22,53,1166,False,0,0.0,9.0,10494.0
CON-20240213-4746,2024-02-13,Ethiopia,ATL,land,carnations,flower,12,78,936,False,0,0.0,,
CON-20230904-2371,2023-09-04,Netherlands,ATL,maritime,seeds,propagative_material,17,56,952,False,0,0.0,12.0,11424.0
CON-20230722-8503,2023-07-22,Guatemala,ATL,land,cuttings,propagative_material,6,24,144,False,0,0.0,17.0,2448.0
CON-20231121-6279,2023-11-21,Costa Rica,BOS,land,seeds,propagative_material,9,98,882,True,1,0.0011337868480725624,10.0,8820.0
CON-20241028-9656,2024-10-28,Kenya,BOS,maritime,daffodils,flower,7,75,525,False,0,0.0,,
CON-20230303-4984,2023-03-03,Israel,IAH,air,seedlings,propagative_material,45,78,3510,False,0,0.0,3.0,10530.0
CON-20230328-8886,2023-03-28,Ethiopia,ORD,land,chrysanthemums,flower,5,42,210,False,0,0.0,,
CON-20241008-2271,2024-10-08,Costa Rica,SEA,air,saplings,propagative_material,1,72,72,False,0,0.0,18.0,1296.0
CON-20240921-8440,2024-09-21,Guatemala,LAX,air,tulips,flower,28,48,1344,False,0,0.0,,
CON-20240715-5004,2024-07-15,Netherlands,SEA,land,bulbs,propagative_material,28,84,2352,False,0,0.0,3.0,7056.0
CON-20241224-4198,2024-12-24,Israel,ATL,air,seeds,propagative_material,26,14,364,False,0,0.0,2.0,728.0
CON-20231210-3262,2023-12-10,Ecuador,IAH,maritime,roses,flower,44,51,2244,False,0,0.0,,
CON-20230408-8870,2023-04-08,Ecuador,ATL,land,cuttings,propagative_material,10,13,130,False,0,0.0,2.0,260.0
CON-20230920-7583,2023-09-20,Colombia,DFW,air,carnations,flower,2,22,44,False,0,0.0,,
CON-20240615-1516,2024-06-15,Mexico,ORD,air,bulbs,propagative_material,9,27,243,False,0,0.0,11.0,2673.0
CON-20241111-1451,2024-11-11,Kenya,MIA,air,seeds,propagative_material,24,58,1392,False,0,0.0,4.0,5568.0
CON-20230801-4152,2023-08-01,Netherlands,LAX,air,orchids,flower,14,38,532,False,0,0.0,,
CON-20230705-5164,2023-07-05,Kenya,MIA,maritime,chrysanthemums,flower,14,30,420,False,0,0.0,,
CON-20231018-7549,2023-10-18,Israel,SEA,land,carnations,flower,14,48,672,False,0,0.0,,
CON-20240329-8045,2024-03-29,Ethiopia,ATL,land,roses,flower,12,43,516,False,0,0.0,,
CON-20230628-8435,2023-06-28,Mexico,ORD,maritime,seedlings,propagative_material,38,55,2090,False,0,0.0,16.0,33440.0
CON-20240809-6836,2024-08-09,Kenya,ATL,land,carnations,flower,40,70,2800,False,0,0.0,,
CON-20241205-2086,2024-12-05,Mexico,LAX,maritime,grafts,propagative_material,26,57,1482,False,0,0.0,9.0,13338.0
CON-20240114-7824,2024-01-14,Guatemala,SEA,air,saplings,propagative_material,41,75,3075,False,0,0.0,14.0,43050.0
CON-20240429-7076,2024-04-29,Ethiopia,LAX,maritime,lilies,flower,16,61,976,False,0,0.0,,
CON-20231005-6538,2023-10-05,Ecuador,ATL,maritime,daffodils,flower,47,50,2350,False,0,0.0,,
CON-20241216-6555,2024-12-16,Kenya,IAH,land,carnations,flower,49,91,4459,False,0,0.0,,
CON-20230727-6550,2023-07-27,Kenya,MIA,maritime,sunflowers,flower,38,29,1102,False,0,0.0,,
CON-20241018-4679,2024-10-18,Guatemala,LAX,air,daffodils,flower,13,90,1170,False,0,0.0,,
CON-20241106-8031,2024-11-06,Israel,ATL,air,daffodils,flower,36,52,1872,False,0,0.0,,
CON-20230414-4872,2023-04-14,Kenya,JFK,maritime,carnations,flower,19,82,1558,False,0,0.0,,
CON-20230409-7449,2023-04-09,Costa Rica,LAX,maritime,lilies,flower,44,74,3256,False,0,0.0,,
CON-20240417-4411,2024-04-17,Costa Rica,ORD,land,seeds,propagative_material,16,12,192,False,0,0.0,16.0,3072.0
CON-20240427-5487,2024-04-27,Ecuador,SEA,air,saplings,propagative_material,50,10,500,False,0,0.0,18.0,9000.0
CON-20241229-4407,2024-12-29,Mexico,BOS,land,tissue cultures,propagative_material,9,59,531,False,0,0.0,4.0,2124.0
CON-20240212-8242,2024-02-12,Ecuador,LAX,maritime,tissue cultures,propagative_material,50,48,2400,False,0,0.0,13.0,31200.0
CON-20231012-5858,2023-10-12,Ecuador,DFW,land,seedlings,propagative_material,38,91,3458,False,0,0.0,12.0,41496.0
CON-20240904-5924,2024-09-04,Mexico,ORD,air,grafts,propagative_material,9,84,756,False,0,0.0,1.0,756.0
CON-20230926-7279,2023-09-26,Kenya,SEA,land,seedlings,propagative_material,8,33,264,False,0,0.0,10.0,2640.0
CON-20240224-4673,2024-02-24,Guatemala,LAX,land,roses,flower,27,97,2619,False,0,0.0,,
CON-20240906-6732,2024-09-06,Kenya,DFW,air,seeds,propagative_material,7,59,413,False,0,0.0,19.0,7847.0
CON-20230910-4794,2023-09-10,Netherlands,LAX,maritime,roses,flower,49,20,980,False,0,0.0,,
CON-20240502-5483,2024-05-02,Ethiopia,ATL,air,sunflowers,flower,43,36,1548,False,0,0.0,,
CON-20230216-8113,2023-02-16,Costa Rica,LAX,maritime,chrysanthemums,flower,47,17,799,False,0,0.0,,
CON-20230317-2360,2023-03-17,Guatemala,ORD,air,chrysanthemums,flower,7,61,427,True,5,0.0117096018735363,,
CON-20241102-7835,2024-11-02,Netherlands,JFK,maritime,seeds,propagative_material,10,77,770,False,0,0.0,14.0,10780.0
CON-20230203-3365,2023-02-03,Colombia,SEA,land,tissue cultures,propagative_material,39,15,585,False,0,0.0,4.0,2340.0
CON-20231204-4235,2023-12-04,Kenya,ATL,land,orchids,flower,10,17,170,False,0,0.0,,
CON-20241213-9905,2024-12-13,Colombia,SEA,air,chrysanthemums,flower,32,85,2720,False,0,0.0,,
CON-20231128-2900,2023-11-28,Mexico,JFK,air,chrysanthemums,flower,45,21,945,False,0,0.0,,
CON-20230411-1070,2023-04-11,Kenya,MIA,land,roses,flower,9,48,432,False,0,0.0,,
CON-20241101-9742,2024-11-01,Ecuador,IAH,land,cuttings,propagative_material,6,25,150,False,0,0.0,15.0,2250.0
CON-20240511-8805,2024-05-11,Ethiopia,DFW,air,saplings,propagative_material,39,37,1443,False,0,0.0,17.0,24531.0
CON-20231029-2305,2023-10-29,Israel,BOS,maritime,lilies,flower,39,19,741,False,0,0.0,,
CON-20240921-5690,2024-09-21,Netherlands,BOS,maritime,seedlings,propagative_material,25,25,625,False,0,0.0,6.0,3750.0
CON-20231223-6497,2023-12-23,Kenya,MIA,air,roses,flower,5,100,500,False,0,0.0,,
CON-20240225-5149,2024-02-25,Kenya,DFW,air,carnations,flower,25,18,450,False,0,0.0,,
CON-20231127-2229,2023-11-27,Israel,DFW,air,saplings,propagative_material,42,73,3066,False,0,0.0,1.0,3066.0
CON-20240513-5520,2024-05-13,Ecuador,DFW,maritime,seedlings,propagative_material,30,84,2520,False,0,0.0,17.0,42840.0
CON-20240204-6582,2024-02-04,Costa Rica,DFW,maritime,lilies,flower,4,13,52,False,0,0.0,,
CON-20241110-5853,2024-11-10,Mexico,BOS,maritime,lilies,flower,24,56,1344,False,0,0.0,,
CON-20241015-6924,2024-10-15,Ecuador,MIA,maritime,grafts,propagative_material,10,59,590,False,0,0.0,13.0,7670.0
CON-20240127-5817,2024-01-27,Israel,JFK,maritime,grafts,propagative_material,2,94,188,False,0,0.0,9.0,1692.0
CON-20240123-9387,2024-01-23,Colombia,ORD,air,carnations,flower,17,15,255,False,0,0.0,,
CON-20230104-5455,2023-01-04,Guatemala,LAX,air,daffodils,flower,35,86,3010,False,0,0.0,,
CON-20240703-9216,2024-07-03,Colombia,BOS,air,seeds,propagative_material,31,62,1922,False,0,0.0,4.0,7688.0
CON-20230615-3867,2023-06-15,Colombia,DFW,land,bulbs,propagative_material,10,80,800,False,0,0.0,18.0,14400.0
CON-20240702-6864,2024-07-02,Ecuador,ATL,air,sunflowers,flower,21,29,609,False,0,0.0,,
CON-20231007-2897,2023-10-07,Ethiopia,JFK,air,seeds,propagative_material,47,80,3760,False,0,0.0,8.0,30080.0
CON-20230429-6151,2023-04-29,Israel,LAX,land,cuttings,propagative_material,43,13,559,False,0,0.0,7.0,3913.0
CON-20230618-6888,2023-06-18,Israel,BOS,air,saplings,propagative_material,1,65,65,False,0,0.0,16.0,1040.0
CON-20240420-1388,2024-04-20,Costa Rica,JFK,land,seeds,propagative_material,9,79,711,True,2,0.0028129395218002813,10.0,7110.0
CON-20231204-3068,2023-12-04,Colombia,ATL,land,cuttings,propagative_material,5,88,440,False,0,0.0,17.0,7480.0
CON-20240425-1596,2024-04-25,Colombia,ATL,maritime,sunflowers,flower,19,90,1710,False,0,0.0,,
CON-20240606-9154,2024-06-06,Ecuador,LAX,land,seeds,propagative_material,25,38,950,False,0,0.0,18.0,17100.0
CON-20240725-8284,2024-07-25,Netherlands,ORD,maritime,seedlings,propagative_material,10,22,220,False,0,0.0,9.0,1980.0
CON-20240812-6643,2024-08-12,Kenya,SEA,land,cuttings,propagative_material,22,80,1760,False,0,0.0,16.0,28160.0
CON-20230122-8043,2023-01-22,Israel,ATL,land,carnations,flower,37,10,370,False,0,0.0,,
CON-20230606-7365,2023-06-06,Netherlands,ATL,maritime,roses,flower,25,18,450,False,0,0.0,,
CON-20230904-1708,2023-09-04,Israel,SEA,maritime,grafts,propagative_material,49,44,2156,False,0,0.0,3.0,6468.0
CON-20240330-2132,2024-03-30,Mexico,DFW,air,chrysanthemums,flower,15,63,945,False,0,0.0,,
CON-20230524-4185,2023-05-24,Ethiopia,IAH,air,lilies,flower,41,12,492,False,0,0.0,,
CON-20240920-5936,2024-09-20,Guatemala,SEA,land,seedlings,propagative_material,40,60,2400,False,0,0.0,15.0,36000.0
CON-20230110-3852,2023-01-10,Guatemala,MIA,maritime,carnations,flower,16,28,448,False,0,0.0,,
CON-20230105-6043,2023-01-05,Kenya,ATL,land,cuttings,propagative_material,6,68,408,False,0,0.0,4.0,1632.0
CON-20240212-5616,2024-02-12,Israel,DFW,air,cuttings,propagative_material,35,53,1855,False,0,0.0,19.0,35245.0
CON-20240525-8408,2024-05-25,Netherlands,SEA,air,roses,flower,11,45,495,False,0,0.0,,
CON-20230815-6879,2023-08-15,Netherlands,ORD,air,tissue cultures,propagative_material,22,96,2112,False,0,0.0,6.0,12672.0
CON-20241017-1331,2024-10-17,Kenya,LAX,maritime,tissue cultures,propagative_material,25,38,950,False,0,0.0,5.0,4750.0
CON-20241207-3571,2024-12-07,Mexico,SEA,air,grafts,propagative_material,11,22,242,False,0,0.0,20.0,4840.0
CON-20231106-3897,2023-11-06,Ecuador,MIA,air,grafts,propagative_material,30,79,2370,False,0,0.0,4.0,9480.0
CON-20230630-1081,2023-06-30,Israel,ORD,land,daffodils,flower,39,36,1404,False,0,0.0,,
CON-20231230-9193,2023-12-30,Mexico,ORD,air,bulbs,propagative_material,8,39,312,False,0,0.0,2.0,624.0
CON-20230108-1798,2023-01-08,Ethiopia,IAH,maritime,bulbs,propagative_material,3,63,189,False,0,0.0,4.0,756.0
CON-20240118-2012,2024-01-18,Kenya,ORD,air,grafts,propagative_material,39,72,2808,False,0,0.0,1.0,2808.0
CON-20241226-6578,2024-12-26,Netherlands,JFK,air,daffodils,flower,7,58,406,False,0,0.0,,
CON-20240519-6064,2024-05-19,Mexico,ATL,land,tissue cultures,propagative_material,48,57,2736,False,0,0.0,1.0,2736.0
CON-20230101-4839,2023-01-01,Guatemala,MIA,air,tulips,flower,47,37,1739,False,0,0.0,,
CON-20241004-7174,2024-10-04,Colombia,SEA,land,sunflowers,flower,35,19,665,False,0,0.0,,
CON-20231022-6779,2023-10-22,Ethiopia,BOS,land,grafts,propagative_material,1,25,25,False,0,0.0,7.0,175.0
CON-20240407-6645,2024-04-07,Colombia,LAX,land,daffodils,flower,27,64,1728,False,0,0.0,,
CON-20240304-2417,2024-03-04,Ecuador,BOS,land,bulbs,propagative_material,2,83,166,False,0,0.0,11.0,1826.0
CON-20240221-3163,2024-02-21,Guatemala,IAH,air,saplings,propagative_material,47,89,4183,False,0,0.0,8.0,33464.0
CON-20240504-8005,2024-05-04,Colombia,LAX,maritime,roses,flower,25,90,2250,False,0,0.0,,
CON-20230519-6828,2023-05-19,Kenya,DFW,air,bulbs,propagative_material,44,72,3168,False,0,0.0,19.0,60192.0
CON-20240123-2372,2024-01-23,Ecuador,LAX,air,tulips,flower,27,38,1026,False,0,0.0,,
CON-20240912-5011,2024-09-12,Colombia,ATL,air,lilies,flower,2,15,30,False,0,0.0,,
CON-20240806-4394,2024-08-06,Guatemala,DFW,air,saplings,propagative_material,16,99,1584,False,0,0.0,5.0,7920.0
CON-20240905-8843,2024-09-05,Ethiopia,SEA,maritime,daffodils,flower,40,36,1440,False,0,0.0,,
CON-20240517-2172,2024-05-17,Costa Rica,ATL,air,saplings,propagative_material,44,73,3212,False,0,0.0,11.0,35332.0
CON-20230212-1496,2023-02-12,Kenya,IAH,air,seeds,propagative_material,50,45,2250,False,0,0.0,13.0,29250.0
CON-20240314-4609,2024-03-14,Israel,MIA,land,orchids,flower,12,65,780,False,0,0.0,,
CON-20240514-5078,2024-05-14,Israel,LAX,air,cuttings,propagative_material,21,54,1134,False,0,0.0,16.0,18144.0
CON-20240131-5808,2024-01-31,Israel,SEA,maritime,daffodils,flower,17,77,1309,False,0,0.0,,
CON-20231013-3262,2023-10-13,Mexico,MIA,air,tulips,flower,8,12,96,False,0,0.0,,
CON-20240815-6469,2024-08-15,Israel,JFK,maritime,tissue cultures,propagative_material,27,51,1377,False,0,0.0,4.0,5508.0
CON-20230510-4791,2023-05-10,Ecuador,JFK,maritime,daffodils,flower,46,73,3358,False,0,0.0,,
CON-20240327-2195,2024-03-27,Israel,JFK,land,cuttings,propagative_material,44,44,1936,False,0,0.0,5.0,9680.0
CON-20241103-5795,2024-11-03,Colombia,ATL,maritime,roses,flower,12,28,336,False,0,0.0,,
CON-20241207-8596,2024-12-07,Guatemala,BOS,land,cuttings,propagative_material,23,73,1679,False,0,0.0,5.0,8395.0
CON-20231026-9678,2023-10-26,Israel,LAX,land,grafts,propagative_material,2,36,72,False,0,0.0,5.0,360.0
CON-20240722-3556,2024-07-22,Colombia,ATL,maritime,saplings,propagative_material,16,34,544,False,0,0.0,2.0,1088.0
CON-20240209-7668,2024-02-09,Ethiopia,DFW,air,daffodils,flower,50,66,3300,True,4,0.0012121212121212121,,
CON-20240312-3482,2024-03-12,Kenya,MIA,land,seeds,propagative_material,8,18,144,False,0,0.0,1.0,144.0
CON-20240530-9898,2024-05-30,Netherlands,IAH,maritime,carnations,flower,25,42,1050,False,0,0.0,,
CON-20240309-9851,2024-03-09,Kenya,ORD,air,daffodils,flower,2,75,150,False,0,0.0,,
CON-20241015-5148,2024-10-15,Mexico,BOS,land,seedlings,propagative_material,14,58,812,True,6,0.007389162561576354,20.0,16240.0
CON-20230517-1851,2023-05-17,Ethiopia,SEA,land,tissue cultures,propagative_material,24,63,1512,False,0,0.0,4.0,6048.0
CON-20240928-1014,2024-09-28,Kenya,MIA,maritime,chrysanthemums,flower,37,37,1369,False,0,0.0,,
CON-20231026-9693,2023-10-26,Colombia,LAX,maritime,chrysanthemums,flower,31,54,1674,False,0,0.0,,
CON-20230810-5617,2023-08-10,Netherlands,IAH,air,cuttings,propagative_material,17,91,1547,False,0,0.0,2.0,3094.0
CON-20231223-4499,2023-12-23,Ethiopia,ORD,air,daffodils,flower,33,53,1749,False,0,0.0,,
CON-20241011-6083,2024-10-11,Israel,ORD,land,cuttings,propagative_material,33,92,3036,False,0,0.0,15.0,45540.0
CON-20230221-9459,2023-02-21,Israel,DFW,land,seeds,propagative_material,40,91,3640,True,7,0.0019230769230769232,11.0,40040.0
CON-20230423-1609,2023-04-23,Mexico,ATL,maritime,sunflowers,flower,36,43,1548,False,0,0.0,,
CON-20230416-2530,2023-04-16,Ecuador,BOS,land,lilies,flower,31,99,3069,False,0,0.0,,
CON-20240203-8700,2024-02-03,Colombia,DFW,land,daffodils,flower,8,20,160,False,0,0.0,,
CON-20240816-8806,2024-08-16,Mexico,BOS,maritime,seedlings,propagative_material,13,30,390,False,0,0.0,2.0,780.0
CON-20240703-9832,2024-07-03,Israel,JFK,maritime,cuttings,propagative_material,13,42,546,False,0,0.0,3.0,1638.0
CON-20240326-4922,2024-03-26,Israel,SEA,maritime,tissue cultures,propagative_material,24,41,984,False,0,0.0,8.0,7872.0
CON-20230613-8896,2023-06-13,Costa Rica,MIA,maritime,daffodils,flower,43,28,1204,False,0,0.0,,
CON-20230310-4408,2023-03-10,Israel,IAH,air,orchids,flower,28,64,1792,False,0,0.0,,
CON-20230605-7295,2023-06-05,Netherlands,ORD,air,lilies,flower,11,69,759,False,0,0.0,,
CON-20230816-2003,2023-08-16,Mexico,IAH,land,tulips,flower,5,91,455,False,0,0.0,,
CON-20240614-1072,2024-06-14,Ecuador,DFW,air,orchids,flower,28,23,644,False,0,0.0,,
CON-20230108-4666,2023-01-08,Costa Rica,BOS,air,carnations,flower,47,11,517,False,0,0.0,,
CON-20240501-9212,2024-05-01,Costa Rica,MIA,maritime,sunflowers,flower,48,24,1152,False,0,0.0,,
CON-20230512-2007,2023-05-12,Ethiopia,MIA,maritime,daffodils,flower,13,10,130,False,0,0.0,,
CON-20230530-5836,2023-05-30,Netherlands,BOS,air,seeds,propagative_material,10,45,450,False,0,0.0,10.0,4500.0
CON-20230223-8694,2023-02-23,Guatemala,ORD,land,sunflowers,flower,45,94,4230,False,0,0.0,,
CON-20241125-8118,2024-11-25,Colombia,SEA,air,chrysanthemums,flower,25,56,1400,False,0,0.0,,
CON-20240411-7187,2024-04-11,Israel,SEA,maritime,orchids,flower,3,87,261,False,0,0.0,,
CON-20231022-3495,2023-10-22,Costa Rica,ORD,air,roses,flower,2,88,176,False,0,0.0,,
CON-20241121-3986,2024-11-21,Ecuador,ATL,air,tulips,flower,13,68,884,False,0,0.0,,
CON-20230319-6928,2023-03-19,Ecuador,LAX,land,lilies,flower,40,100,4000,True,1,0.00025,,
CON-20230907-2872,2023-09-07,Ethiopia,BOS,land,roses,flower,49,24,1176,False,0,0.0,,
CON-20241219-3480,2024-12-19,Colombia,DFW,air,seeds,propagative_material,5,60,300,False,0,0.0,14.0,4200.0
CON-20230203-4423,2023-02-03,Netherlands,JFK,land,grafts,propagative_material,23,81,1863,False,0,0.0,9.0,16767.0
CON-20240411-4391,2024-04-11,Guatemala,DFW,land,bulbs,propagative_material,21,46,966,False,0,0.0,12.0,11592.0
CON-20230711-2495,2023-07-11,Guatemala,LAX,land,cuttings,propagative_material,37,61,2257,False,0,0.0,9.0,20313.0
CON-20240601-3552,2024-06-01,Mexico,ORD,land,daffodils,flower,19,96,1824,False,0,0.0,,
CON-20240521-3396,2024-05-21,Netherlands,ORD,air,saplings,propagative_material,43,62,2666,False,0,0.0,17.0,45322.0
CON-20240705-9160,2024-07-05,Ecuador,ATL,maritime,orchids,flower,38,31,1178,False,0,0.0,,
CON-20230210-1340,2023-02-10,Ecuador,ATL,air,seedlings,propagative_material,48,96,4608,False,0,0.0,18.0,82944.0
CON-20231108-6536,2023-11-08,Mexico,JFK,air,roses,flower,21,21,441,False,0,0.0,,
CON-20240522-4246,2024-05-22,Ethiopia,ORD,air,grafts,propagative_material,42,35,1470,False,0,0.0,8.0,11760.0
CON-20230811-1931,2023-08-11,Israel,SEA,land,lilies,flower,1,21,21,False,0,0.0,,
CON-20240901-1058,2024-09-01,Netherlands,JFK,land,seeds,propagative_material,36,66,2376,False,0,0.0,10.0,23760.0
CON-20240623-9908,2024-06-23,Costa Rica,JFK,air,cuttings,propagative_material,45,45,2025,False,0,0.0,20.0,40500.0
CON-20230824-7834,2023-08-24,Ecuador,JFK,land,cuttings,propagative_material,46,38,1748,False,0,0.0,14.0,24472.0
CON-20240208-2349,2024-02-08,Colombia,ORD,maritime,tissue cultures,propagative_material,42,13,546,False,0,0.0,5.0,2730.0
CON-20230310-5201,2023-03-10,Ecuador,SEA,land,orchids,flower,50,68,3400,False,0,0.0,,
CON-20230814-9986,2023-08-14,Guatemala,JFK,maritime,saplings,propagative_material,6,14,84,False,0,0.0,7.0,588.0
CON-20240319-5754,2024-03-19,Kenya,JFK,land,lilies,flower,39,67,2613,False,0,0.0,,
CON-20240821-4813,2024-08-21,Ecuador,LAX,land,seedlings,propagative_material,20,27,540,False,0,0.0,16.0,8640.0
CON-20230130-2610,2023-01-30,Mexico,DFW,land,grafts,propagative_material,32,64,2048,False,0,0.0,17.0,34816.0
CON-20230509-6857,2023-05-09,Guatemala,BOS,maritime,grafts,propagative_material,16,65,1040,False,0,0.0,1.0,1040.0
CON-20230615-7965,2023-06-15,Colombia,SEA,land,daffodils,flower,12,85,1020,False,0,0.0,,
CON-20240611-7505,2024-06-11,Mexico,SEA,maritime,tissue cultures,propagative_material,45,98,4410,False,0,0.0,3.0,13230.0
CON-20230711-6209,2023-07-11,Mexico,DFW,air,grafts,propagative_material,19,84,1596,False,0,0.0,19.0,30324.0
CON-20231128-6287,2023-11-28,Costa Rica,LAX,air,sunflowers,flower,31,69,2139,False,0,0.0,,
CON-20230126-1480,2023-01-26,Guatemala,SEA,maritime,tissue cultures,propagative_material,24,78,1872,False,0,0.0,3.0,5616.0
CON-20230422-2146,2023-04-22,Ethiopia,LAX,maritime,tulips,flower,31,80,2480,False,0,0.0,,
CON-20231226-2870,2023-12-26,Ecuador,DFW,maritime,tissue cultures,propagative_material,35,66,2310,False,0,0.0,10.0,23100.0
CON-20230227-5419,2023-02-27,Costa Rica,SEA,air,roses,flower,1,87,87,False,0,0.0,,
CON-20240728-4816,2024-07-28,Ecuador,IAH,maritime,tulips,flower,41,69,2829,False,0,0.0,,
CON-20230720-1216,2023-07-20,Netherlands,MIA,land,seeds,propagative_material,7,29,203,False,0,0.0,3.0,609.0
CON-20230206-1376,2023-02-06,Costa Rica,SEA,land,orchids,flower,11,83,913,False,0,0.0,,
CON-20230705-2950,2023-07-05,Mexico,DFW,air,bulbs,propagative_material,13,62,806,False,0,0.0,18.0,14508.0
CON-20230212-3229,2023-02-12,Netherlands,SEA,air,saplings,propagative_material,32,91,2912,False,0,0.0,9.0,26208.0
CON-20241228-8392,2024-12-28,Ecuador,SEA,land,carnations,flower,17,99,1683,False,0,0.0,,
CON-20241012-2507,2024-10-12,Israel,ORD,maritime,roses,flower,45,51,2295,False,0,0.0,,
CON-20241110-7232,2024-11-10,Ethiopia,ATL,maritime,daffodils,flower,44,73,3212,False,0,0.0,,
CON-20240106-2074,2024-01-06,Costa Rica,BOS,air,orchids,flower,24,38,912,False,0,0.0,,
CON-20240315-5385,2024-03-15,Ethiopia,SEA,land,tulips,flower,33,35,1155,False,0,0.0,,
CON-20240729-8028,2024-07-29,Costa Rica,ORD,maritime,seedlings,propagative_material,23,93,2139,False,0,0.0,6.0,12834.0
CON-20240320-1480,2024-03-20,Mexico,BOS,air,orchids,flower,34,50,1700,False,0,0.0,,
CON-20240621-3606,2024-06-21,Guatemala,BOS,maritime,roses,flower,33,87,2871,False,0,0.0,,
CON-20241103-6524,2024-11-03,Mexico,IAH,air,orchids,flower,16,65,1040,False,0,0.0,,
CON-20230125-1522,2023-01-25,Costa Rica,JFK,maritime,tulips,flower,4,56,224,False,0,0.0,,
CON-20240215-4228,2024-02-15,Ecuador,IAH,maritime,carnations,flower,47,11,517,False,0,0.0,,
CON-20230720-9028,2023-07-20,Ethiopia,MIA,land,seedlings,propagative_material,30,67,2010,False,0,0.0,5.0,10050.0
CON-20231220-3256,2023-12-20,Israel,ATL,land,bulbs,propagative_material,36,13,468,False,0,0.0,11.0,5148.0
CON-20231229-1079,2023-12-29,Costa Rica,DFW,air,seedlings,propagative_material,9,98,882,False,0,0.0,10.0,8820.0
CON-20230709-2060,2023-07-09,Israel,JFK,land,cuttings,propagative_material,14,53,742,False,0,0.0,5.0,3710.0
CON-20241204-6416,2024-12-04,Guatemala,ATL,land,saplings,propagative_material,15,72,1080,False,0,0.0,7.0,7560.0
CON-20230526-3733,2023-05-26,Colombia,LAX,air,seedlings,propagative_material,23,83,1909,False,0,0.0,13.0,24817.0
CON-20230928-4001,2023-09-28,Israel,MIA,maritime,tissue cultures,propagative_material,28,96,2688,False,0,0.0,12.0,32256.0
CON-20240108-6735,2024-01-08,Colombia,JFK,land,lilies,flower,34,34,1156,False,0,0.0,,
CON-20230324-2324,2023-03-24,Israel,ATL,maritime,daffodils,flower,3,87,261,False,0,0.0,,
CON-20230322-4603,2023-03-22,Kenya,DFW,air,orchids,flower,23,55,1265,False,0,0.0,,
CON-20230519-4273,2023-05-19,Guatemala,JFK,maritime,carnations,flower,35,23,805,False,0,0.0,,
CON-20240130-8792,2024-01-30,Kenya,BOS,maritime,saplings,propagative_material,9,21,189,False,0,0.0,12.0,2268.0
CON-20230921-5219,2023-09-21,Mexico,MIA,maritime,bulbs,propagative_material,49,64,3136,False,0,0.0,17.0,53312.0
CON-20240328-1970,2024-03-28,Colombia,IAH,land,carnations,flower,1,85,85,False,0,0.0,,
CON-20240909-6505,2024-09-09,Mexico,ORD,air,lilies,flower,2,40,80,False,0,0.0,,
CON-20240520-9844,2024-05-20,Colombia,SEA,land,cuttings,propagative_material,22,14,308,False,0,0.0,5.0,1540.0
CON-20230822-4754,2023-08-22,Ecuador,SEA,maritime,bulbs,propagative_material,49,37,1813,False,0,0.0,17.0,30821.0
CON-20231112-1936,2023-11-12,Costa Rica,IAH,air,chrysanthemums,flower,43,47,2021,False,0,0.0,,
CON-20230906-3371,2023-09-06,Ecuador,DFW,land,orchids,flower,24,15,360,False,0,0.0,,
CON-20230901-7079,2023-09-01,Costa Rica,MIA,land,bulbs,propagative_material,17,26,442,False,0,0.0,15.0,6630.0
CON-20240912-1397,2024-09-12,Mexico,BOS,air,seeds,propagative_material,46,52,2392,False,0,0.0,10.0,23920.0
CON-20240617-7103,2024-06-17,Ethiopia,ORD,air,seedlings,propagative_material,20,41,820,False,0,0.0,8.0,6560.0
CON-20241030-2756,2024-10-30,Colombia,JFK,land,seedlings,propagative_material,38,71,2698,False,0,0.0,11.0,29678.0
CON-20241130-6566,2024-11-30,Netherlands,SEA,air,seedlings,propagative_material,30,87,2610,False,0,0.0,3.0,7830.0
CON-20240605-2366,2024-06-05,Guatemala,ORD,air,saplings,propagative_material,28,28,784,False,0,0.0,2.0,1568.0
CON-20240925-7505,2024-09-25,Costa Rica,BOS,air,bulbs,propagative_material,7,85,595,False,0,0.0,19.0,11305.0
CON-20230812-1440,2023-08-12,Colombia,DFW,maritime,daffodils,flower,50,71,3550,False,0,0.0,,
CON-20240610-6673,2024-06-10,Israel,MIA,land,sunflowers,flower,1,66,66,False,0,0.0,,
CON-20230227-1096,2023-02-27,Colombia,DFW,air,orchids,flower,21,16,336,True,3,0.008928571428571428,,
CON-20240617-4490,2024-06-17,Ecuador,SEA,land,tissue cultures,propagative_material,32,81,2592,False,0,0.0,10.0,25920.0
CON-20240831-1778,2024-08-31,Israel,JFK,air,daffodils,flower,29,60,1740,False,0,0.0,,
CON-20230730-6701,2023-07-30,Ethiopia,JFK,land,daffodils,flower,44,98,4312,False,0,0.0,,
CON-20241229-1731,2024-12-29,Ethiopia,LAX,land,bulbs,propagative_material,28,79,2212,False,0,0.0,3.0,6636.0
CON-20230516-6137,2023-05-16,Kenya,IAH,land,carnations,flower,5,16,80,False,0,0.0,,
CON-20231015-3439,2023-10-15,Colombia,ORD,air,roses,flower,7,79,553,False,0,0.0,,
CON-20240702-4227,2024-07-02,Netherlands,LAX,air,cuttings,propagative_material,16,32,512,False,0,0.0,3.0,1536.0
CON-20241014-2408,2024-10-14,Mexico,IAH,air,lilies,flower,27,11,297,False,0,0.0,,
CON-20240125-6017,2024-01-25,Guatemala,ORD,land,grafts,propagative_material,48,75,3600,False,0,0.0,16.0,57600.0
CON-20230217-2633,2023-02-17,Mexico,BOS,air,seeds,propagative_material,23,26,598,False,0,0.0,2.0,1196.0
CON-20230427-1451,2023-04-27,Guatemala,JFK,maritime,lilies,flower,18,81,1458,False,0,0.0,,
CON-20230704-2804,2023-07-04,Costa Rica,DFW,air,grafts,propagative_material,1,77,77,False,0,0.0,19.0,1463.0
CON-20231108-3322,2023-11-08,Colombia,ATL,land,orchids,flower,24,63,1512,False,0,0.0,,
CON-20240203-2282,2024-02-03,Mexico,DFW,maritime,tissue cultures,propagative_material,12,68,816,False,0,0.0,8.0,6528.0
CON-20241201-7803,2024-12-01,Guatemala,BOS,land,seedlings,propagative_material,49,96,4704,False,0,0.0,5.0,23520.0
CON-20231229-7253,2023-12-29,Mexico,ORD,land,chrysanthemums,flower,9,61,549,False,0,0.0,,
CON-20230126-4204,2023-01-26,Guatemala,IAH,air,tulips,flower,32,36,1152,False,0,0.0,,
CON-20231021-5729,2023-10-21,Costa Rica,IAH,maritime,bulbs,propagative_material,47,27,1269,False,0,0.0,13.0,16497.0
CON-20240205-4578,2024-02-05,Colombia,ATL,maritime,carnations,flower,32,64,2048,False,0,0.0,,
CON-20230424-5885,2023-04-24,Netherlands,ATL,land,saplings,propagative_material,30,63,1890,False,0,0.0,6.0,11340.0
CON-20231030-7905,2023-10-30,Colombia,DFW,air,seeds,propagative_material,39,60,2340,False,0,0.0,7.0,16380.0
CON-20230128-7348,2023-01-28,Mexico,ATL,maritime,daffodils,flower,21,58,1218,False,0,0.0,,
CON-20230810-4602,2023-08-10,Costa Rica,BOS,air,lilies,flower,1,13,13,False,0,0.0,,
CON-20230821-3375,2023-08-21,Guatemala,ORD,maritime,saplings,propagative_material,23,83,1909,False,0,0.0,20.0,38180.0
CON-20230301-1715,2023-03-01,Colombia,MIA,maritime,tulips,flower,39,38,1482,False,0,0.0,,
CON-20241203-3790,2024-12-03,Ethiopia,JFK,maritime,tissue cultures,propagative_material,7,20,140,False,0,0.0,5.0,700.0
CON-20240506-2871,2024-05-06,Costa Rica,MIA,maritime,tissue cultures,propagative_material,13,12,156,False,0,0.0,15.0,2340.0
CON-20231209-8353,2023-12-09,Mexico,JFK,maritime,orchids,flower,37,71,2627,False,0,0.0,,
CON-20230519-7704,2023-05-19,Netherlands,DFW,air,grafts,propagative_material,8,24,192,False,0,0.0,11.0,2112.0
CON-20230408-6134,2023-04-08,Mexico,DFW,land,seeds,propagative_material,28,19,532,False,0,0.0,14.0,7448.0
CON-20230724-7005,2023-07-24,Kenya,LAX,maritime,bulbs,propagative_material,39,69,2691,False,0,0.0,12.0,32292.0
CON-20240229-4570,2024-02-29,Guatemala,MIA,land,grafts,propagative_material,39,49,1911,False,0,0.0,16.0,30576.0
CON-20230401-1877,2023-04-01,Costa Rica,IAH,air,tissue cultures,propagative_material,45,100,4500,False,0,0.0,13.0,58500.0
CON-20230218-9185,2023-02-18,Costa Rica,MIA,land,saplings,propagative_material,14,92,1288,False,0,0.0,3.0,3864.0
CON-20230713-4186,2023-07-13,Mexico,BOS,maritime,seeds,propagative_material,25,38,950,False,0,0.0,14.0,13300.0
CON-20240426-1743,2024-04-26,Colombia,ORD,air,orchids,flower,38,14,532,False,0,0.0,,
CON-20240502-6454,2024-05-02,Ethiopia,JFK,air,tissue cultures,propagative_material,23,47,1081,False,0,0.0,17.0,18377.0
CON-20240307-3026,2024-03-07,Kenya,DFW,land,seedlings,propagative_material,39,85,3315,False,0,0.0,5.0,16575.0
CON-20230812-5461,2023-08-12,Guatemala,ATL,land,bulbs,propagative_material,21,53,1113,False,0,0.0,3.0,3339.0
CON-20230310-2741,2023-03-10,Ecuador,DFW,land,sunflowers,flower,27,32,864,False,0,0.0,,
CON-20230208-5278,2023-02-08,Ecuador,ORD,maritime,seedlings,propagative_material,35,60,2100,False,0,0.0,12.0,25200.0
CON-20240722-4565,2024-07-22,Ethiopia,LAX,air,tulips,flower,15,22,330,False,0,0.0,,
CON-20240426-8022,2024-04-26,Netherlands,ORD,air,tulips,flower,50,89,4450,False,0,0.0,,
CON-20240705-1526,2024-07-05,Ethiopia,DFW,land,carnations,flower,41,45,1845,False,0,0.0,,
CON-20230421-2522,2023-04-21,Costa Rica,MIA,land,sunflowers,flower,41,34,1394,False,0,0.0,,
CON-20230307-8025,2023-03-07,Mexico,SEA,land,bulbs,propagative_material,14,89,1246,False,0,0.0,15.0,18690.0
CON-20230520-1183,2023-05-20,Netherlands,BOS,land,grafts,propagative_material,43,38,1634,False,0,0.0,6.0,9804.0
CON-20230625-9605,2023-06-25,Ethiopia,MIA,land,seedlings,propagative_material,18,22,396,False,0,0.0,8.0,3168.0
CON-20230909-1236,2023-09-09,Netherlands,SEA,land,seedlings,propagative_material,16,65,1040,False,0,0.0,4.0,4160.0
CON-20231114-5435,2023-11-14,Costa Rica,LAX,land,orchids,flower,11,47,517,False,0,0.0,,
CON-20241210-6040,2024-12-10,Ecuador,JFK,air,lilies,flower,49,57,2793,True,10,0.0035803795202291443,,
CON-20241219-2067,2024-12-19,Guatemala,SEA,maritime,seeds,propagative_material,43,75,3225,False,0,0.0,11.0,35475.0
CON-20240919-9833,2024-09-19,Mexico,ATL,air,chrysanthemums,flower,20,73,1460,False,0,0.0,,
CON-20230209-6321,2023-02-09,Colombia,ORD,maritime,orchids,flower,41,27,1107,False,0,0.0,,
CON-20230703-4270,2023-07-03,Colombia,JFK,land,chrysanthemums,flower,43,19,817,False,0,0.0,,
CON-20240923-3874,2024-09-23,Israel,SEA,maritime,carnations,flower,48,83,3984,False,0,0.0,,
CON-20240506-7937,2024-05-06,Netherlands,MIA,air,daffodils,flower,28,84,2352,False,0,0.0,,
CON-20231222-5096,2023-12-22,Ecuador,MIA,land,bulbs,propagative_material,35,59,2065,False,0,0.0,3.0,6195.0
CON-20240915-6006,2024-09-15,Colombia,IAH,air,saplings,propagative_material,40,39,1560,False,0,0.0,5.0,7800.0
CON-20230103-4077,2023-01-03,Ethiopia,MIA,maritime,daffodils,flower,44,32,1408,False,0,0.0,,
CON-20230726-7077,2023-07-26,Ethiopia,SEA,air,lilies,flower,16,42,672,False,0,0.0,,
CON-20240322-6930,2024-03-22,Colombia,IAH,maritime,roses,flower,33,65,2145,False,0,0.0,,
CON-20230913-6628,2023-09-13,Ethiopia,MIA,maritime,grafts,propagative_material,40,27,1080,False,0,0.0,1.0,1080.0
CON-20231215-9569,2023-12-15,Guatemala,ATL,air,tissue cultures,propagative_material,23,30,690,False,0,0.0,20.0,13800.0
CON-20241008-7913,2024-10-08,Israel,ATL,maritime,bulbs,propagative_material,37,64,2368,False,0,0.0,10.0,23680.0
CON-20240907-5237,2024-09-07,Israel,ORD,maritime,saplings,propagative_material,31,61,1891,False,0,0.0,15.0,28365.0
CON-20230726-6574,2023-07-26,Colombia,IAH,land,seeds,propagative_material,49,85,4165,False,0,0.0,9.0,37485.0
CON-20240411-7181,2024-04-11,Ecuador,IAH,land,cuttings,propagative_material,19,88,1672,False,0,0.0,17.0,28424.0
CON-20240826-8496,2024-08-26,Mexico,SEA,maritime,sunflowers,flower,2,62,124,False,0,0.0,,
CON-20230222-2344,2023-02-22,Netherlands,SEA,land,saplings,propagative_material,17,89,1513,False,0,0.0,3.0,4539.0
CON-20230924-6873,2023-09-24,Netherlands,ORD,land,chrysanthemums,flower,22,60,1320,False,0,0.0,,
CON-20231130-9276,2023-11-30,Mexico,SEA,land,seedlings,propagative_material,22,19,418,False,0,0.0,14.0,5852.0
CON-20240518-5654,2024-05-18,Netherlands,LAX,maritime,orchids,flower,37,97,3589,False,0,0.0,,
CON-20241017-1272,2024-10-17,Kenya,DFW,land,tulips,flower,2,45,90,False,0,0.0,,
CON-20241225-5330,2024-12-25,Israel,SEA,maritime,grafts,propagative_material,22,49,1078,False,0,0.0,6.0,6468.0
CON-20240427-1545,2024-04-27,Costa Rica,SEA,air,cuttings,propagative_material,29,25,725,False,0,0.0,5.0,3625.0
CON-20230904-5929,2023-09-04,Israel,JFK,land,sunflowers,flower,28,32,896,False,0,0.0,,
CON-20240226-7671,2024-02-26,Costa Rica,LAX,land,tissue cultures,propagative_material,42,46,1932,False,0,0.0,18.0,34776.0
CON-20231127-2301,2023-11-27,Netherlands,SEA,air,lilies,flower,2,20,40,False,0,0.0,,
CON-20240814-1025,2024-08-14,Ecuador,BOS,land,tulips,flower,6,88,528,False,0,0.0,,
CON-20230531-8779,2023-05-31,Ethiopia,IAH,maritime,sunflowers,flower,23,77,1771,False,0,0.0,,
CON-20231202-4532,2023-12-02,Netherlands,ORD,maritime,carnations,flower,4,34,136,False,0,0.0,,
CON-20231016-7185,2023-10-16,Ethiopia,ATL,land,seedlings,propagative_material,39,43,1677,False,0,0.0,8.0,13416.0
CON-20230315-7908,2023-03-15,Kenya,LAX,land,bulbs,propagative_material,15,57,855,False,0,0.0,3.0,2565.0
CON-20230814-8552,2023-08-14,Guatemala,JFK,maritime,grafts,propagative_material,20,45,900,False,0,0.0,15.0,13500.0
CON-20240228-6130,2024-02-28,Mexico,MIA,land,grafts,propagative_material,16,60,960,False,0,0.0,2.0,1920.0
CON-20240515-5699,2024-05-15,Costa Rica,IAH,land,orchids,flower,32,57,1824,False,0,0.0,,
CON-20241230-8309,2024-12-30,Kenya,ATL,land,carnations,flower,38,55,2090,False,0,0.0,,
CON-20230903-5610,2023-09-03,Guatemala,ATL,air,daffodils,flower,30,63,1890,False,0,0.0,,
CON-20230124-8293,2023-01-24,Netherlands,ATL,air,daffodils,flower,30,55,1650,False,0,0.0,,
CON-20230401-4407,2023-04-01,Israel,ORD,maritime,cuttings,propagative_material,49,70,3430,False,0,0.0,2.0,6860.0
CON-20230217-9294,2023-02-17,Netherlands,JFK,land,roses,flower,27,57,1539,False,0,0.0,,
CON-20231025-6464,2023-10-25,Ecuador,ORD,land,tulips,flower,16,77,1232,False,0,0.0,,
CON-20231217-8042,2023-12-17,Mexico,DFW,air,bulbs,propagative_material,44,26,1144,False,0,0.0,2.0,2288.0
CON-20240422-5022,2024-04-22,Netherlands,JFK,maritime,saplings,propagative_material,37,20,740,False,0,0.0,10.0,7400.0
CON-20230322-6214,2023-03-22,Israel,SEA,air,tulips,flower,6,21,126,False,0,0.0,,
CON-20240403-6020,2024-04-03,Costa Rica,ORD,land,daffodils,flower,28,19,532,False,0,0.0,,
CON-20230406-8562,2023-04-06,Guatemala,BOS,maritime,sunflowers,flower,43,10,430,False,0,0.0,,
CON-20241028-3181,2024-10-28,Mexico,SEA,land,carnations,flower,46,88,4048,True,6,0.0014822134387351778,,
CON-20240906-5525,2024-09-06,Israel,SEA,maritime,roses,flower,34,92,3128,False,0,0.0,,
CON-20230826-9132,2023-08-26,Ecuador,ORD,land,seedlings,propagative_material,12,83,996,False,0,0.0,14.0,13944.0
CON-20231012-3548,2023-10-12,Ethiopia,JFK,maritime,lilies,flower,40,78,3120,False,0,0.0,,
CON-20231230-1528,2023-12-30,Colombia,ATL,air,bulbs,propagative_material,6,78,468,False,0,0.0,10.0,4680.0
CON-20230907-9197,2023-09-07,Guatemala,ATL,maritime,tissue cultures,propagative_material,38,21,798,False,0,0.0,11.0,8778.0
CON-20231103-5300,2023-11-03,Ecuador,ATL,maritime,carnations,flower,1,34,34,False,0,0.0,,
CON-20241119-4697,2024-11-19,Ethiopia,LAX,air,seedlings,propagative_material,15,74,1110,False,0,0.0,12.0,13320.0
CON-20241129-2564,2024-11-29,Colombia,IAH,land,daffodils,flower,20,73,1460,False,0,0.0,,
CON-20240111-9423,2024-01-11,Kenya,LAX,air,tissue cultures,propagative_material,44,34,1496,True,6,0.004010695187165776,12.0,17952.0
CON-20231122-9814,2023-11-22,Kenya,ATL,maritime,cuttings,propagative_material,14,89,1246,False,0,0.0,12.0,14952.0
CON-20240717-9560,2024-07-17,Ecuador,LAX,maritime,tulips,flower,40,89,3560,False,0,0.0,,
CON-20240721-2812,2024-07-21,Ethiopia,LAX,air,tulips,flower,24,76,1824,False,0,0.0,,
CON-20240927-2590,2024-09-27,Mexico,BOS,maritime,bulbs,propagative_material,35,36,1260,False,0,0.0,19.0,23940.0
CON-20240808-4212,2024-08-08,Kenya,ATL,land,tissue cultures,propagative_material,46,15,690,False,0,0.0,18.0,12420.0
CON-20230713-3835,2023-07-13,Colombia,ATL,maritime,carnations,flower,46,87,4002,False,0,0.0,,
CON-20241206-1852,2024-12-06,Ethiopia,MIA,air,sunflowers,flower,48,40,1920,False,0,0.0,,
CON-20240611-2427,2024-06-11,Colombia,MIA,air,carnations,flower,31,34,1054,False,0,0.0,,
CON-20230721-4207,2023-07-21,Ethiopia,SEA,air,seeds,propagative_material,22,92,2024,False,0,0.0,2.0,4048.0
CON-20230209-9729,2023-02-09,Colombia,DFW,air,seeds,propagative_material,20,47,940,True,8,0.00851063829787234,3.0,2820.0
CON-20240222-7664,2024-02-22,Colombia,JFK,land,orchids,flower,43,50,2150,False,0,0.0,,
CON-20231109-4010,2023-11-09,Mexico,ORD,land,orchids,flower,8,81,648,False,0,0.0,,
CON-20240920-2344,2024-09-20,Colombia,MIA,maritime,tulips,flower,10,17,170,False,0,0.0,,
CON-20230418-1964,2023-04-18,Colombia,JFK,maritime,daffodils,flower,45,88,3960,False,0,0.0,,
CON-20241111-3316,2024-11-11,Costa Rica,MIA,air,carnations,flower,48,25,1200,False,0,0.0,,
CON-20230605-7588,2023-06-05,Mexico,IAH,air,seedlings,propagative_material,32,55,1760,False,0,0.0,6.0,10560.0
CON-20230201-2414,2023-02-01,Mexico,SEA,air,seedlings,propagative_material,18,73,1314,False,0,0.0,1.0,1314.0
CON-20230824-6762,2023-08-24,Netherlands,DFW,land,seedlings,propagative_material,41,91,3731,False,0,0.0,16.0,59696.0
CON-20241004-1499,2024-10-04,Ecuador,MIA,land,roses,flower,46,35,1610,False,0,0.0,,
CON-20240726-4135,2024-07-26,Netherlands,BOS,maritime,sunflowers,flower,48,26,1248,False,0,0.0,,
CON-20230529-1732,2023-05-29,Costa Rica,BOS,air,chrysanthemums,flower,19,52,988,False,0,0.0,,
CON-20230124-1719,2023-01-24,Israel,IAH,land,seedlings,propagative_material,34,61,2074,True,7,0.0033751205400192863,10.0,20740.0
CON-20230706-8816,2023-07-06,Costa Rica,JFK,air,roses,flower,27,55,1485,False,0,0.0,,
CON-20241210-2366,2024-12-10,Ethiopia,BOS,maritime,roses,flower,46,84,3864,False,0,0.0,,
CON-20240322-7372,2024-03-22,Costa Rica,IAH,maritime,orchids,flower,14,14,196,False,0,0.0,,
CON-20230518-9363,2023-05-18,Israel,DFW,maritime,tissue cultures,propagative_material,36,72,2592,False,0,0.0,15.0,38880.0
CON-20241214-1859,2024-12-14,Mexico,DFW,maritime,seeds,propagative_material,14,59,826,False,0,0.0,14.0,11564.0
CON-20230124-1149,2023-01-24,Ecuador,MIA,land,seeds,propagative_material,47,34,1598,False,0,0.0,9.0,14382.0
CON-20240402-1273,2024-04-02,Guatemala,ATL,land,saplings,propagative_material,37,88,3256,True,9,0.002764127764127764,7.0,22792.0
CON-20230920-5748,2023-09-20,Israel,LAX,land,lilies,flower,36,31,1116,False,0,0.0,,
CON-20241229-6925,2024-12-29,Ethiopia,LAX,land,cuttings,propagative_material,30,82,2460,False,0,0.0,8.0,19680.0
CON-20240728-7698,2024-07-28,Ethiopia,BOS,air,tissue cultures,propagative_material,23,21,483,False,0,0.0,16.0,7728.0
CON-20231206-5191,2023-12-06,Kenya,JFK,land,bulbs,propagative_material,43,60,2580,False,0,0.0,17.0,43860.0
CON-20240625-3732,2024-06-25,Costa Rica,SEA,land,tulips,flower,25,98,2450,False,0,0.0,,
CON-20230710-2815,2023-07-10,Israel,IAH,land,tissue cultures,propagative_material,11,78,858,False,0,0.0,17.0,14586.0
CON-20240118-7997,2024-01-18,Kenya,MIA,air,seeds,propagative_material,28,75,2100,False,0,0.0,18.0,37800.0
CON-20240224-4584,2024-02-24,Ethiopia,SEA,maritime,roses,flower,40,61,2440,False,0,0.0,,
CON-20231015-6855,2023-10-15,Guatemala,ATL,land,sunflowers,flower,22,28,616,False,0,0.0,,
CON-20231127-9240,2023-11-27,Kenya,LAX,maritime,tulips,flower,39,90,3510,False,0,0.0,,
CON-20241226-5769,2024-12-26,Guatemala,ATL,land,orchids,flower,6,97,582,False,0,0.0,,
CON-20230610-2930,2023-06-10,Costa Rica,SEA,land,sunflowers,flower,21,25,525,False,0,0.0,,
CON-20231209-6214,2023-12-09,Guatemala,SEA,maritime,cuttings,propagative_material,40,62,2480,False,0,0.0,3.0,7440.0
CON-20230425-1130,2023-04-25,Israel,SEA,maritime,sunflowers,flower,34,86,2924,False,0,0.0,,
CON-20240531-1616,2024-05-31,Netherlands,ORD,maritime,seeds,propagative_material,8,60,480,False,0,0.0,3.0,1440.0
CON-20241016-5600,2024-10-16,Israel,BOS,land,bulbs,propagative_material,18,28,504,False,0,0.0,18.0,9072.0
CON-20240906-9518,2024-09-06,Kenya,ATL,land,grafts,propagative_material,25,62,1550,False,0,0.0,9.0,13950.0
CON-20241010-5915,2024-10-10,Mexico,JFK,air,cuttings,propagative_material,1,36,36,False,0,0.0,18.0,648.0
CON-20230813-8962,2023-08-13,Netherlands,LAX,maritime,lilies,flower,24,77,1848,False,0,0.0,,
CON-20230925-3527,2023-09-25,Colombia,DFW,maritime,daffodils,flower,2,54,108,False,0,0.0,,
CON-20240323-3257,2024-03-23,Mexico,JFK,land,orchids,flower,48,61,2928,False,0,0.0,,
CON-20241006-5897,2024-10-06,Guatemala,MIA,air,lilies,flower,26,99,2574,False,0,0.0,,
CON-20241208-3515,2024-12-08,Colombia,LAX,land,seedlings,propagative_material,34,54,1836,False,0,0.0,17.0,31212.0
CON-20230329-4563,2023-03-29,Israel,JFK,air,tulips,flower,47,93,4371,False,0,0.0,,
CON-20241120-2463,2024-11-20,Costa Rica,ORD,air,sunflowers,flower,22,50,1100,False,0,0.0,,
CON-20240302-9388,2024-03-02,Ecuador,SEA,air,lilies,flower,39,57,2223,False,0,0.0,,
CON-20240209-1366,2024-02-09,Ethiopia,ATL,land,grafts,propagative_material,36,88,3168,False,0,0.0,16.0,50688.0
CON-20240730-7138,2024-07-30,Israel,LAX,land,tissue cultures,propagative_material,33,18,594,False,0,0.0,12.0,7128.0
CON-20241124-3706,2024-11-24,Colombia,MIA,land,orchids,flower,7,49,343,False,0,0.0,,
CON-20230413-5006,2023-04-13,Israel,ORD,land,orchids,flower,40,79,3160,False,0,0.0,,
CON-20240807-7213,2024-08-07,Costa Rica,DFW,land,orchids,flower,29,66,1914,False,0,0.0,,
CON-20230120-4444,2023-01-20,Israel,JFK,maritime,tulips,flower,20,88,1760,False,0,0.0,,
CON-20240703-3862,2024-07-03,Ethiopia,ORD,maritime,sunflowers,flower,7,53,371,False,0,0.0,,
CON-20230930-2844,2023-09-30,Ecuador,JFK,land,grafts,propagative_material,26,98,2548,False,0,0.0,12.0,30576.0
CON-20240419-3016,2024-04-19,Kenya,DFW,land,chrysanthemums,flower,4,94,376,False,0,0.0,,
CON-20240410-4938,2024-04-10,Israel,ATL,maritime,saplings,propagative_material,19,88,1672,False,0,0.0,3.0,5016.0
CON-20230517-6517,2023-05-17,Ethiopia,IAH,maritime,cuttings,propagative_material,24,69,1656,False,0,0.0,13.0,21528.0
CON-20231217-6387,2023-12-17,Ethiopia,LAX,air,sunflowers,flower,20,22,440,False,0,0.0,,
CON-20240926-7109,2024-09-26,Israel,BOS,air,carnations,flower,16,28,448,False,0,0.0,,
CON-20241121-8992,2024-11-21,Israel,IAH,air,sunflowers,flower,48,86,4128,False,0,0.0,,
CON-20241031-9698,2024-10-31,Israel,IAH,air,daffodils,flower,3,29,87,False,0,0.0,,
CON-20240225-5947,2024-02-25,Ethiopia,LAX,air,bulbs,propagative_material,14,93,1302,False,0,0.0,15.0,19530.0
CON-20240421-8284,2024-04-21,Netherlands,ATL,air,cuttings,propagative_material,26,85,2210,False,0,0.0,4.0,8840.0
CON-20240827-6232,2024-08-27,Ethiopia,BOS,land,lilies,flower,19,25,475,False,0,0.0,,
CON-20241230-7593,2024-12-30,Israel,JFK,land,grafts,propagative_material,19,57,1083,False,0,0.0,2.0,2166.0
CON-20230715-1511,2023-07-15,Colombia,BOS,air,chrysanthemums,flower,2,19,38,False,0,0.0,,
CON-20230206-1547,2023-02-06,Netherlands,LAX,maritime,sunflowers,flower,37,92,3404,False,0,0.0,,
CON-20241218-7518,2024-12-18,Guatemala,IAH,maritime,tissue cultures,propagative_material,21,50,1050,False,0,0.0,5.0,5250.0
CON-20230831-4243,2023-08-31,Colombia,DFW,land,sunflowers,flower,26,96,2496,False,0,0.0,,
CON-20240112-3098,2024-01-12,Mexico,BOS,air,daffodils,flower,3,72,216,False,0,0.0,,
CON-20230808-2744,2023-08-08,Ecuador,IAH,land,chrysanthemums,flower,14,39,546,False,0,0.0,,
CON-20231006-6077,2023-10-06,Kenya,JFK,air,seeds,propagative_material,39,69,2691,False,0,0.0,6.0,16146.0
CON-20230821-7783,2023-08-21,Guatemala,ATL,land,daffodils,flower,44,38,1672,False,0,0.0,,
CON-20231002-8475,2023-10-02,Guatemala,LAX,land,bulbs,propagative_material,46,95,4370,True,1,0.0002288329519450801,8.0,34960.0
CON-20240728-6614,2024-07-28,Israel,SEA,maritime,grafts,propagative_material,2,75,150,False,0,0.0,6.0,900.0
CON-20240427-9570,2024-04-27,Mexico,ORD,land,chrysanthemums,flower,10,74,740,False,0,0.0,,
CON-20230417-4213,2023-04-17,Mexico,SEA,land,saplings,propagative_material,9,96,864,False,0,0.0,6.0,5184.0
CON-20241104-2772,2024-11-04,Colombia,ATL,land,cuttings,propagative_material,11,58,638,False,0,0.0,19.0,12122.0
CON-20230531-5327,2023-05-31,Guatemala,IAH,land,orchids,flower,26,50,1300,False,0,0.0,,
CON-20241217-5590,2024-12-17,Ethiopia,SEA,maritime,bulbs,propagative_material,24,97,2328,False,0,0.0,10.0,23280.0
CON-20230410-4073,2023-04-10,Colombia,LAX,land,chrysanthemums,flower,14,58,812,False,0,0.0,,
CON-20231213-9845,2023-12-13,Costa Rica,JFK,land,seeds,propagative_material,14,80,1120,False,0,0.0,4.0,4480.0
CON-20240315-2315,2024-03-15,Kenya,BOS,land,chrysanthemums,flower,35,45,1575,False,0,0.0,,
CON-20230518-4994,2023-05-18,Ethiopia,SEA,land,seeds,propagative_material,5,43,215,False,0,0.0,7.0,1505.0
CON-20230303-4392,2023-03-03,Kenya,DFW,maritime,seeds,propagative_material,12,66,792,False,0,0.0,13.0,10296.0
CON-20240604-1757,2024-06-04,Netherlands,ORD,air,daffodils,flower,19,69,1311,False,0,0.0,,
CON-20241111-8619,2024-11-11,Netherlands,SEA,land,daffodils,flower,7,79,553,False,0,0.0,,
CON-20240910-2076,2024-09-10,Mexico,MIA,land,roses,flower,31,63,1953,False,0,0.0,,
CON-20240525-9456,2024-05-25,Mexico,MIA,air,seeds,propagative_material,19,79,1501,False,0,0.0,13.0,19513.0
CON-20231103-4705,2023-11-03,Costa Rica,JFK,land,tissue cultures,propagative_material,25,83,2075,False,0,0.0,6.0,12450.0
CON-20231203-2788,2023-12-03,Mexico,ATL,land,orchids,flower,40,64,2560,False,0,0.0,,
CON-20231127-5098,2023-11-27,Colombia,SEA,air,tissue cultures,propagative_material,44,12,528,False,0,0.0,19.0,10032.0
CON-20230116-2875,2023-01-16,Netherlands,BOS,land,cuttings,propagative_material,9,53,477,False,0,0.0,20.0,9540.0
CON-20240719-4077,2024-07-19,Guatemala,JFK,air,seedlings,propagative_material,24,81,1944,False,0,0.0,13.0,25272.0
CON-20240205-6441,2024-02-05,Costa Rica,MIA,land,roses,flower,30,45,1350,False,0,0.0,,
CON-20230912-7578,2023-09-12,Kenya,LAX,land,carnations,flower,50,53,2650,False,0,0.0,,
CON-20230426-7010,2023-04-26,Netherlands,MIA,air,roses,flower,36,100,3600,False,0,0.0,,
CON-20230525-9249,2023-05-25,Ethiopia,IAH,air,bulbs,propagative_material,50,57,2850,False,0,0.0,10.0,28500.0
CON-20240223-8864,2024-02-23,Kenya,LAX,air,sunflowers,flower,16,51,816,False,0,0.0,,
CON-20240122-1425,2024-01-22,Ethiopia,DFW,maritime,saplings,propagative_material,45,100,4500,False,0,0.0,6.0,27000.0
CON-20230401-6413,2023-04-01,Colombia,ATL,air,tissue cultures,propagative_material,16,34,544,False,0,0.0,12.0,6528.0
CON-20240815-9073,2024-08-15,Costa Rica,BOS,land,bulbs,propagative_material,22,87,1914,False,0,0.0,16.0,30624.0
CON-20230128-1933,2023-01-28,Colombia,BOS,land,seeds,propagative_material,23,62,1426,False,0,0.0,19.0,27094.0
CON-20230917-5151,2023-09-17,Ethiopia,LAX,air,roses,flower,22,21,462,False,0,0.0,,
CON-20241008-5241,2024-10-08,Costa Rica,ORD,land,lilies,flower,16,67,1072,False,0,0.0,,
CON-20240218-1153,2024-02-18,Colombia,IAH,maritime,sunflowers,flower,43,65,2795,False,0,0.0,,
CON-20231114-4820,2023-11-14,Mexico,ATL,air,sunflowers,flower,44,91,4004,False,0,0.0,,
CON-20230215-7884,2023-02-15,Colombia,BOS,air,bulbs,propagative_material,12,43,516,False,0,0.0,15.0,7740.0
CON-20231215-9738,2023-12-15,Israel,BOS,maritime,saplings,propagative_material,1,48,48,False,0,0.0,2.0,96.0
CON-20230811-6585,2023-08-11,Ethiopia,BOS,land,tissue cultures,propagative_material,6,54,324,False,0,0.0,10.0,3240.0
CON-20240410-2723,2024-04-10,Ecuador,BOS,air,orchids,flower,31,62,1922,False,0,0.0,,
CON-20240812-6752,2024-08-12,Colombia,JFK,maritime,daffodils,flower,20,67,1340,False,0,0.0,,
CON-20230603-4442,2023-06-03,Mexico,DFW,maritime,carnations,flower,11,59,649,False,0,0.0,,
CON-20231002-5224,2023-10-02,Ethiopia,IAH,maritime,saplings,propagative_material,14,84,1176,True,9,0.007653061224489796,13.0,15288.0
CON-20240302-3981,2024-03-02,Costa Rica,DFW,land,saplings,propagative_material,28,58,1624,False,0,0.0,14.0,22736.0
CON-20230516-8255,2023-05-16,Colombia,ORD,land,sunflowers,flower,3,89,267,False,0,0.0,,
CON-20240902-7656,2024-09-02,Guatemala,BOS,maritime,sunflowers,flower,3,93,279,False,0,0.0,,
CON-20240523-2399,2024-05-23,Ecuador,SEA,air,carnations,flower,48,66,3168,False,0,0.0,,
CON-20240102-4070,2024-01-02,Netherlands,BOS,air,bulbs,propagative_material,36,86,3096,False,0,0.0,2.0,6192.0
CON-20230621-4962,2023-06-21,Mexico,IAH,land,lilies,flower,11,39,429,False,0,0.0,,
CON-20240923-7572,2024-09-23,Netherlands,MIA,air,cuttings,propagative_material,18,58,1044,False,0,0.0,1.0,1044.0
CON-20230821-4124,2023-08-21,Mexico,ATL,land,grafts,propagative_material,40,54,2160,False,0,0.0,11.0,23760.0
CON-20231127-6630,2023-11-27,Guatemala,IAH,maritime,tissue cultures,propagative_material,20,21,420,False,0,0.0,8.0,3360.0
CON-20240127-9711,2024-01-27,Guatemala,JFK,air,orchids,flower,34,81,2754,False,0,0.0,,
CON-20230420-5193,2023-04-20,Guatemala,DFW,air,tissue cultures,propagative_material,41,76,3116,False,0,0.0,6.0,18696.0
CON-20230527-5959,2023-05-27,Israel,DFW,maritime,cuttings,propagative_material,16,66,1056,False,0,0.0,5.0,5280.0
CON-20240506-3956,2024-05-06,Israel,DFW,air,sunflowers,flower,35,60,2100,False,0,0.0,,
CON-20240827-8873,2024-08-27,Netherlands,ORD,land,bulbs,propagative_material,8,41,328,False,0,0.0,2.0,656.0
CON-20240215-9846,2024-02-15,Colombia,DFW,land,lilies,flower,38,83,3154,False,0,0.0,,
CON-20230613-3580,2023-06-13,Guatemala,IAH,maritime,lilies,flower,45,19,855,False,0,0.0,,
CON-20230627-5922,2023-06-27,Ethiopia,DFW,maritime,grafts,propagative_material,43,83,3569,False,0,0.0,4.0,14276.0
CON-20230719-1317,2023-07-19,Mexico,JFK,air,tissue cultures,propagative_material,36,74,2664,True,1,0.00037537537537537537,11.0,29304.0
CON-20240623-1347,2024-06-23,Colombia,JFK,air,orchids,flower,22,97,2134,False,0,0.0,,
CON-20241221-7005,2024-12-21,Ecuador,MIA,land,seeds,propagative_material,47,72,3384,False,0,0.0,9.0,30456.0
CON-20240626-5408,2024-06-26,Colombia,SEA,maritime,carnations,flower,43,99,4257,False,0,0.0,,
CON-20240422-7647,2024-04-22,Mexico,SEA,air,roses,flower,50,22,1100,False,0,0.0,,
CON-20230624-9758,2023-06-24,Guatemala,ATL,maritime,bulbs,propagative_material,47,60,2820,False,0,0.0,11.0,31020.0
CON-20230726-3322,2023-07-26,Ethiopia,IAH,air,tissue cultures,propagative_material,24,74,1776,False,0,0.0,8.0,14208.0
CON-20240701-6498,2024-07-01,Costa Rica,ORD,maritime,grafts,propagative_material,4,21,84,False,0,0.0,15.0,1260.0
CON-20240215-9194,2024-02-15,Ecuador,ORD,air,chrysanthemums,flower,18,94,1692,False,0,0.0,,
CON-20230408-9132,2023-04-08,Colombia,BOS,air,roses,flower,47,23,1081,False,0,0.0,,
CON-20240924-2952,2024-09-24,Guatemala,MIA,air,cuttings,propagative_material,5,83,415,False,0,0.0,18.0,7470.0
CON-20231228-8372,2023-12-28,Ecuador,IAH,land,bulbs,propagative_material,15,100,1500,False,0,0.0,1.0,1500.0
CON-20240822-7094,2024-08-22,Ethiopia,ORD,maritime,carnations,flower,38,23,874,False,0,0.0,,
CON-20240315-5627,2024-03-15,Israel,LAX,air,saplings,propagative_material,39,92,3588,False,0,0.0,20.0,71760.0
CON-20231209-6075,2023-12-09,Ecuador,JFK,maritime,orchids,flower,45,24,1080,False,0,0.0,,
CON-20240423-6666,2024-04-23,Ecuador,ATL,land,tissue cultures,propagative_material,27,30,810,False,0,0.0,20.0,16200.0
CON-20230901-8697,2023-09-01,Colombia,IAH,land,bulbs,propagative_material,20,93,1860,False,0,0.0,15.0,27900.0
CON-20240417-6008,2024-04-17,Kenya,SEA,land,carnations,flower,49,43,2107,False,0,0.0,,
CON-20240929-7166,2024-09-29,Kenya,DFW,maritime,sunflowers,flower,11,87,957,False,0,0.0,,
CON-20231212-1704,2023-12-12,Israel,BOS,air,orchids,flower,15,76,1140,False,0,0.0,,
CON-20231004-7860,2023-10-04,Ecuador,JFK,air,seedlings,propagative_material,19,26,494,False,0,0.0,2.0,988.0
CON-20231021-8912,2023-10-21,Netherlands,JFK,land,tissue cultures,propagative_material,5,63,315,False,0,0.0,8.0,2520.0
CON-20231022-3267,2023-10-22,Guatemala,SEA,air,grafts,propagative_material,25,98,2450,False,0,0.0,5.0,12250.0
CON-20230607-2384,2023-06-07,Israel,ATL,land,bulbs,propagative_material,27,86,2322,False,0,0.0,9.0,20898.0
CON-20231207-2862,2023-12-07,Netherlands,LAX,land,grafts,propagative_material,16,23,368,False,0,0.0,15.0,5520.0
CON-20231115-1208,2023-11-15,Ecuador,MIA,maritime,cuttings,propagative_material,32,52,1664,False,0,0.0,1.0,1664.0
CON-20230509-5471,2023-05-09,Colombia,IAH,maritime,bulbs,propagative_material,22,88,1936,False,0,0.0,15.0,29040.0
CON-20240812-7836,2024-08-12,Ethiopia,MIA,air,saplings,propagative_material,49,92,4508,False,0,0.0,14.0,63112.0
CON-20231228-3722,2023-12-28,Guatemala,BOS,air,saplings,propagative_material,39,12,468,False,0,0.0,14.0,6552.0
CON-20230830-3347,2023-08-30,Ecuador,ATL,maritime,tulips,flower,1,15,15,False,0,0.0,,
CON-20241013-6107,2024-10-13,Netherlands,JFK,land,grafts,propagative_material,20,68,1360,False,0,0.0,10.0,13600.0
CON-20240515-5256,2024-05-15,Ecuador,BOS,land,saplings,propagative_material,48,100,4800,False,0,0.0,2.0,9600.0
CON-20230912-2002,2023-09-12,Ethiopia,MIA,land,grafts,propagative_material,40,73,2920,False,0,0.0,14.0,40880.0
CON-20240807-7557,2024-08-07,Guatemala,DFW,maritime,tissue cultures,propagative_material,13,49,637,False,0,0.0,19.0,12103.0
CON-20230806-8680,2023-08-06,Netherlands,ATL,maritime,saplings,propagative_material,45,54,2430,False,0,0.0,18.0,43740.0
CON-20230722-5034,2023-07-22,Kenya,DFW,maritime,saplings,propagative_material,33,22,726,False,0,0.0,1.0,726.0
CON-20231215-4768,2023-12-15,Guatemala,ORD,maritime,seedlings,propagative_material,44,36,1584,False,0,0.0,14.0,22176.0
CON-20230606-9826,2023-06-06,Ethiopia,LAX,air,sunflowers,flower,17,12,204,False,0,0.0,,
CON-20240414-6311,2024-04-14,Israel,ORD,land,seeds,propagative_material,16,39,624,False,0,0.0,3.0,1872.0
CON-20230912-2470,2023-09-12,Mexico,JFK,air,cuttings,propagative_material,7,13,91,False,0,0.0,12.0,1092.0
CON-20240525-1857,2024-05-25,Israel,DFW,land,saplings,propagative_material,38,44,1672,False,0,0.0,9.0,15048.0
CON-20241204-3560,2024-12-04,Ecuador,MIA,land,tulips,flower,26,49,1274,False,0,0.0,,
CON-20230515-9468,2023-05-15,Israel,DFW,air,lilies,flower,33,14,462,False,0,0.0,,
CON-20231220-6080,2023-12-20,Colombia,LAX,air,cuttings,propagative_material,46,38,1748,False,0,0.0,20.0,34960.0
CON-20241231-6145,2024-12-31,Ethiopia,LAX,land,chrysanthemums,flower,22,98,2156,False,0,0.0,,
CON-20240206-3153,2024-02-06,Israel,BOS,air,lilies,flower,12,75,900,False,0,0.0,,
CON-20230118-2219,2023-01-18,Ethiopia,SEA,air,chrysanthemums,flower,48,62,2976,False,0,0.0,,
CON-20240318-1012,2024-03-18,Costa Rica,DFW,land,cuttings,propagative_material,9,11,99,False,0,0.0,15.0,1485.0
CON-20230212-7314,2023-02-12,Mexico,LAX,maritime,carnations,flower,4,50,200,False,0,0.0,,
CON-20241029-4535,2024-10-29,Costa Rica,DFW,land,sunflowers,flower,30,19,570,False,0,0.0,,
CON-20230213-7841,2023-02-13,Mexico,JFK,land,seeds,propagative_material,3,20,60,False,0,0.0,4.0,240.0
CON-20230602-5604,2023-06-02,Netherlands,ORD,land,chrysanthemums,flower,35,86,3010,False,0,0.0,,
CON-20230906-6772,2023-09-06,Mexico,LAX,maritime,grafts,propagative_material,33,70,2310,False,0,0.0,3.0,6930.0
CON-20240902-7255,2024-09-02,Costa Rica,DFW,maritime,cuttings,propagative_material,41,14,574,False,0,0.0,11.0,6314.0
CON-20230614-8850,2023-06-14,Mexico,IAH,land,sunflowers,flower,12,77,924,False,0,0.0,,
CON-20230102-4164,2023-01-02,Ecuador,BOS,air,seedlings,propagative_material,43,47,2021,False,0,0.0,15.0,30315.0
CON-20231017-1471,2023-10-17,Kenya,DFW,maritime,grafts,propagative_material,34,38,1292,False,0,0.0,18.0,23256.0
CON-20240910-5653,2024-09-10,Kenya,JFK,maritime,tulips,flower,7,92,644,False,0,0.0,,
CON-20240417-1578,2024-04-17,Costa Rica,ORD,maritime,cuttings,propagative_material,25,71,1775,False,0,0.0,14.0,24850.0
CON-20240303-9051,2024-03-03,Mexico,IAH,land,tulips,flower,5,81,405,False,0,0.0,,
CON-20231108-6987,2023-11-08,Colombia,LAX,maritime,daffodils,flower,3,54,162,False,0,0.0,,
CON-20230912-4432,2023-09-12,Mexico,ORD,maritime,tissue cultures,propagative_material,4,90,360,False,0,0.0,19.0,6840.0
CON-20230203-4504,2023-02-03,Ecuador,JFK,land,cuttings,propagative_material,34,54,1836,False,0,0.0,8.0,14688.0
CON-20230905-8881,2023-09-05,Guatemala,BOS,maritime,seedlings,propagative_material,13,22,286,False,0,0.0,4.0,1144.0
CON-20240116-3352,2024-01-16,Ecuador,SEA,air,sunflowers,flower,44,29,1276,True,2,0.001567398119122257,,
CON-20240119-6604,2024-01-19,Ethiopia,JFK,air,tulips,flower,21,13,273,False,0,0.0,,
CON-20230207-4881,2023-02-07,Ethiopia,JFK,land,tissue cultures,propagative_material,32,61,1952,False,0,0.0,17.0,33184.0
CON-20231114-5075,2023-11-14,Costa Rica,BOS,air,chrysanthemums,flower,26,37,962,True,5,0.005197505197505198,,
CON-20230302-6126,2023-03-02,Costa Rica,ORD,land,seeds,propagative_material,38,20,760,False,0,0.0,6.0,4560.0
CON-20240518-7762,2024-05-18,Ethiopia,ORD,air,chrysanthemums,flower,29,82,2378,False,0,0.0,,
CON-20240201-6885,2024-02-01,Israel,ATL,maritime,tissue cultures,propagative_material,40,73,2920,False,0,0.0,4.0,11680.0
CON-20230529-1912,2023-05-29,Costa Rica,SEA,air,carnations,flower,29,51,1479,False,0,0.0,,
CON-20230913-7262,2023-09-13,Netherlands,MIA,air,bulbs,propagative_material,15,46,690,False,0,0.0,15.0,10350.0
CON-20240104-1712,2024-01-04,Guatemala,LAX,air,seedlings,propagative_material,24,76,1824,False,0,0.0,9.0,16416.0
CON-20230619-1711,2023-06-19,Colombia,IAH,land,cuttings,propagative_material,5,62,310,False,0,0.0,18.0,5580.0
CON-20240816-5512,2024-08-16,Colombia,MIA,air,grafts,propagative_material,34,80,2720,False,0,0.0,16.0,43520.0
CON-20230718-6291,2023-07-18,Netherlands,IAH,maritime,chrysanthemums,flower,21,27,567,False,0,0.0,,
CON-20231107-5252,2023-11-07,Costa Rica,ATL,maritime,seeds,propagative_material,10,30,300,False,0,0.0,18.0,5400.0
CON-20240711-8561,2024-07-11,Ecuador,ATL,land,lilies,flower,47,19,893,False,0,0.0,,
CON-20231104-2800,2023-11-04,Kenya,BOS,air,roses,flower,15,19,285,False,0,0.0,,
CON-20230606-5318,2023-06-06,Costa Rica,JFK,land,daffodils,flower,41,85,3485,False,0,0.0,,
CON-20240810-8441,2024-08-10,Colombia,ORD,land,roses,flower,25,20,500,False,0,0.0,,
CON-20230508-6166,2023-05-08,Colombia,IAH,land,saplings,propagative_material,38,88,3344,False,0,0.0,13.0,43472.0
CON-20240512-4611,2024-05-12,Ecuador,ATL,land,lilies,flower,19,18,342,False,0,0.0,,
CON-20230406-2696,2023-04-06,Ethiopia,LAX,maritime,saplings,propagative_material,5,76,380,False,0,0.0,10.0,3800.0
CON-20241215-1036,2024-12-15,Netherlands,DFW,air,bulbs,propagative_material,21,91,1911,False,0,0.0,10.0,19110.0
CON-20240529-1782,2024-05-29,Ethiopia,BOS,air,daffodils,flower,1,83,83,False,0,0.0,,
CON-20231031-5303,2023-10-31,Mexico,BOS,air,lilies,flower,5,12,60,False,0,0.0,,
CON-20231119-8739,2023-11-19,Israel,SEA,maritime,carnations,flower,49,29,1421,False,0,0.0,,
CON-20231002-9605,2023-10-02,Ethiopia,JFK,maritime,bulbs,propagative_material,14,67,938,False,0,0.0,15.0,14070.0
CON-20240915-5733,2024-09-15,Netherlands,ORD,air,seedlings,propagative_material,15,60,900,False,0,0.0,3.0,2700.0
CON-20230314-7989,2023-03-14,Ecuador,SEA,maritime,saplings,propagative_material,25,12,300,False,0,0.0,15.0,4500.0
CON-20241220-1593,2024-12-20,Israel,ORD,air,cuttings,propagative_material,32,60,1920,False,0,0.0,3.0,5760.0
CON-20240220-4700,2024-02-20,Netherlands,IAH,land,orchids,flower,27,22,594,False,0,0.0,,
CON-20231023-9536,2023-10-23,Mexico,JFK,maritime,seeds,propagative_material,18,66,1188,False,0,0.0,13.0,15444.0
CON-20240123-5037,2024-01-23,Guatemala,ATL,land,orchids,flower,34,18,612,False,0,0.0,,
CON-20230224-4635,2023-02-24,Mexico,LAX,air,sunflowers,flower,1,19,19,False,0,0.0,,
CON-20231114-2691,2023-11-14,Guatemala,DFW,land,saplings,propagative_material,13,14,182,False,0,0.0,4.0,728.0
CON-20240810-3788,2024-08-10,Colombia,BOS,air,roses,flower,3,45,135,False,0,0.0,,
CON-20231028-7928,2023-10-28,Colombia,ATL,maritime,saplings,propagative_material,23,52,1196,False,0,0.0,15.0,17940.0
CON-20230827-3650,2023-08-27,Ethiopia,ORD,air,daffodils,flower,45,53,2385,False,0,0.0,,
CON-20241127-1020,2024-11-27,Kenya,LAX,maritime,saplings,propagative_material,14,39,546,False,0,0.0,2.0,1092.0
CON-20241003-8825,2024-10-03,Ethiopia,MIA,maritime,tulips,flower,14,59,826,False,0,0.0,,
CON-20240410-3535,2024-04-10,Guatemala,ORD,air,tissue cultures,propagative_material,20,64,1280,False,0,0.0,9.0,11520.0
CON-20230605-9618,2023-06-05,Costa Rica,BOS,land,saplings,propagative_material,48,81,3888,False,0,0.0,13.0,50544.0
CON-20230607-5272,2023-06-07,Israel,ORD,land,daffodils,flower,36,68,2448,False,0,0.0,,
CON-20240813-7398,2024-08-13,Colombia,ORD,maritime,saplings,propagative_material,8,71,568,False,0,0.0,15.0,8520.0
CON-20240110-8577,2024-01-10,Netherlands,SEA,air,chrysanthemums,flower,31,39,1209,False,0,0.0,,
CON-20230505-4079,2023-05-05,Ecuador,LAX,land,carnations,flower,22,13,286,False,0,0.0,,
CON-20231106-8337,2023-11-06,Israel,ATL,maritime,lilies,flower,38,78,2964,False,0,0.0,,
CON-20241109-4781,2024-11-09,Netherlands,LAX,maritime,tulips,flower,32,10,320,False,0,0.0,,
CON-20230516-7513,2023-05-16,Kenya,ATL,land,chrysanthemums,flower,47,79,3713,False,0,0.0,,
CON-20230510-7380,2023-05-10,Ecuador,DFW,maritime,cuttings,propagative_material,2,89,178,False,0,0.0,2.0,356.0
CON-20230324-6352,2023-03-24,Netherlands,JFK,land,seedlings,propagative_material,50,17,850,False,0,0.0,14.0,11900.0
CON-20240822-9425,2024-08-22,Colombia,SEA,air,lilies,flower,36,43,1548,False,0,0.0,,
CON-20230825-4165,2023-08-25,Colombia,MIA,air,seeds,propagative_material,44,81,3564,False,0,0.0,17.0,60588.0
CON-20241001-7633,2024-10-01,Ethiopia,SEA,land,saplings,propagative_material,44,97,4268,False,0,0.0,16.0,68288.0
CON-20230812-3045,2023-08-12,Ecuador,ORD,land,seeds,propagative_material,17,95,1615,False,0,0.0,16.0,25840.0
CON-20240227-3269,2024-02-27,Guatemala,ORD,land,tulips,flower,47,63,2961,False,0,0.0,,
CON-20240714-2337,2024-07-14,Ecuador,LAX,land,bulbs,propagative_material,2,62,124,False,0,0.0,17.0,2108.0
CON-20240507-4659,2024-05-07,Mexico,ATL,air,chrysanthemums,flower,41,90,3690,False,0,0.0,,
CON-20240228-4911,2024-02-28,Netherlands,MIA,air,chrysanthemums,flower,45,90,4050,False,0,0.0,,
CON-20231121-4994,2023-11-21,Mexico,IAH,air,grafts,propagative_material,30,65,1950,False,0,0.0,5.0,9750.0
CON-20240808-9743,2024-08-08,Kenya,LAX,land,seedlings,propagative_material,12,53,636,False,0,0.0,5.0,3180.0
CON-20230629-6257,2023-06-29,Mexico,BOS,air,lilies,flower,30,84,2520,False,0,0.0,,
CON-20230709-5561,2023-07-09,Ecuador,MIA,maritime,orchids,flower,17,48,816,False,0,0.0,,
CON-20240709-4646,2024-07-09,Kenya,SEA,land,chrysanthemums,flower,8,19,152,False,0,0.0,,
CON-20230921-9186,2023-09-21,Kenya,JFK,maritime,tissue cultures,propagative_material,46,76,3496,False,0,0.0,16.0,55936.0
CON-20241220-3734,2024-12-20,Colombia,DFW,maritime,roses,flower,50,91,4550,False,0,0.0,,
CON-20240916-3489,2024-09-16,Guatemala,IAH,maritime,bulbs,propagative_material,23,83,1909,False,0,0.0,1.0,1909.0
CON-20240424-7501,2024-04-24,Ethiopia,SEA,air,seeds,propagative_material,27,32,864,False,0,0.0,13.0,11232.0
CON-20230714-3870,2023-07-14,Netherlands,ORD,air,orchids,flower,5,78,390,False,0,0.0,,
CON-20240926-4204,2024-09-26,Israel,DFW,land,sunflowers,flower,50,39,1950,False,0,0.0,,
CON-20231120-5175,2023-11-20,Israel,BOS,land,chrysanthemums,flower,37,92,3404,False,0,0.0,,
CON-20230329-7414,2023-03-29,Guatemala,ATL,land,seeds,propagative_material,31,96,2976,False,0,0.0,15.0,44640.0
CON-20240624-8586,2024-06-24,Netherlands,ORD,land,carnations,flower,23,60,1380,False,0,0.0,,
CON-20230614-1501,2023-06-14,Mexico,LAX,air,orchids,flower,47,30,1410,False,0,0.0,,
CON-20240106-3721,2024-01-06,Netherlands,IAH,air,lilies,flower,3,75,225,False,0,0.0,,
CON-20240607-8728,2024-06-07,Ethiopia,IAH,air,lilies,flower,11,24,264,False,0,0.0,,
CON-20230327-6785,2023-03-27,Costa Rica,IAH,air,seedlings,propagative_material,29,39,1131,False,0,0.0,10.0,11310.0
CON-20230708-8359,2023-07-08,Costa Rica,DFW,air,grafts,propagative_material,9,10,90,False,0,0.0,1.0,90.0
CON-20240711-3624,2024-07-11,Costa Rica,ATL,air,orchids,flower,44,18,792,False,0,0.0,,
CON-20241006-6361,2024-10-06,Guatemala,SEA,air,tulips,flower,5,30,150,False,0,0.0,,
CON-20241201-2881,2024-12-01,Israel,DFW,air,seeds,propagative_material,24,20,480,False,0,0.0,20.0,9600.0
CON-20241228-1780,2024-12-28,Ethiopia,IAH,maritime,bulbs,propagative_material,28,32,896,False,0,0.0,1.0,896.0
CON-20240407-9666,2024-04-07,Kenya,SEA,air,bulbs,propagative_material,16,51,816,False,0,0.0,8.0,6528.0
CON-20231006-8485,2023-10-06,Netherlands,ORD,land,saplings,propagative_material,41,45,1845,False,0,0.0,11.0,20295.0
CON-20240809-2832,2024-08-09,Kenya,LAX,maritime,saplings,propagative_material,36,13,468,False,0,0.0,14.0,6552.0
CON-20240308-6006,2024-03-08,Mexico,ORD,air,daffodils,flower,36,70,2520,False,0,0.0,,
CON-20230102-1309,2023-01-02,Netherlands,ORD,air,tulips,flower,18,42,756,False,0,0.0,,
CON-20240205-5708,2024-02-05,Mexico,LAX,maritime,sunflowers,flower,1,13,13,False,0,0.0,,
CON-20230129-7671,2023-01-29,Ethiopia,DFW,land,cuttings,propagative_material,47,93,4371,False,0,0.0,10.0,43710.0
CON-20230624-6876,2023-06-24,Ecuador,SEA,land,tissue cultures,propagative_material,9,47,423,False,0,0.0,1.0,423.0
CON-20240916-3661,2024-09-16,Israel,JFK,land,daffodils,flower,7,34,238,False,0,0.0,,
CON-20241215-1786,2024-12-15,Israel,DFW,air,seedlings,propagative_material,11,27,297,False,0,0.0,11.0,3267.0
CON-20240411-1938,2024-04-11,Costa Rica,IAH,air,orchids,flower,16,54,864,False,0,0.0,,
CON-20230628-2745,2023-06-28,Ethiopia,BOS,maritime,lilies,flower,39,56,2184,False,0,0.0,,
CON-20230612-3974,2023-06-12,Colombia,LAX,maritime,tulips,flower,33,97,3201,False,0,0.0,,
CON-20240710-8293,2024-07-10,Guatemala,BOS,land,grafts,propagative_material,3,38,114,False,0,0.0,9.0,1026.0
CON-20230121-8715,2023-01-21,Costa Rica,JFK,air,tulips,flower,35,74,2590,True,10,0.003861003861003861,,
CON-20230311-4607,2023-03-11,Colombia,IAH,maritime,carnations,flower,12,87,1044,False,0,0.0,,
CON-20231030-6777,2023-10-30,Israel,DFW,land,carnations,flower,3,51,153,False,0,0.0,,
CON-20240331-8359,2024-03-31,Mexico,BOS,maritime,chrysanthemums,flower,7,97,679,False,0,0.0,,
CON-20241226-8244,2024-12-26,Costa Rica,ORD,air,tulips,flower,30,62,1860,False,0,0.0,,
CON-20230417-6843,2023-04-17,Ethiopia,DFW,land,grafts,propagative_material,1,80,80,False,0,0.0,17.0,1360.0
CON-20231223-9547,2023-12-23,Guatemala,JFK,air,bulbs,propagative_material,8,36,288,False,0,0.0,20.0,5760.0
CON-20240610-2152,2024-06-10,Mexico,JFK,air,cuttings,propagative_material,30,65,1950,False,0,0.0,5.0,9750.0
CON-20240924-2733,2024-09-24,Costa Rica,IAH,land,seeds,propagative_material,44,73,3212,False,0,0.0,4.0,12848.0
CON-20240831-6379,2024-08-31,Kenya,BOS,land,grafts,propagative_material,7,91,637,False,0,0.0,13.0,8281.0
CON-20240617-9390,2024-06-17,Netherlands,ORD,air,tulips,flower,10,75,750,False,0,0.0,,
CON-20230418-4976,2023-04-18,Mexico,IAH,land,lilies,flower,37,69,2553,False,0,0.0,,
CON-20230105-5869,2023-01-05,Netherlands,JFK,land,lilies,flower,32,85,2720,False,0,0.0,,
CON-20241201-1708,2024-12-01,Ethiopia,DFW,maritime,orchids,flower,18,24,432,False,0,0.0,,
CON-20230624-6625,2023-06-24,Guatemala,SEA,land,carnations,flower,25,91,2275,False,0,0.0,,
CON-20240407-5245,2024-04-07,Ethiopia,ORD,maritime,chrysanthemums,flower,45,60,2700,False,0,0.0,,
CON-20241029-1887,2024-10-29,Kenya,DFW,land,tissue cultures,propagative_material,34,52,1768,False,0,0.0,15.0,26520.0
CON-20231118-2180,2023-11-18,Mexico,DFW,land,lilies,flower,44,73,3212,False,0,0.0,,
CON-20231113-4449,2023-11-13,Mexico,BOS,land,cuttings,propagative_material,44,14,616,False,0,0.0,2.0,1232.0
CON-20240422-4167,2024-04-22,Guatemala,LAX,land,daffodils,flower,7,97,679,False,0,0.0,,
CON-20241003-3567,2024-10-03,Israel,JFK,land,grafts,propagative_material,33,78,2574,False,0,0.0,5.0,12870.0
CON-20241229-7697,2024-12-29,Kenya,ORD,land,orchids,flower,1,40,40,False,0,0.0,,
CON-20231208-3264,2023-12-08,Israel,MIA,land,seedlings,propagative_material,12,38,456,False,0,0.0,13.0,5928.0
CON-20240414-2947,2024-04-14,Israel,ORD,air,cuttings,propagative_material,45,95,4275,False,0,0.0,10.0,42750.0
CON-20240831-8898,2024-08-31,Guatemala,MIA,maritime,bulbs,propagative_material,9,26,234,False,0,0.0,16.0,3744.0
CON-20240919-6143,2024-09-19,Colombia,ATL,maritime,roses,flower,38,41,1558,False,0,0.0,,
CON-20240407-8704,2024-04-07,Israel,DFW,land,bulbs,propagative_material,3,15,45,False,0,0.0,9.0,405.0
CON-20231113-7416,2023-11-13,Colombia,ORD,maritime,tulips,flower,37,45,1665,False,0,0.0,,
CON-20240718-3416,2024-07-18,Colombia,MIA,air,seedlings,propagative_material,39,21,819,False,0,0.0,16.0,13104.0
CON-20230131-3448,2023-01-31,Netherlands,SEA,maritime,daffodils,flower,7,29,203,False,0,0.0,,
CON-20241228-6778,2024-12-28,Costa Rica,ORD,land,cuttings,propagative_material,25,47,1175,False,0,0.0,8.0,9400.0
CON-20240114-7682,2024-01-14,Netherlands,ATL,maritime,tulips,flower,38,52,1976,False,0,0.0,,
CON-20230107-6105,2023-01-07,Kenya,DFW,maritime,sunflowers,flower,32,78,2496,False,0,0.0,,
CON-20230521-2011,2023-05-21,Kenya,ORD,land,daffodils,flower,13,83,1079,False,0,0.0,,
CON-20230130-7177,2023-01-30,Ethiopia,SEA,air,seedlings,propagative_material,48,41,1968,False,0,0.0,5.0,9840.0
CON-20241203-6524,2024-12-03,Mexico,JFK,air,bulbs,propagative_material,4,82,328,False,0,0.0,1.0,328.0
CON-20240912-2099,2024-09-12,Mexico,LAX,maritime,grafts,propagative_material,42,69,2898,False,0,0.0,11.0,31878.0
CON-20230227-1543,2023-02-27,Colombia,MIA,air,tissue cultures,propagative_material,14,42,588,False,0,0.0,15.0,8820.0
CON-20230428-4172,2023-04-28,Mexico,BOS,air,carnations,flower,47,19,893,False,0,0.0,,
CON-20241012-7191,2024-10-12,Kenya,ORD,land,seedlings,propagative_material,39,30,1170,False,0,0.0,20.0,23400.0
CON-20231212-7846,2023-12-12,Ecuador,LAX,air,seeds,propagative_material,31,20,620,False,0,0.0,2.0,1240.0
CON-20230529-3979,2023-05-29,Netherlands,IAH,air,seedlings,propagative_material,30,66,1980,False,0,0.0,15.0,29700.0
CON-20240927-8289,2024-09-27,Netherlands,DFW,maritime,sunflowers,flower,48,79,3792,False,0,0.0,,
CON-20230305-9495,2023-03-05,Ecuador,IAH,air,lilies,flower,10,30,300,False,0,0.0,,
CON-20240307-6991,2024-03-07,Netherlands,LAX,air,cuttings,propagative_material,17,63,1071,False,0,0.0,17.0,18207.0
CON-20231005-1318,2023-10-05,Israel,MIA,land,daffodils,flower,1,82,82,False,0,0.0,,
CON-20230609-8422,2023-06-09,Mexico,ATL,maritime,tulips,flower,12,56,672,False,0,0.0,,
CON-20230914-8233,2023-09-14,Costa Rica,BOS,land,sunflowers,flower,36,78,2808,False,0,0.0,,
CON-20231122-2415,2023-11-22,Netherlands,ATL,maritime,sunflowers,flower,30,16,480,False,0,0.0,,
CON-20240913-9559,2024-09-13,Ecuador,IAH,land,carnations,flower,35,49,1715,False,0,0.0,,
CON-20230531-5213,2023-05-31,Netherlands,MIA,land,chrysanthemums,flower,46,92,4232,False,0,0.0,,
CON-20230102-7950,2023-01-02,Colombia,BOS,air,lilies,flower,32,19,608,False,0,0.0,,
CON-20240212-7576,2024-02-12,Netherlands,DFW,maritime,saplings,propagative_material,13,19,247,False,0,0.0,13.0,3211.0
CON-20240112-3018,2024-01-12,Ethiopia,BOS,land,bulbs,propagative_material,30,84,2520,False,0,0.0,6.0,15120.0
CON-20241202-2363,2024-12-02,Ethiopia,MIA,land,lilies,flower,24,96,2304,False,0,0.0,,
CON-20240813-1323,2024-08-13,Mexico,JFK,air,tissue cultures,propagative_material,36,97,3492,False,0,0.0,17.0,59364.0
CON-20230502-7559,2023-05-02,Guatemala,JFK,land,roses,flower,45,75,3375,False,0,0.0,,
CON-20230624-1898,2023-06-24,Guatemala,LAX,maritime,grafts,propagative_material,30,93,2790,False,0,0.0,16.0,44640.0
CON-20230820-8252,2023-08-20,Ethiopia,JFK,maritime,grafts,propagative_material,36,84,3024,False,0,0.0,20.0,60480.0
CON-20230605-2103,2023-06-05,Mexico,BOS,land,daffodils,flower,6,95,570,False,0,0.0,,
CON-20230101-9132,2023-01-01,Colombia,JFK,land,seedlings,propagative_material,31,16,496,False,0,0.0,18.0,8928.0
CON-20230630-5735,2023-06-30,Israel,JFK,land,cuttings,propagative_material,4,29,116,False,0,0.0,19.0,2204.0
CON-20241003-2341,2024-10-03,Guatemala,MIA,land,seedlings,propagative_material,44,89,3916,False,0,0.0,1.0,3916.0
CON-20241001-6468,2024-10-01,Ecuador,BOS,maritime,orchids,flower,42,68,2856,False,0,0.0,,
CON-20240901-7284,2024-09-01,Kenya,SEA,maritime,orchids,flower,17,31,527,False,0,0.0,,
CON-20231016-4460,2023-10-16,Ethiopia,MIA,air,grafts,propagative_material,19,24,456,False,0,0.0,15.0,6840.0
CON-20240111-4764,2024-01-11,Ethiopia,JFK,land,bulbs,propagative_material,16,68,1088,False,0,0.0,15.0,16320.0
CON-20240810-7172,2024-08-10,Mexico,SEA,land,daffodils,flower,35,24,840,False,0,0.0,,
CON-20231218-1760,2023-12-18,Netherlands,IAH,maritime,chrysanthemums,flower,30,48,1440,False,0,0.0,,
CON-20240922-1571,2024-09-22,Israel,IAH,maritime,chrysanthemums,flower,18,44,792,False,0,0.0,,
CON-20231212-8277,2023-12-12,Costa Rica,JFK,air,carnations,flower,19,15,285,False,0,0.0,,
CON-20230128-4989,2023-01-28,Ethiopia,ATL,maritime,lilies,flower,12,43,516,False,0,0.0,,
CON-20240828-1929,2024-08-28,Israel,MIA,maritime,seeds,propagative_material,8,21,168,False,0,0.0,17.0,2856.0
CON-20230914-6267,2023-09-14,Israel,LAX,land,daffodils,flower,33,88,2904,False,0,0.0,,
CON-20230906-1857,2023-09-06,Kenya,MIA,air,daffodils,flower,8,74,592,False,0,0.0,,
CON-20231009-7858,2023-10-09,Guatemala,ORD,land,saplings,propagative_material,3,29,87,False,0,0.0,9.0,783.0
CON-20240522-3686,2024-05-22,Ecuador,DFW,land,seeds,propagative_material,22,52,1144,False,0,0.0,19.0,21736.0
CON-20230415-5184,2023-04-15,Costa Rica,BOS,land,seeds,propagative_material,49,46,2254,False,0,0.0,20.0,45080.0
CON-20231109-8465,2023-11-09,Costa Rica,ATL,maritime,roses,flower,19,32,608,False,0,0.0,,
CON-20240714-2286,2024-07-14,Colombia,BOS,land,sunflowers,flower,12,20,240,False,0,0.0,,
CON-20231211-3964,2023-12-11,Guatemala,MIA,maritime,saplings,propagative_material,18,54,972,False,0,0.0,14.0,13608.0
CON-20240530-6396,2024-05-30,Guatemala,SEA,land,sunflowers,flower,31,52,1612,False,0,0.0,,
CON-20231029-3231,2023-10-29,Costa Rica,ATL,maritime,bulbs,propagative_material,18,10,180,False,0,0.0,19.0,3420.0
CON-20241208-2048,2024-12-08,Kenya,SEA,air,daffodils,flower,12,99,1188,False,0,0.0,,
CON-20230913-9650,2023-09-13,Kenya,ATL,maritime,seeds,propagative_material,10,45,450,False,0,0.0,10.0,4500.0
CON-20230906-2145,2023-09-06,Ethiopia,BOS,land,tulips,flower,27,25,675,False,0,0.0,,
CON-20240216-2017,2024-02-16,Israel,SEA,land,seedlings,propagative_material,9,99,891,False,0,0.0,15.0,13365.0
CON-20240920-1575,2024-09-20,Netherlands,SEA,maritime,roses,flower,21,39,819,False,0,0.0,,
CON-20241012-8208,2024-10-12,Ecuador,MIA,maritime,lilies,flower,16,16,256,False,0,0.0,,
CON-20240703-6769,2024-07-03,Ecuador,BOS,air,carnations,flower,19,48,912,False,0,0.0,,
CON-20230418-1234,2023-04-18,Mexico,ORD,air,seedlings,propagative_material,5,36,180,False,0,0.0,16.0,2880.0
CON-20240514-5895,2024-05-14,Costa Rica,MIA,land,grafts,propagative_material,27,19,513,False,0,0.0,12.0,6156.0
CON-20240215-5857,2024-02-15,Costa Rica,DFW,land,lilies,flower,23,65,1495,False,0,0.0,,
CON-20230619-9573,2023-06-19,Colombia,IAH,air,cuttings,propagative_material,9,19,171,False,0,0.0,18.0,3078.0
CON-20230212-9617,2023-02-12,Mexico,SEA,land,orchids,flower,25,85,2125,False,0,0.0,,
CON-20240528-1589,2024-05-28,Ethiopia,MIA,land,seedlings,propagative_material,35,46,1610,False,0,0.0,11.0,17710.0
CON-20230323-9853,2023-03-23,Ecuador,JFK,air,saplings,propagative_material,44,31,1364,False,0,0.0,18.0,24552.0
CON-20230621-8087,2023-06-21,Guatemala,LAX,land,seedlings,propagative_material,11,12,132,False,0,0.0,13.0,1716.0
CON-20230510-9873,2023-05-10,Costa Rica,SEA,maritime,sunflowers,flower,35,59,2065,False,0,0.0,,
CON-20230528-9287,2023-05-28,Israel,MIA,maritime,daffodils,flower,2,41,82,False,0,0.0,,
CON-20230820-9797,2023-08-20,Guatemala,BOS,land,sunflowers,flower,6,10,60,False,0,0.0,,
CON-20241015-7967,2024-10-15,Kenya,ORD,maritime,tulips,flower,31,41,1271,False,0,0.0,,
CON-20230513-6416,2023-05-13,Ecuador,ORD,land,sunflowers,flower,42,14,588,False,0,0.0,,
CON-20240101-4614,2024-01-01,Kenya,DFW,land,lilies,flower,4,26,104,False,0,0.0,,
CON-20231219-5170,2023-12-19,Ecuador,MIA,land,roses,flower,20,100,2000,False,0,0.0,,
CON-20231217-4652,2023-12-17,Netherlands,MIA,maritime,orchids,flower,27,76,2052,False,0,0.0,,
CON-20230209-9805,2023-02-09,Guatemala,BOS,land,chrysanthemums,flower,7,63,441,False,0,0.0,,
CON-20240307-7405,2024-03-07,Colombia,DFW,land,daffodils,flower,42,68,2856,False,0,0.0,,
CON-20230111-5334,2023-01-11,Israel,SEA,land,orchids,flower,33,95,3135,False,0,0.0,,
CON-20230822-2155,2023-08-22,Mexico,BOS,land,bulbs,propagative_material,46,32,1472,False,0,0.0,6.0,8832.0
CON-20231205-7934,2023-12-05,Ethiopia,IAH,land,sunflowers,flower,45,66,2970,False,0,0.0,,
CON-20240921-5571,2024-09-21,Ecuador,ORD,land,tulips,flower,38,85,3230,False,0,0.0,,
CON-20230202-6292,2023-02-02,Ecuador,SEA,maritime,daffodils,flower,2,91,182,False,0,0.0,,
CON-20230512-2922,2023-05-12,Kenya,JFK,air,bulbs,propagative_material,16,83,1328,False,0,0.0,8.0,10624.0
CON-20240120-1873,2024-01-20,Costa Rica,BOS,air,tissue cultures,propagative_material,15,41,615,False,0,0.0,11.0,6765.0
CON-20240707-5590,2024-07-07,Costa Rica,LAX,air,seeds,propagative_material,24,37,888,False,0,0.0,7.0,6216.0
CON-20230122-9380,2023-01-22,Israel,SEA,maritime,seedlings,propagative_material,42,67,2814,False,0,0.0,15.0,42210.0
CON-20240110-5846,2024-01-10,Colombia,DFW,maritime,tulips,flower,30,99,2970,False,0,0.0,,
CON-20240804-6311,2024-08-04,Israel,BOS,maritime,tulips,flower,24,13,312,False,0,0.0,,
CON-20240730-5689,2024-07-30,Kenya,SEA,air,grafts,propagative_material,8,48,384,False,0,0.0,3.0,1152.0
CON-20231220-7012,2023-12-20,Costa Rica,ORD,land,seedlings,propagative_material,21,26,546,False,0,0.0,5.0,2730.0
CON-20240626-6133,2024-06-26,Netherlands,BOS,land,saplings,propagative_material,49,19,931,False,0,0.0,4.0,3724.0
CON-20231103-3440,2023-11-03,Colombia,MIA,air,sunflowers,flower,19,100,1900,False,0,0.0,,
CON-20241111-5293,2024-11-11,Netherlands,ORD,air,grafts,propagative_material,41,59,2419,False,0,0.0,15.0,36285.0
CON-20240714-6937,2024-07-14,Kenya,JFK,land,cuttings,propagative_material,4,34,136,False,0,0.0,8.0,1088.0
CON-20231019-4281,2023-10-19,Ecuador,LAX,air,roses,flower,48,99,4752,False,0,0.0,,
CON-20241021-2450,2024-10-21,Mexico,ORD,maritime,tissue cultures,propagative_material,17,21,357,False,0,0.0,18.0,6426.0
CON-20241106-2001,2024-11-06,Netherlands,DFW,land,cuttings,propagative_material,31,83,2573,False,0,0.0,1.0,2573.0
CON-20230916-6323,2023-09-16,Ethiopia,BOS,land,bulbs,propagative_material,42,40,1680,False,0,0.0,10.0,16800.0
CON-20240720-4821,2024-07-20,Mexico,JFK,air,saplings,propagative_material,8,36,288,False,0,0.0,9.0,2592.0
CON-20230312-3881,2023-03-12,Costa Rica,DFW,maritime,bulbs,propagative_material,39,97,3783,False,0,0.0,15.0,56745.0
CON-20230331-2900,2023-03-31,Mexico,IAH,maritime,grafts,propagative_material,16,47,752,False,0,0.0,4.0,3008.0
CON-20240926-4666,2024-09-26,Ecuador,JFK,air,seedlings,propagative_material,46,36,1656,False,0,0.0,2.0,3312.0
CON-20231109-1831,2023-11-09,Colombia,ATL,land,bulbs,propagative_material,40,77,3080,False,0,0.0,18.0,55440.0
CON-20230313-2917,2023-03-13,Costa Rica,IAH,land,daffodils,flower,20,56,1120,False,0,0.0,,
CON-20230607-4389,2023-06-07,Colombia,JFK,land,seedlings,propagative_material,14,34,476,False,0,0.0,4.0,1904.0
CON-20240317-2133,2024-03-17,Guatemala,MIA,air,sunflowers,flower,4,48,192,False,0,0.0,,
CON-20241101-2886,2024-11-01,Guatemala,LAX,air,seedlings,propagative_material,36,82,2952,False,0,0.0,17.0,50184.0
CON-20231125-1375,2023-11-25,Guatemala,ATL,air,seeds,propagative_material,16,36,576,False,0,0.0,8.0,4608.0
CON-20240112-9507,2024-01-12,Ethiopia,ATL,land,roses,flower,32,19,608,False,0,0.0,,
CON-20230301-8524,2023-03-01,Guatemala,SEA,maritime,sunflowers,flower,23,100,2300,False,0,0.0,,
CON-20240122-9150,2024-01-22,Ecuador,ORD,air,seeds,propagative_material,26,13,338,False,0,0.0,17.0,5746.0
CON-20241118-1507,2024-11-18,Colombia,LAX,land,cuttings,propagative_material,50,98,4900,False,0,0.0,7.0,34300.0
CON-20240310-5602,2024-03-10,Mexico,ORD,air,sunflowers,flower,2,11,22,False,0,0.0,,
CON-20241203-5060,2024-12-03,Mexico,SEA,maritime,saplings,propagative_material,46,27,1242,False,0,0.0,7.0,8694.0
CON-20240519-1145,2024-05-19,Guatemala,JFK,air,seedlings,propagative_material,44,50,2200,False,0,0.0,1.0,2200.0
CON-20241102-4542,2024-11-02,Guatemala,LAX,maritime,tissue cultures,propagative_material,27,35,945,False,0,0.0,10.0,9450.0
CON-20231212-9620,2023-12-12,Kenya,JFK,maritime,orchids,flower,19,99,1881,False,0,0.0,,
CON-20241028-1085,2024-10-28,Costa Rica,ORD,land,bulbs,propagative_material,30,52,1560,False,0,0.0,19.0,29640.0
CON-20240621-6532,2024-06-21,Guatemala,MIA,air,carnations,flower,44,57,2508,False,0,0.0,,
CON-20230426-7894,2023-04-26,Ethiopia,DFW,maritime,tissue cultures,propagative_material,50,24,1200,False,0,0.0,1.0,1200.0
CON-20230619-4378,2023-06-19,Kenya,ATL,land,grafts,propagative_material,32,79,2528,False,0,0.0,18.0,45504.0
CON-20240730-4856,2024-07-30,Guatemala,ORD,maritime,bulbs,propagative_material,16,78,1248,True,5,0.004006410256410256,14.0,17472.0
CON-20240615-8857,2024-06-15,Ethiopia,BOS,maritime,daffodils,flower,27,45,1215,False,0,0.0,,
CON-20230825-2730,2023-08-25,Ethiopia,LAX,maritime,chrysanthemums,flower,9,14,126,False,0,0.0,,
CON-20230622-6871,2023-06-22,Guatemala,DFW,maritime,sunflowers,flower,26,14,364,False,0,0.0,,
CON-20240609-2302,2024-06-09,Costa Rica,ATL,air,seeds,propagative_material,48,44,2112,False,0,0.0,12.0,25344.0
CON-20230426-2190,2023-04-26,Guatemala,MIA,land,lilies,flower,45,58,2610,False,0,0.0,,
CON-20230502-7144,2023-05-02,Mexico,IAH,maritime,cuttings,propagative_material,25,13,325,False,0,0.0,3.0,975.0
CON-20230620-5417,2023-06-20,Colombia,IAH,land,roses,flower,22,53,1166,False,0,0.0,,
CON-20230629-4792,2023-06-29,Mexico,DFW,maritime,lilies,flower,25,74,1850,False,0,0.0,,
CON-20231001-6157,2023-10-01,Guatemala,BOS,air,bulbs,propagative_material,19,96,1824,False,0,0.0,9.0,16416.0
CON-20240225-2412,2024-02-25,Israel,DFW,land,roses,flower,1,39,39,False,0,0.0,,
CON-20230521-9563,2023-05-21,Colombia,SEA,land,grafts,propagative_material,50,29,1450,False,0,0.0,13.0,18850.0
CON-20230509-4402,2023-05-09,Guatemala,ATL,land,seedlings,propagative_material,47,66,3102,False,0,0.0,13.0,40326.0
CON-20240112-1351,2024-01-12,Costa Rica,ORD,land,tissue cultures,propagative_material,21,96,2016,False,0,0.0,19.0,38304.0
CON-20240911-2859,2024-09-11,Kenya,ATL,air,grafts,propagative_material,44,56,2464,False,0,0.0,3.0,7392.0
CON-20230923-5456,2023-09-23,Kenya,SEA,land,bulbs,propagative_material,18,77,1386,False,0,0.0,7.0,9702.0
CON-20230116-6494,2023-01-16,Guatemala,BOS,air,carnations,flower,32,83,2656,False,0,0.0,,
CON-20240831-8008,2024-08-31,Colombia,ATL,air,orchids,flower,19,88,1672,False,0,0.0,,
CON-20230328-3761,2023-03-28,Israel,ATL,air,tulips,flower,28,26,728,False,0,0.0,,
CON-20230425-6014,2023-04-25,Costa Rica,JFK,air,chrysanthemums,flower,42,67,2814,False,0,0.0,,
CON-20231123-7705,2023-11-23,Guatemala,ATL,land,bulbs,propagative_material,21,96,2016,False,0,0.0,7.0,14112.0
CON-20240308-1756,2024-03-08,Costa Rica,ORD,air,sunflowers,flower,46,21,966,False,0,0.0,,
CON-20230114-5650,2023-01-14,Netherlands,LAX,maritime,chrysanthemums,flower,9,97,873,False,0,0.0,,
CON-20230318-5617,2023-03-18,Israel,BOS,maritime,seeds,propagative_material,18,82,1476,False,0,0.0,3.0,4428.0
CON-20241223-9877,2024-12-23,Ethiopia,MIA,land,cuttings,propagative_material,46,54,2484,False,0,0.0,7.0,17388.0
CON-20241121-3042,2024-11-21,Kenya,BOS,air,tulips,flower,26,94,2444,False,0,0.0,,
CON-20240229-8739,2024-02-29,Kenya,JFK,air,daffodils,flower,18,91,1638,False,0,0.0,,
CON-20240614-8679,2024-06-14,Colombia,LAX,maritime,seedlings,propagative_material,47,18,846,False,0,0.0,2.0,1692.0
CON-20230103-5926,2023-01-03,Costa Rica,ATL,air,chrysanthemums,flower,8,63,504,False,0,0.0,,
CON-20240126-8495,2024-01-26,Mexico,ATL,maritime,seeds,propagative_material,38,74,2812,False,0,0.0,12.0,33744.0
CON-20231106-9955,2023-11-06,Ethiopia,MIA,land,lilies,flower,47,95,4465,False,0,0.0,,
CON-20240523-9119,2024-05-23,Israel,MIA,air,orchids,flower,36,96,3456,False,0,0.0,,
CON-20240425-6477,2024-04-25,Guatemala,JFK,air,seedlings,propagative_material,10,53,530,False,0,0.0,4.0,2120.0
CON-20240722-1989,2024-07-22,Ecuador,LAX,land,tissue cultures,propagative_material,11,31,341,False,0,0.0,20.0,6820.0
CON-20230120-4330,2023-01-20,Mexico,SEA,maritime,tissue cultures,propagative_material,28,56,1568,False,0,0.0,18.0,28224.0
CON-20230306-2776,2023-03-06,Kenya,DFW,maritime,orchids,flower,26,95,2470,False,0,0.0,,
CON-20241130-1346,2024-11-30,Netherlands,JFK,air,roses,flower,49,85,4165,False,0,0.0,,
CON-20240514-7830,2024-05-14,Guatemala,JFK,air,tissue cultures,propagative_material,41,75,3075,False,0,0.0,14.0,43050.0
CON-20240525-5445,2024-05-25,Kenya,MIA,air,tissue cultures,propagative_material,33,40,1320,False,0,0.0,20.0,26400.0
CON-20231108-6695,2023-11-08,Ecuador,SEA,maritime,daffodils,flower,44,32,1408,False,0,0.0,,
CON-20241120-7997,2024-11-20,Netherlands,BOS,maritime,tulips,flower,26,50,1300,False,0,0.0,,
CON-20241124-9227,2024-11-24,Guatemala,SEA,maritime,chrysanthemums,flower,50,86,4300,False,0,0.0,,
CON-20231005-4175,2023-10-05,Colombia,BOS,land,sunflowers,flower,37,54,1998,True,1,0.0005005005005005005,,
CON-20230602-4698,2023-06-02,Ethiopia,DFW,air,bulbs,propagative_material,28,32,896,False,0,0.0,2.0,1792.0
CON-20240203-4648,2024-02-03,Kenya,MIA,land,tulips,flower,11,57,627,False,0,0.0,,
CON-20230203-4720,2023-02-03,Kenya,JFK,land,orchids,flower,50,15,750,False,0,0.0,,
CON-20240611-7548,2024-06-11,Israel,LAX,maritime,carnations,flower,42,29,1218,False,0,0.0,,
CON-20230509-1405,2023-05-09,Guatemala,DFW,air,lilies,flower,31,91,2821,False,0,0.0,,
CON-20240214-4777,2024-02-14,Netherlands,DFW,air,lilies,flower,13,27,351,False,0,0.0,,
CON-20230603-3290,2023-06-03,Kenya,ATL,air,daffodils,flower,11,76,836,False,0,0.0,,
CON-20230630-1579,2023-06-30,Kenya,BOS,land,cuttings,propagative_material,49,84,4116,False,0,0.0,8.0,32928.0
CON-20241216-3335,2024-12-16,Kenya,BOS,land,seeds,propagative_material,35,98,3430,False,0,0.0,7.0,24010.0
CON-20240401-4221,2024-04-01,Ethiopia,JFK,air,cuttings,propagative_material,13,34,442,False,0,0.0,4.0,1768.0
CON-20240630-2351,2024-06-30,Costa Rica,IAH,air,tulips,flower,26,91,2366,False,0,0.0,,
CON-20240513-9581,2024-05-13,Ecuador,DFW,land,cuttings,propagative_material,30,38,1140,False,0,0.0,12.0,13680.0
CON-20240808-7054,2024-08-08,Colombia,BOS,maritime,roses,flower,42,90,3780,False,0,0.0,,
CON-20241208-9837,2024-12-08,Israel,ATL,maritime,seeds,propagative_material,24,72,1728,False,0,0.0,8.0,13824.0
CON-20231024-8377,2023-10-24,Guatemala,MIA,maritime,cuttings,propagative_material,14,28,392,False,0,0.0,7.0,2744.0
CON-20240107-4496,2024-01-07,Mexico,IAH,land,cuttings,propagative_material,47,26,1222,False,0,0.0,19.0,23218.0
CON-20240412-7099,2024-04-12,Netherlands,ORD,land,lilies,flower,44,37,1628,False,0,0.0,,
CON-20230407-1489,2023-04-07,Netherlands,ORD,air,daffodils,flower,23,56,1288,False,0,0.0,,
CON-20240210-1603,2024-02-10,Ecuador,DFW,air,daffodils,flower,48,93,4464,False,0,0.0,,
CON-20231101-9714,2023-11-01,Mexico,BOS,air,daffodils,flower,31,21,651,False,0,0.0,,
CON-20240726-6487,2024-07-26,Mexico,ORD,air,chrysanthemums,flower,47,10,470,False,0,0.0,,
CON-20240425-7560,2024-04-25,Ecuador,ATL,air,carnations,flower,10,23,230,False,0,0.0,,
CON-20230730-6518,2023-07-30,Kenya,BOS,maritime,lilies,flower,39,87,3393,False,0,0.0,,
CON-20240723-8134,2024-07-23,Ethiopia,JFK,air,tulips,flower,48,46,2208,False,0,0.0,,
CON-20240426-3451,2024-04-26,Israel,ORD,air,tissue cultures,propagative_material,32,37,1184,False,0,0.0,3.0,3552.0
CON-20240423-3748,2024-04-23,Netherlands,MIA,land,grafts,propagative_material,43,58,2494,False,0,0.0,12.0,29928.0
CON-20241222-9273,2024-12-22,Mexico,BOS,air,bulbs,propagative_material,47,36,1692,False,0,0.0,15.0,25380.0
CON-20230308-1546,2023-03-08,Ethiopia,ORD,land,daffodils,flower,1,22,22,False,0,0.0,,
CON-20240615-4405,2024-06-15,Netherlands,ATL,land,daffodils,flower,47,12,564,False,0,0.0,,
CON-20231108-6948,2023-11-08,Ecuador,SEA,maritime,lilies,flower,43,70,3010,False,0,0.0,,
CON-20240317-4241,2024-03-17,Ethiopia,LAX,maritime,saplings,propagative_material,40,95,3800,False,0,0.0,16.0,60800.0
CON-20241225-9041,2024-12-25,Colombia,SEA,maritime,chrysanthemums,flower,1,46,46,False,0,0.0,,
CON-20240321-4830,2024-03-21,Kenya,ATL,maritime,orchids,flower,32,37,1184,False,0,0.0,,
CON-20230228-6435,2023-02-28,Costa Rica,BOS,land,carnations,flower,33,83,2739,False,0,0.0,,
CON-20230331-8250,2023-03-31,Mexico,SEA,maritime,grafts,propagative_material,35,48,1680,False,0,0.0,3.0,5040.0
CON-20230831-7607,2023-08-31,Costa Rica,IAH,land,orchids,flower,16,43,688,False,0,0.0,,
CON-20230808-4927,2023-08-08,Costa Rica,DFW,land,grafts,propagative_material,11,51,561,False,0,0.0,2.0,1122.0
CON-20240207-4804,2024-02-07,Costa Rica,SEA,maritime,cuttings,propagative_material,15,48,720,False,0,0.0,12.0,8640.0
CON-20240901-6827,2024-09-01,Ethiopia,IAH,maritime,carnations,flower,8,33,264,False,0,0.0,,
CON-20240531-4433,2024-05-31,Mexico,JFK,air,chrysanthemums,flower,1,76,76,False,0,0.0,,
CON-20240928-1960,2024-09-28,Israel,ATL,maritime,daffodils,flower,28,10,280,False,0,0.0,,
CON-20230923-3007,2023-09-23,Kenya,BOS,maritime,orchids,flower,30,65,1950,False,0,0.0,,
CON-20230710-4895,2023-07-10,Colombia,SEA,air,seeds,propagative_material,22,15,330,False,0,0.0,19.0,6270.0
CON-20240718-1727,2024-07-18,Mexico,DFW,maritime,chrysanthemums,flower,41,82,3362,False,0,0.0,,
CON-20231118-9909,2023-11-18,Netherlands,ATL,air,bulbs,propagative_material,14,57,798,False,0,0.0,14.0,11172.0
CON-20230817-1424,2023-08-17,Mexico,JFK,air,tulips,flower,48,10,480,False,0,0.0,,
CON-20230717-5821,2023-07-17,Ecuador,DFW,maritime,seeds,propagative_material,2,18,36,False,0,0.0,12.0,432.0
CON-20230405-5836,2023-04-05,Guatemala,LAX,land,roses,flower,25,93,2325,False,0,0.0,,
CON-20241002-2554,2024-10-02,Colombia,ORD,maritime,roses,flower,23,53,1219,False,0,0.0,,
CON-20240324-8913,2024-03-24,Kenya,SEA,land,tissue cultures,propagative_material,28,94,2632,False,0,0.0,1.0,2632.0
CON-20231115-6990,2023-11-15,Costa Rica,JFK,land,tissue cultures,propagative_material,14,100,1400,False,0,0.0,1.0,1400.0
CON-20240308-3301,2024-03-08,Guatemala,LAX,land,bulbs,propagative_material,38,38,1444,False,0,0.0,3.0,4332.0
CON-20231228-5344,2023-12-28,Kenya,ATL,land,bulbs,propagative_material,3,82,246,False,0,0.0,2.0,492.0
CON-20241123-6714,2024-11-23,Netherlands,ORD,maritime,grafts,propagative_material,32,56,1792,False,0,0.0,13.0,23296.0
CON-20240707-3970,2024-07-07,Ecuador,BOS,maritime,grafts,propagative_material,26,23,598,False,0,0.0,14.0,8372.0
CON-20230824-8034,2023-08-24,Ecuador,JFK,land,grafts,propagative_material,38,57,2166,False,0,0.0,11.0,23826.0
CON-20230423-2039,2023-04-23,Guatemala,LAX,air,tissue cultures,propagative_material,28,16,448,False,0,0.0,18.0,8064.0
CON-20230515-4631,2023-05-15,Colombia,LAX,land,saplings,propagative_material,44,88,3872,False,0,0.0,7.0,27104.0
CON-20240101-4623,2024-01-01,Netherlands,MIA,maritime,carnations,flower,4,64,256,False,0,0.0,,
CON-20231216-2765,2023-12-16,Colombia,ATL,land,chrysanthemums,flower,2,84,168,False,0,0.0,,
CON-20231023-3309,2023-10-23,Mexico,IAH,air,roses,flower,23,30,690,False,0,0.0,,
CON-20230107-1218,2023-01-07,Netherlands,ORD,maritime,grafts,propagative_material,18,23,414,False,0,0.0,9.0,3726.0
CON-20240708-5205,2024-07-08,Ethiopia,SEA,air,seedlings,propagative_material,40,73,2920,False,0,0.0,2.0,5840.0
CON-20240311-1488,2024-03-11,Costa Rica,ORD,maritime,orchids,flower,18,82,1476,False,0,0.0,,
CON-20241127-8483,2024-11-27,Mexico,JFK,land,roses,flower,27,26,702,False,0,0.0,,
CON-20240318-6707,2024-03-18,Ethiopia,DFW,maritime,seedlings,propagative_material,40,91,3640,False,0,0.0,19.0,69160.0
CON-20230526-1263,2023-05-26,Netherlands,BOS,maritime,chrysanthemums,flower,20,28,560,False,0,0.0,,
CON-20241028-9743,2024-10-28,Ethiopia,DFW,maritime,daffodils,flower,12,50,600,False,0,0.0,,
CON-20240204-7401,2024-02-04,Ethiopia,BOS,maritime,tissue cultures,propagative_material,23,34,782,False,0,0.0,10.0,7820.0
CON-20241007-7149,2024-10-07,Guatemala,MIA,land,chrysanthemums,flower,31,47,1457,False,0,0.0,,
CON-20230115-8307,2023-01-15,Costa Rica,DFW,land,saplings,propagative_material,44,59,2596,False,0,0.0,13.0,33748.0
CON-20240201-1129,2024-02-01,Colombia,LAX,maritime,saplings,propagative_material,47,79,3713,False,0,0.0,7.0,25991.0
CON-20231004-7485,2023-10-04,Ethiopia,IAH,air,daffodils,flower,31,93,2883,False,0,0.0,,
CON-20240524-6962,2024-05-24,Israel,SEA,air,orchids,flower,3,30,90,False,0,0.0,,
CON-20230330-4327,2023-03-30,Guatemala,MIA,air,cuttings,propagative_material,10,45,450,False,0,0.0,11.0,4950.0
CON-20240204-9560,2024-02-04,Ecuador,DFW,land,seeds,propagative_material,34,51,1734,False,0,0.0,20.0,34680.0
CON-20240408-3460,2024-04-08,Ethiopia,SEA,air,seeds,propagative_material,24,17,408,False,0,0.0,1.0,408.0
CON-20230723-7086,2023-07-23,Israel,ORD,maritime,bulbs,propagative_material,47,25,1175,False,0,0.0,14.0,16450.0
CON-20240930-3078,2024-09-30,Netherlands,DFW,land,cuttings,propagative_material,43,29,1247,False,0,0.0,4.0,4988.0
CON-20240815-5541,2024-08-15,Netherlands,LAX,air,orchids,flower,48,38,1824,False,0,0.0,,
CON-20240705-4224,2024-07-05,Colombia,ATL,air,lilies,flower,17,98,1666,False,0,0.0,,
CON-20240711-2583,2024-07-11,Guatemala,BOS,land,seedlings,propagative_material,20,15,300,False,0,0.0,4.0,1200.0
CON-20230822-9471,2023-08-22,Mexico,IAH,air,bulbs,propagative_material,32,89,2848,False,0,0.0,3.0,8544.0
CON-20230116-6091,2023-01-16,Costa Rica,LAX,land,saplings,propagative_material,44,82,3608,False,0,0.0,6.0,21648.0
CON-20240615-8757,2024-06-15,Mexico,DFW,maritime,lilies,flower,44,52,2288,False,0,0.0,,
CON-20230511-9563,2023-05-11,Guatemala,ATL,maritime,lilies,flower,50,99,4950,False,0,0.0,,
CON-20240520-3101,2024-05-20,Costa Rica,MIA,air,cuttings,propagative_material,20,47,940,False,0,0.0,11.0,10340.0
CON-20230311-5088,2023-03-11,Kenya,DFW,air,carnations,flower,36,13,468,False,0,0.0,,
CON-20230824-8231,2023-08-24,Ethiopia,DFW,maritime,tissue cultures,propagative_material,31,30,930,True,5,0.005376344086021506,13.0,12090.0
CON-20240123-9112,2024-01-23,Guatemala,SEA,maritime,tissue cultures,propagative_material,9,79,711,False,0,0.0,10.0,7110.0
CON-20230322-2183,2023-03-22,Israel,IAH,maritime,seeds,propagative_material,41,70,2870,False,0,0.0,7.0,20090.0
CON-20240910-3103,2024-09-10,Mexico,IAH,maritime,seeds,propagative_material,24,100,2400,False,0,0.0,4.0,9600.0
CON-20241229-1249,2024-12-29,Netherlands,BOS,maritime,cuttings,propagative_material,17,38,646,True,2,0.0030959752321981426,13.0,8398.0
CON-20231231-6775,2023-12-31,Colombia,ATL,maritime,tissue cultures,propagative_material,39,58,2262,False,0,0.0,15.0,33930.0
CON-20230807-3006,2023-08-07,Ethiopia,ATL,air,tissue cultures,propagative_material,40,71,2840,False,0,0.0,12.0,34080.0
CON-20231011-8657,2023-10-11,Kenya,ORD,air,carnations,flower,40,65,2600,False,0,0.0,,
CON-20230216-5940,2023-02-16,Netherlands,LAX,air,saplings,propagative_material,41,48,1968,False,0,0.0,20.0,39360.0
CON-20241229-9576,2024-12-29,Guatemala,DFW,land,daffodils,flower,41,18,738,False,0,0.0,,
CON-20240608-3514,2024-06-08,Costa Rica,LAX,maritime,roses,flower,46,26,1196,False,0,0.0,,
CON-20240412-5726,2024-04-12,Guatemala,ATL,air,lilies,flower,33,26,858,False,0,0.0,,
CON-20230501-6267,2023-05-01,Netherlands,ORD,air,bulbs,propagative_material,12,39,468,False,0,0.0,9.0,4212.0
CON-20230115-6115,2023-01-15,Costa Rica,JFK,maritime,sunflowers,flower,14,97,1358,False,0,0.0,,
CON-20240722-9132,2024-07-22,Costa Rica,ORD,maritime,orchids,flower,30,70,2100,False,0,0.0,,
CON-20230119-6787,2023-01-19,Ethiopia,JFK,maritime,grafts,propagative_material,25,62,1550,False,0,0.0,13.0,20150.0
CON-20240405-2968,2024-04-05,Netherlands,JFK,land,carnations,flower,11,80,880,False,0,0.0,,
CON-20230504-9801,2023-05-04,Ecuador,IAH,air,saplings,propagative_material,33,63,2079,False,0,0.0,6.0,12474.0
CON-20240326-4374,2024-03-26,Guatemala,IAH,maritime,grafts,propagative_material,17,100,1700,False,0,0.0,7.0,11900.0
CON-20240104-7568,2024-01-04,Netherlands,ATL,land,carnations,flower,43,14,602,False,0,0.0,,
CON-20240710-5335,2024-07-10,Mexico,JFK,maritime,lilies,flower,7,33,231,False,0,0.0,,
CON-20231011-8094,2023-10-11,Kenya,DFW,land,seeds,propagative_material,34,94,3196,False,0,0.0,12.0,38352.0
CON-20230705-2447,2023-07-05,Colombia,MIA,maritime,seeds,propagative_material,25,40,1000,False,0,0.0,16.0,16000.0
CON-20241228-9667,2024-12-28,Netherlands,ATL,land,saplings,propagative_material,25,42,1050,False,0,0.0,4.0,4200.0
CON-20231213-7099,2023-12-13,Colombia,SEA,land,tulips,flower,48,80,3840,False,0,0.0,,
CON-20240929-4417,2024-09-29,Ethiopia,MIA,air,grafts,propagative_material,37,35,1295,False,0,0.0,14.0,18130.0
CON-20240813-9514,2024-08-13,Kenya,SEA,maritime,carnations,flower,32,61,1952,False,0,0.0,,
CON-20240110-6056,2024-01-10,Guatemala,BOS,maritime,cuttings,propagative_material,36,64,2304,False,0,0.0,3.0,6912.0
CON-20230316-9973,2023-03-16,Guatemala,ATL,land,lilies,flower,50,81,4050,False,0,0.0,,
CON-20240318-1212,2024-03-18,Costa Rica,ATL,air,carnations,flower,13,35,455,False,0,0.0,,
CON-20240108-2741,2024-01-08,Guatemala,SEA,air,seeds,propagative_material,7,19,133,False,0,0.0,11.0,1463.0
CON-20231112-5114,2023-11-12,Ethiopia,IAH,air,carnations,flower,48,35,1680,False,0,0.0,,
CON-20230925-2593,2023-09-25,Guatemala,MIA,air,seeds,propagative_material,1,77,77,False,0,0.0,13.0,1001.0
CON-20240912-2467,2024-09-12,Ethiopia,BOS,land,cuttings,propagative_material,41,94,3854,False,0,0.0,11.0,42394.0
CON-20241108-7240,2024-11-08,Guatemala,ORD,land,grafts,propagative_material,30,88,2640,False,0,0.0,15.0,39600.0
CON-20230705-3969,2023-07-05,Kenya,SEA,maritime,tissue cultures,propagative_material,44,60,2640,False,0,0.0,7.0,18480.0
CON-20231109-7339,2023-11-09,Guatemala,MIA,maritime,seedlings,propagative_material,12,17,204,False,0,0.0,19.0,3876.0
CON-20240107-8273,2024-01-07,Guatemala,MIA,maritime,chrysanthemums,flower,43,92,3956,False,0,0.0,,
CON-20240423-2570,2024-04-23,Kenya,MIA,maritime,seeds,propagative_material,8,97,776,False,0,0.0,15.0,11640.0
CON-20230707-7656,2023-07-07,Guatemala,ORD,land,roses,flower,38,64,2432,False,0,0.0,,
CON-20240702-8770,2024-07-02,Costa Rica,IAH,land,chrysanthemums,flower,3,77,231,False,0,0.0,,
CON-20240123-7729,2024-01-23,Kenya,DFW,land,orchids,flower,14,99,1386,False,0,0.0,,
CON-20230222-9073,2023-02-22,Ethiopia,ATL,maritime,grafts,propagative_material,13,29,377,False,0,0.0,14.0,5278.0
CON-20231209-5343,2023-12-09,Israel,SEA,maritime,daffodils,flower,25,89,2225,False,0,0.0,,
CON-20231229-1591,2023-12-29,Guatemala,LAX,maritime,cuttings,propagative_material,29,42,1218,False,0,0.0,5.0,6090.0
CON-20230905-5471,2023-09-05,Ethiopia,JFK,maritime,sunflowers,flower,11,86,946,False,0,0.0,,
CON-20230821-6724,2023-08-21,Costa Rica,SEA,maritime,tulips,flower,2,40,80,False,0,0.0,,
CON-20240508-9743,2024-05-08,Ethiopia,IAH,air,cuttings,propagative_material,15,78,1170,False,0,0.0,12.0,14040.0
CON-20240913-9599,2024-09-13,Mexico,ORD,air,bulbs,propagative_material,27,86,2322,False,0,0.0,2.0,4644.0
CON-20230815-1021,2023-08-15,Ethiopia,JFK,maritime,lilies,flower,4,45,180,False,0,0.0,,
CON-20241224-3312,2024-12-24,Mexico,ORD,air,roses,flower,21,23,483,False,0,0.0,,
CON-20230824-7464,2023-08-24,Mexico,DFW,land,daffodils,flower,14,35,490,False,0,0.0,,
CON-20240313-3236,2024-03-13,Guatemala,ATL,land,daffodils,flower,28,14,392,False,0,0.0,,
CON-20240926-1879,2024-09-26,Guatemala,ORD,land,orchids,flower,8,52,416,False,0,0.0,,
CON-20230401-8912,2023-04-01,Ethiopia,LAX,air,bulbs,propagative_material,41,72,2952,False,0,0.0,18.0,53136.0
CON-20240206-8689,2024-02-06,Colombia,DFW,air,orchids,flower,38,69,2622,False,0,0.0,,
CON-20230830-6266,2023-08-30,Kenya,IAH,air,grafts,propagative_material,6,43,258,False,0,0.0,15.0,3870.0
CON-20240429-6635,2024-04-29,Israel,ATL,land,saplings,propagative_material,22,12,264,False,0,0.0,6.0,1584.0
CON-20240423-8089,2024-04-23,Mexico,JFK,air,seedlings,propagative_material,26,77,2002,False,0,0.0,16.0,32032.0
CON-20241013-7539,2024-10-13,Netherlands,BOS,air,bulbs,propagative_material,39,33,1287,False,0,0.0,4.0,5148.0
CON-20230712-9534,2023-07-12,Kenya,LAX,air,sunflowers,flower,17,56,952,False,0,0.0,,
CON-20230801-6479,2023-08-01,Ethiopia,LAX,land,grafts,propagative_material,27,74,1998,False,0,0.0,17.0,33966.0
CON-20230309-6953,2023-03-09,Netherlands,BOS,land,seedlings,propagative_material,49,61,2989,False,0,0.0,4.0,11956.0
CON-20230211-9812,2023-02-11,Netherlands,SEA,maritime,roses,flower,30,77,2310,False,0,0.0,,
CON-20231003-6755,2023-10-03,Ethiopia,BOS,land,saplings,propagative_material,1,39,39,False,0,0.0,15.0,585.0
CON-20241106-8851,2024-11-06,Kenya,SEA,maritime,roses,flower,19,43,817,False,0,0.0,,
CON-20240921-9291,2024-09-21,Ecuador,IAH,air,bulbs,propagative_material,8,67,536,False,0,0.0,8.0,4288.0
CON-20230326-9234,2023-03-26,Mexico,ATL,air,sunflowers,flower,48,76,3648,False,0,0.0,,
CON-20230212-1551,2023-02-12,Ethiopia,ATL,maritime,lilies,flower,2,35,70,False,0,0.0,,
CON-20230106-1886,2023-01-06,Guatemala,DFW,maritime,carnations,flower,28,89,2492,False,0,0.0,,
CON-20230731-7589,2023-07-31,Colombia,DFW,air,bulbs,propagative_material,39,86,3354,False,0,0.0,13.0,43602.0
CON-20240906-1052,2024-09-06,Kenya,ORD,air,bulbs,propagative_material,23,61,1403,False,0,0.0,8.0,11224.0
CON-20241020-1985,2024-10-20,Netherlands,BOS,land,saplings,propagative_material,23,45,1035,False,0,0.0,6.0,6210.0
CON-20230127-2530,2023-01-27,Guatemala,ORD,air,bulbs,propagative_material,41,87,3567,False,0,0.0,18.0,64206.0
CON-20231027-3294,2023-10-27,Israel,JFK,air,bulbs,propagative_material,6,95,570,False,0,0.0,2.0,1140.0
CON-20230226-1916,2023-02-26,Mexico,IAH,air,chrysanthemums,flower,45,14,630,False,0,0.0,,
CON-20231022-8953,2023-10-22,Israel,ATL,land,lilies,flower,34,55,1870,False,0,0.0,,
CON-20240622-6364,2024-06-22,Guatemala,ORD,land,cuttings,propagative_material,46,52,2392,False,0,0.0,8.0,19136.0
CON-20230328-9441,2023-03-28,Costa Rica,LAX,maritime,grafts,propagative_material,10,96,960,False,0,0.0,5.0,4800.0
CON-20240823-6936,2024-08-23,Mexico,ATL,air,chrysanthemums,flower,33,53,1749,False,0,0.0,,
CON-20240304-1878,2024-03-04,Israel,BOS,land,cuttings,propagative_material,22,85,1870,False,0,0.0,17.0,31790.0
CON-20240927-2692,2024-09-27,Colombia,SEA,land,orchids,flower,17,74,1258,False,0,0.0,,
CON-20231029-9362,2023-10-29,Israel,JFK,land,chrysanthemums,flower,46,51,2346,False,0,0.0,,
CON-20240221-7766,2024-02-21,Ecuador,ATL,maritime,roses,flower,16,52,832,False,0,0.0,,
CON-20240907-2015,2024-09-07,Israel,DFW,maritime,cuttings,propagative_material,22,75,1650,False,0,0.0,17.0,28050.0
CON-20240325-9079,2024-03-25,Ecuador,MIA,maritime,orchids,flower,29,67,1943,False,0,0.0,,
CON-20230704-9426,2023-07-04,Ethiopia,DFW,land,orchids,flower,46,25,1150,False,0,0.0,,
CON-20240823-1278,2024-08-23,Guatemala,MIA,maritime,grafts,propagative_material,39,70,2730,False,0,0.0,16.0,43680.0
CON-20240108-8566,2024-01-08,Netherlands,ATL,maritime,orchids,flower,37,98,3626,False,0,0.0,,
CON-20240312-7910,2024-03-12,Ethiopia,LAX,maritime,bulbs,propagative_material,44,82,3608,False,0,0.0,16.0,57728.0
CON-20240108-8060,2024-01-08,Colombia,MIA,maritime,cuttings,propagative_material,2,31,62,False,0,0.0,15.0,930.0
CON-20231105-8908,2023-11-05,Ethiopia,JFK,maritime,saplings,propagative_material,10,29,290,False,0,0.0,13.0,3770.0
CON-20231017-2691,2023-10-17,Israel,ORD,air,chrysanthemums,flower,45,90,4050,False,0,0.0,,
CON-20231214-5747,2023-12-14,Guatemala,JFK,air,tulips,flower,22,81,1782,False,0,0.0,,
CON-20231211-4517,2023-12-11,Israel,DFW,land,daffodils,flower,12,25,300,False,0,0.0,,
CON-20240510-6834,2024-05-10,Kenya,DFW,land,daffodils,flower,33,16,528,False,0,0.0,,
CON-20240817-1832,2024-08-17,Netherlands,ATL,land,seeds,propagative_material,33,63,2079,False,0,0.0,10.0,20790.0
CON-20230401-3599,2023-04-01,Kenya,LAX,maritime,tulips,flower,44,70,3080,False,0,0.0,,
CON-20230826-4974,2023-08-26,Colombia,BOS,land,grafts,propagative_material,36,59,2124,False,0,0.0,3.0,6372.0
CON-20240812-4226,2024-08-12,Mexico,JFK,land,roses,flower,6,14,84,False,0,0.0,,
CON-20240114-1794,2024-01-14,Colombia,LAX,air,bulbs,propagative_material,3,30,90,False,0,0.0,2.0,180.0
CON-20230811-1039,2023-08-11,Kenya,ORD,land,lilies,flower,32,85,2720,False,0,0.0,,
CON-20241013-4461,2024-10-13,Kenya,IAH,land,carnations,flower,42,18,756,False,0,0.0,,
CON-20240405-8082,2024-04-05,Costa Rica,ATL,maritime,saplings,propagative_material,49,62,3038,False,0,0.0,13.0,39494.0
CON-20230109-5816,2023-01-09,Kenya,ATL,air,cuttings,propagative_material,33,99,3267,False,0,0.0,6.0,19602.0
CON-20240507-1491,2024-05-07,Mexico,SEA,maritime,carnations,flower,47,62,2914,False,0,0.0,,
CON-20240726-8112,2024-07-26,Ethiopia,BOS,land,saplings,propagative_material,44,31,1364,False,0,0.0,14.0,19096.0
CON-20241028-8268,2024-10-28,Kenya,BOS,land,chrysanthemums,flower,44,98,4312,False,0,0.0,,
CON-20240803-2446,2024-08-03,Ethiopia,ATL,land,cuttings,propagative_material,25,77,1925,False,0,0.0,10.0,19250.0
CON-20230811-8162,2023-08-11,Ethiopia,SEA,land,lilies,flower,6,51,306,False,0,0.0,,
CON-20230528-7207,2023-05-28,Mexico,ATL,land,tissue cultures,propagative_material,18,11,198,False,0,0.0,19.0,3762.0
CON-20240120-9509,2024-01-20,Netherlands,IAH,land,daffodils,flower,25,63,1575,False,0,0.0,,
CON-20240704-3390,2024-07-04,Colombia,LAX,land,saplings,propagative_material,9,83,747,False,0,0.0,8.0,5976.0
CON-20240727-4404,2024-07-27,Ecuador,ATL,maritime,carnations,flower,12,16,192,False,0,0.0,,
CON-20240725-4338,2024-07-25,Kenya,BOS,land,roses,flower,25,96,2400,False,0,0.0,,
CON-20231105-5349,2023-11-05,Costa Rica,SEA,maritime,sunflowers,flower,33,41,1353,False,0,0.0,,
CON-20240130-7092,2024-01-30,Israel,DFW,land,sunflowers,flower,43,61,2623,False,0,0.0,,
CON-20240729-3158,2024-07-29,Guatemala,IAH,maritime,seeds,propagative_material,23,53,1219,False,0,0.0,13.0,15847.0
CON-20241016-3713,2024-10-16,Guatemala,SEA,maritime,orchids,flower,14,63,882,False,0,0.0,,
CON-20240225-5117,2024-02-25,Guatemala,JFK,maritime,cuttings,propagative_material,28,55,1540,False,0,0.0,9.0,13860.0
CON-20231026-5096,2023-10-26,Ecuador,JFK,air,seeds,propagative_material,44,75,3300,False,0,0.0,15.0,49500.0
CON-20230221-9645,2023-02-21,Colombia,DFW,air,cuttings,propagative_material,6,90,540,False,0,0.0,12.0,6480.0
CON-20240119-9967,2024-01-19,Netherlands,DFW,maritime,bulbs,propagative_material,15,50,750,False,0,0.0,11.0,8250.0
CON-20241002-9203,2024-10-02,Netherlands,IAH,air,lilies,flower,12,33,396,False,0,0.0,,
CON-20241228-1780,2024-12-28,Guatemala,SEA,maritime,bulbs,propagative_material,32,95,3040,False,0,0.0,9.0,27360.0
CON-20240715-9280,2024-07-15,Ecuador,ORD,air,seeds,propagative_material,26,15,390,False,0,0.0,20.0,7800.0
CON-20230209-5378,2023-02-09,Colombia,BOS,air,carnations,flower,9,87,783,False,0,0.0,,
CON-20231030-3174,2023-10-30,Israel,BOS,land,tulips,flower,40,86,3440,False,0,0.0,,
CON-20230704-4531,2023-07-04,Guatemala,JFK,land,daffodils,flower,7,24,168,False,0,0.0,,
CON-20230215-7001,2023-02-15,Israel,IAH,air,roses,flower,41,71,2911,False,0,0.0,,
CON-20240314-3292,2024-03-14,Colombia,ORD,air,seeds,propagative_material,39,29,1131,False,0,0.0,4.0,4524.0
CON-20240411-8323,2024-04-11,Mexico,IAH,land,tulips,flower,13,68,884,False,0,0.0,,
CON-20231018-5078,2023-10-18,Kenya,MIA,air,seeds,propagative_material,40,26,1040,False,0,0.0,3.0,3120.0
CON-20240226-7581,2024-02-26,Ecuador,SEA,maritime,daffodils,flower,3,32,96,False,0,0.0,,
CON-20231214-6338,2023-12-14,Colombia,SEA,maritime,grafts,propagative_material,49,28,1372,False,0,0.0,11.0,15092.0
CON-20240412-8750,2024-04-12,Israel,MIA,maritime,seeds,propagative_material,44,40,1760,False,0,0.0,2.0,3520.0
CON-20231118-8153,2023-11-18,Ecuador,BOS,land,seeds,propagative_material,1,55,55,False,0,0.0,18.0,990.0
CON-20240815-3913,2024-08-15,Guatemala,JFK,maritime,cuttings,propagative_material,30,19,570,False,0,0.0,3.0,1710.0
CON-20240409-4074,2024-04-09,Costa Rica,LAX,maritime,saplings,propagative_material,12,40,480,False,0,0.0,19.0,9120.0
CON-20241006-6237,2024-10-06,Kenya,ORD,air,orchids,flower,34,46,1564,False,0,0.0,,
CON-20240429-2773,2024-04-29,Colombia,SEA,maritime,grafts,propagative_material,38,47,1786,False,0,0.0,17.0,30362.0
CON-20231005-9656,2023-10-05,Kenya,JFK,air,grafts,propagative_material,44,43,1892,False,0,0.0,11.0,20812.0
CON-20230126-2061,2023-01-26,Israel,LAX,land,seedlings,propagative_material,3,48,144,False,0,0.0,11.0,1584.0
CON-20230203-5660,2023-02-03,Ethiopia,IAH,land,chrysanthemums,flower,4,87,348,False,0,0.0,,
CON-20230911-7034,2023-09-11,Mexico,DFW,land,grafts,propagative_material,13,40,520,True,8,0.015384615384615385,10.0,5200.0
CON-20230224-5317,2023-02-24,Kenya,BOS,land,tissue cultures,propagative_material,35,46,1610,False,0,0.0,8.0,12880.0
CON-20241017-5416,2024-10-17,Guatemala,BOS,air,seeds,propagative_material,30,11,330,False,0,0.0,15.0,4950.0
CON-20231216-8711,2023-12-16,Netherlands,LAX,air,tissue cultures,propagative_material,44,38,1672,False,0,0.0,3.0,5016.0
CON-20240125-1603,2024-01-25,Guatemala,IAH,maritime,grafts,propagative_material,25,87,2175,False,0,0.0,12.0,26100.0
CON-20230831-1937,2023-08-31,Colombia,BOS,land,seeds,propagative_material,49,99,4851,False,0,0.0,12.0,58212.0
CON-20240913-4471,2024-09-13,Israel,LAX,maritime,bulbs,propagative_material,46,93,4278,False,0,0.0,13.0,55614.0
CON-20240615-5849,2024-06-15,Ethiopia,BOS,air,orchids,flower,3,59,177,False,0,0.0,,
CON-20231209-9150,2023-12-09,Israel,MIA,land,saplings,propagative_material,24,69,1656,False,0,0.0,13.0,21528.0
CON-20230925-6248,2023-09-25,Israel,JFK,land,carnations,flower,1,70,70,False,0,0.0,,
CON-20230706-7728,2023-07-06,Mexico,MIA,land,chrysanthemums,flower,38,94,3572,False,0,0.0,,
CON-20241104-1327,2024-11-04,Netherlands,MIA,land,chrysanthemums,flower,8,81,648,False,0,0.0,,
CON-20230814-5560,2023-08-14,Colombia,JFK,land,roses,flower,38,93,3534,False,0,0.0,,
CON-20241031-9185,2024-10-31,Netherlands,IAH,air,roses,flower,4,35,140,False,0,0.0,,
CON-20230125-1815,2023-01-25,Mexico,MIA,land,sunflowers,flower,30,72,2160,False,0,0.0,,
CON-20240825-2647,2024-08-25,Colombia,ATL,land,carnations,flower,45,59,2655,False,0,0.0,,
CON-20241025-8366,2024-10-25,Colombia,DFW,maritime,orchids,flower,28,13,364,False,0,0.0,,
CON-20240106-6801,2024-01-06,Kenya,DFW,land,chrysanthemums,flower,38,31,1178,False,0,0.0,,
CON-20240215-8529,2024-02-15,Colombia,ORD,maritime,saplings,propagative_material,47,82,3854,False,0,0.0,10.0,38540.0
CON-20230215-5352,2023-02-15,Costa Rica,MIA,maritime,grafts,propagative_material,23,23,529,False,0,0.0,17.0,8993.0
CON-20240107-9136,2024-01-07,Mexico,BOS,air,tissue cultures,propagative_material,9,24,216,False,0,0.0,9.0,1944.0
CON-20240526-6457,2024-05-26,Costa Rica,BOS,maritime,lilies,flower,24,88,2112,False,0,0.0,,
CON-20240703-8695,2024-07-03,Costa Rica,ATL,air,cuttings,propagative_material,25,87,2175,False,0,0.0,4.0,8700.0
CON-20230206-5164,2023-02-06,Ecuador,DFW,air,tissue cultures,propagative_material,13,17,221,False,0,0.0,14.0,3094.0
CON-20240517-4099,2024-05-17,Colombia,MIA,maritime,tissue cultures,propagative_material,6,82,492,False,0,0.0,7.0,3444.0
CON-20230208-8837,2023-02-08,Israel,ORD,land,seedlings,propagative_material,5,41,205,False,0,0.0,18.0,3690.0
CON-20241018-4857,2024-10-18,Kenya,JFK,maritime,carnations,flower,33,71,2343,False,0,0.0,,
CON-20240309-9992,2024-03-09,Israel,DFW,air,seeds,propagative_material,9,86,774,False,0,0.0,16.0,12384.0
CON-20230507-4227,2023-05-07,Ethiopia,BOS,land,bulbs,propagative_material,36,30,1080,False,0,0.0,10.0,10800.0
CON-20230825-2355,2023-08-25,Israel,LAX,maritime,saplings,propagative_material,9,27,243,False,0,0.0,15.0,3645.0
CON-20231210-8198,2023-12-10,Guatemala,IAH,maritime,saplings,propagative_material,16,82,1312,False,0,0.0,12.0,15744.0
CON-20240508-5925,2024-05-08,Netherlands,DFW,maritime,sunflowers,flower,50,82,4100,False,0,0.0,,
CON-20241116-6730,2024-11-16,Kenya,LAX,air,lilies,flower,20,92,1840,False,0,0.0,,
CON-20230320-3305,2023-03-20,Kenya,IAH,land,seedlings,propagative_material,22,73,1606,False,0,0.0,15.0,24090.0
CON-20231006-7113,2023-10-06,Ecuador,JFK,land,seedlings,propagative_material,13,58,754,False,0,0.0,15.0,11310.0
CON-20240918-9779,2024-09-18,Israel,SEA,air,lilies,flower,13,83,1079,False,0,0.0,,
CON-20240617-5460,2024-06-17,Mexico,BOS,air,tulips,flower,2,61,122,False,0,0.0,,
CON-20230419-8975,2023-04-19,Kenya,ATL,maritime,saplings,propagative_material,46,18,828,True,3,0.0036231884057971015,19.0,15732.0
CON-20230717-1022,2023-07-17,Guatemala,ATL,land,orchids,flower,38,29,1102,False,0,0.0,,
CON-20240601-5020,2024-06-01,Colombia,IAH,air,chrysanthemums,flower,14,29,406,False,0,0.0,,
CON-20230804-9183,2023-08-04,Israel,BOS,maritime,chrysanthemums,flower,7,21,147,False,0,0.0,,
CON-20240414-7750,2024-04-14,Netherlands,ORD,maritime,daffodils,flower,4,92,368,False,0,0.0,,
CON-20230711-3665,2023-07-11,Ethiopia,MIA,maritime,tulips,flower,21,46,966,False,0,0.0,,
CON-20230825-3779,2023-08-25,Netherlands,MIA,air,orchids,flower,25,89,2225,False,0,0.0,,
CON-20231019-5834,2023-10-19,Ecuador,ORD,land,grafts,propagative_material,6,66,396,False,0,0.0,8.0,3168.0
CON-20230305-1829,2023-03-05,Ethiopia,SEA,maritime,orchids,flower,31,97,3007,False,0,0.0,,
CON-20240807-6856,2024-08-07,Mexico,JFK,air,seeds,propagative_material,29,83,2407,False,0,0.0,4.0,9628.0
CON-20230517-1007,2023-05-17,Mexico,ORD,maritime,cuttings,propagative_material,41,20,820,False,0,0.0,6.0,4920.0
CON-20230420-1681,2023-04-20,Ecuador,ATL,land,tulips,flower,26,18,468,False,0,0.0,,
CON-20241111-4141,2024-11-11,Israel,SEA,maritime,tissue cultures,propagative_material,47,52,2444,False,0,0.0,7.0,17108.0
CON-20240104-2103,2024-01-04,Kenya,SEA,maritime,bulbs,propagative_material,34,53,1802,False,0,0.0,11.0,19822.0
CON-20230430-9991,2023-04-30,Mexico,DFW,land,chrysanthemums,flower,43,57,2451,False,0,0.0,,
CON-20231204-2403,2023-12-04,Ecuador,JFK,land,seedlings,propagative_material,20,85,1700,False,0,0.0,19.0,32300.0
CON-20231017-2849,2023-10-17,Colombia,LAX,land,tissue cultures,propagative_material,38,87,3306,False,0,0.0,10.0,33060.0
CON-20230328-7500,2023-03-28,Colombia,ATL,air,saplings,propagative_material,33,56,1848,False,0,0.0,19.0,35112.0
CON-20230622-3658,2023-06-22,Kenya,LAX,maritime,tulips,flower,10,10,100,False,0,0.0,,
CON-20231106-5959,2023-11-06,Netherlands,LAX,maritime,bulbs,propagative_material,4,89,356,False,0,0.0,10.0,3560.0
CON-20240617-2214,2024-06-17,Mexico,IAH,land,daffodils,flower,24,89,2136,False,0,0.0,,
CON-20230711-6356,2023-07-11,Costa Rica,MIA,maritime,bulbs,propagative_material,43,59,2537,False,0,0.0,20.0,50740.0
CON-20231007-1416,2023-10-07,Colombia,SEA,maritime,cuttings,propagative_material,13,29,377,False,0,0.0,4.0,1508.0
CON-20240613-9742,2024-06-13,Colombia,ORD,air,carnations,flower,14,23,322,False,0,0.0,,
CON-20230707-5125,2023-07-07,Ecuador,ORD,maritime,roses,flower,47,26,1222,False,0,0.0,,
CON-20240503-6130,2024-05-03,Mexico,MIA,maritime,seedlings,propagative_material,16,30,480,True,3,0.00625,8.0,3840.0
CON-20240703-1485,2024-07-03,Ethiopia,MIA,air,sunflowers,flower,3,67,201,False,0,0.0,,
CON-20230722-5954,2023-07-22,Ethiopia,MIA,land,daffodils,flower,46,60,2760,False,0,0.0,,
CON-20240526-6538,2024-05-26,Netherlands,IAH,land,carnations,flower,5,15,75,False,0,0.0,,
CON-20230223-7068,2023-02-23,Ecuador,ATL,land,bulbs,propagative_material,14,99,1386,False,0,0.0,3.0,4158.0
CON-20231018-6674,2023-10-18,Netherlands,BOS,air,carnations,flower,23,45,1035,False,0,0.0,,
CON-20241113-8117,2024-11-13,Ethiopia,LAX,maritime,tissue cultures,propagative_material,12,72,864,False,0,0.0,8.0,6912.0
CON-20230709-3773,2023-07-09,Costa Rica,DFW,land,tissue cultures,propagative_material,43,23,989,False,0,0.0,17.0,16813.0
CON-20230716-9453,2023-07-16,Kenya,SEA,land,saplings,propagative_material,30,80,2400,False,0,0.0,1.0,2400.0
CON-20230704-9537,2023-07-04,Guatemala,JFK,maritime,cuttings,propagative_material,30,93,2790,False,0,0.0,20.0,55800.0
CON-20230324-6222,2023-03-24,Israel,ORD,air,carnations,flower,44,20,880,False,0,0.0,,
CON-20240423-1054,2024-04-23,Kenya,ATL,land,cuttings,propagative_material,1,70,70,False,0,0.0,16.0,1120.0
CON-20240725-7545,2024-07-25,Guatemala,DFW,air,orchids,flower,43,83,3569,False,0,0.0,,
CON-20240122-1188,2024-01-22,Kenya,DFW,maritime,daffodils,flower,9,19,171,False,0,0.0,,
CON-20240917-3806,2024-09-17,Israel,DFW,air,orchids,flower,48,55,2640,False,0,0.0,,
CON-20231207-6364,2023-12-07,Ecuador,DFW,land,chrysanthemums,flower,13,34,442,False,0,0.0,,
CON-20230409-2630,2023-04-09,Colombia,DFW,maritime,lilies,flower,43,98,4214,False,0,0.0,,
CON-20231113-8026,2023-11-13,Netherlands,SEA,maritime,chrysanthemums,flower,44,39,1716,False,0,0.0,,
CON-20240911-9048,2024-09-11,Kenya,SEA,maritime,saplings,propagative_material,22,13,286,False,0,0.0,8.0,2288.0
CON-20230831-9230,2023-08-31,Guatemala,MIA,air,carnations,flower,27,99,2673,False,0,0.0,,
CON-20230723-9453,2023-07-23,Guatemala,JFK,land,bulbs,propagative_material,41,79,3239,False,0,0.0,3.0,9717.0
CON-20240929-6245,2024-09-29,Guatemala,LAX,land,cuttings,propagative_material,20,96,1920,False,0,0.0,5.0,9600.0
CON-20240327-4562,2024-03-27,Colombia,LAX,air,daffodils,flower,16,73,1168,False,0,0.0,,
CON-20240912-9255,2024-09-12,Colombia,LAX,maritime,bulbs,propagative_material,7,12,84,False,0,0.0,13.0,1092.0
CON-20240318-9725,2024-03-18,Ecuador,ORD,air,orchids,flower,44,13,572,False,0,0.0,,
CON-20230907-1613,2023-09-07,Colombia,IAH,air,orchids,flower,36,57,2052,False,0,0.0,,
CON-20240527-9912,2024-05-27,Netherlands,MIA,air,cuttings,propagative_material,5,100,500,False,0,0.0,3.0,1500.0
CON-20240614-8710,2024-06-14,Guatemala,JFK,air,daffodils,flower,5,64,320,False,0,0.0,,
CON-20241009-8835,2024-10-09,Costa Rica,BOS,land,bulbs,propagative_material,49,18,882,False,0,0.0,1.0,882.0
CON-20231014-4490,2023-10-14,Kenya,MIA,air,seedlings,propagative_material,20,95,1900,False,0,0.0,7.0,13300.0
CON-20230417-1340,2023-04-17,Ethiopia,ATL,air,grafts,propagative_material,24,18,432,False,0,0.0,10.0,4320.0
CON-20230113-7002,2023-01-13,Mexico,JFK,air,chrysanthemums,flower,13,25,325,False,0,0.0,,
CON-20231107-3404,2023-11-07,Israel,BOS,land,seeds,propagative_material,47,70,3290,False,0,0.0,5.0,16450.0
CON-20241210-2257,2024-12-10,Kenya,DFW,maritime,carnations,flower,43,20,860,False,0,0.0,,
CON-20240721-8175,2024-07-21,Costa Rica,IAH,land,sunflowers,flower,32,64,2048,False,0,0.0,,
CON-20240527-4491,2024-05-27,Israel,LAX,air,sunflowers,flower,43,19,817,False,0,0.0,,
CON-20240810-3633,2024-08-10,Costa Rica,LAX,land,tissue cultures,propagative_material,30,92,2760,False,0,0.0,2.0,5520.0
CON-20230819-6227,2023-08-19,Ethiopia,IAH,maritime,cuttings,propagative_material,24,24,576,False,0,0.0,11.0,6336.0
CON-20230328-1501,2023-03-28,Costa Rica,SEA,land,lilies,flower,18,24,432,False,0,0.0,,
CON-20241124-6698,2024-11-24,Guatemala,SEA,maritime,bulbs,propagative_material,41,91,3731,False,0,0.0,16.0,59696.0
CON-20240926-4906,2024-09-26,Israel,IAH,maritime,tissue cultures,propagative_material,7,79,553,False,0,0.0,13.0,7189.0
CON-20231013-8340,2023-10-13,Ecuador,JFK,maritime,lilies,flower,50,40,2000,False,0,0.0,,
CON-20230201-8472,2023-02-01,Colombia,DFW,maritime,lilies,flower,34,50,1700,False,0,0.0,,
CON-20240424-5572,2024-04-24,Netherlands,MIA,air,saplings,propagative_material,23,35,805,False,0,0.0,6.0,4830.0
CON-20241129-5374,2024-11-29,Netherlands,DFW,maritime,tulips,flower,49,38,1862,False,0,0.0,,
CON-20240612-9611,2024-06-12,Ethiopia,JFK,maritime,sunflowers,flower,30,99,2970,False,0,0.0,,
CON-20230519-3291,2023-05-19,Costa Rica,MIA,land,saplings,propagative_material,3,14,42,False,0,0.0,1.0,42.0
CON-20231114-2730,2023-11-14,Ethiopia,JFK,land,chrysanthemums,flower,8,32,256,False,0,0.0,,
CON-20240518-6089,2024-05-18,Guatemala,DFW,land,cuttings,propagative_material,7,12,84,False,0,0.0,18.0,1512.0
CON-20230325-3065,2023-03-25,Mexico,SEA,maritime,orchids,flower,18,29,522,False,0,0.0,,
CON-20230302-1256,2023-03-02,Ethiopia,ATL,maritime,daffodils,flower,31,20,620,False,0,0.0,,
CON-20240422-1770,2024-04-22,Colombia,IAH,maritime,bulbs,propagative_material,16,30,480,False,0,0.0,10.0,4800.0
CON-20240419-9685,2024-04-19,Ethiopia,ORD,air,bulbs,propagative_material,20,58,1160,False,0,0.0,19.0,22040.0
CON-20241126-5272,2024-11-26,Guatemala,ATL,land,saplings,propagative_material,14,91,1274,False,0,0.0,8.0,10192.0
CON-20240328-8653,2024-03-28,Costa Rica,LAX,maritime,cuttings,propagative_material,26,83,2158,False,0,0.0,1.0,2158.0
CON-20230418-5725,2023-04-18,Ethiopia,IAH,air,seeds,propagative_material,6,75,450,False,0,0.0,8.0,3600.0
CON-20230928-3043,2023-09-28,Ecuador,ORD,air,daffodils,flower,24,22,528,False,0,0.0,,
CON-20240831-5443,2024-08-31,Ecuador,BOS,maritime,saplings,propagative_material,31,17,527,False,0,0.0,8.0,4216.0
CON-20230608-6416,2023-06-08,Guatemala,ATL,air,daffodils,flower,44,70,3080,False,0,0.0,,
CON-20231119-2196,2023-11-19,Kenya,SEA,air,seedlings,propagative_material,43,29,1247,False,0,0.0,11.0,13717.0
CON-20230310-7212,2023-03-10,Ethiopia,LAX,land,tissue cultures,propagative_material,2,91,182,False,0,0.0,1.0,182.0
CON-20240216-3892,2024-02-16,Guatemala,LAX,air,seeds,propagative_material,3,56,168,False,0,0.0,3.0,504.0
CON-20241024-6988,2024-10-24,Ethiopia,ATL,air,sunflowers,flower,42,41,1722,False,0,0.0,,
CON-20241116-7706,2024-11-16,Kenya,IAH,maritime,cuttings,propagative_material,50,64,3200,False,0,0.0,4.0,12800.0
CON-20230526-6397,2023-05-26,Israel,ATL,maritime,chrysanthemums,flower,35,45,1575,False,0,0.0,,
CON-20231121-7041,2023-11-21,Israel,ORD,maritime,grafts,propagative_material,34,26,884,False,0,0.0,2.0,1768.0
CON-20240918-6690,2024-09-18,Costa Rica,LAX,maritime,roses,flower,12,34,408,False,0,0.0,,
CON-20230824-6460,2023-08-24,Costa Rica,DFW,land,roses,flower,45,36,1620,False,0,0.0,,
CON-20230131-9144,2023-01-31,Ecuador,IAH,land,roses,flower,32,50,1600,False,0,0.0,,
CON-20241203-5828,2024-12-03,Costa Rica,LAX,land,lilies,flower,24,43,1032,False,0,0.0,,
CON-20231015-5480,2023-10-15,Ecuador,DFW,air,sunflowers,flower,32,71,2272,False,0,0.0,,
CON-20230909-1799,2023-09-09,Mexico,ATL,land,cuttings,propagative_material,28,46,1288,False,0,0.0,14.0,18032.0
CON-20240628-8495,2024-06-28,Netherlands,SEA,land,grafts,propagative_material,20,79,1580,False,0,0.0,12.0,18960.0
CON-20240418-5755,2024-04-18,Israel,ORD,maritime,saplings,propagative_material,36,55,1980,False,0,0.0,13.0,25740.0
CON-20230505-6905,2023-05-05,Netherlands,LAX,air,saplings,propagative_material,17,13,221,False,0,0.0,9.0,1989.0
CON-20240321-4646,2024-03-21,Israel,ORD,land,seeds,propagative_material,49,65,3185,False,0,0.0,5.0,15925.0
CON-20240326-2706,2024-03-26,Ethiopia,BOS,air,grafts,propagative_material,9,56,504,False,0,0.0,16.0,8064.0
CON-20241203-4786,2024-12-03,Ethiopia,ORD,air,roses,flower,14,26,364,False,0,0.0,,
CON-20241011-6857,2024-10-11,Ethiopia,ORD,land,orchids,flower,10,68,680,False,0,0.0,,
CON-20230403-6507,2023-04-03,Ecuador,ORD,maritime,orchids,flower,37,63,2331,False,0,0.0,,
CON-20240930-3839,2024-09-30,Ethiopia,DFW,land,sunflowers,flower,47,74,3478,False,0,0.0,,
CON-20230422-8199,2023-04-22,Guatemala,ORD,land,orchids,flower,44,94,4136,False,0,0.0,,
CON-20230516-4418,2023-05-16,Colombia,IAH,air,seedlings,propagative_material,18,13,234,False,0,0.0,13.0,3042.0
CON-20230415-5534,2023-04-15,Ecuador,BOS,maritime,daffodils,flower,18,100,1800,False,0,0.0,,
CON-20240203-7189,2024-02-03,Netherlands,ATL,land,tulips,flower,7,20,140,False,0,0.0,,
CON-20230506-3150,2023-05-06,Kenya,IAH,air,cuttings,propagative_material,1,27,27,False,0,0.0,18.0,486.0
CON-20241027-9616,2024-10-27,Ecuador,JFK,maritime,tulips,flower,38,55,2090,False,0,0.0,,
CON-20240517-6215,2024-05-17,Ecuador,BOS,maritime,orchids,flower,12,36,432,False,0,0.0,,
CON-20241016-9520,2024-10-16,Ethiopia,ORD,air,lilies,flower,47,27,1269,False,0,0.0,,
CON-20240815-3260,2024-08-15,Kenya,SEA,land,seeds,propagative_material,23,25,575,False,0,0.0,13.0,7475.0
CON-20230619-9551,2023-06-19,Netherlands,BOS,maritime,cuttings,propagative_material,13,90,1170,False,0,0.0,13.0,15210.0
CON-20240523-1431,2024-05-23,Mexico,DFW,air,cuttings,propagative_material,23,70,1610,False,0,0.0,12.0,19320.0
CON-20240804-6920,2024-08-04,Ecuador,JFK,land,seeds,propagative_material,36,68,2448,False,0,0.0,2.0,4896.0
CON-20240423-4158,2024-04-23,Guatemala,ORD,air,lilies,flower,7,26,182,False,0,0.0,,
CON-20231115-8436,2023-11-15,Ethiopia,LAX,land,roses,flower,50,30,1500,False,0,0.0,,
CON-20230602-3469,2023-06-02,Israel,JFK,land,roses,flower,1,87,87,False,0,0.0,,
CON-20241101-5575,2024-11-01,Ecuador,JFK,land,chrysanthemums,flower,11,25,275,False,0,0.0,,
CON-20240902-4435,2024-09-02,Israel,MIA,air,daffodils,flower,50,14,700,False,0,0.0,,
CON-20240930-1484,2024-09-30,Colombia,DFW,land,tulips,flower,8,68,544,False,0,0.0,,
CON-20230115-5636,2023-01-15,Kenya,MIA,air,saplings,propagative_material,28,10,280,False,0,0.0,3.0,840.0
CON-20230623-9408,2023-06-23,Guatemala,DFW,air,chrysanthemums,flower,15,13,195,False,0,0.0,,
CON-20241027-6539,2024-10-27,Costa Rica,SEA,maritime,sunflowers,flower,21,53,1113,False,0,0.0,,
CON-20230410-8171,2023-04-10,Netherlands,DFW,land,tulips,flower,3,47,141,False,0,0.0,,
CON-20240227-8032,2024-02-27,Ecuador,ORD,maritime,daffodils,flower,9,67,603,False,0,0.0,,
CON-20230508-4702,2023-05-08,Israel,LAX,land,carnations,flower,3,49,147,False,0,0.0,,
CON-20231128-3395,2023-11-28,Costa Rica,ATL,land,seedlings,propagative_material,45,43,1935,False,0,0.0,4.0,7740.0
CON-20241109-5694,2024-11-09,Guatemala,SEA,maritime,cuttings,propagative_material,39,35,1365,False,0,0.0,4.0,5460.0
CON-20230920-7872,2023-09-20,Mexico,SEA,maritime,grafts,propagative_material,36,96,3456,False,0,0.0,19.0,65664.0
CON-20231119-2409,2023-11-19,Costa Rica,DFW,land,orchids,flower,40,19,760,False,0,0.0,,
CON-20240323-9257,2024-03-23,Netherlands,SEA,land,carnations,flower,28,47,1316,False,0,0.0,,
CON-20240815-2187,2024-08-15,Guatemala,ORD,land,tulips,flower,14,68,952,False,0,0.0,,
CON-20230806-9544,2023-08-06,Ecuador,ATL,land,grafts,propagative_material,48,44,2112,False,0,0.0,5.0,10560.0
CON-20240713-8904,2024-07-13,Ethiopia,ORD,maritime,cuttings,propagative_material,29,10,290,False,0,0.0,19.0,5510.0
CON-20230311-8079,2023-03-11,Kenya,SEA,maritime,tulips,flower,26,84,2184,False,0,0.0,,
CON-20241115-2930,2024-11-15,Ecuador,JFK,air,grafts,propagative_material,14,53,742,False,0,0.0,5.0,3710.0
CON-20230709-6593,2023-07-09,Israel,SEA,maritime,bulbs,propagative_material,16,10,160,False,0,0.0,15.0,2400.0
CON-20230428-6577,2023-04-28,Costa Rica,DFW,land,lilies,flower,10,100,1000,False,0,0.0,,
CON-20230108-4487,2023-01-08,Mexico,SEA,air,saplings,propagative_material,22,72,1584,False,0,0.0,14.0,22176.0
CON-20230727-4097,2023-07-27,Netherlands,ORD,air,chrysanthemums,flower,16,91,1456,False,0,0.0,,
CON-20240320-1452,2024-03-20,Ecuador,IAH,maritime,sunflowers,flower,47,66,3102,False,0,0.0,,
CON-20230215-5554,2023-02-15,Guatemala,JFK,maritime,grafts,propagative_material,18,58,1044,False,0,0.0,8.0,8352.0
CON-20230222-6060,2023-02-22,Kenya,BOS,air,chrysanthemums,flower,47,94,4418,False,0,0.0,,
CON-20240727-7251,2024-07-27,Ethiopia,ORD,maritime,chrysanthemums,flower,43,91,3913,False,0,0.0,,
CON-20240414-9024,2024-04-14,Kenya,IAH,land,carnations,flower,6,55,330,False,0,0.0,,
CON-20231129-9577,2023-11-29,Ethiopia,JFK,land,tulips,flower,33,65,2145,False,0,0.0,,
CON-20240526-6923,2024-05-26,Ecuador,ATL,land,chrysanthemums,flower,18,31,558,False,0,0.0,,
CON-20230422-3818,2023-04-22,Kenya,LAX,maritime,carnations,flower,27,36,972,False,0,0.0,,
CON-20230729-3608,2023-07-29,Colombia,MIA,air,tissue cultures,propagative_material,38,77,2926,False,0,0.0,4.0,11704.0
CON-20240417-5742,2024-04-17,Israel,JFK,air,bulbs,propagative_material,9,94,846,False,0,0.0,9.0,7614.0
CON-20240305-5356,2024-03-05,Costa Rica,ATL,maritime,sunflowers,flower,5,56,280,False,0,0.0,,
CON-20241213-9979,2024-12-13,Colombia,BOS,land,daffodils,flower,1,47,47,False,0,0.0,,
CON-20240216-8374,2024-02-16,Kenya,LAX,air,tulips,flower,29,93,2697,False,0,0.0,,
CON-20240319-1767,2024-03-19,Mexico,DFW,maritime,daffodils,flower,17,71,1207,False,0,0.0,,
CON-20230109-6253,2023-01-09,Costa Rica,DFW,air,carnations,flower,38,65,2470,False,0,0.0,,
CON-20240108-9111,2024-01-08,Ecuador,LAX,maritime,cuttings,propagative_material,37,89,3293,False,0,0.0,17.0,55981.0
CON-20240514-3322,2024-05-14,Ecuador,IAH,land,grafts,propagative_material,24,48,1152,False,0,0.0,6.0,6912.0
CON-20241204-9785,2024-12-04,Netherlands,SEA,air,roses,flower,27,87,2349,False,0,0.0,,
CON-20240622-8847,2024-06-22,Guatemala,ORD,land,orchids,flower,3,17,51,False,0,0.0,,
CON-20240318-2437,2024-03-18,Ecuador,ATL,maritime,tissue cultures,propagative_material,3,41,123,False,0,0.0,9.0,1107.0
CON-20230402-2294,2023-04-02,Kenya,JFK,air,tissue cultures,propagative_material,16,40,640,False,0,0.0,4.0,2560.0
CON-20241115-6298,2024-11-15,Colombia,IAH,maritime,grafts,propagative_material,23,42,966,False,0,0.0,11.0,10626.0
CON-20240116-7433,2024-01-16,Costa Rica,BOS,maritime,seedlings,propagative_material,19,55,1045,False,0,0.0,4.0,4180.0
CON-20230717-9573,2023-07-17,Israel,LAX,maritime,sunflowers,flower,17,54,918,False,0,0.0,,
CON-20240408-2458,2024-04-08,Kenya,DFW,air,seedlings,propagative_material,33,68,2244,False,0,0.0,8.0,17952.0
CON-20240310-9890,2024-03-10,Israel,DFW,maritime,lilies,flower,43,36,1548,False,0,0.0,,
CON-20241111-3307,2024-11-11,Israel,IAH,maritime,chrysanthemums,flower,30,93,2790,False,0,0.0,,
CON-20241210-8080,2024-12-10,Israel,SEA,air,tissue cultures,propagative_material,40,84,3360,False,0,0.0,5.0,16800.0
CON-20231110-7444,2023-11-10,Ethiopia,SEA,land,daffodils,flower,46,31,1426,False,0,0.0,,
CON-20240317-8112,2024-03-17,Costa Rica,ATL,air,chrysanthemums,flower,32,85,2720,False,0,0.0,,
CON-20230105-1952,2023-01-05,Guatemala,JFK,air,seedlings,propagative_material,32,19,608,False,0,0.0,20.0,12160.0
CON-20230712-6985,2023-07-12,Israel,MIA,air,carnations,flower,7,26,182,False,0,0.0,,
CON-20231008-5434,2023-10-08,Colombia,JFK,land,daffodils,flower,11,49,539,False,0,0.0,,
CON-20230206-4863,2023-02-06,Mexico,MIA,air,grafts,propagative_material,22,64,1408,False,0,0.0,20.0,28160.0
CON-20240618-6292,2024-06-18,Kenya,DFW,air,cuttings,propagative_material,13,26,338,False,0,0.0,8.0,2704.0
CON-20230115-9635,2023-01-15,Costa Rica,LAX,maritime,seeds,propagative_material,42,73,3066,False,0,0.0,10.0,30660.0
CON-20230304-6677,2023-03-04,Colombia,ATL,air,cuttings,propagative_material,34,48,1632,False,0,0.0,2.0,3264.0
CON-20230115-8628,2023-01-15,Guatemala,ATL,maritime,seedlings,propagative_material,16,33,528,False,0,0.0,1.0,528.0
CON-20230105-1197,2023-01-05,Ecuador,ATL,maritime,lilies,flower,6,13,78,False,0,0.0,,
CON-20241116-4957,2024-11-16,Guatemala,BOS,air,bulbs,propagative_material,44,52,2288,False,0,0.0,5.0,11440.0
CON-20241020-8222,2024-10-20,Guatemala,BOS,land,grafts,propagative_material,28,55,1540,False,0,0.0,13.0,20020.0
CON-20240330-2748,2024-03-30,Colombia,BOS,air,sunflowers,flower,15,53,795,False,0,0.0,,
CON-20230704-5047,2023-07-04,Ethiopia,BOS,air,daffodils,flower,28,23,644,False,0,0.0,,
CON-20230930-2130,2023-09-30,Kenya,MIA,land,grafts,propagative_material,46,16,736,False,0,0.0,12.0,8832.0
CON-20230918-3582,2023-09-18,Netherlands,LAX,air,seedlings,propagative_material,16,82,1312,False,0,0.0,16.0,20992.0
CON-20230705-2144,2023-07-05,Costa Rica,DFW,land,sunflowers,flower,31,34,1054,False,0,0.0,,
CON-20240405-8235,2024-04-05,Ecuador,JFK,air,seedlings,propagative_material,39,24,936,False,0,0.0,12.0,11232.0
CON-20240418-2467,2024-04-18,Kenya,DFW,maritime,cuttings,propagative_material,12,20,240,False,0,0.0,14.0,3360.0
CON-20241224-5523,2024-12-24,Ecuador,MIA,air,tulips,flower,39,21,819,False,0,0.0,,
CON-20230915-3627,2023-09-15,Ethiopia,ORD,maritime,grafts,propagative_material,18,47,846,False,0,0.0,19.0,16074.0
CON-20230531-8592,2023-05-31,Mexico,LAX,maritime,seedlings,propagative_material,49,100,4900,True,1,0.00020408163265306123,5.0,24500.0
CON-20240527-9311,2024-05-27,Ecuador,BOS,maritime,cuttings,propagative_material,11,69,759,False,0,0.0,15.0,11385.0
CON-20240508-7097,2024-05-08,Costa Rica,DFW,land,seeds,propagative_material,39,37,1443,False,0,0.0,7.0,10101.0
CON-20240825-3302,2024-08-25,Netherlands,JFK,air,seeds,propagative_material,43,64,2752,False,0,0.0,11.0,30272.0
CON-20240502-7769,2024-05-02,Costa Rica,SEA,land,tulips,flower,19,61,1159,False,0,0.0,,
CON-20240720-5492,2024-07-20,Colombia,BOS,air,sunflowers,flower,42,13,546,False,0,0.0,,
CON-20230708-7768,2023-07-08,Mexico,ORD,air,daffodils,flower,23,93,2139,False,0,0.0,,
CON-20231209-8627,2023-12-09,Costa Rica,ATL,air,daffodils,flower,48,35,1680,False,0,0.0,,
CON-20231118-9187,2023-11-18,Israel,BOS,air,saplings,propagative_material,33,56,1848,False,0,0.0,13.0,24024.0
CON-20240802-4586,2024-08-02,Mexico,DFW,land,daffodils,flower,21,62,1302,True,4,0.0030721966205837174,,
CON-20230706-2446,2023-07-06,Guatemala,DFW,air,orchids,flower,34,42,1428,False,0,0.0,,
CON-20230511-8863,2023-05-11,Netherlands,MIA,air,chrysanthemums,flower,47,43,2021,False,0,0.0,,
CON-20241018-5473,2024-10-18,Israel,ORD,maritime,bulbs,propagative_material,32,60,1920,False,0,0.0,3.0,5760.0
CON-20231111-1757,2023-11-11,Ethiopia,MIA,maritime,seeds,propagative_material,12,89,1068,False,0,0.0,18.0,19224.0
CON-20230608-4281,2023-06-08,Colombia,ORD,maritime,tissue cultures,propagative_material,36,28,1008,False,0,0.0,12.0,12096.0
CON-20230714-2424,2023-07-14,Ecuador,ATL,land,bulbs,propagative_material,39,91,3549,False,0,0.0,10.0,35490.0
CON-20230924-6380,2023-09-24,Mexico,MIA,land,grafts,propagative_material,28,96,2688,False,0,0.0,7.0,18816.0
CON-20240705-7600,2024-07-05,Netherlands,IAH,maritime,seedlings,propagative_material,43,47,2021,False,0,0.0,15.0,30315.0
CON-20240601-7424,2024-06-01,Netherlands,JFK,maritime,cuttings,propagative_material,20,61,1220,False,0,0.0,13.0,15860.0
CON-20240317-9487,2024-03-17,Ethiopia,IAH,air,seedlings,propagative_material,37,91,3367,False,0,0.0,14.0,47138.0
CON-20231231-6475,2023-12-31,Costa Rica,MIA,land,tissue cultures,propagative_material,21,52,1092,False,0,0.0,14.0,15288.0
CON-20240122-3602,2024-01-22,Ecuador,BOS,air,carnations,flower,14,28,392,False,0,0.0,,
CON-20231108-5431,2023-11-08,Guatemala,ORD,land,carnations,flower,31,17,527,False,0,0.0,,
CON-20241119-8052,2024-11-19,Guatemala,MIA,air,cuttings,propagative_material,41,42,1722,False,0,0.0,14.0,24108.0
CON-20231228-1789,2023-12-28,Mexico,LAX,air,cuttings,propagative_material,39,59,2301,False,0,0.0,13.0,29913.0
CON-20240529-5105,2024-05-29,Costa Rica,SEA,air,sunflowers,flower,40,31,1240,False,0,0.0,,
CON-20241127-6308,2024-11-27,Ethiopia,JFK,air,chrysanthemums,flower,34,64,2176,False,0,0.0,,
CON-20241114-4733,2024-11-14,Mexico,LAX,air,orchids,flower,4,81,324,False,0,0.0,,
CON-20230911-5388,2023-09-11,Kenya,LAX,land,seeds,propagative_material,26,84,2184,False,0,0.0,16.0,34944.0
CON-20241022-5058,2024-10-22,Mexico,LAX,air,grafts,propagative_material,32,87,2784,False,0,0.0,20.0,55680.0
CON-20241120-2569,2024-11-20,Costa Rica,JFK,air,bulbs,propagative_material,2,19,38,False,0,0.0,17.0,646.0
CON-20230107-4543,2023-01-07,Israel,MIA,air,bulbs,propagative_material,38,22,836,False,0,0.0,3.0,2508.0
CON-20241014-3907,2024-10-14,Kenya,ORD,maritime,seedlings,propagative_material,5,47,235,False,0,0.0,3.0,705.0
CON-20230707-8928,2023-07-07,Ecuador,BOS,air,seeds,propagative_material,36,86,3096,False,0,0.0,6.0,18576.0
CON-20240929-8479,2024-09-29,Netherlands,LAX,air,roses,flower,16,22,352,False,0,0.0,,
CON-20240812-2297,2024-08-12,Guatemala,DFW,maritime,seeds,propagative_material,45,10,450,False,0,0.0,15.0,6750.0
CON-20230628-4583,2023-06-28,Mexico,DFW,air,orchids,flower,34,40,1360,False,0,0.0,,
CON-20240117-2888,2024-01-17,Costa Rica,BOS,air,cuttings,propagative_material,19,73,1387,False,0,0.0,4.0,5548.0
CON-20241207-4053,2024-12-07,Guatemala,JFK,land,roses,flower,9,71,639,False,0,0.0,,
CON-20230217-4311,2023-02-17,Netherlands,ATL,air,seedlings,propagative_material,47,76,3572,True,9,0.0025195968645016797,10.0,35720.0
CON-20230621-4517,2023-06-21,Colombia,MIA,air,grafts,propagative_material,43,97,4171,True,6,0.0014385039558858787,6.0,25026.0
CON-20230828-8387,2023-08-28,Ethiopia,LAX,land,seedlings,propagative_material,48,54,2592,False,0,0.0,13.0,33696.0
CON-20241102-8154,2024-11-02,Ecuador,DFW,air,bulbs,propagative_material,6,38,228,False,0,0.0,15.0,3420.0
CON-20240625-2663,2024-06-25,Israel,ATL,air,bulbs,propagative_material,25,73,1825,False,0,0.0,3.0,5475.0
CON-20230424-9798,2023-04-24,Mexico,BOS,land,saplings,propagative_material,28,69,1932,False,0,0.0,14.0,27048.0
CON-20231124-5203,2023-11-24,Ecuador,JFK,air,cuttings,propagative_material,13,74,962,False,0,0.0,6.0,5772.0
CON-20230117-2370,2023-01-17,Mexico,BOS,air,bulbs,propagative_material,3,88,264,False,0,0.0,16.0,4224.0
CON-20230124-9550,2023-01-24,Israel,ORD,land,roses,flower,24,35,840,False,0,0.0,,
CON-20241111-1043,2024-11-11,Ethiopia,LAX,air,roses,flower,29,51,1479,False,0,0.0,,
CON-20231124-8316,2023-11-24,Costa Rica,ATL,land,tissue cultures,propagative_material,19,62,1178,False,0,0.0,2.0,2356.0
CON-20230914-1113,2023-09-14,Kenya,BOS,land,sunflowers,flower,40,72,2880,False,0,0.0,,
CON-20241028-1660,2024-10-28,Costa Rica,ORD,air,daffodils,flower,18,94,1692,False,0,0.0,,
CON-20231126-8239,2023-11-26,Israel,IAH,air,roses,flower,6,73,438,False,0,0.0,,
CON-20240901-1422,2024-09-01,Ecuador,BOS,land,lilies,flower,47,27,1269,False,0,0.0,,
CON-20230514-2035,2023-05-14,Colombia,IAH,air,cuttings,propagative_material,7,21,147,False,0,0.0,7.0,1029.0
CON-20230720-6961,2023-07-20,Ethiopia,JFK,maritime,roses,flower,5,89,445,False,0,0.0,,
CON-20230212-5475,2023-02-12,Netherlands,MIA,maritime,tulips,flower,5,18,90,False,0,0.0,,
CON-20230401-6761,2023-04-01,Guatemala,LAX,land,roses,flower,43,60,2580,False,0,0.0,,
CON-20240723-5171,2024-07-23,Guatemala,SEA,land,lilies,flower,41,94,3854,False,0,0.0,,
CON-20241107-2314,2024-11-07,Netherlands,BOS,land,cuttings,propagative_material,41,48,1968,False,0,0.0,8.0,15744.0
CON-20240814-6493,2024-08-14,Costa Rica,IAH,air,seeds,propagative_material,7,45,315,False,0,0.0,14.0,4410.0
CON-20240325-7538,2024-03-25,Guatemala,SEA,maritime,chrysanthemums,flower,38,53,2014,False,0,0.0,,
CON-20230209-6424,2023-02-09,Netherlands,LAX,maritime,saplings,propagative_material,7,67,469,False,0,0.0,3.0,1407.0
CON-20230513-4768,2023-05-13,Guatemala,BOS,air,seedlings,propagative_material,14,81,1134,True,6,0.005291005291005291,10.0,11340.0
CON-20240326-1971,2024-03-26,Guatemala,IAH,air,carnations,flower,21,34,714,False,0,0.0,,
CON-20231002-3861,2023-10-02,Israel,MIA,land,lilies,flower,24,100,2400,False,0,0.0,,
CON-20240914-1260,2024-09-14,Guatemala,MIA,land,bulbs,propagative_material,41,53,2173,False,0,0.0,6.0,13038.0
CON-20230906-6051,2023-09-06,Ethiopia,JFK,land,daffodils,flower,13,87,1131,False,0,0.0,,
CON-20231020-4809,2023-10-20,Mexico,ATL,land,carnations,flower,44,68,2992,False,0,0.0,,
CON-20231222-7820,2023-12-22,Israel,SEA,land,seedlings,propagative_material,16,87,1392,False,0,0.0,15.0,20880.0
CON-20240429-1048,2024-04-29,Mexico,MIA,air,cuttings,propagative_material,15,40,600,False,0,0.0,13.0,7800.0
CON-20240225-2911,2024-02-25,Ecuador,JFK,air,lilies,flower,16,44,704,False,0,0.0,,
CON-20240119-3900,2024-01-19,Ethiopia,MIA,air,lilies,flower,17,98,1666,False,0,0.0,,
CON-20230625-1526,2023-06-25,Mexico,ORD,maritime,carnations,flower,14,34,476,False,0,0.0,,
CON-20240108-4332,2024-01-08,Ethiopia,ATL,maritime,chrysanthemums,flower,48,93,4464,False,0,0.0,,
CON-20230328-5341,2023-03-28,Ethiopia,ATL,air,seeds,propagative_material,30,53,1590,False,0,0.0,10.0,15900.0
CON-20231023-5903,2023-10-23,Israel,BOS,land,saplings,propagative_material,6,90,540,False,0,0.0,6.0,3240.0
CON-20240601-3015,2024-06-01,Ethiopia,SEA,air,cuttings,propagative_material,5,30,150,False,0,0.0,14.0,2100.0
CON-20240917-9210,2024-09-17,Ethiopia,BOS,land,cuttings,propagative_material,43,59,2537,False,0,0.0,15.0,38055.0
CON-20230729-9123,2023-07-29,Ecuador,ATL,maritime,lilies,flower,42,89,3738,False,0,0.0,,
CON-20230903-5277,2023-09-03,Israel,LAX,maritime,seeds,propagative_material,30,50,1500,False,0,0.0,12.0,18000.0
CON-20231012-8627,2023-10-12,Colombia,IAH,air,carnations,flower,44,40,1760,False,0,0.0,,
CON-20231129-5112,2023-11-29,Costa Rica,MIA,maritime,seeds,propagative_material,2,74,148,False,0,0.0,13.0,1924.0
CON-20240504-2163,2024-05-04,Ethiopia,ORD,land,carnations,flower,20,36,720,False,0,0.0,,
CON-20240311-7770,2024-03-11,Ethiopia,SEA,air,daffodils,flower,8,13,104,False,0,0.0,,
CON-20240913-9045,2024-09-13,Kenya,BOS,maritime,saplings,propagative_material,10,18,180,False,0,0.0,20.0,3600.0
CON-20230110-6734,2023-01-10,Netherlands,SEA,maritime,chrysanthemums,flower,50,44,2200,False,0,0.0,,
CON-20230618-1722,2023-06-18,Netherlands,LAX,air,roses,flower,9,34,306,False,0,0.0,,
CON-20230711-9379,2023-07-11,Netherlands,ATL,air,carnations,flower,36,89,3204,False,0,0.0,,
CON-20230626-9978,2023-06-26,Kenya,MIA,air,tissue cultures,propagative_material,26,20,520,False,0,0.0,10.0,5200.0
CON-20240418-8416,2024-04-18,Ecuador,DFW,air,daffodils,flower,40,87,3480,False,0,0.0,,
CON-20230203-5418,2023-02-03,Costa Rica,ATL,air,seedlings,propagative_material,5,46,230,False,0,0.0,5.0,1150.0
CON-20241019-9736,2024-10-19,Ethiopia,SEA,air,lilies,flower,32,31,992,False,0,0.0,,
CON-20231229-6276,2023-12-29,Mexico,LAX,land,carnations,flower,34,100,3400,False,0,0.0,,
CON-20241106-9254,2024-11-06,Ethiopia,BOS,maritime,daffodils,flower,14,72,1008,False,0,0.0,,
CON-20231215-9759,2023-12-15,Ecuador,ORD,air,sunflowers,flower,31,83,2573,False,0,0.0,,
CON-20240320-7045,2024-03-20,Kenya,SEA,maritime,grafts,propagative_material,20,90,1800,False,0,0.0,19.0,34200.0
CON-20241119-4766,2024-11-19,Kenya,ATL,land,cuttings,propagative_material,1,45,45,False,0,0.0,19.0,855.0
CON-20240320-7714,2024-03-20,Netherlands,ORD,maritime,saplings,propagative_material,9,77,693,False,0,0.0,20.0,13860.0
CON-20230116-7435,2023-01-16,Mexico,SEA,land,lilies,flower,23,49,1127,False,0,0.0,,
CON-20230325-3122,2023-03-25,Netherlands,BOS,maritime,seeds,propagative_material,4,21,84,False,0,0.0,13.0,1092.0
CON-20231115-3140,2023-11-15,Ecuador,MIA,maritime,chrysanthemums,flower,34,12,408,False,0,0.0,,
CON-20231028-6269,2023-10-28,Ethiopia,DFW,land,tissue cultures,propagative_material,23,87,2001,False,0,0.0,13.0,26013.0
CON-20230611-6420,2023-06-11,Israel,ORD,maritime,lilies,flower,31,68,2108,False,0,0.0,,
CON-20240303-5128,2024-03-03,Netherlands,BOS,land,tulips,flower,30,38,1140,False,0,0.0,,
CON-20230608-5758,2023-06-08,Costa Rica,DFW,land,chrysanthemums,flower,11,31,341,False,0,0.0,,
CON-20241017-3783,2024-10-17,Mexico,BOS,land,seeds,propagative_material,43,72,3096,False,0,0.0,6.0,18576.0
CON-20231008-7511,2023-10-08,Guatemala,MIA,land,tulips,flower,11,36,396,False,0,0.0,,
CON-20240821-6561,2024-08-21,Guatemala,ATL,land,bulbs,propagative_material,4,38,152,False,0,0.0,9.0,1368.0
CON-20230302-3111,2023-03-02,Netherlands,BOS,air,chrysanthemums,flower,22,83,1826,False,0,0.0,,
CON-20240731-9902,2024-07-31,Ethiopia,MIA,maritime,sunflowers,flower,21,38,798,False,0,0.0,,
CON-20230726-5658,2023-07-26,Israel,LAX,land,daffodils,flower,46,41,1886,False,0,0.0,,
CON-20230514-6802,2023-05-14,Mexico,LAX,maritime,carnations,flower,2,44,88,False,0,0.0,,
CON-20230909-9162,2023-09-09,Ecuador,JFK,maritime,cuttings,propagative_material,27,19,513,False,0,0.0,17.0,8721.0
CON-20230528-4089,2023-05-28,Guatemala,ORD,maritime,seedlings,propagative_material,25,54,1350,False,0,0.0,7.0,9450.0
CON-20230415-5017,2023-04-15,Costa Rica,JFK,maritime,grafts,propagative_material,6,59,354,False,0,0.0,7.0,2478.0
CON-20240118-5092,2024-01-18,Kenya,JFK,land,orchids,flower,6,77,462,False,0,0.0,,
CON-20241111-4263,2024-11-11,Mexico,SEA,air,seedlings,propagative_material,2,90,180,False,0,0.0,3.0,540.0
CON-20240707-1514,2024-07-07,Kenya,BOS,land,seedlings,propagative_material,11,97,1067,False,0,0.0,19.0,20273.0
CON-20240228-7816,2024-02-28,Kenya,SEA,maritime,sunflowers,flower,30,68,2040,False,0,0.0,,
CON-20231115-1953,2023-11-15,Israel,BOS,maritime,tulips,flower,20,52,1040,False,0,0.0,,
CON-20230424-2819,2023-04-24,Kenya,ATL,land,orchids,flower,13,55,715,False,0,0.0,,
CON-20240126-1807,2024-01-26,Colombia,JFK,air,tissue cultures,propagative_material,21,57,1197,False,0,0.0,18.0,21546.0
CON-20230913-2144,2023-09-13,Ecuador,ORD,land,seedlings,propagative_material,6,36,216,False,0,0.0,10.0,2160.0
CON-20230130-8080,2023-01-30,Costa Rica,DFW,maritime,roses,flower,10,58,580,False,0,0.0,,
CON-20240130-3020,2024-01-30,Ecuador,SEA,air,orchids,flower,46,23,1058,False,0,0.0,,
CON-20240503-5008,2024-05-03,Ethiopia,ATL,land,carnations,flower,7,63,441,False,0,0.0,,
CON-20241214-1879,2024-12-14,Ethiopia,MIA,maritime,lilies,flower,4,32,128,False,0,0.0,,
CON-20230622-6918,2023-06-22,Mexico,DFW,maritime,carnations,flower,43,14,602,False,0,0.0,,
CON-20240418-5333,2024-04-18,Costa Rica,ORD,maritime,bulbs,propagative_material,24,79,1896,False,0,0.0,17.0,32232.0
CON-20241116-6469,2024-11-16,Costa Rica,LAX,land,tulips,flower,6,59,354,False,0,0.0,,
CON-20240208-3365,2024-02-08,Colombia,ATL,maritime,orchids,flower,28,42,1176,False,0,0.0,,
CON-20230922-9623,2023-09-22,Kenya,JFK,air,cuttings,propagative_material,11,48,528,False,0,0.0,13.0,6864.0
CON-20231205-8699,2023-12-05,Guatemala,IAH,maritime,sunflowers,flower,1,18,18,False,0,0.0,,
CON-20230508-4743,2023-05-08,Guatemala,DFW,air,daffodils,flower,29,15,435,False,0,0.0,,
CON-20241019-1456,2024-10-19,Mexico,BOS,air,roses,flower,48,26,1248,False,0,0.0,,
CON-20230320-9114,2023-03-20,Netherlands,ATL,land,sunflowers,flower,46,14,644,False,0,0.0,,
CON-20240309-4630,2024-03-09,Kenya,ATL,land,seedlings,propagative_material,16,23,368,False,0,0.0,10.0,3680.0
CON-20240924-5394,2024-09-24,Netherlands,BOS,land,saplings,propagative_material,44,21,924,False,0,0.0,12.0,11088.0
CON-20240514-4296,2024-05-14,Guatemala,DFW,air,orchids,flower,42,32,1344,False,0,0.0,,
CON-20240516-7410,2024-05-16,Ecuador,IAH,maritime,chrysanthemums,flower,23,97,2231,False,0,0.0,,
CON-20231222-7813,2023-12-22,Costa Rica,IAH,air,sunflowers,flower,8,98,784,False,0,0.0,,
CON-20240229-4915,2024-02-29,Mexico,LAX,maritime,roses,flower,37,40,1480,False,0,0.0,,
CON-20241016-7771,2024-10-16,Mexico,ATL,maritime,cuttings,propagative_material,37,57,2109,False,0,0.0,4.0,8436.0
CON-20240824-7085,2024-08-24,Colombia,ORD,air,daffodils,flower,13,33,429,False,0,0.0,,
CON-20240118-3380,2024-01-18,Colombia,IAH,air,daffodils,flower,5,85,425,False,0,0.0,,
CON-20231116-9314,2023-11-16,Mexico,BOS,land,sunflowers,flower,36,48,1728,False,0,0.0,,
CON-20240808-1834,2024-08-08,Mexico,ORD,air,lilies,flower,4,54,216,False,0,0.0,,
CON-20240807-2287,2024-08-07,Ethiopia,ORD,maritime,bulbs,propagative_material,49,54,2646,False,0,0.0,14.0,37044.0
CON-20230105-1163,2023-01-05,Ethiopia,MIA,air,bulbs,propagative_material,31,46,1426,False,0,0.0,4.0,5704.0
CON-20230421-1278,2023-04-21,Guatemala,SEA,air,tissue cultures,propagative_material,33,64,2112,False,0,0.0,17.0,35904.0
CON-20240202-7770,2024-02-02,Israel,DFW,air,grafts,propagative_material,10,32,320,False,0,0.0,7.0,2240.0
CON-20230731-5740,2023-07-31,Israel,SEA,maritime,sunflowers,flower,30,57,1710,False,0,0.0,,
CON-20230308-1578,2023-03-08,Ecuador,IAH,maritime,saplings,propagative_material,20,11,220,False,0,0.0,7.0,1540.0
CON-20230119-3852,2023-01-19,Ecuador,BOS,air,saplings,propagative_material,9,49,441,False,0,0.0,15.0,6615.0
CON-20231129-7769,2023-11-29,Ethiopia,SEA,air,seedlings,propagative_material,47,39,1833,False,0,0.0,3.0,5499.0
CON-20241208-6398,2024-12-08,Colombia,IAH,land,seeds,propagative_material,16,79,1264,True,7,0.005537974683544304,17.0,21488.0
CON-20230310-2687,2023-03-10,Mexico,MIA,land,lilies,flower,42,95,3990,False,0,0.0,,
CON-20230322-4425,2023-03-22,Colombia,MIA,land,sunflowers,flower,39,13,507,False,0,0.0,,
CON-20240207-3870,2024-02-07,Mexico,SEA,maritime,grafts,propagative_material,42,88,3696,False,0,0.0,17.0,62832.0
CON-20240229-9050,2024-02-29,Colombia,ORD,air,orchids,flower,22,11,242,False,0,0.0,,
CON-20241110-6653,2024-11-10,Netherlands,MIA,land,roses,flower,15,72,1080,False,0,0.0,,
CON-20230725-8343,2023-07-25,Kenya,LAX,land,seedlings,propagative_material,17,53,901,False,0,0.0,11.0,9911.0
CON-20240819-7599,2024-08-19,Mexico,BOS,air,roses,flower,47,41,1927,False,0,0.0,,
CON-20230305-7521,2023-03-05,Costa Rica,BOS,land,chrysanthemums,flower,9,99,891,False,0,0.0,,
CON-20240929-9279,2024-09-29,Israel,MIA,maritime,chrysanthemums,flower,33,55,1815,False,0,0.0,,
CON-20230623-8648,2023-06-23,Kenya,IAH,land,seedlings,propagative_material,5,51,255,False,0,0.0,15.0,3825.0
CON-20240811-6767,2024-08-11,Guatemala,SEA,maritime,bulbs,propagative_material,26,20,520,False,0,0.0,15.0,7800.0
CON-20240604-6370,2024-06-04,Mexico,DFW,air,bulbs,propagative_material,46,59,2714,False,0,0.0,9.0,24426.0
CON-20231109-5194,2023-11-09,Netherlands,MIA,land,orchids,flower,13,95,1235,False,0,0.0,,
CON-20240224-9782,2024-02-24,Israel,BOS,maritime,chrysanthemums,flower,47,40,1880,False,0,0.0,,
CON-20231215-2481,2023-12-15,Mexico,DFW,land,saplings,propagative_material,48,14,672,False,0,0.0,12.0,8064.0
CON-20240330-6973,2024-03-30,Israel,SEA,land,bulbs,propagative_material,14,82,1148,False,0,0.0,19.0,21812.0
CON-20230430-7800,2023-04-30,Kenya,SEA,air,chrysanthemums,flower,10,91,910,False,0,0.0,,
CON-20231202-9763,2023-12-02,Mexico,LAX,land,grafts,propagative_material,3,100,300,False,0,0.0,2.0,600.0
CON-20241115-9996,2024-11-15,Guatemala,MIA,air,seeds,propagative_material,15,91,1365,False,0,0.0,4.0,5460.0
CON-20240814-8256,2024-08-14,Colombia,MIA,air,daffodils,flower,31,64,1984,False,0,0.0,,
CON-20241024-7149,2024-10-24,Ecuador,JFK,air,lilies,flower,19,42,798,False,0,0.0,,
CON-20230101-6693,2023-01-01,Israel,SEA,maritime,chrysanthemums,flower,38,90,3420,False,0,0.0,,
CON-20231021-6204,2023-10-21,Mexico,DFW,maritime,tissue cultures,propagative_material,27,72,1944,False,0,0.0,9.0,17496.0
CON-20240907-1092,2024-09-07,Mexico,BOS,air,seeds,propagative_material,26,42,1092,False,0,0.0,19.0,20748.0
CON-20240716-6796,2024-07-16,Israel,ATL,maritime,lilies,flower,46,94,4324,False,0,0.0,,
CON-20240630-2548,2024-06-30,Costa Rica,IAH,maritime,seeds,propagative_material,11,52,572,False,0,0.0,5.0,2860.0
CON-20230511-1535,2023-05-11,Ecuador,SEA,maritime,orchids,flower,32,75,2400,False,0,0.0,,
CON-20231110-6168,2023-11-10,Israel,IAH,air,saplings,propagative_material,6,47,282,False,0,0.0,20.0,5640.0
CON-20230127-1572,2023-01-27,Guatemala,JFK,air,tissue cultures,propagative_material,43,17,731,False,0,0.0,15.0,10965.0
CON-20231124-6063,2023-11-24,Kenya,IAH,land,daffodils,flower,29,100,2900,False,0,0.0,,
CON-20240216-5526,2024-02-16,Guatemala,ATL,air,saplings,propagative_material,37,91,3367,False,0,0.0,4.0,13468.0
CON-20240627-3350,2024-06-27,Kenya,LAX,land,daffodils,flower,32,18,576,False,0,0.0,,
CON-20231225-3869,2023-12-25,Colombia,ORD,air,carnations,flower,43,79,3397,False,0,0.0,,
CON-20230330-1235,2023-03-30,Israel,LAX,air,bulbs,propagative_material,49,55,2695,False,0,0.0,19.0,51205.0
CON-20240814-1595,2024-08-14,Ethiopia,MIA,land,chrysanthemums,flower,12,50,600,False,0,0.0,,
CON-20240725-1594,2024-07-25,Kenya,MIA,air,daffodils,flower,30,59,1770,False,0,0.0,,
CON-20240620-8706,2024-06-20,Mexico,MIA,land,chrysanthemums,flower,13,49,637,True,4,0.006279434850863423,,
CON-20240417-1349,2024-04-17,Costa Rica,ORD,land,orchids,flower,43,99,4257,False,0,0.0,,
CON-20230721-4350,2023-07-21,Costa Rica,LAX,land,lilies,flower,11,98,1078,False,0,0.0,,
CON-20240130-8731,2024-01-30,Guatemala,JFK,air,lilies,flower,33,31,1023,False,0,0.0,,
CON-20240726-2727,2024-07-26,Colombia,DFW,maritime,tissue cultures,propagative_material,21,25,525,False,0,0.0,3.0,1575.0
CON-20230227-9082,2023-02-27,Guatemala,IAH,maritime,sunflowers,flower,29,61,1769,False,0,0.0,,
CON-20241111-3557,2024-11-11,Colombia,MIA,land,saplings,propagative_material,3,39,117,False,0,0.0,17.0,1989.0
CON-20231004-4042,2023-10-04,Guatemala,DFW,maritime,cuttings,propagative_material,33,89,2937,False,0,0.0,8.0,23496.0
CON-20230114-3781,2023-01-14,Netherlands,ORD,maritime,sunflowers,flower,32,77,2464,False,0,0.0,,
CON-20230629-7633,2023-06-29,Ethiopia,BOS,land,tulips,flower,22,69,1518,False,0,0.0,,
CON-20230922-8415,2023-09-22,Ethiopia,SEA,maritime,chrysanthemums,flower,45,49,2205,False,0,0.0,,
CON-20240330-6294,2024-03-30,Israel,MIA,maritime,orchids,flower,44,76,3344,False,0,0.0,,
CON-20240910-2707,2024-09-10,Ecuador,SEA,land,seedlings,propagative_material,8,76,608,False,0,0.0,4.0,2432.0
CON-20240319-2221,2024-03-19,Colombia,DFW,land,lilies,flower,15,79,1185,False,0,0.0,,
CON-20231021-7778,2023-10-21,Israel,BOS,maritime,sunflowers,flower,3,93,279,False,0,0.0,,
CON-20240711-4659,2024-07-11,Costa Rica,JFK,land,tissue cultures,propagative_material,48,36,1728,False,0,0.0,9.0,15552.0
CON-20230303-8017,2023-03-03,Mexico,DFW,land,saplings,propagative_material,32,50,1600,False,0,0.0,2.0,3200.0
CON-20231219-9855,2023-12-19,Kenya,ATL,land,lilies,flower,45,40,1800,False,0,0.0,,
CON-20240930-6554,2024-09-30,Ecuador,ORD,maritime,carnations,flower,18,51,918,False,0,0.0,,
CON-20240426-4318,2024-04-26,Colombia,DFW,maritime,grafts,propagative_material,13,78,1014,False,0,0.0,6.0,6084.0
CON-20230401-7384,2023-04-01,Ethiopia,MIA,maritime,chrysanthemums,flower,43,77,3311,False,0,0.0,,
CON-20240122-3946,2024-01-22,Ecuador,IAH,land,orchids,flower,31,63,1953,False,0,0.0,,
CON-20230803-4037,2023-08-03,Kenya,BOS,air,orchids,flower,31,81,2511,False,0,0.0,,
CON-20240807-5596,2024-08-07,Mexico,IAH,air,seeds,propagative_material,40,29,1160,False,0,0.0,3.0,3480.0
CON-20240606-4942,2024-06-06,Ecuador,ORD,air,saplings,propagative_material,49,60,2940,False,0,0.0,19.0,55860.0
CON-20240105-9833,2024-01-05,Ethiopia,LAX,land,tulips,flower,24,45,1080,False,0,0.0,,
CON-20240626-4805,2024-06-26,Ecuador,DFW,land,seeds,propagative_material,17,10,170,False,0,0.0,12.0,2040.0
CON-20230727-6347,2023-07-27,Mexico,ORD,air,tissue cultures,propagative_material,10,65,650,False,0,0.0,10.0,6500.0
CON-20240816-9253,2024-08-16,Netherlands,ATL,maritime,tulips,flower,29,22,638,False,0,0.0,,
CON-20230719-7845,2023-07-19,Mexico,MIA,air,saplings,propagative_material,48,56,2688,False,0,0.0,6.0,16128.0
CON-20231118-7334,2023-11-18,Costa Rica,SEA,land,orchids,flower,41,36,1476,False,0,0.0,,
CON-20230629-9919,2023-06-29,Netherlands,IAH,land,seeds,propagative_material,37,31,1147,False,0,0.0,15.0,17205.0
CON-20241028-4429,2024-10-28,Ecuador,IAH,land,daffodils,flower,30,95,2850,False,0,0.0,,
CON-20230907-2689,2023-09-07,Colombia,SEA,air,saplings,propagative_material,36,47,1692,False,0,0.0,16.0,27072.0
CON-20240610-6105,2024-06-10,Ecuador,SEA,air,bulbs,propagative_material,14,99,1386,False,0,0.0,20.0,27720.0
CON-20241114-8096,2024-11-14,Netherlands,IAH,maritime,orchids,flower,37,20,740,False,0,0.0,,
CON-20241225-2556,2024-12-25,Kenya,ATL,land,saplings,propagative_material,44,14,616,False,0,0.0,2.0,1232.0
CON-20230829-6944,2023-08-29,Colombia,SEA,maritime,daffodils,flower,12,28,336,False,0,0.0,,
CON-20231025-7199,2023-10-25,Israel,ATL,air,tissue cultures,propagative_material,41,52,2132,False,0,0.0,5.0,10660.0
CON-20230417-1596,2023-04-17,Ecuador,DFW,air,tissue cultures,propagative_material,20,77,1540,False,0,0.0,13.0,20020.0
CON-20241106-1288,2024-11-06,Mexico,JFK,land,bulbs,propagative_material,25,10,250,False,0,0.0,4.0,1000.0
CON-20241106-7221,2024-11-06,Guatemala,ATL,land,lilies,flower,33,91,3003,False,0,0.0,,
CON-20230316-9918,2023-03-16,Ecuador,ATL,maritime,grafts,propagative_material,25,90,2250,False,0,0.0,10.0,22500.0
CON-20230601-5486,2023-06-01,Israel,BOS,air,grafts,propagative_material,23,17,391,False,0,0.0,5.0,1955.0
CON-20230719-1229,2023-07-19,Kenya,IAH,land,orchids,flower,48,42,2016,False,0,0.0,,
CON-20241019-7141,2024-10-19,Guatemala,LAX,air,seedlings,propagative_material,30,31,930,False,0,0.0,1.0,930.0
CON-20241105-8106,2024-11-05,Ecuador,ORD,land,cuttings,propagative_material,41,13,533,False,0,0.0,15.0,7995.0
CON-20231214-9185,2023-12-14,Colombia,ATL,land,bulbs,propagative_material,43,35,1505,False,0,0.0,3.0,4515.0
CON-20231121-3717,2023-11-21,Ethiopia,BOS,land,orchids,flower,48,18,864,False,0,0.0,,
CON-20230106-3965,2023-01-06,Ethiopia,MIA,air,tissue cultures,propagative_material,43,80,3440,False,0,0.0,2.0,6880.0
CON-20230424-3587,2023-04-24,Costa Rica,DFW,air,daffodils,flower,36,10,360,False,0,0.0,,
CON-20231209-4735,2023-12-09,Mexico,SEA,air,saplings,propagative_material,21,17,357,False,0,0.0,5.0,1785.0
CON-20240907-3765,2024-09-07,Ethiopia,LAX,air,lilies,flower,4,41,164,False,0,0.0,,
CON-20230622-4927,2023-06-22,Israel,JFK,land,orchids,flower,39,60,2340,False,0,0.0,,
CON-20231016-8894,2023-10-16,Costa Rica,ORD,land,roses,flower,49,96,4704,False,0,0.0,,
CON-20230804-9594,2023-08-04,Mexico,DFW,maritime,carnations,flower,47,81,3807,False,0,0.0,,
CON-20230127-5027,2023-01-27,Netherlands,ORD,air,orchids,flower,7,46,322,False,0,0.0,,
CON-20231123-9374,2023-11-23,Ecuador,JFK,land,cuttings,propagative_material,4,44,176,False,0,0.0,16.0,2816.0
CON-20230129-8645,2023-01-29,Colombia,DFW,land,chrysanthemums,flower,36,26,936,False,0,0.0,,
CON-20230302-4792,2023-03-02,Guatemala,MIA,air,grafts,propagative_material,17,46,782,False,0,0.0,19.0,14858.0
CON-20230508-5197,2023-05-08,Colombia,LAX,maritime,orchids,flower,46,11,506,False,0,0.0,,
CON-20241126-4409,2024-11-26,Israel,SEA,land,daffodils,flower,22,96,2112,False,0,0.0,,
CON-20240905-4590,2024-09-05,Guatemala,ATL,maritime,daffodils,flower,25,10,250,False,0,0.0,,
CON-20230301-2730,2023-03-01,Mexico,SEA,land,sunflowers,flower,17,23,391,False,0,0.0,,
CON-20240322-3175,2024-03-22,Costa Rica,JFK,air,tissue cultures,propagative_material,41,29,1189,False,0,0.0,18.0,21402.0
CON-20230810-3240,2023-08-10,Ethiopia,JFK,maritime,saplings,propagative_material,24,24,576,False,0,0.0,13.0,7488.0
CON-20240118-1840,2024-01-18,Israel,BOS,maritime,seedlings,propagative_material,28,63,1764,False,0,0.0,7.0,12348.0
CON-20240214-2098,2024-02-14,Colombia,SEA,air,chrysanthemums,flower,30,50,1500,False,0,0.0,,
CON-20240514-9440,2024-05-14,Kenya,DFW,air,orchids,flower,11,88,968,False,0,0.0,,
CON-20230803-7506,2023-08-03,Kenya,ORD,air,lilies,flower,39,56,2184,False,0,0.0,,
CON-20240704-8667,2024-07-04,Netherlands,IAH,land,lilies,flower,12,86,1032,False,0,0.0,,
CON-20230131-9009,2023-01-31,Kenya,ATL,land,seeds,propagative_material,17,89,1513,False,0,0.0,10.0,15130.0
CON-20240516-1605,2024-05-16,Guatemala,DFW,maritime,seedlings,propagative_material,42,67,2814,False,0,0.0,9.0,25326.0
CON-20240630-7379,2024-06-30,Netherlands,SEA,maritime,tissue cultures,propagative_material,20,56,1120,False,0,0.0,11.0,12320.0
CON-20240916-5109,2024-09-16,Guatemala,BOS,air,chrysanthemums,flower,50,14,700,False,0,0.0,,
CON-20230730-1330,2023-07-30,Netherlands,DFW,maritime,chrysanthemums,flower,4,76,304,False,0,0.0,,
CON-20241121-4515,2024-11-21,Ethiopia,LAX,land,tulips,flower,28,89,2492,False,0,0.0,,
CON-20230615-8476,2023-06-15,Netherlands,BOS,land,seedlings,propagative_material,33,94,3102,False,0,0.0,15.0,46530.0
CON-20240825-4794,2024-08-25,Colombia,SEA,land,grafts,propagative_material,21,74,1554,False,0,0.0,14.0,21756.0
CON-20230502-7874,2023-05-02,Kenya,ATL,air,cuttings,propagative_material,35,52,1820,False,0,0.0,15.0,27300.0
CON-20231202-3352,2023-12-02,Colombia,MIA,maritime,carnations,flower,36,18,648,False,0,0.0,,
CON-20240729-2048,2024-07-29,Colombia,MIA,maritime,carnations,flower,17,83,1411,False,0,0.0,,
CON-20240626-6484,2024-06-26,Mexico,JFK,land,chrysanthemums,flower,47,99,4653,False,0,0.0,,
CON-20241231-7821,2024-12-31,Israel,ORD,maritime,seeds,propagative_material,46,45,2070,False,0,0.0,7.0,14490.0
CON-20240113-8130,2024-01-13,Colombia,IAH,maritime,sunflowers,flower,2,73,146,False,0,0.0,,
CON-20241228-5452,2024-12-28,Ethiopia,ATL,land,cuttings,propagative_material,48,49,2352,True,1,0.00042517006802721087,2.0,4704.0
CON-20230216-7927,2023-02-16,Guatemala,DFW,maritime,bulbs,propagative_material,50,25,1250,False,0,0.0,10.0,12500.0
CON-20240512-3891,2024-05-12,Netherlands,BOS,land,tissue cultures,propagative_material,27,77,2079,False,0,0.0,18.0,37422.0
CON-20231109-8953,2023-11-09,Costa Rica,DFW,land,grafts,propagative_material,14,44,616,False,0,0.0,19.0,11704.0
CON-20241019-6270,2024-10-19,Ecuador,DFW,air,lilies,flower,27,62,1674,False,0,0.0,,
CON-20240111-1980,2024-01-11,Ethiopia,BOS,land,lilies,flower,43,71,3053,False,0,0.0,,
CON-20241213-8047,2024-12-13,Israel,ORD,land,cuttings,propagative_material,42,85,3570,False,0,0.0,16.0,57120.0
CON-20231128-2750,2023-11-28,Guatemala,LAX,land,seedlings,propagative_material,26,10,260,False,0,0.0,16.0,4160.0
CON-20230121-1964,2023-01-21,Ethiopia,ORD,land,roses,flower,11,54,594,False,0,0.0,,
CON-20230725-8616,2023-07-25,Netherlands,ATL,air,grafts,propagative_material,44,60,2640,False,0,0.0,12.0,31680.0
CON-20240324-8679,2024-03-24,Ecuador,BOS,air,bulbs,propagative_material,29,83,2407,False,0,0.0,4.0,9628.0
CON-20231130-8512,2023-11-30,Guatemala,SEA,air,grafts,propagative_material,49,47,2303,False,0,0.0,6.0,13818.0
CON-20240608-3219,2024-06-08,Netherlands,ATL,air,grafts,propagative_material,47,62,2914,False,0,0.0,6.0,17484.0
CON-20231223-4803,2023-12-23,Guatemala,JFK,air,lilies,flower,5,60,300,False,0,0.0,,
CON-20231113-1887,2023-11-13,Colombia,DFW,land,orchids,flower,31,26,806,False,0,0.0,,
CON-20240608-1351,2024-06-08,Ethiopia,SEA,maritime,seedlings,propagative_material,3,97,291,False,0,0.0,13.0,3783.0
CON-20241220-2059,2024-12-20,Colombia,DFW,land,roses,flower,43,33,1419,False,0,0.0,,
CON-20241219-1908,2024-12-19,Kenya,ATL,air,lilies,flower,6,27,162,False,0,0.0,,
CON-20240321-3928,2024-03-21,Mexico,SEA,maritime,tulips,flower,19,93,1767,True,4,0.0022637238256932655,,
CON-20241029-6487,2024-10-29,Ethiopia,MIA,land,seedlings,propagative_material,27,82,2214,False,0,0.0,8.0,17712.0
CON-20240320-2110,2024-03-20,Ecuador,IAH,land,grafts,propagative_material,36,95,3420,True,9,0.002631578947368421,8.0,27360.0
CON-20240408-8267,2024-04-08,Costa Rica,JFK,maritime,bulbs,propagative_material,8,38,304,False,0,0.0,18.0,5472.0
CON-20240101-2952,2024-01-01,Costa Rica,SEA,maritime,tulips,flower,9,62,558,False,0,0.0,,
CON-20231223-3563,2023-12-23,Netherlands,BOS,air,sunflowers,flower,1,56,56,False,0,0.0,,
CON-20240213-4128,2024-02-13,Israel,JFK,land,orchids,flower,19,21,399,False,0,0.0,,
CON-20240320-7539,2024-03-20,Israel,IAH,land,cuttings,propagative_material,36,60,2160,False,0,0.0,8.0,17280.0
CON-20230205-6999,2023-02-05,Israel,SEA,air,carnations,flower,22,95,2090,False,0,0.0,,
CON-20240402-9535,2024-04-02,Colombia,BOS,land,chrysanthemums,flower,38,35,1330,False,0,0.0,,
CON-20230310-5115,2023-03-10,Ethiopia,DFW,air,grafts,propagative_material,13,44,572,False,0,0.0,11.0,6292.0
CON-20230309-5404,2023-03-09,Costa Rica,JFK,land,daffodils,flower,45,30,1350,False,0,0.0,,
CON-20231011-8070,2023-10-11,Mexico,LAX,maritime,chrysanthemums,flower,21,29,609,False,0,0.0,,
CON-20230525-8367,2023-05-25,Israel,ORD,air,saplings,propagative_material,44,43,1892,False,0,0.0,2.0,3784.0
CON-20230420-2184,2023-04-20,Costa Rica,LAX,air,chrysanthemums,flower,11,84,924,False,0,0.0,,
CON-20230214-2956,2023-02-14,Costa Rica,IAH,maritime,lilies,flower,29,48,1392,False,0,0.0,,
CON-20230423-1296,2023-04-23,Ecuador,SEA,land,lilies,flower,1,11,11,False,0,0.0,,
CON-20240829-2978,2024-08-29,Israel,IAH,land,cuttings,propagative_material,42,75,3150,False,0,0.0,9.0,28350.0
CON-20231017-2840,2023-10-17,Netherlands,ORD,air,cuttings,propagative_material,3,80,240,False,0,0.0,2.0,480.0
CON-20230815-4020,2023-08-15,Israel,SEA,land,daffodils,flower,38,85,3230,False,0,0.0,,
CON-20230410-3246,2023-04-10,Colombia,ORD,air,daffodils,flower,37,48,1776,False,0,0.0,,
CON-20240316-2880,2024-03-16,Colombia,MIA,maritime,daffodils,flower,50,43,2150,False,0,0.0,,
CON-20240620-5382,2024-06-20,Ecuador,DFW,land,grafts,propagative_material,50,30,1500,False,0,0.0,20.0,30000.0
CON-20240821-3435,2024-08-21,Costa Rica,IAH,maritime,chrysanthemums,flower,12,59,708,True,10,0.014124293785310734,,
CON-20230322-6799,2023-03-22,Netherlands,ORD,air,daffodils,flower,24,63,1512,False,0,0.0,,
CON-20240205-1371,2024-02-05,Guatemala,LAX,maritime,sunflowers,flower,33,90,2970,False,0,0.0,,
CON-20231107-5762,2023-11-07,Ethiopia,DFW,air,tissue cultures,propagative_material,37,96,3552,False,0,0.0,4.0,14208.0
CON-20230210-6291,2023-02-10,Mexico,ATL,maritime,carnations,flower,47,100,4700,False,0,0.0,,
CON-20230820-9015,2023-08-20,Kenya,MIA,air,grafts,propagative_material,10,44,440,False,0,0.0,13.0,5720.0
CON-20240228-6948,2024-02-28,Ethiopia,LAX,air,bulbs,propagative_material,43,82,3526,False,0,0.0,16.0,56416.0
CON-20240211-9257,2024-02-11,Ethiopia,DFW,land,tissue cultures,propagative_material,48,11,528,False,0,0.0,7.0,3696.0
CON-20240614-5575,2024-06-14,Kenya,ATL,air,cuttings,propagative_material,18,91,1638,False,0,0.0,5.0,8190.0
CON-20231228-7276,2023-12-28,Guatemala,IAH,land,tissue cultures,propagative_material,12,11,132,False,0,0.0,12.0,1584.0
CON-20240115-3275,2024-01-15,Mexico,ORD,air,carnations,flower,30,65,1950,False,0,0.0,,
CON-20230830-5166,2023-08-30,Kenya,SEA,land,saplings,propagative_material,12,70,840,False,0,0.0,4.0,3360.0
CON-20240913-1536,2024-09-13,Costa Rica,ORD,land,tulips,flower,41,70,2870,False,0,0.0,,
CON-20230119-1438,2023-01-19,Ecuador,MIA,land,saplings,propagative_material,30,73,2190,False,0,0.0,14.0,30660.0
CON-20230119-5690,2023-01-19,Ecuador,ATL,maritime,seedlings,propagative_material,25,94,2350,False,0,0.0,9.0,21150.0
CON-20241113-5042,2024-11-13,Guatemala,ORD,maritime,cuttings,propagative_material,7,92,644,False,0,0.0,20.0,12880.0
CON-20230811-9660,2023-08-11,Colombia,JFK,land,bulbs,propagative_material,48,99,4752,False,0,0.0,14.0,66528.0
CON-20241014-5210,2024-10-14,Mexico,BOS,land,grafts,propagative_material,28,91,2548,False,0,0.0,16.0,40768.0
CON-20241230-4775,2024-12-30,Guatemala,MIA,air,seeds,propagative_material,43,17,731,False,0,0.0,17.0,12427.0
CON-20240424-8323,2024-04-24,Ethiopia,ORD,land,grafts,propagative_material,2,20,40,False,0,0.0,16.0,640.0
CON-20230816-6316,2023-08-16,Guatemala,DFW,land,saplings,propagative_material,48,46,2208,False,0,0.0,7.0,15456.0
CON-20230928-3973,2023-09-28,Kenya,MIA,air,cuttings,propagative_material,49,73,3577,False,0,0.0,15.0,53655.0
CON-20240401-9538,2024-04-01,Guatemala,ATL,maritime,roses,flower,11,23,253,False,0,0.0,,
CON-20230406-1570,2023-04-06,Costa Rica,DFW,air,cuttings,propagative_material,34,49,1666,False,0,0.0,8.0,13328.0
CON-20230824-3889,2023-08-24,Mexico,ORD,land,sunflowers,flower,35,74,2590,False,0,0.0,,
CON-20231206-6096,2023-12-06,Netherlands,ATL,maritime,cuttings,propagative_material,43,74,3182,False,0,0.0,15.0,47730.0
CON-20240813-4954,2024-08-13,Guatemala,JFK,maritime,seedlings,propagative_material,38,32,1216,False,0,0.0,5.0,6080.0
CON-20231114-8769,2023-11-14,Netherlands,MIA,maritime,chrysanthemums,flower,27,95,2565,False,0,0.0,,
CON-20240331-8119,2024-03-31,Ethiopia,SEA,land,chrysanthemums,flower,34,82,2788,False,0,0.0,,
CON-20230322-5760,2023-03-22,Kenya,SEA,land,saplings,propagative_material,37,51,1887,False,0,0.0,11.0,20757.0
CON-20241230-6442,2024-12-30,Ecuador,LAX,air,sunflowers,flower,12,39,468,False,0,0.0,,
CON-20231015-3255,2023-10-15,Netherlands,LAX,land,lilies,flower,32,72,2304,False,0,0.0,,
CON-20240820-9084,2024-08-20,Mexico,ORD,land,tulips,flower,19,82,1558,False,0,0.0,,
CON-20240505-3020,2024-05-05,Guatemala,LAX,land,saplings,propagative_material,9,12,108,False,0,0.0,1.0,108.0
CON-20230919-1945,2023-09-19,Netherlands,LAX,land,tissue cultures,propagative_material,27,95,2565,False,0,0.0,13.0,33345.0
CON-20231126-1700,2023-11-26,Ecuador,DFW,air,tulips,flower,38,53,2014,False,0,0.0,,
CON-20241009-6784,2024-10-09,Mexico,BOS,air,seedlings,propagative_material,33,11,363,True,5,0.013774104683195593,17.0,6171.0
CON-20230610-7456,2023-06-10,Guatemala,MIA,maritime,grafts,propagative_material,44,92,4048,False,0,0.0,14.0,56672.0
CON-20231101-3036,2023-11-01,Israel,MIA,land,saplings,propagative_material,3,54,162,False,0,0.0,19.0,3078.0
CON-20231206-5194,2023-12-06,Guatemala,MIA,land,bulbs,propagative_material,42,37,1554,False,0,0.0,7.0,10878.0
CON-20240318-9154,2024-03-18,Kenya,DFW,air,tulips,flower,44,67,2948,False,0,0.0,,
CON-20230514-4388,2023-05-14,Guatemala,ORD,maritime,tulips,flower,35,71,2485,False,0,0.0,,
CON-20241226-8821,2024-12-26,Colombia,JFK,maritime,chrysanthemums,flower,17,10,170,False,0,0.0,,
CON-20230131-8886,2023-01-31,Colombia,MIA,land,chrysanthemums,flower,43,83,3569,False,0,0.0,,
CON-20241225-2476,2024-12-25,Ethiopia,SEA,maritime,sunflowers,flower,43,44,1892,False,0,0.0,,
CON-20231024-5013,2023-10-24,Guatemala,LAX,air,cuttings,propagative_material,25,64,1600,False,0,0.0,2.0,3200.0
CON-20230721-6339,2023-07-21,Kenya,MIA,maritime,tulips,flower,46,28,1288,False,0,0.0,,
CON-20240124-2533,2024-01-24,Costa Rica,BOS,land,lilies,flower,21,11,231,False,0,0.0,,
CON-20240619-7324,2024-06-19,Netherlands,BOS,air,seedlings,propagative_material,39,48,1872,False,0,0.0,9.0,16848.0
CON-20241127-4352,2024-11-27,Mexico,LAX,air,chrysanthemums,flower,17,88,1496,False,0,0.0,,
CON-20240809-5884,2024-08-09,Mexico,ORD,air,carnations,flower,29,52,1508,False,0,0.0,,
CON-20230209-7442,2023-02-09,Ethiopia,ORD,land,chrysanthemums,flower,41,87,3567,False,0,0.0,,
CON-20230305-2935,2023-03-05,Mexico,ORD,air,lilies,flower,25,28,700,False,0,0.0,,
CON-20230321-1908,2023-03-21,Netherlands,DFW,land,orchids,flower,4,67,268,False,0,0.0,,
CON-20230403-4201,2023-04-03,Ethiopia,IAH,air,seedlings,propagative_material,42,56,2352,False,0,0.0,16.0,37632.0
CON-20230613-9914,2023-06-13,Kenya,SEA,maritime,carnations,flower,49,86,4214,False,0,0.0,,
CON-20240425-1605,2024-04-25,Mexico,BOS,maritime,cuttings,propagative_material,24,48,1152,False,0,0.0,16.0,18432.0
CON-20240824-3999,2024-08-24,Colombia,MIA,land,chrysanthemums,flower,21,47,987,False,0,0.0,,
CON-20241103-2718,2024-11-03,Guatemala,JFK,air,tissue cultures,propagative_material,16,37,592,False,0,0.0,7.0,4144.0
CON-20240808-5091,2024-08-08,Ecuador,SEA,land,grafts,propagative_material,17,63,1071,True,2,0.0018674136321195146,14.0,14994.0
CON-20230319-2104,2023-03-19,Costa Rica,IAH,maritime,sunflowers,flower,31,20,620,False,0,0.0,,
CON-20241218-7777,2024-12-18,Costa Rica,ATL,air,chrysanthemums,flower,47,85,3995,False,0,0.0,,
CON-20241113-4606,2024-11-13,Colombia,BOS,maritime,tulips,flower,36,86,3096,False,0,0.0,,
CON-20241208-8162,2024-12-08,Israel,DFW,air,sunflowers,flower,43,13,559,False,0,0.0,,
CON-20230604-4650,2023-06-04,Kenya,JFK,land,tissue cultures,propagative_material,50,32,1600,False,0,0.0,8.0,12800.0
CON-20240325-7716,2024-03-25,Israel,MIA,land,chrysanthemums,flower,24,34,816,False,0,0.0,,
CON-20240225-6897,2024-02-25,Ethiopia,BOS,air,sunflowers,flower,18,62,1116,False,0,0.0,,
CON-20241201-3013,2024-12-01,Israel,JFK,maritime,tissue cultures,propagative_material,16,23,368,False,0,0.0,18.0,6624.0
CON-20240713-6087,2024-07-13,Israel,JFK,land,tissue cultures,propagative_material,31,50,1550,False,0,0.0,12.0,18600.0
CON-20230424-7888,2023-04-24,Netherlands,DFW,land,cuttings,propagative_material,34,11,374,False,0,0.0,16.0,5984.0
CON-20240526-9979,2024-05-26,Guatemala,ATL,maritime,chrysanthemums,flower,38,37,1406,False,0,0.0,,
CON-20240129-4592,2024-01-29,Mexico,SEA,air,daffodils,flower,49,52,2548,False,0,0.0,,
CON-20240329-3423,2024-03-29,Kenya,ATL,maritime,daffodils,flower,15,35,525,False,0,0.0,,
CON-20240529-8944,2024-05-29,Ecuador,SEA,air,tissue cultures,propagative_material,5,54,270,True,4,0.014814814814814815,10.0,2700.0
CON-20240525-3696,2024-05-25,Kenya,IAH,land,cuttings,propagative_material,21,16,336,False,0,0.0,4.0,1344.0
CON-20241010-1432,2024-10-10,Ethiopia,JFK,maritime,cuttings,propagative_material,31,26,806,False,0,0.0,20.0,16120.0
CON-20240901-4870,2024-09-01,Guatemala,SEA,air,cuttings,propagative_material,23,85,1955,False,0,0.0,14.0,27370.0
CON-20240629-5883,2024-06-29,Mexico,JFK,land,chrysanthemums,flower,39,81,3159,False,0,0.0,,
CON-20240322-9636,2024-03-22,Guatemala,ORD,maritime,lilies,flower,40,66,2640,False,0,0.0,,
CON-20231103-9769,2023-11-03,Israel,IAH,maritime,tulips,flower,29,24,696,False,0,0.0,,
CON-20240907-6245,2024-09-07,Ethiopia,ATL,maritime,chrysanthemums,flower,28,41,1148,False,0,0.0,,
CON-20230914-3585,2023-09-14,Ecuador,DFW,maritime,sunflowers,flower,31,45,1395,False,0,0.0,,
CON-20240603-2191,2024-06-03,Colombia,MIA,air,sunflowers,flower,29,57,1653,False,0,0.0,,
CON-20240615-9812,2024-06-15,Colombia,IAH,land,tulips,flower,24,73,1752,False,0,0.0,,
CON-20230711-6303,2023-07-11,Kenya,MIA,land,seedlings,propagative_material,50,13,650,False,0,0.0,19.0,12350.0
CON-20231226-6969,2023-12-26,Netherlands,DFW,maritime,grafts,propagative_material,15,58,870,False,0,0.0,10.0,8700.0
CON-20240803-4029,2024-08-03,Netherlands,DFW,land,tissue cultures,propagative_material,15,45,675,False,0,0.0,10.0,6750.0
CON-20240425-1906,2024-04-25,Mexico,MIA,land,bulbs,propagative_material,13,88,1144,False,0,0.0,14.0,16016.0
CON-20240116-6140,2024-01-16,Israel,ORD,air,seedlings,propagative_material,24,88,2112,False,0,0.0,19.0,40128.0
CON-20240210-7608,2024-02-10,Costa Rica,JFK,land,tissue cultures,propagative_material,12,100,1200,False,0,0.0,1.0,1200.0
CON-20240515-3396,2024-05-15,Costa Rica,BOS,land,sunflowers,flower,33,93,3069,False,0,0.0,,
CON-20240311-9445,2024-03-11,Guatemala,ORD,maritime,seeds,propagative_material,38,70,2660,False,0,0.0,8.0,21280.0
CON-20230128-1182,2023-01-28,Mexico,SEA,maritime,sunflowers,flower,33,51,1683,False,0,0.0,,
CON-20240108-3573,2024-01-08,Netherlands,ATL,maritime,grafts,propagative_material,46,27,1242,False,0,0.0,20.0,24840.0
CON-20240328-7631,2024-03-28,Netherlands,LAX,air,seedlings,propagative_material,12,98,1176,False,0,0.0,12.0,14112.0
CON-20230612-5985,2023-06-12,Ecuador,BOS,land,orchids,flower,25,40,1000,True,10,0.01,,
CON-20240526-8246,2024-05-26,Colombia,DFW,maritime,seeds,propagative_material,30,66,1980,False,0,0.0,6.0,11880.0
CON-20230403-1117,2023-04-03,Ethiopia,DFW,land,roses,flower,33,95,3135,False,0,0.0,,
CON-20231119-7420,2023-11-19,Guatemala,DFW,land,seedlings,propagative_material,36,10,360,False,0,0.0,11.0,3960.0
CON-20240618-8429,2024-06-18,Guatemala,MIA,maritime,saplings,propagative_material,40,57,2280,False,0,0.0,1.0,2280.0
CON-20230216-3105,2023-02-16,Israel,LAX,air,daffodils,flower,29,33,957,False,0,0.0,,
CON-20240202-4000,2024-02-02,Costa Rica,LAX,maritime,tissue cultures,propagative_material,29,13,377,False,0,0.0,16.0,6032.0
CON-20240405-2383,2024-04-05,Costa Rica,DFW,air,seeds,propagative_material,19,83,1577,False,0,0.0,8.0,12616.0
CON-20230905-1579,2023-09-05,Guatemala,LAX,maritime,saplings,propagative_material,28,98,2744,False,0,0.0,17.0,46648.0
CON-20230204-7964,2023-02-04,Israel,IAH,air,orchids,flower,44,74,3256,False,0,0.0,,
CON-20240329-7779,2024-03-29,Costa Rica,LAX,maritime,bulbs,propagative_material,35,60,2100,False,0,0.0,2.0,4200.0
CON-20240116-6359,2024-01-16,Mexico,BOS,maritime,tulips,flower,29,41,1189,False,0,0.0,,
CON-20231123-1195,2023-11-23,Ethiopia,LAX,air,sunflowers,flower,43,26,1118,False,0,0.0,,
CON-20231203-6330,2023-12-03,Ethiopia,JFK,air,seeds,propagative_material,41,79,3239,False,0,0.0,17.0,55063.0
CON-20231217-3440,2023-12-17,Guatemala,MIA,air,orchids,flower,49,56,2744,False,0,0.0,,
CON-20230606-1971,2023-06-06,Netherlands,IAH,air,chrysanthemums,flower,2,46,92,False,0,0.0,,
CON-20230908-2947,2023-09-08,Guatemala,ATL,land,grafts,propagative_material,25,11,275,False,0,0.0,14.0,3850.0
CON-20241012-5661,2024-10-12,Colombia,LAX,maritime,daffodils,flower,28,21,588,False,0,0.0,,
CON-20241110-6109,2024-11-10,Netherlands,ATL,maritime,roses,flower,3,15,45,False,0,0.0,,
CON-20230204-1608,2023-02-04,Israel,IAH,maritime,bulbs,propagative_material,41,71,2911,False,0,0.0,13.0,37843.0
CON-20230905-9293,2023-09-05,Ethiopia,ATL,land,daffodils,flower,42,54,2268,False,0,0.0,,
CON-20240208-3295,2024-02-08,Netherlands,ORD,land,tissue cultures,propagative_material,14,61,854,False,0,0.0,6.0,5124.0
CON-20240606-4861,2024-06-06,Ethiopia,DFW,maritime,grafts,propagative_material,3,77,231,False,0,0.0,12.0,2772.0
CON-20241114-7667,2024-11-14,Colombia,ATL,land,cuttings,propagative_material,18,92,1656,False,0,0.0,13.0,21528.0
CON-20230205-9991,2023-02-05,Kenya,JFK,air,tulips,flower,14,85,1190,False,0,0.0,,
CON-20240717-2711,2024-07-17,Netherlands,ATL,land,sunflowers,flower,41,31,1271,False,0,0.0,,
CON-20240812-9224,2024-08-12,Ethiopia,JFK,land,chrysanthemums,flower,48,66,3168,False,0,0.0,,
CON-20240524-7656,2024-05-24,Guatemala,ORD,air,tissue cultures,propagative_material,33,24,792,False,0,0.0,18.0,14256.0
CON-20230119-2779,2023-01-19,Costa Rica,LAX,air,saplings,propagative_material,41,79,3239,False,0,0.0,6.0,19434.0
CON-20230225-7698,2023-02-25,Costa Rica,LAX,maritime,grafts,propagative_material,17,51,867,False,0,0.0,13.0,11271.0
CON-20230826-3084,2023-08-26,Ecuador,DFW,maritime,bulbs,propagative_material,23,38,874,False,0,0.0,15.0,13110.0
CON-20240209-9162,2024-02-09,Mexico,IAH,maritime,saplings,propagative_material,11,84,924,False,0,0.0,19.0,17556.0
CON-20240108-9283,2024-01-08,Ethiopia,BOS,maritime,tissue cultures,propagative_material,4,90,360,False,0,0.0,20.0,7200.0
CON-20230826-2540,2023-08-26,Guatemala,LAX,maritime,seeds,propagative_material,49,53,2597,False,0,0.0,14.0,36358.0
CON-20240127-7838,2024-01-27,Netherlands,ATL,air,cuttings,propagative_material,50,42,2100,False,0,0.0,11.0,23100.0
CON-20230418-6652,2023-04-18,Netherlands,ATL,maritime,carnations,flower,28,43,1204,False,0,0.0,,
CON-20240229-2876,2024-02-29,Costa Rica,MIA,land,tulips,flower,17,21,357,False,0,0.0,,
CON-20230215-4102,2023-02-15,Kenya,BOS,land,sunflowers,flower,28,27,756,False,0,0.0,,
CON-20230910-3844,2023-09-10,Costa Rica,ORD,maritime,tulips,flower,48,31,1488,False,0,0.0,,
CON-20241222-8152,2024-12-22,Guatemala,SEA,air,orchids,flower,43,96,4128,False,0,0.0,,
CON-20230624-3538,2023-06-24,Ethiopia,ATL,air,chrysanthemums,flower,13,55,715,False,0,0.0,,
CON-20240130-8049,2024-01-30,Israel,DFW,maritime,tissue cultures,propagative_material,13,28,364,False,0,0.0,5.0,1820.0
CON-20230919-1145,2023-09-19,Colombia,ORD,land,saplings,propagative_material,45,56,2520,False,0,0.0,19.0,47880.0
CON-20241005-9866,2024-10-05,Israel,ATL,air,carnations,flower,31,53,1643,True,7,0.00426049908703591,,
CON-20231008-2176,2023-10-08,Costa Rica,JFK,land,seedlings,propagative_material,1,66,66,False,0,0.0,5.0,330.0
CON-20231111-4471,2023-11-11,Mexico,ORD,air,seedlings,propagative_material,43,33,1419,False,0,0.0,16.0,22704.0
CON-20230912-4995,2023-09-12,Costa Rica,LAX,land,grafts,propagative_material,31,30,930,False,0,0.0,5.0,4650.0
CON-20240402-6500,2024-04-02,Mexico,MIA,maritime,sunflowers,flower,19,65,1235,False,0,0.0,,
CON-20240817-8500,2024-08-17,Costa Rica,IAH,air,daffodils,flower,35,67,2345,False,0,0.0,,
CON-20231024-6678,2023-10-24,Ethiopia,MIA,land,lilies,flower,5,35,175,False,0,0.0,,
CON-20240217-1074,2024-02-17,Guatemala,MIA,land,orchids,flower,46,87,4002,False,0,0.0,,
CON-20241026-4059,2024-10-26,Israel,ORD,maritime,sunflowers,flower,42,74,3108,False,0,0.0,,
CON-20240211-8924,2024-02-11,Netherlands,ORD,air,seedlings,propagative_material,46,36,1656,False,0,0.0,15.0,24840.0
CON-20231106-4103,2023-11-06,Netherlands,DFW,air,bulbs,propagative_material,36,97,3492,False,0,0.0,7.0,24444.0
CON-20230409-1185,2023-04-09,Colombia,DFW,land,seeds,propagative_material,26,61,1586,False,0,0.0,6.0,9516.0
CON-20240704-9659,2024-07-04,Kenya,SEA,air,saplings,propagative_material,8,86,688,False,0,0.0,20.0,13760.0
CON-20230423-8930,2023-04-23,Israel,ORD,air,orchids,flower,50,95,4750,False,0,0.0,,
CON-20240511-2383,2024-05-11,Costa Rica,LAX,maritime,cuttings,propagative_material,6,50,300,False,0,0.0,1.0,300.0
CON-20240527-5746,2024-05-27,Mexico,SEA,air,carnations,flower,16,58,928,False,0,0.0,,
CON-20240225-9101,2024-02-25,Mexico,JFK,air,saplings,propagative_material,10,49,490,False,0,0.0,18.0,8820.0
CON-20230418-5009,2023-04-18,Ecuador,MIA,maritime,saplings,propagative_material,28,92,2576,False,0,0.0,11.0,28336.0
CON-20230308-8865,2023-03-08,Netherlands,SEA,air,tissue cultures,propagative_material,19,14,266,False,0,0.0,20.0,5320.0
CON-20230520-6796,2023-05-20,Guatemala,JFK,maritime,seeds,propagative_material,37,88,3256,False,0,0.0,6.0,19536.0
CON-20240304-2522,2024-03-04,Mexico,IAH,maritime,roses,flower,35,37,1295,False,0,0.0,,
CON-20230617-8717,2023-06-17,Mexico,IAH,land,cuttings,propagative_material,3,66,198,False,0,0.0,7.0,1386.0
CON-20240409-4195,2024-04-09,Netherlands,IAH,land,cuttings,propagative_material,49,35,1715,False,0,0.0,20.0,34300.0
CON-20230223-8903,2023-02-23,Netherlands,MIA,air,daffodils,flower,12,60,720,False,0,0.0,,
CON-20231019-8354,2023-10-19,Netherlands,MIA,land,orchids,flower,33,51,1683,False,0,0.0,,
CON-20240922-9731,2024-09-22,Costa Rica,IAH,land,seeds,propagative_material,15,31,465,False,0,0.0,4.0,1860.0
CON-20240902-3861,2024-09-02,Israel,MIA,air,bulbs,propagative_material,9,83,747,False,0,0.0,11.0,8217.0
CON-20231031-7026,2023-10-31,Ethiopia,JFK,air,tissue cultures,propagative_material,44,47,2068,False,0,0.0,10.0,20680.0
CON-20240703-9946,2024-07-03,Kenya,LAX,land,orchids,flower,24,86,2064,False,0,0.0,,
CON-20241006-7735,2024-10-06,Netherlands,JFK,maritime,seedlings,propagative_material,18,64,1152,False,0,0.0,20.0,23040.0
CON-20231225-6508,2023-12-25,Costa Rica,ORD,maritime,tulips,flower,42,12,504,False,0,0.0,,
CON-20240519-1513,2024-05-19,Costa Rica,ORD,land,roses,flower,1,73,73,False,0,0.0,,
CON-20240330-6940,2024-03-30,Netherlands,ORD,air,seeds,propagative_material,41,19,779,False,0,0.0,19.0,14801.0
CON-20230717-7889,2023-07-17,Costa Rica,JFK,maritime,bulbs,propagative_material,8,57,456,False,0,0.0,9.0,4104.0
CON-20230327-4275,2023-03-27,Netherlands,LAX,air,daffodils,flower,2,21,42,False,0,0.0,,
CON-20230108-4392,2023-01-08,Kenya,DFW,air,carnations,flower,12,59,708,False,0,0.0,,
CON-20231010-4714,2023-10-10,Colombia,SEA,land,saplings,propagative_material,25,61,1525,False,0,0.0,8.0,12200.0
CON-20231027-2045,2023-10-27,Colombia,SEA,air,tissue cultures,propagative_material,10,34,340,False,0,0.0,16.0,5440.0
CON-20240908-2804,2024-09-08,Colombia,BOS,air,tulips,flower,30,42,1260,False,0,0.0,,
CON-20230317-8224,2023-03-17,Israel,JFK,land,seeds,propagative_material,49,52,2548,False,0,0.0,8.0,20384.0
CON-20230820-4909,2023-08-20,Israel,MIA,maritime,tulips,flower,6,70,420,False,0,0.0,,
CON-20230423-9638,2023-04-23,Israel,MIA,maritime,seedlings,propagative_material,2,29,58,False,0,0.0,13.0,754.0
CON-20240211-5830,2024-02-11,Guatemala,LAX,air,tulips,flower,48,64,3072,False,0,0.0,,
CON-20240401-1718,2024-04-01,Ecuador,ORD,maritime,sunflowers,flower,19,20,380,False,0,0.0,,
CON-20240525-9080,2024-05-25,Israel,BOS,air,lilies,flower,10,26,260,False,0,0.0,,
CON-20230505-9586,2023-05-05,Israel,MIA,maritime,sunflowers,flower,34,89,3026,False,0,0.0,,
CON-20240721-2856,2024-07-21,Colombia,SEA,land,seeds,propagative_material,31,23,713,False,0,0.0,3.0,2139.0
CON-20230927-6107,2023-09-27,Colombia,ATL,air,bulbs,propagative_material,19,99,1881,False,0,0.0,12.0,22572.0
CON-20230811-8699,2023-08-11,Ethiopia,SEA,maritime,seedlings,propagative_material,14,66,924,False,0,0.0,9.0,8316.0
CON-20240224-9892,2024-02-24,Colombia,JFK,land,tulips,flower,20,50,1000,False,0,0.0,,
CON-20230106-2487,2023-01-06,Israel,BOS,land,cuttings,propagative_material,1,25,25,False,0,0.0,16.0,400.0
CON-20230130-2857,2023-01-30,Mexico,LAX,maritime,chrysanthemums,flower,14,93,1302,False,0,0.0,,
CON-20230807-2439,2023-08-07,Colombia,MIA,maritime,saplings,propagative_material,6,95,570,False,0,0.0,15.0,8550.0
CON-20231122-1502,2023-11-22,Ecuador,JFK,air,daffodils,flower,23,64,1472,False,0,0.0,,
CON-20241027-8171,2024-10-27,Colombia,LAX,land,orchids,flower,9,61,549,False,0,0.0,,
CON-20230318-3826,2023-03-18,Costa Rica,MIA,maritime,grafts,propagative_material,18,36,648,False,0,0.0,10.0,6480.0
CON-20240429-3367,2024-04-29,Colombia,LAX,maritime,orchids,flower,43,60,2580,False,0,0.0,,
CON-20230510-5814,2023-05-10,Ethiopia,IAH,air,saplings,propagative_material,4,92,368,False,0,0.0,5.0,1840.0
CON-20240607-6696,2024-06-07,Colombia,LAX,maritime,daffodils,flower,4,38,152,False,0,0.0,,
CON-20230602-3406,2023-06-02,Colombia,DFW,land,cuttings,propagative_material,45,64,2880,False,0,0.0,3.0,8640.0
CON-20230921-8096,2023-09-21,Guatemala,ATL,maritime,lilies,flower,49,39,1911,False,0,0.0,,
CON-20240316-2694,2024-03-16,Ethiopia,DFW,air,saplings,propagative_material,21,92,1932,False,0,0.0,4.0,7728.0
CON-20230417-4966,2023-04-17,Kenya,BOS,land,seedlings,propagative_material,44,47,2068,False,0,0.0,4.0,8272.0
CON-20240904-6263,2024-09-04,Netherlands,BOS,land,seedlings,propagative_material,31,78,2418,False,0,0.0,15.0,36270.0
CON-20240724-6287,2024-07-24,Mexico,JFK,air,seeds,propagative_material,18,23,414,False,0,0.0,9.0,3726.0
CON-20240525-8680,2024-05-25,Ethiopia,BOS,maritime,bulbs,propagative_material,18,99,1782,False,0,0.0,8.0,14256.0
CON-20230407-2253,2023-04-07,Mexico,BOS,air,tulips,flower,10,56,560,False,0,0.0,,
CON-20230918-2353,2023-09-18,Guatemala,DFW,air,saplings,propagative_material,37,37,1369,False,0,0.0,4.0,5476.0
CON-20240212-6873,2024-02-12,Costa Rica,DFW,land,orchids,flower,42,12,504,False,0,0.0,,
CON-20241103-3509,2024-11-03,Ecuador,JFK,maritime,roses,flower,39,54,2106,False,0,0.0,,
CON-20231001-7499,2023-10-01,Costa Rica,LAX,land,carnations,flower,25,60,1500,False,0,0.0,,
CON-20230320-5413,2023-03-20,Kenya,MIA,maritime,chrysanthemums,flower,6,86,516,False,0,0.0,,
CON-20240514-9229,2024-05-14,Netherlands,SEA,air,tissue cultures,propagative_material,35,93,3255,False,0,0.0,7.0,22785.0
CON-20241114-3433,2024-11-14,Colombia,LAX,air,grafts,propagative_material,38,52,1976,False,0,0.0,6.0,11856.0
CON-20230709-1037,2023-07-09,Kenya,ORD,air,daffodils,flower,32,73,2336,False,0,0.0,,
CON-20240315-2902,2024-03-15,Kenya,IAH,maritime,grafts,propagative_material,12,98,1176,False,0,0.0,9.0,10584.0
CON-20230628-9059,2023-06-28,Colombia,ORD,maritime,sunflowers,flower,13,28,364,False,0,0.0,,
CON-20230704-4033,2023-07-04,Kenya,BOS,maritime,seedlings,propagative_material,20,29,580,True,5,0.008620689655172414,2.0,1160.0
CON-20230925-5710,2023-09-25,Guatemala,ORD,maritime,cuttings,propagative_material,42,75,3150,False,0,0.0,5.0,15750.0
CON-20231204-1035,2023-12-04,Israel,JFK,land,seedlings,propagative_material,22,38,836,False,0,0.0,19.0,15884.0
CON-20241201-7477,2024-12-01,Israel,DFW,land,sunflowers,flower,39,100,3900,False,0,0.0,,
CON-20230804-2630,2023-08-04,Ethiopia,MIA,maritime,tulips,flower,30,29,870,False,0,0.0,,
CON-20240819-2206,2024-08-19,Mexico,LAX,air,seeds,propagative_material,16,51,816,False,0,0.0,8.0,6528.0
CON-20230131-1726,2023-01-31,Kenya,JFK,air,tulips,flower,13,57,741,False,0,0.0,,
CON-20240813-3284,2024-08-13,Ecuador,ATL,maritime,orchids,flower,46,23,1058,False,0,0.0,,
CON-20230624-6271,2023-06-24,Ecuador,MIA,air,tissue cultures,propagative_material,31,41,1271,False,0,0.0,16.0,20336.0
CON-20240821-6787,2024-08-21,Netherlands,ATL,air,bulbs,propagative_material,31,11,341,False,0,0.0,18.0,6138.0
CON-20240506-4044,2024-05-06,Guatemala,IAH,air,seeds,propagative_material,15,24,360,False,0,0.0,5.0,1800.0
CON-20230107-4799,2023-01-07,Mexico,JFK,land,grafts,propagative_material,5,57,285,False,0,0.0,3.0,855.0
CON-20231004-5559,2023-10-04,Guatemala,IAH,maritime,tissue cultures,propagative_material,1,35,35,False,0,0.0,15.0,525.0
CON-20230409-5099,2023-04-09,Kenya,IAH,air,saplings,propagative_material,14,67,938,False,0,0.0,19.0,17822.0
CON-20231110-8999,2023-11-10,Ethiopia,SEA,air,tulips,flower,20,13,260,False,0,0.0,,
CON-20230827-4349,2023-08-27,Netherlands,JFK,maritime,tulips,flower,42,74,3108,False,0,0.0,,
CON-20230414-3935,2023-04-14,Ethiopia,IAH,land,saplings,propagative_material,33,13,429,False,0,0.0,19.0,8151.0
CON-20230301-3719,2023-03-01,Kenya,IAH,maritime,seedlings,propagative_material,35,45,1575,False,0,0.0,11.0,17325.0
CON-20231229-5829,2023-12-29,Costa Rica,BOS,land,grafts,propagative_material,5,57,285,False,0,0.0,4.0,1140.0
CON-20230204-9084,2023-02-04,Israel,ORD,air,roses,flower,25,62,1550,False,0,0.0,,
CON-20230827-2528,2023-08-27,Netherlands,SEA,air,seeds,propagative_material,37,18,666,False,0,0.0,4.0,2664.0
CON-20230814-2869,2023-08-14,Israel,DFW,land,tissue cultures,propagative_material,16,72,1152,False,0,0.0,7.0,8064.0
CON-20240514-4521,2024-05-14,Ethiopia,JFK,air,chrysanthemums,flower,30,11,330,False,0,0.0,,
CON-20240229-1833,2024-02-29,Guatemala,ORD,air,saplings,propagative_material,35,84,2940,False,0,0.0,1.0,2940.0
CON-20230513-5428,2023-05-13,Ethiopia,DFW,land,grafts,propagative_material,10,22,220,False,0,0.0,15.0,3300.0
CON-20240317-6263,2024-03-17,Ethiopia,MIA,maritime,sunflowers,flower,16,28,448,False,0,0.0,,
CON-20230518-8227,2023-05-18,Netherlands,SEA,maritime,cuttings,propagative_material,46,38,1748,False,0,0.0,20.0,34960.0
CON-20240406-8810,2024-04-06,Colombia,MIA,air,seedlings,propagative_material,47,14,658,False,0,0.0,18.0,11844.0
CON-20241213-7789,2024-12-13,Netherlands,ORD,maritime,roses,flower,35,22,770,False,0,0.0,,
CON-20231126-9824,2023-11-26,Costa Rica,ATL,maritime,tulips,flower,46,67,3082,False,0,0.0,,
CON-20231029-6923,2023-10-29,Colombia,BOS,maritime,seeds,propagative_material,21,43,903,False,0,0.0,3.0,2709.0
CON-20240510-7448,2024-05-10,Israel,DFW,maritime,roses,flower,37,32,1184,False,0,0.0,,
CON-20240903-5218,2024-09-03,Guatemala,DFW,land,seeds,propagative_material,2,19,38,False,0,0.0,3.0,114.0
CON-20241006-5175,2024-10-06,Ethiopia,JFK,maritime,grafts,propagative_material,41,71,2911,True,2,0.0006870491240123669,9.0,26199.0
CON-20240615-5813,2024-06-15,Mexico,DFW,maritime,roses,flower,4,11,44,False,0,0.0,,
CON-20241231-7308,2024-12-31,Netherlands,JFK,maritime,orchids,flower,23,42,966,False,0,0.0,,
CON-20240702-5621,2024-07-02,Costa Rica,ORD,maritime,tulips,flower,11,56,616,False,0,0.0,,
CON-20240210-2362,2024-02-10,Costa Rica,MIA,maritime,carnations,flower,21,66,1386,False,0,0.0,,
CON-20241214-9309,2024-12-14,Kenya,IAH,air,tulips,flower,48,20,960,False,0,0.0,,
CON-20230420-1981,2023-04-20,Colombia,MIA,land,tulips,flower,12,97,1164,False,0,0.0,,
CON-20240802-1352,2024-08-02,Costa Rica,LAX,maritime,roses,flower,20,40,800,False,0,0.0,,
CON-20230920-8933,2023-09-20,Guatemala,LAX,maritime,seedlings,propagative_material,28,97,2716,False,0,0.0,13.0,35308.0
CON-20230210-8513,2023-02-10,Kenya,LAX,land,saplings,propagative_material,11,99,1089,False,0,0.0,13.0,14157.0
CON-20240106-5792,2024-01-06,Guatemala,JFK,air,daffodils,flower,7,62,434,False,0,0.0,,
CON-20240305-3949,2024-03-05,Ethiopia,SEA,land,tulips,flower,49,92,4508,False,0,0.0,,
CON-20241111-4966,2024-11-11,Ethiopia,ATL,air,bulbs,propagative_material,33,18,594,False,0,0.0,15.0,8910.0
CON-20241130-3574,2024-11-30,Ecuador,ATL,land,sunflowers,flower,46,86,3956,False,0,0.0,,
CON-20230405-1327,2023-04-05,Guatemala,DFW,land,orchids,flower,34,83,2822,False,0,0.0,,
CON-20231214-5738,2023-12-14,Netherlands,ATL,maritime,daffodils,flower,16,84,1344,False,0,0.0,,
CON-20240727-8820,2024-07-27,Costa Rica,IAH,maritime,seedlings,propagative_material,31,41,1271,False,0,0.0,14.0,17794.0
CON-20240408-6744,2024-04-08,Ethiopia,BOS,air,cuttings,propagative_material,16,45,720,False,0,0.0,4.0,2880.0
CON-20230506-8234,2023-05-06,Colombia,IAH,maritime,carnations,flower,35,83,2905,False,0,0.0,,
CON-20240311-2974,2024-03-11,Mexico,BOS,maritime,roses,flower,45,88,3960,False,0,0.0,,
CON-20240125-4450,2024-01-25,Kenya,DFW,air,carnations,flower,22,83,1826,False,0,0.0,,
CON-20240816-8331,2024-08-16,Colombia,BOS,maritime,roses,flower,34,55,1870,False,0,0.0,,
CON-20241005-7810,2024-10-05,Israel,LAX,air,daffodils,flower,47,37,1739,False,0,0.0,,
CON-20231107-2818,2023-11-07,Guatemala,JFK,land,sunflowers,flower,31,71,2201,False,0,0.0,,
CON-20240406-1299,2024-04-06,Ethiopia,JFK,maritime,roses,flower,9,56,504,False,0,0.0,,
CON-20231016-9818,2023-10-16,Colombia,DFW,maritime,orchids,flower,3,91,273,False,0,0.0,,
CON-20230516-5376,2023-05-16,Israel,BOS,maritime,daffodils,flower,41,37,1517,False,0,0.0,,
CON-20231211-4965,2023-12-11,Costa Rica,ATL,maritime,sunflowers,flower,25,96,2400,False,0,0.0,,
CON-20230104-1161,2023-01-04,Israel,ATL,air,roses,flower,37,53,1961,False,0,0.0,,
CON-20240426-3341,2024-04-26,Guatemala,MIA,maritime,tissue cultures,propagative_material,41,100,4100,False,0,0.0,16.0,65600.0
CON-20240603-5467,2024-06-03,Mexico,DFW,land,roses,flower,46,81,3726,False,0,0.0,,
CON-20230124-4070,2023-01-24,Ecuador,SEA,maritime,grafts,propagative_material,28,88,2464,False,0,0.0,15.0,36960.0
CON-20240707-5677,2024-07-07,Mexico,ATL,maritime,seedlings,propagative_material,50,86,4300,False,0,0.0,7.0,30100.0
CON-20240508-9122,2024-05-08,Israel,JFK,air,chrysanthemums,flower,28,55,1540,False,0,0.0,,
CON-20230523-2058,2023-05-23,Guatemala,IAH,maritime,sunflowers,flower,7,63,441,False,0,0.0,,
CON-20241127-3844,2024-11-27,Colombia,SEA,air,tulips,flower,2,97,194,False,0,0.0,,
CON-20230206-8805,2023-02-06,Israel,MIA,maritime,grafts,propagative_material,39,19,741,False,0,0.0,17.0,12597.0
CON-20240605-1346,2024-06-05,Netherlands,BOS,land,bulbs,propagative_material,4,71,284,False,0,0.0,17.0,4828.0
CON-20231112-3913,2023-11-12,Colombia,ORD,air,bulbs,propagative_material,14,71,994,False,0,0.0,14.0,13916.0
CON-20231016-6774,2023-10-16,Ecuador,ATL,land,tissue cultures,propagative_material,1,21,21,False,0,0.0,20.0,420.0
CON-20241211-1645,2024-12-11,Colombia,LAX,land,tissue cultures,propagative_material,20,63,1260,False,0,0.0,8.0,10080.0
CON-20230609-6716,2023-06-09,Colombia,LAX,land,chrysanthemums,flower,17,65,1105,False,0,0.0,,
CON-20230529-1975,2023-05-29,Colombia,LAX,land,saplings,propagative_material,13,39,507,False,0,0.0,12.0,6084.0
CON-20240319-5752,2024-03-19,Mexico,SEA,land,carnations,flower,14,83,1162,False,0,0.0,,
CON-20230801-9681,2023-08-01,Kenya,IAH,land,tulips,flower,44,46,2024,False,0,0.0,,
CON-20230906-6316,2023-09-06,Costa Rica,ATL,maritime,sunflowers,flower,16,49,784,False,0,0.0,,
CON-20230703-8437,2023-07-03,Netherlands,ORD,air,sunflowers,flower,9,97,873,False,0,0.0,,
CON-20230612-7955,2023-06-12,Kenya,LAX,maritime,roses,flower,22,55,1210,False,0,0.0,,
CON-20241101-8559,2024-11-01,Guatemala,MIA,maritime,lilies,flower,45,69,3105,False,0,0.0,,
CON-20240606-8248,2024-06-06,Guatemala,ORD,land,chrysanthemums,flower,11,77,847,False,0,0.0,,
CON-20240506-2367,2024-05-06,Ecuador,IAH,maritime,sunflowers,flower,35,59,2065,False,0,0.0,,
CON-20240329-7240,2024-03-29,Netherlands,ATL,air,carnations,flower,39,58,2262,False,0,0.0,,
CON-20231016-9417,2023-10-16,Israel,MIA,land,seedlings,propagative_material,21,72,1512,False,0,0.0,2.0,3024.0
CON-20230121-2675,2023-01-21,Ecuador,JFK,maritime,chrysanthemums,flower,46,11,506,False,0,0.0,,
CON-20231014-3949,2023-10-14,Colombia,MIA,land,saplings,propagative_material,45,41,1845,False,0,0.0,14.0,25830.0
CON-20230413-2293,2023-04-13,Israel,BOS,land,daffodils,flower,15,55,825,False,0,0.0,,
CON-20230306-7051,2023-03-06,Kenya,DFW,air,seeds,propagative_material,8,51,408,False,0,0.0,13.0,5304.0
CON-20230813-2074,2023-08-13,Guatemala,ORD,air,roses,flower,45,15,675,False,0,0.0,,
CON-20230715-9186,2023-07-15,Guatemala,ATL,land,grafts,propagative_material,24,63,1512,False,0,0.0,8.0,12096.0
CON-20241223-8881,2024-12-23,Netherlands,MIA,air,lilies,flower,30,37,1110,False,0,0.0,,
CON-20230411-3589,2023-04-11,Netherlands,LAX,air,carnations,flower,27,30,810,False,0,0.0,,
CON-20230101-5422,2023-01-01,Ecuador,ATL,air,chrysanthemums,flower,14,77,1078,False,0,0.0,,
CON-20230625-1678,2023-06-25,Mexico,SEA,air,chrysanthemums,flower,18,41,738,False,0,0.0,,
CON-20230307-2358,2023-03-07,Ethiopia,BOS,air,saplings,propagative_material,3,48,144,False,0,0.0,11.0,1584.0
CON-20230426-4121,2023-04-26,Kenya,LAX,land,daffodils,flower,4,29,116,False,0,0.0,,
CON-20240913-9231,2024-09-13,Ethiopia,BOS,maritime,daffodils,flower,4,51,204,False,0,0.0,,
CON-20231121-6072,2023-11-21,Israel,SEA,air,tulips,flower,1,44,44,False,0,0.0,,
CON-20240201-9061,2024-02-01,Mexico,ATL,air,daffodils,flower,49,24,1176,False,0,0.0,,
CON-20240614-2897,2024-06-14,Israel,ATL,air,grafts,propagative_material,50,73,3650,False,0,0.0,10.0,36500.0
CON-20240127-9179,2024-01-27,Costa Rica,IAH,air,cuttings,propagative_material,36,12,432,False,0,0.0,11.0,4752.0
CON-20240724-6342,2024-07-24,Israel,BOS,air,grafts,propagative_material,32,80,2560,False,0,0.0,2.0,5120.0
CON-20231024-5269,2023-10-24,Ethiopia,ATL,land,cuttings,propagative_material,18,27,486,False,0,0.0,5.0,2430.0
CON-20230120-3029,2023-01-20,Mexico,BOS,land,seedlings,propagative_material,23,15,345,False,0,0.0,8.0,2760.0
CON-20240301-8278,2024-03-01,Guatemala,IAH,land,grafts,propagative_material,33,42,1386,False,0,0.0,2.0,2772.0
CON-20230306-1091,2023-03-06,Ethiopia,MIA,maritime,chrysanthemums,flower,19,29,551,False,0,0.0,,
CON-20240705-9763,2024-07-05,Guatemala,SEA,land,grafts,propagative_material,42,11,462,False,0,0.0,3.0,1386.0
CON-20240104-8659,2024-01-04,Ethiopia,ORD,maritime,carnations,flower,43,38,1634,False,0,0.0,,
CON-20230418-2368,2023-04-18,Mexico,SEA,land,cuttings,propagative_material,17,25,425,False,0,0.0,11.0,4675.0
CON-20240318-2816,2024-03-18,Netherlands,JFK,maritime,seeds,propagative_material,45,68,3060,False,0,0.0,18.0,55080.0
CON-20240429-6940,2024-04-29,Netherlands,JFK,maritime,carnations,flower,33,46,1518,False,0,0.0,,
CON-20240626-8997,2024-06-26,Guatemala,SEA,air,sunflowers,flower,31,15,465,False,0,0.0,,
CON-20230613-2922,2023-06-13,Ecuador,LAX,land,tissue cultures,propagative_material,49,39,1911,False,0,0.0,9.0,17199.0
CON-20240829-3895,2024-08-29,Kenya,JFK,land,seeds,propagative_material,24,30,720,False,0,0.0,12.0,8640.0
CON-20230720-9583,2023-07-20,Guatemala,IAH,air,sunflowers,flower,18,98,1764,False,0,0.0,,
CON-20230216-7407,2023-02-16,Colombia,MIA,land,orchids,flower,19,98,1862,False,0,0.0,,
CON-20230403-7635,2023-04-03,Costa Rica,IAH,air,seedlings,propagative_material,50,31,1550,False,0,0.0,5.0,7750.0
CON-20240229-3436,2024-02-29,Netherlands,IAH,air,seedlings,propagative_material,1,81,81,False,0,0.0,12.0,972.0
CON-20240218-4947,2024-02-18,Guatemala,JFK,air,seedlings,propagative_material,4,93,372,False,0,0.0,15.0,5580.0
CON-20231212-7206,2023-12-12,Netherlands,ORD,maritime,chrysanthemums,flower,21,25,525,False,0,0.0,,
CON-20240228-7497,2024-02-28,Colombia,SEA,land,tissue cultures,propagative_material,26,54,1404,False,0,0.0,7.0,9828.0
CON-20240104-3364,2024-01-04,Mexico,JFK,air,saplings,propagative_material,25,75,1875,False,0,0.0,2.0,3750.0
CON-20231010-5394,2023-10-10,Ecuador,MIA,maritime,roses,flower,36,12,432,False,0,0.0,,
CON-20240419-2587,2024-04-19,Netherlands,BOS,land,saplings,propagative_material,42,81,3402,False,0,0.0,18.0,61236.0
CON-20230227-9845,2023-02-27,Kenya,ATL,air,seedlings,propagative_material,1,65,65,False,0,0.0,10.0,650.0
CON-20241229-2015,2024-12-29,Costa Rica,ATL,air,seeds,propagative_material,49,10,490,False,0,0.0,8.0,3920.0
CON-20241226-5013,2024-12-26,Israel,SEA,air,roses,flower,25,45,1125,False,0,0.0,,
CON-20230106-6159,2023-01-06,Guatemala,DFW,land,orchids,flower,30,88,2640,False,0,0.0,,
CON-20230927-1386,2023-09-27,Costa Rica,ORD,air,roses,flower,9,72,648,False,0,0.0,,
CON-20230927-1782,2023-09-27,Ecuador,BOS,maritime,chrysanthemums,flower,13,10,130,False,0,0.0,,
CON-20240930-9882,2024-09-30,Israel,JFK,air,sunflowers,flower,22,48,1056,False,0,0.0,,
CON-20231017-9364,2023-10-17,Costa Rica,JFK,land,grafts,propagative_material,20,13,260,False,0,0.0,6.0,1560.0
CON-20240331-7069,2024-03-31,Costa Rica,DFW,air,cuttings,propagative_material,21,38,798,False,0,0.0,5.0,3990.0
CON-20231124-5143,2023-11-24,Costa Rica,DFW,air,roses,flower,8,34,272,False,0,0.0,,
CON-20240324-2972,2024-03-24,Guatemala,LAX,air,tulips,flower,1,56,56,False,0,0.0,,
CON-20240609-2668,2024-06-09,Costa Rica,ATL,air,cuttings,propagative_material,48,21,1008,False,0,0.0,5.0,5040.0
CON-20230922-8009,2023-09-22,Netherlands,JFK,maritime,cuttings,propagative_material,48,57,2736,False,0,0.0,19.0,51984.0
CON-20240429-5345,2024-04-29,Kenya,ORD,air,carnations,flower,50,58,2900,False,0,0.0,,
CON-20240421-3919,2024-04-21,Guatemala,ORD,land,seeds,propagative_material,37,29,1073,False,0,0.0,7.0,7511.0
CON-20240111-3436,2024-01-11,Netherlands,SEA,air,lilies,flower,27,15,405,False,0,0.0,,
CON-20240503-6127,2024-05-03,Ethiopia,LAX,air,tissue cultures,propagative_material,20,88,1760,False,0,0.0,18.0,31680.0
CON-20240203-8004,2024-02-03,Colombia,ORD,maritime,lilies,flower,28,48,1344,False,0,0.0,,
CON-20241104-5586,2024-11-04,Israel,ORD,air,tulips,flower,45,86,3870,False,0,0.0,,
CON-20230501-2783,2023-05-01,Israel,SEA,land,roses,flower,49,79,3871,False,0,0.0,,
CON-20230827-8846,2023-08-27,Ethiopia,SEA,land,tissue cultures,propagative_material,29,89,2581,False,0,0.0,14.0,36134.0
CON-20230217-4443,2023-02-17,Kenya,ORD,land,bulbs,propagative_material,1,45,45,False,0,0.0,8.0,360.0
CON-20241008-3378,2024-10-08,Kenya,IAH,land,seeds,propagative_material,43,82,3526,False,0,0.0,11.0,38786.0
CON-20230117-9950,2023-01-17,Netherlands,MIA,maritime,roses,flower,2,49,98,False,0,0.0,,
CON-20240611-7368,2024-06-11,Mexico,SEA,maritime,sunflowers,flower,3,73,219,False,0,0.0,,
CON-20231119-1474,2023-11-19,Netherlands,MIA,maritime,daffodils,flower,28,35,980,False,0,0.0,,
CON-20230718-3412,2023-07-18,Israel,ORD,maritime,saplings,propagative_material,36,77,2772,False,0,0.0,7.0,19404.0
CON-20240416-5826,2024-04-16,Kenya,JFK,land,seeds,propagative_material,39,84,3276,False,0,0.0,15.0,49140.0
CON-20241204-7490,2024-12-04,Guatemala,JFK,land,tulips,flower,7,77,539,False,0,0.0,,
CON-20240730-3848,2024-07-30,Ecuador,LAX,air,lilies,flower,26,68,1768,False,0,0.0,,
CON-20240711-7536,2024-07-11,Costa Rica,LAX,maritime,roses,flower,1,58,58,False,0,0.0,,
CON-20230613-9917,2023-06-13,Costa Rica,IAH,air,roses,flower,20,30,600,False,0,0.0,,
CON-20240530-3198,2024-05-30,Ethiopia,SEA,maritime,grafts,propagative_material,35,19,665,False,0,0.0,6.0,3990.0
CON-20240917-2020,2024-09-17,Ethiopia,LAX,land,sunflowers,flower,1,37,37,False,0,0.0,,
CON-20240726-5234,2024-07-26,Costa Rica,ORD,maritime,tissue cultures,propagative_material,35,54,1890,False,0,0.0,9.0,17010.0
CON-20240810-5177,2024-08-10,Costa Rica,BOS,land,saplings,propagative_material,18,78,1404,False,0,0.0,14.0,19656.0
CON-20241209-4547,2024-12-09,Israel,IAH,maritime,carnations,flower,25,17,425,False,0,0.0,,
CON-20230131-6245,2023-01-31,Colombia,IAH,land,daffodils,flower,48,63,3024,False,0,0.0,,
CON-20241017-8293,2024-10-17,Guatemala,ATL,air,tissue cultures,propagative_material,32,81,2592,True,4,0.0015432098765432098,17.0,44064.0
CON-20230904-9616,2023-09-04,Ecuador,DFW,land,chrysanthemums,flower,9,63,567,False,0,0.0,,
CON-20231022-2612,2023-10-22,Costa Rica,BOS,air,cuttings,propagative_material,21,72,1512,False,0,0.0,8.0,12096.0
CON-20230321-7352,2023-03-21,Guatemala,ORD,land,carnations,flower,8,71,568,False,0,0.0,,
CON-20240831-9139,2024-08-31,Ecuador,ATL,maritime,orchids,flower,16,35,560,False,0,0.0,,
CON-20230820-8122,2023-08-20,Costa Rica,MIA,maritime,cuttings,propagative_material,42,88,3696,False,0,0.0,5.0,18480.0
CON-20230115-1222,2023-01-15,Netherlands,IAH,maritime,orchids,flower,46,61,2806,False,0,0.0,,
CON-20240404-8959,2024-04-04,Colombia,DFW,maritime,daffodils,flower,25,27,675,False,0,0.0,,
CON-20231218-3452,2023-12-18,Costa Rica,DFW,maritime,cuttings,propagative_material,22,94,2068,False,0,0.0,9.0,18612.0
CON-20240216-1898,2024-02-16,Israel,IAH,maritime,carnations,flower,40,32,1280,False,0,0.0,,
CON-20240306-2620,2024-03-06,Guatemala,MIA,air,orchids,flower,3,65,195,False,0,0.0,,
CON-20230822-9807,2023-08-22,Israel,ATL,air,grafts,propagative_material,46,39,1794,False,0,0.0,17.0,30498.0
CON-20230519-9597,2023-05-19,Kenya,ORD,land,saplings,propagative_material,35,95,3325,False,0,0.0,13.0,43225.0
CON-20241024-4059,2024-10-24,Ecuador,MIA,maritime,daffodils,flower,42,74,3108,False,0,0.0,,
CON-20230303-1848,2023-03-03,Mexico,SEA,air,cuttings,propagative_material,26,57,1482,False,0,0.0,18.0,26676.0
CON-20241029-3386,2024-10-29,Ethiopia,ORD,maritime,seedlings,propagative_material,20,84,1680,False,0,0.0,16.0,26880.0
CON-20241025-8011,2024-10-25,Kenya,DFW,air,roses,flower,4,19,76,False,0,0.0,,
CON-20241013-1594,2024-10-13,Mexico,ATL,maritime,tissue cultures,propagative_material,28,19,532,False,0,0.0,19.0,10108.0
CON-20240903-6293,2024-09-03,Colombia,JFK,air,grafts,propagative_material,26,55,1430,False,0,0.0,10.0,14300.0
CON-20230912-5403,2023-09-12,Israel,ATL,land,seeds,propagative_material,7,70,490,False,0,0.0,13.0,6370.0
CON-20231102-3138,2023-11-02,Ecuador,BOS,land,saplings,propagative_material,1,92,92,False,0,0.0,11.0,1012.0
CON-20241203-7744,2024-12-03,Costa Rica,IAH,maritime,seeds,propagative_material,32,35,1120,False,0,0.0,13.0,14560.0
CON-20230419-7619,2023-04-19,Israel,SEA,land,seedlings,propagative_material,29,17,493,False,0,0.0,3.0,1479.0
CON-20230807-1367,2023-08-07,Colombia,BOS,air,roses,flower,41,28,1148,False,0,0.0,,
CON-20230601-6023,2023-06-01,Mexico,ATL,air,daffodils,flower,17,41,697,False,0,0.0,,
CON-20240317-9033,2024-03-17,Mexico,DFW,air,roses,flower,21,34,714,False,0,0.0,,
CON-20240226-6773,2024-02-26,Ethiopia,LAX,air,bulbs,propagative_material,33,57,1881,False,0,0.0,7.0,13167.0
CON-20240525-9086,2024-05-25,Costa Rica,IAH,land,tulips,flower,39,91,3549,False,0,0.0,,
CON-20230924-9673,2023-09-24,Israel,MIA,air,seedlings,propagative_material,23,51,1173,False,0,0.0,6.0,7038.0
CON-20240213-3193,2024-02-13,Kenya,JFK,air,lilies,flower,2,94,188,False,0,0.0,,
CON-20231013-3383,2023-10-13,Guatemala,BOS,land,orchids,flower,15,39,585,False,0,0.0,,
CON-20240412-1881,2024-04-12,Ethiopia,DFW,land,sunflowers,flower,45,92,4140,False,0,0.0,,
CON-20230513-8877,2023-05-13,Ethiopia,BOS,maritime,daffodils,flower,47,45,2115,False,0,0.0,,
CON-20241108-2220,2024-11-08,Ecuador,IAH,air,chrysanthemums,flower,37,11,407,False,0,0.0,,
CON-20240809-3704,2024-08-09,Netherlands,JFK,land,orchids,flower,19,32,608,False,0,0.0,,
CON-20241013-7941,2024-10-13,Kenya,LAX,maritime,carnations,flower,8,26,208,False,0,0.0,,
CON-20240910-2170,2024-09-10,Israel,IAH,maritime,roses,flower,50,33,1650,False,0,0.0,,
CON-20240108-4745,2024-01-08,Netherlands,DFW,land,chrysanthemums,flower,24,77,1848,False,0,0.0,,
CON-20231225-5345,2023-12-25,Ethiopia,DFW,maritime,seedlings,propagative_material,10,38,380,False,0,0.0,9.0,3420.0
CON-20230128-4921,2023-01-28,Netherlands,BOS,land,grafts,propagative_material,42,37,1554,False,0,0.0,19.0,29526.0
CON-20231127-8742,2023-11-27,Israel,ATL,air,orchids,flower,21,89,1869,False,0,0.0,,
CON-20240619-3989,2024-06-19,Kenya,LAX,air,seeds,propagative_material,41,22,902,False,0,0.0,13.0,11726.0
CON-20241106-9277,2024-11-06,Ethiopia,MIA,air,cuttings,propagative_material,17,43,731,False,0,0.0,19.0,13889.0
CON-20240411-8273,2024-04-11,Kenya,BOS,land,grafts,propagative_material,4,57,228,False,0,0.0,1.0,228.0
CON-20240216-7630,2024-02-16,Israel,JFK,land,grafts,propagative_material,43,37,1591,False,0,0.0,6.0,9546.0
CON-20240313-9126,2024-03-13,Ethiopia,ORD,air,sunflowers,flower,10,10,100,False,0,0.0,,
CON-20240517-4958,2024-05-17,Costa Rica,JFK,maritime,grafts,propagative_material,33,89,2937,False,0,0.0,15.0,44055.0
CON-20241110-8121,2024-11-10,Costa Rica,BOS,maritime,carnations,flower,45,93,4185,False,0,0.0,,
CON-20230422-9934,2023-04-22,Kenya,SEA,land,tulips,flower,18,44,792,False,0,0.0,,
CON-20240408-1292,2024-04-08,Kenya,IAH,maritime,tissue cultures,propagative_material,11,61,671,False,0,0.0,4.0,2684.0
CON-20231120-9902,2023-11-20,Mexico,DFW,air,carnations,flower,31,46,1426,False,0,0.0,,
CON-20241020-8306,2024-10-20,Guatemala,LAX,maritime,lilies,flower,13,36,468,False,0,0.0,,
CON-20230807-7930,2023-08-07,Kenya,LAX,land,sunflowers,flower,22,59,1298,False,0,0.0,,
CON-20240105-1710,2024-01-05,Colombia,BOS,maritime,bulbs,propagative_material,8,12,96,False,0,0.0,6.0,576.0
CON-20231112-3051,2023-11-12,Guatemala,IAH,maritime,sunflowers,flower,4,10,40,False,0,0.0,,
CON-20241029-1045,2024-10-29,Israel,ORD,land,saplings,propagative_material,42,63,2646,False,0,0.0,11.0,29106.0
CON-20240904-3748,2024-09-04,Kenya,BOS,maritime,bulbs,propagative_material,47,81,3807,False,0,0.0,16.0,60912.0
CON-20230703-6700,2023-07-03,Ethiopia,SEA,air,sunflowers,flower,21,34,714,False,0,0.0,,
CON-20240705-8308,2024-07-05,Ecuador,ATL,air,carnations,flower,43,13,559,False,0,0.0,,
CON-20241028-2884,2024-10-28,Kenya,LAX,maritime,orchids,flower,42,87,3654,False,0,0.0,,
CON-20241125-5553,2024-11-25,Mexico,ATL,maritime,carnations,flower,41,43,1763,False,0,0.0,,
CON-20240402-4744,2024-04-02,Netherlands,MIA,maritime,saplings,propagative_material,23,67,1541,False,0,0.0,14.0,21574.0
CON-20241024-9874,2024-10-24,Costa Rica,DFW,air,roses,flower,21,96,2016,False,0,0.0,,
CON-20241023-9704,2024-10-23,Ecuador,DFW,air,saplings,propagative_material,2,34,68,False,0,0.0,14.0,952.0
CON-20240503-7115,2024-05-03,Guatemala,MIA,air,chrysanthemums,flower,18,45,810,False,0,0.0,,
CON-20240926-1156,2024-09-26,Mexico,SEA,air,daffodils,flower,47,68,3196,False,0,0.0,,
CON-20231004-7425,2023-10-04,Colombia,DFW,air,cuttings,propagative_material,1,20,20,True,3,0.15,12.0,240.0
CON-20241212-7468,2024-12-12,Israel,BOS,maritime,sunflowers,flower,24,63,1512,False,0,0.0,,
CON-20230523-6530,2023-05-23,Israel,BOS,air,sunflowers,flower,20,20,400,False,0,0.0,,
CON-20231129-1893,2023-11-29,Netherlands,SEA,land,saplings,propagative_material,49,29,1421,False,0,0.0,20.0,28420.0
CON-20230710-7851,2023-07-10,Ethiopia,SEA,land,cuttings,propagative_material,45,72,3240,False,0,0.0,4.0,12960.0
CON-20240418-5855,2024-04-18,Mexico,DFW,air,saplings,propagative_material,1,51,51,False,0,0.0,6.0,306.0
CON-20241227-2022,2024-12-27,Costa Rica,JFK,maritime,seedlings,propagative_material,27,29,783,False,0,0.0,19.0,14877.0
CON-20230227-7509,2023-02-27,Mexico,LAX,maritime,chrysanthemums,flower,4,65,260,False,0,0.0,,
CON-20240415-2959,2024-04-15,Netherlands,ORD,maritime,cuttings,propagative_material,37,17,629,False,0,0.0,15.0,9435.0
CON-20240317-7756,2024-03-17,Guatemala,BOS,land,seeds,propagative_material,39,83,3237,False,0,0.0,15.0,48555.0
CON-20230219-3436,2023-02-19,Netherlands,SEA,land,orchids,flower,40,63,2520,False,0,0.0,,
CON-20230119-9833,2023-01-19,Ecuador,IAH,air,orchids,flower,46,70,3220,False,0,0.0,,
CON-20230920-9700,2023-09-20,Costa Rica,IAH,air,grafts,propagative_material,23,89,2047,False,0,0.0,13.0,26611.0
CON-20240402-8213,2024-04-02,Costa Rica,SEA,air,carnations,flower,45,39,1755,True,1,0.0005698005698005698,,
CON-20240514-4185,2024-05-14,Colombia,DFW,maritime,tulips,flower,2,24,48,False,0,0.0,,
CON-20230605-9550,2023-06-05,Kenya,SEA,maritime,seeds,propagative_material,21,58,1218,False,0,0.0,3.0,3654.0
CON-20230613-2950,2023-06-13,Ethiopia,JFK,land,cuttings,propagative_material,49,61,2989,False,0,0.0,8.0,23912.0
CON-20231130-4549,2023-11-30,Guatemala,LAX,maritime,tissue cultures,propagative_material,18,95,1710,False,0,0.0,4.0,6840.0
CON-20230830-2027,2023-08-30,Israel,SEA,land,chrysanthemums,flower,15,25,375,False,0,0.0,,
CON-20230318-8210,2023-03-18,Israel,LAX,land,grafts,propagative_material,38,12,456,False,0,0.0,20.0,9120.0
CON-20231109-9951,2023-11-09,Netherlands,ATL,maritime,orchids,flower,4,54,216,False,0,0.0,,
CON-20240911-2525,2024-09-11,Colombia,DFW,air,tissue cultures,propagative_material,17,29,493,False,0,0.0,3.0,1479.0
CON-20240902-7978,2024-09-02,Ecuador,SEA,land,seeds,propagative_material,40,74,2960,False,0,0.0,2.0,5920.0
CON-20231026-7369,2023-10-26,Mexico,IAH,air,chrysanthemums,flower,28,91,2548,False,0,0.0,,
CON-20240422-1032,2024-04-22,Colombia,LAX,maritime,saplings,propagative_material,39,45,1755,False,0,0.0,14.0,24570.0
CON-20230131-1190,2023-01-31,Guatemala,JFK,land,tulips,flower,36,29,1044,False,0,0.0,,
CON-20241229-1548,2024-12-29,Ethiopia,BOS,maritime,sunflowers,flower,12,46,552,False,0,0.0,,
CON-20230327-2513,2023-03-27,Kenya,JFK,air,chrysanthemums,flower,48,76,3648,False,0,0.0,,
CON-20240725-5976,2024-07-25,Guatemala,DFW,land,carnations,flower,50,29,1450,False,0,0.0,,
CON-20241022-6672,2024-10-22,Guatemala,SEA,maritime,tissue cultures,propagative_material,18,85,1530,False,0,0.0,17.0,26010.0
CON-20230319-7611,2023-03-19,Kenya,MIA,maritime,seeds,propagative_material,1,27,27,False,0,0.0,8.0,216.0
CON-20230518-8757,2023-05-18,Kenya,ATL,land,grafts,propagative_material,49,72,3528,False,0,0.0,2.0,7056.0
CON-20231110-6904,2023-11-10,Costa Rica,DFW,land,grafts,propagative_material,33,32,1056,False,0,0.0,12.0,12672.0
CON-20231012-1068,2023-10-12,Ethiopia,ORD,land,carnations,flower,6,40,240,False,0,0.0,,
CON-20241025-2632,2024-10-25,Colombia,LAX,maritime,sunflowers,flower,26,87,2262,False,0,0.0,,
CON-20240929-4355,2024-09-29,Israel,LAX,air,tulips,flower,16,30,480,False,0,0.0,,
CON-20240531-6236,2024-05-31,Guatemala,DFW,air,tissue cultures,propagative_material,32,41,1312,False,0,0.0,6.0,7872.0
CON-20230814-2572,2023-08-14,Israel,MIA,land,cuttings,propagative_material,16,42,672,False,0,0.0,7.0,4704.0
CON-20240318-4648,2024-03-18,Israel,BOS,land,daffodils,flower,11,80,880,True,4,0.004545454545454545,,
CON-20240306-1725,2024-03-06,Israel,JFK,air,tulips,flower,50,51,2550,False,0,0.0,,
CON-20240919-9509,2024-09-19,Ethiopia,IAH,air,roses,flower,31,96,2976,False,0,0.0,,
CON-20231222-8402,2023-12-22,Mexico,MIA,maritime,carnations,flower,37,34,1258,False,0,0.0,,
CON-20241007-9578,2024-10-07,Netherlands,SEA,air,sunflowers,flower,47,37,1739,False,0,0.0,,
CON-20240705-4323,2024-07-05,Netherlands,DFW,maritime,saplings,propagative_material,44,27,1188,False,0,0.0,3.0,3564.0
CON-20230121-8360,2023-01-21,Mexico,BOS,maritime,seeds,propagative_material,24,35,840,False,0,0.0,1.0,840.0
CON-20231020-9926,2023-10-20,Kenya,ATL,air,sunflowers,flower,22,58,1276,False,0,0.0,,
CON-20240514-8742,2024-05-14,Costa Rica,SEA,air,bulbs,propagative_material,29,85,2465,False,0,0.0,1.0,2465.0
CON-20231207-2232,2023-12-07,Costa Rica,JFK,land,tissue cultures,propagative_material,12,79,948,False,0,0.0,6.0,5688.0
CON-20240918-4199,2024-09-18,Ecuador,ORD,land,tulips,flower,29,98,2842,False,0,0.0,,
CON-20231023-7282,2023-10-23,Guatemala,SEA,maritime,chrysanthemums,flower,11,90,990,False,0,0.0,,
CON-20230113-5404,2023-01-13,Ecuador,MIA,air,saplings,propagative_material,18,62,1116,False,0,0.0,5.0,5580.0
CON-20240614-7161,2024-06-14,Mexico,LAX,air,grafts,propagative_material,5,81,405,False,0,0.0,2.0,810.0
CON-20240905-9671,2024-09-05,Mexico,ORD,land,tulips,flower,5,14,70,False,0,0.0,,
CON-20230605-9459,2023-06-05,Kenya,IAH,land,seeds,propagative_material,25,28,700,False,0,0.0,13.0,9100.0
CON-20230709-2733,2023-07-09,Netherlands,ATL,land,tulips,flower,45,73,3285,False,0,0.0,,
CON-20241028-6456,2024-10-28,Netherlands,ORD,maritime,seedlings,propagative_material,1,56,56,False,0,0.0,14.0,784.0
CON-20230205-3754,2023-02-05,Ecuador,DFW,land,orchids,flower,5,27,135,False,0,0.0,,
CON-20240921-9503,2024-09-21,Costa Rica,IAH,land,seedlings,propagative_material,36,75,2700,False,0,0.0,13.0,35100.0
CON-20230404-3857,2023-04-04,Netherlands,IAH,air,grafts,propagative_material,7,46,322,False,0,0.0,7.0,2254.0
CON-20240228-9283,2024-02-28,Mexico,JFK,air,tissue cultures,propagative_material,42,52,2184,False,0,0.0,10.0,21840.0
CON-20240514-9099,2024-05-14,Ethiopia,ATL,air,saplings,propagative_material,8,35,280,False,0,0.0,16.0,4480.0
CON-20230818-9262,2023-08-18,Mexico,ORD,land,seedlings,propagative_material,38,19,722,False,0,0.0,2.0,1444.0
CON-20231101-8998,2023-11-01,Ethiopia,ORD,land,seeds,propagative_material,50,85,4250,False,0,0.0,11.0,46750.0
CON-20230925-1539,2023-09-25,Mexico,IAH,land,seeds,propagative_material,36,25,900,False,0,0.0,3.0,2700.0
CON-20240418-2716,2024-04-18,Costa Rica,BOS,maritime,tissue cultures,propagative_material,6,98,588,False,0,0.0,4.0,2352.0
CON-20240925-3148,2024-09-25,Ecuador,SEA,maritime,orchids,flower,25,10,250,False,0,0.0,,
CON-20230315-5005,2023-03-15,Kenya,LAX,air,chrysanthemums,flower,29,12,348,False,0,0.0,,
CON-20240622-3732,2024-06-22,Ecuador,BOS,maritime,saplings,propagative_material,6,78,468,False,0,0.0,1.0,468.0
CON-20230925-3743,2023-09-25,Mexico,ORD,air,grafts,propagative_material,23,26,598,False,0,0.0,13.0,7774.0
CON-20230416-1696,2023-04-16,Colombia,IAH,land,tissue cultures,propagative_material,23,38,874,False,0,0.0,1.0,874.0
CON-20241105-3783,2024-11-05,Colombia,BOS,land,saplings,propagative_material,21,18,378,False,0,0.0,5.0,1890.0
CON-20230119-3893,2023-01-19,Kenya,IAH,land,bulbs,propagative_material,43,67,2881,False,0,0.0,1.0,2881.0
CON-20231116-7349,2023-11-16,Costa Rica,LAX,land,seeds,propagative_material,49,45,2205,False,0,0.0,3.0,6615.0
CON-20240421-5625,2024-04-21,Kenya,SEA,air,carnations,flower,32,30,960,False,0,0.0,,
CON-20241231-6748,2024-12-31,Israel,JFK,land,grafts,propagative_material,48,36,1728,False,0,0.0,8.0,13824.0
CON-20230128-6332,2023-01-28,Kenya,ORD,maritime,grafts,propagative_material,46,33,1518,False,0,0.0,3.0,4554.0
CON-20231006-6950,2023-10-06,Netherlands,ATL,land,chrysanthemums,flower,32,41,1312,False,0,0.0,,
CON-20230731-8260,2023-07-31,Colombia,DFW,air,seedlings,propagative_material,9,13,117,False,0,0.0,7.0,819.0
CON-20230101-6537,2023-01-01,Netherlands,MIA,maritime,orchids,flower,6,91,546,False,0,0.0,,
CON-20230902-4691,2023-09-02,Mexico,SEA,maritime,tissue cultures,propagative_material,4,38,152,False,0,0.0,17.0,2584.0
CON-20230725-9263,2023-07-25,Israel,BOS,maritime,tissue cultures,propagative_material,7,85,595,False,0,0.0,1.0,595.0
CON-20231102-6907,2023-11-02,Netherlands,JFK,land,grafts,propagative_material,10,97,970,False,0,0.0,2.0,1940.0
CON-20240615-1089,2024-06-15,Colombia,ATL,maritime,seedlings,propagative_material,8,44,352,False,0,0.0,1.0,352.0
CON-20240115-1960,2024-01-15,Kenya,ATL,land,orchids,flower,25,46,1150,False,0,0.0,,
CON-20241023-6702,2024-10-23,Colombia,IAH,air,bulbs,propagative_material,14,31,434,True,7,0.016129032258064516,4.0,1736.0
CON-20230108-6718,2023-01-08,Costa Rica,IAH,land,roses,flower,39,24,936,False,0,0.0,,
CON-20230503-1342,2023-05-03,Netherlands,BOS,maritime,grafts,propagative_material,30,70,2100,False,0,0.0,9.0,18900.0
CON-20241025-9441,2024-10-25,Mexico,LAX,maritime,seedlings,propagative_material,10,96,960,False,0,0.0,10.0,9600.0
CON-20240311-5212,2024-03-11,Kenya,SEA,maritime,carnations,flower,1,28,28,False,0,0.0,,
CON-20230131-8993,2023-01-31,Costa Rica,BOS,air,grafts,propagative_material,44,53,2332,False,0,0.0,13.0,30316.0
CON-20231026-8173,2023-10-26,Ethiopia,LAX,maritime,seedlings,propagative_material,46,70,3220,False,0,0.0,10.0,32200.0
CON-20231031-1834,2023-10-31,Israel,ORD,air,tulips,flower,23,11,253,False,0,0.0,,
CON-20240924-8708,2024-09-24,Netherlands,MIA,land,grafts,propagative_material,47,84,3948,False,0,0.0,7.0,27636.0
CON-20230519-2521,2023-05-19,Israel,SEA,maritime,carnations,flower,38,42,1596,False,0,0.0,,
CON-20240617-2907,2024-06-17,Netherlands,JFK,land,cuttings,propagative_material,21,17,357,False,0,0.0,9.0,3213.0
CON-20230212-2840,2023-02-12,Mexico,ATL,maritime,saplings,propagative_material,13,63,819,True,5,0.006105006105006105,16.0,13104.0
CON-20230621-4312,2023-06-21,Netherlands,SEA,air,cuttings,propagative_material,11,52,572,False,0,0.0,3.0,1716.0
CON-20230406-6675,2023-04-06,Kenya,ATL,land,daffodils,flower,12,33,396,False,0,0.0,,
CON-20240114-8358,2024-01-14,Ethiopia,LAX,maritime,roses,flower,7,59,413,False,0,0.0,,
CON-20231002-4345,2023-10-02,Netherlands,DFW,land,tissue cultures,propagative_material,8,67,536,False,0,0.0,7.0,3752.0
CON-20240710-6799,2024-07-10,Mexico,LAX,air,saplings,propagative_material,38,64,2432,False,0,0.0,14.0,34048.0
CON-20240127-8856,2024-01-27,Colombia,MIA,air,daffodils,flower,18,62,1116,False,0,0.0,,
CON-20240722-5284,2024-07-22,Mexico,ATL,maritime,daffodils,flower,11,52,572,False,0,0.0,,
CON-20241127-3543,2024-11-27,Israel,JFK,land,seedlings,propagative_material,20,41,820,False,0,0.0,12.0,9840.0
CON-20240815-6641,2024-08-15,Guatemala,JFK,land,tissue cultures,propagative_material,28,25,700,True,9,0.012857142857142857,11.0,7700.0
CON-20240625-5032,2024-06-25,Colombia,ATL,air,cuttings,propagative_material,44,52,2288,False,0,0.0,6.0,13728.0
CON-20240731-9668,2024-07-31,Costa Rica,SEA,maritime,tissue cultures,propagative_material,49,25,1225,False,0,0.0,2.0,2450.0
CON-20230730-9011,2023-07-30,Israel,MIA,land,saplings,propagative_material,22,34,748,True,7,0.009358288770053475,8.0,5984.0
CON-20230224-8778,2023-02-24,Netherlands,IAH,air,tissue cultures,propagative_material,34,47,1598,True,7,0.004380475594493116,15.0,23970.0
CON-20241206-6380,2024-12-06,Mexico,MIA,land,tissue cultures,propagative_material,42,25,1050,False,0,0.0,1.0,1050.0
CON-20240414-6022,2024-04-14,Guatemala,LAX,land,tissue cultures,propagative_material,23,72,1656,False,0,0.0,12.0,19872.0
CON-20240828-8110,2024-08-28,Ethiopia,JFK,maritime,cuttings,propagative_material,16,75,1200,False,0,0.0,16.0,19200.0
CON-20231109-6200,2023-11-09,Kenya,IAH,land,seeds,propagative_material,50,98,4900,False,0,0.0,12.0,58800.0
CON-20240914-3950,2024-09-14,Mexico,BOS,maritime,sunflowers,flower,40,30,1200,False,0,0.0,,
CON-20240502-1702,2024-05-02,Mexico,ORD,air,bulbs,propagative_material,17,39,663,False,0,0.0,7.0,4641.0
CON-20240223-5350,2024-02-23,Colombia,JFK,maritime,tulips,flower,44,23,1012,False,0,0.0,,
CON-20230715-4779,2023-07-15,Colombia,ORD,maritime,grafts,propagative_material,26,76,1976,False,0,0.0,5.0,9880.0
CON-20241212-6803,2024-12-12,Costa Rica,BOS,maritime,seedlings,propagative_material,41,65,2665,False,0,0.0,3.0,7995.0
CON-20230613-8232,2023-06-13,Colombia,BOS,air,carnations,flower,16,64,1024,False,0,0.0,,
CON-20230913-5305,2023-09-13,Ethiopia,ORD,maritime,seeds,propagative_material,14,19,266,False,0,0.0,7.0,1862.0
CON-20231219-3037,2023-12-19,Ethiopia,LAX,air,chrysanthemums,flower,28,81,2268,False,0,0.0,,
CON-20231021-5183,2023-10-21,Colombia,LAX,land,daffodils,flower,11,13,143,False,0,0.0,,
CON-20230823-6302,2023-08-23,Guatemala,IAH,maritime,orchids,flower,8,45,360,False,0,0.0,,
CON-20240407-9386,2024-04-07,Israel,SEA,maritime,seeds,propagative_material,42,22,924,False,0,0.0,18.0,16632.0
CON-20240217-5399,2024-02-17,Israel,MIA,maritime,grafts,propagative_material,41,12,492,True,9,0.018292682926829267,8.0,3936.0
CON-20230508-2704,2023-05-08,Costa Rica,ORD,air,tulips,flower,31,74,2294,False,0,0.0,,
CON-20230111-1618,2023-01-11,Mexico,DFW,maritime,seedlings,propagative_material,17,18,306,False,0,0.0,5.0,1530.0
CON-20230709-7185,2023-07-09,Ethiopia,ATL,maritime,grafts,propagative_material,5,69,345,False,0,0.0,2.0,690.0
CON-20240320-2534,2024-03-20,Costa Rica,BOS,air,seeds,propagative_material,17,82,1394,False,0,0.0,17.0,23698.0
CON-20230517-1113,2023-05-17,Colombia,ORD,maritime,tissue cultures,propagative_material,48,35,1680,False,0,0.0,10.0,16800.0
CON-20230823-4765,2023-08-23,Israel,JFK,land,saplings,propagative_material,42,77,3234,False,0,0.0,9.0,29106.0
CON-20231021-8819,2023-10-21,Colombia,LAX,maritime,daffodils,flower,17,84,1428,False,0,0.0,,
CON-20240221-3643,2024-02-21,Kenya,IAH,land,bulbs,propagative_material,15,70,1050,False,0,0.0,16.0,16800.0
CON-20230318-6980,2023-03-18,Costa Rica,LAX,land,tulips,flower,14,94,1316,False,0,0.0,,
CON-20230204-7686,2023-02-04,Costa Rica,IAH,air,seeds,propagative_material,13,60,780,False,0,0.0,2.0,1560.0
CON-20231115-1218,2023-11-15,Kenya,ORD,land,seedlings,propagative_material,31,76,2356,False,0,0.0,5.0,11780.0
CON-20240904-5110,2024-09-04,Costa Rica,BOS,maritime,grafts,propagative_material,11,62,682,False,0,0.0,17.0,11594.0
CON-20231213-9798,2023-12-13,Costa Rica,LAX,air,bulbs,propagative_material,38,21,798,False,0,0.0,3.0,2394.0
CON-20241116-9848,2024-11-16,Ecuador,IAH,land,grafts,propagative_material,40,91,3640,False,0,0.0,11.0,40040.0
CON-20230608-2579,2023-06-08,Kenya,JFK,land,saplings,propagative_material,29,92,2668,False,0,0.0,9.0,24012.0
CON-20240830-3435,2024-08-30,Mexico,DFW,air,lilies,flower,50,63,3150,False,0,0.0,,
CON-20240325-2400,2024-03-25,Kenya,MIA,air,seedlings,propagative_material,20,75,1500,False,0,0.0,11.0,16500.0
CON-20230223-5578,2023-02-23,Mexico,MIA,air,sunflowers,flower,36,13,468,False,0,0.0,,
CON-20230328-1014,2023-03-28,Mexico,BOS,air,chrysanthemums,flower,10,81,810,False,0,0.0,,
CON-20230418-3099,2023-04-18,Ethiopia,ATL,maritime,seeds,propagative_material,36,35,1260,False,0,0.0,10.0,12600.0
CON-20240530-9921,2024-05-30,Costa Rica,BOS,maritime,daffodils,flower,12,37,444,False,0,0.0,,
CON-20230313-7672,2023-03-13,Costa Rica,SEA,land,lilies,flower,9,67,603,False,0,0.0,,
CON-20240917-1806,2024-09-17,Netherlands,SEA,air,chrysanthemums,flower,46,40,1840,False,0,0.0,,
CON-20231026-4593,2023-10-26,Mexico,DFW,maritime,seedlings,propagative_material,27,85,2295,False,0,0.0,14.0,32130.0
CON-20230910-9309,2023-09-10,Mexico,ORD,land,tulips,flower,27,20,540,False,0,0.0,,
CON-20231217-6934,2023-12-17,Ethiopia,DFW,air,sunflowers,flower,31,73,2263,False,0,0.0,,
CON-20240601-9405,2024-06-01,Ecuador,ATL,maritime,grafts,propagative_material,5,78,390,False,0,0.0,7.0,2730.0
CON-20240708-7182,2024-07-08,Guatemala,ATL,maritime,bulbs,propagative_material,49,89,4361,False,0,0.0,2.0,8722.0
CON-20231001-7388,2023-10-01,Ethiopia,MIA,maritime,roses,flower,12,54,648,False,0,0.0,,
CON-20230504-9954,2023-05-04,Guatemala,JFK,air,carnations,flower,40,52,2080,False,0,0.0,,
CON-20230104-3651,2023-01-04,Colombia,SEA,air,grafts,propagative_material,47,62,2914,False,0,0.0,19.0,55366.0
CON-20240604-3568,2024-06-04,Ethiopia,JFK,air,cuttings,propagative_material,14,72,1008,False,0,0.0,14.0,14112.0
CON-20240120-2665,2024-01-20,Costa Rica,JFK,land,tulips,flower,8,11,88,False,0,0.0,,
CON-20240529-3095,2024-05-29,Guatemala,JFK,maritime,tissue cultures,propagative_material,14,96,1344,False,0,0.0,20.0,26880.0
CON-20241123-1701,2024-11-23,Ethiopia,JFK,air,tulips,flower,38,47,1786,False,0,0.0,,
CON-20240404-7193,2024-04-04,Colombia,SEA,maritime,tulips,flower,21,70,1470,False,0,0.0,,
CON-20230314-1052,2023-03-14,Kenya,MIA,land,seedlings,propagative_material,43,73,3139,False,0,0.0,11.0,34529.0
CON-20231119-5650,2023-11-19,Mexico,JFK,maritime,lilies,flower,34,90,3060,False,0,0.0,,
CON-20240219-2907,2024-02-19,Colombia,JFK,land,saplings,propagative_material,2,65,130,False,0,0.0,14.0,1820.0
CON-20230323-3695,2023-03-23,Colombia,DFW,air,daffodils,flower,26,12,312,False,0,0.0,,
CON-20240119-2386,2024-01-19,Ethiopia,ATL,land,sunflowers,flower,45,85,3825,False,0,0.0,,
CON-20241208-6930,2024-12-08,Ethiopia,ORD,air,sunflowers,flower,22,68,1496,False,0,0.0,,
CON-20240129-7106,2024-01-29,Ethiopia,SEA,air,cuttings,propagative_material,50,33,1650,False,0,0.0,7.0,11550.0
CON-20230611-1822,2023-06-11,Kenya,IAH,land,daffodils,flower,38,61,2318,False,0,0.0,,
CON-20240422-1321,2024-04-22,Costa Rica,LAX,land,roses,flower,19,23,437,False,0,0.0,,
CON-20231110-7395,2023-11-10,Kenya,SEA,air,orchids,flower,22,23,506,False,0,0.0,,
CON-20240919-4412,2024-09-19,Colombia,ORD,maritime,saplings,propagative_material,11,30,330,False,0,0.0,1.0,330.0
CON-20230313-6300,2023-03-13,Ethiopia,ATL,air,seeds,propagative_material,13,45,585,False,0,0.0,11.0,6435.0
CON-20240501-8948,2024-05-01,Guatemala,JFK,air,cuttings,propagative_material,26,59,1534,False,0,0.0,5.0,7670.0
CON-20241018-4245,2024-10-18,Kenya,JFK,maritime,grafts,propagative_material,23,67,1541,False,0,0.0,15.0,23115.0
CON-20230223-8917,2023-02-23,Colombia,DFW,air,chrysanthemums,flower,16,61,976,False,0,0.0,,
CON-20240105-7275,2024-01-05,Mexico,BOS,land,seedlings,propagative_material,9,26,234,False,0,0.0,16.0,3744.0
CON-20240826-2937,2024-08-26,Kenya,BOS,air,sunflowers,flower,21,52,1092,False,0,0.0,,
CON-20231110-9816,2023-11-10,Ecuador,JFK,land,orchids,flower,43,13,559,False,0,0.0,,
CON-20240727-5568,2024-07-27,Ethiopia,ATL,air,grafts,propagative_material,38,67,2546,False,0,0.0,4.0,10184.0
CON-20240513-7403,2024-05-13,Kenya,SEA,maritime,daffodils,flower,33,87,2871,False,0,0.0,,
CON-20240614-5866,2024-06-14,Netherlands,IAH,maritime,lilies,flower,37,20,740,False,0,0.0,,
CON-20230903-1867,2023-09-03,Colombia,IAH,land,roses,flower,48,89,4272,False,0,0.0,,
CON-20240422-6935,2024-04-22,Ethiopia,ATL,maritime,carnations,flower,30,16,480,False,0,0.0,,
CON-20230604-5137,2023-06-04,Ethiopia,ATL,maritime,daffodils,flower,5,17,85,False,0,0.0,,
CON-20240501-5025,2024-05-01,Guatemala,MIA,land,roses,flower,30,50,1500,False,0,0.0,,
CON-20230108-1507,2023-01-08,Colombia,ATL,maritime,grafts,propagative_material,35,31,1085,False,0,0.0,8.0,8680.0
CON-20240904-7096,2024-09-04,Israel,SEA,land,seedlings,propagative_material,2,81,162,False,0,0.0,18.0,2916.0
CON-20230101-4530,2023-01-01,Guatemala,BOS,maritime,tulips,flower,2,23,46,False,0,0.0,,
CON-20240407-5011,2024-04-07,Ecuador,DFW,maritime,orchids,flower,50,96,4800,False,0,0.0,,
CON-20230310-9642,2023-03-10,Colombia,BOS,maritime,carnations,flower,27,62,1674,False,0,0.0,,
CON-20230827-9751,2023-08-27,Mexico,LAX,maritime,saplings,propagative_material,36,60,2160,False,0,0.0,4.0,8640.0
CON-20230526-9449,2023-05-26,Kenya,JFK,air,carnations,flower,20,97,1940,False,0,0.0,,
CON-20240916-5535,2024-09-16,Mexico,ATL,air,daffodils,flower,26,56,1456,False,0,0.0,,
CON-20231117-5070,2023-11-17,Guatemala,BOS,air,grafts,propagative_material,20,44,880,False,0,0.0,9.0,7920.0
CON-20230516-9861,2023-05-16,Israel,ATL,air,seedlings,propagative_material,30,58,1740,False,0,0.0,2.0,3480.0
CON-20240922-1386,2024-09-22,Colombia,MIA,land,cuttings,propagative_material,33,30,990,False,0,0.0,19.0,18810.0
CON-20230910-7543,2023-09-10,Ecuador,JFK,maritime,tulips,flower,2,46,92,False,0,0.0,,
CON-20240304-4579,2024-03-04,Costa Rica,SEA,land,seeds,propagative_material,6,86,516,False,0,0.0,7.0,3612.0
CON-20231104-6358,2023-11-04,Colombia,DFW,air,cuttings,propagative_material,8,50,400,False,0,0.0,17.0,6800.0
CON-20240309-4233,2024-03-09,Ethiopia,MIA,maritime,chrysanthemums,flower,42,32,1344,False,0,0.0,,
CON-20231203-5386,2023-12-03,Kenya,ORD,air,orchids,flower,10,12,120,False,0,0.0,,
CON-20240208-6963,2024-02-08,Ethiopia,DFW,maritime,chrysanthemums,flower,27,95,2565,False,0,0.0,,
CON-20230308-8976,2023-03-08,Netherlands,SEA,maritime,bulbs,propagative_material,5,78,390,False,0,0.0,8.0,3120.0
CON-20230524-6931,2023-05-24,Ecuador,SEA,maritime,cuttings,propagative_material,41,64,2624,False,0,0.0,10.0,26240.0
CON-20241105-7739,2024-11-05,Mexico,LAX,air,bulbs,propagative_material,49,79,3871,False,0,0.0,15.0,58065.0
CON-20231106-9358,2023-11-06,Ecuador,SEA,maritime,seeds,propagative_material,39,75,2925,False,0,0.0,20.0,58500.0
CON-20230804-3951,2023-08-04,Colombia,ATL,land,lilies,flower,22,91,2002,False,0,0.0,,
CON-20240629-2387,2024-06-29,Israel,SEA,air,roses,flower,32,98,3136,False,0,0.0,,
CON-20241229-5215,2024-12-29,Kenya,IAH,maritime,tulips,flower,5,41,205,False,0,0.0,,
CON-20231007-3270,2023-10-07,Netherlands,BOS,land,tissue cultures,propagative_material,48,50,2400,True,9,0.00375,9.0,21600.0
CON-20231119-1974,2023-11-19,Netherlands,DFW,land,daffodils,flower,46,54,2484,False,0,0.0,,
CON-20241004-6714,2024-10-04,Mexico,JFK,land,chrysanthemums,flower,7,89,623,False,0,0.0,,
CON-20240326-6170,2024-03-26,Guatemala,ORD,land,cuttings,propagative_material,16,10,160,False,0,0.0,18.0,2880.0
CON-20230822-6249,2023-08-22,Ethiopia,SEA,maritime,orchids,flower,49,26,1274,False,0,0.0,,
CON-20240821-6815,2024-08-21,Ethiopia,JFK,air,saplings,propagative_material,47,36,1692,False,0,0.0,2.0,3384.0
CON-20230906-1441,2023-09-06,Guatemala,IAH,maritime,saplings,propagative_material,22,97,2134,False,0,0.0,2.0,4268.0
CON-20241009-7363,2024-10-09,Kenya,ATL,land,bulbs,propagative_material,48,89,4272,False,0,0.0,5.0,21360.0
CON-20240109-9273,2024-01-09,Netherlands,DFW,land,tulips,flower,47,58,2726,False,0,0.0,,
CON-20240129-4759,2024-01-29,Ethiopia,BOS,maritime,sunflowers,flower,35,98,3430,False,0,0.0,,
CON-20230315-9839,2023-03-15,Kenya,ATL,air,tissue cultures,propagative_material,44,54,2376,False,0,0.0,17.0,40392.0
CON-20240714-6572,2024-07-14,Costa Rica,DFW,maritime,carnations,flower,34,11,374,False,0,0.0,,
CON-20240605-2166,2024-06-05,Guatemala,MIA,land,tissue cultures,propagative_material,29,76,2204,False,0,0.0,18.0,39672.0
CON-20241008-1290,2024-10-08,Costa Rica,SEA,maritime,daffodils,flower,49,91,4459,False,0,0.0,,
CON-20240305-8663,2024-03-05,Guatemala,ATL,maritime,seedlings,propagative_material,21,96,2016,False,0,0.0,1.0,2016.0
CON-20230412-1875,2023-04-12,Kenya,MIA,maritime,tulips,flower,34,67,2278,False,0,0.0,,
CON-20230516-1747,2023-05-16,Costa Rica,JFK,land,grafts,propagative_material,22,94,2068,False,0,0.0,9.0,18612.0
CON-20231022-5254,2023-10-22,Mexico,JFK,maritime,tissue cultures,propagative_material,2,90,180,False,0,0.0,18.0,3240.0
CON-20230714-5184,2023-07-14,Ethiopia,BOS,maritime,seeds,propagative_material,10,48,480,False,0,0.0,9.0,4320.0
CON-20241012-1006,2024-10-12,Netherlands,BOS,air,tissue cultures,propagative_material,31,20,620,False,0,0.0,4.0,2480.0
CON-20230720-2179,2023-07-20,Colombia,MIA,air,sunflowers,flower,12,88,1056,False,0,0.0,,
CON-20240319-7886,2024-03-19,Mexico,ATL,air,seedlings,propagative_material,50,60,3000,False,0,0.0,9.0,27000.0
CON-20240515-7007,2024-05-15,Guatemala,LAX,air,cuttings,propagative_material,12,66,792,False,0,0.0,5.0,3960.0
CON-20230419-7328,2023-04-19,Netherlands,IAH,air,seeds,propagative_material,42,10,420,False,0,0.0,3.0,1260.0
CON-20230403-9065,2023-04-03,Costa Rica,ORD,air,carnations,flower,37,15,555,False,0,0.0,,
CON-20240128-1396,2024-01-28,Ethiopia,LAX,land,orchids,flower,14,14,196,False,0,0.0,,
CON-20241110-3141,2024-11-10,Ethiopia,MIA,land,seeds,propagative_material,26,72,1872,False,0,0.0,10.0,18720.0
CON-20240430-2004,2024-04-30,Mexico,ATL,maritime,seeds,propagative_material,25,16,400,False,0,0.0,14.0,5600.0
CON-20240409-1644,2024-04-09,Guatemala,ORD,maritime,seeds,propagative_material,17,25,425,False,0,0.0,2.0,850.0
CON-20230127-2715,2023-01-27,Guatemala,MIA,land,sunflowers,flower,40,78,3120,False,0,0.0,,
CON-20231220-8021,2023-12-20,Colombia,BOS,air,orchids,flower,30,91,2730,False,0,0.0,,
CON-20240115-4690,2024-01-15,Israel,IAH,land,tulips,flower,29,85,2465,False,0,0.0,,
CON-20240417-2361,2024-04-17,Kenya,SEA,land,orchids,flower,50,72,3600,False,0,0.0,,
CON-20240509-1704,2024-05-09,Netherlands,ORD,land,daffodils,flower,21,30,630,False,0,0.0,,
CON-20231120-9922,2023-11-20,Costa Rica,JFK,maritime,bulbs,propagative_material,17,37,629,False,0,0.0,6.0,3774.0
CON-20230103-5290,2023-01-03,Netherlands,BOS,air,bulbs,propagative_material,26,69,1794,False,0,0.0,15.0,26910.0
CON-20240922-4454,2024-09-22,Israel,ORD,land,orchids,flower,46,21,966,False,0,0.0,,
CON-20230324-4153,2023-03-24,Costa Rica,MIA,maritime,grafts,propagative_material,10,91,910,False,0,0.0,12.0,10920.0
CON-20240501-1478,2024-05-01,Costa Rica,MIA,air,grafts,propagative_material,15,97,1455,False,0,0.0,18.0,26190.0
CON-20241014-2295,2024-10-14,Netherlands,ATL,land,tissue cultures,propagative_material,45,75,3375,False,0,0.0,4.0,13500.0
CON-20230122-6219,2023-01-22,Ecuador,DFW,land,orchids,flower,45,39,1755,False,0,0.0,,
CON-20230405-9462,2023-04-05,Guatemala,BOS,air,bulbs,propagative_material,29,23,667,False,0,0.0,4.0,2668.0
CON-20241106-3108,2024-11-06,Netherlands,IAH,air,daffodils,flower,28,39,1092,False,0,0.0,,
CON-20240304-1204,2024-03-04,Colombia,DFW,air,lilies,flower,42,67,2814,False,0,0.0,,
CON-20240630-6032,2024-06-30,Guatemala,JFK,maritime,daffodils,flower,18,63,1134,False,0,0.0,,
CON-20230829-4136,2023-08-29,Colombia,ATL,maritime,orchids,flower,28,80,2240,False,0,0.0,,
CON-20231218-9820,2023-12-18,Guatemala,ATL,air,cuttings,propagative_material,30,66,1980,False,0,0.0,19.0,37620.0
CON-20241127-1557,2024-11-27,Guatemala,BOS,air,chrysanthemums,flower,25,90,2250,False,0,0.0,,
CON-20241028-1278,2024-10-28,Kenya,MIA,land,seedlings,propagative_material,31,13,403,False,0,0.0,20.0,8060.0
CON-20240326-7225,2024-03-26,Israel,JFK,land,cuttings,propagative_material,42,22,924,False,0,0.0,8.0,7392.0
CON-20241028-7857,2024-10-28,Ecuador,ORD,air,sunflowers,flower,32,29,928,False,0,0.0,,
CON-20241015-2501,2024-10-15,Colombia,LAX,maritime,lilies,flower,15,74,1110,False,0,0.0,,
CON-20240816-9337,2024-08-16,Mexico,MIA,land,grafts,propagative_material,12,80,960,False,0,0.0,3.0,2880.0
CON-20230224-2373,2023-02-24,Israel,SEA,maritime,seeds,propagative_material,37,78,2886,False,0,0.0,17.0,49062.0
CON-20231008-2003,2023-10-08,Kenya,ATL,air,grafts,propagative_material,16,51,816,False,0,0.0,17.0,13872.0
CON-20241006-5269,2024-10-06,Guatemala,BOS,land,cuttings,propagative_material,32,28,896,False,0,0.0,4.0,3584.0
CON-20230528-4955,2023-05-28,Mexico,BOS,maritime,saplings,propagative_material,35,72,2520,False,0,0.0,1.0,2520.0
CON-20231105-9655,2023-11-05,Mexico,ATL,maritime,tissue cultures,propagative_material,41,35,1435,False,0,0.0,8.0,11480.0
CON-20230125-3765,2023-01-25,Ethiopia,IAH,maritime,tissue cultures,propagative_material,22,23,506,False,0,0.0,18.0,9108.0
CON-20231223-4370,2023-12-23,Netherlands,IAH,maritime,carnations,flower,25,27,675,False,0,0.0,,
CON-20231212-7444,2023-12-12,Kenya,LAX,air,bulbs,propagative_material,43,81,3483,False,0,0.0,13.0,45279.0
CON-20230920-8661,2023-09-20,Kenya,ATL,air,tissue cultures,propagative_material,29,42,1218,False,0,0.0,14.0,17052.0
CON-20231107-2881,2023-11-07,Israel,MIA,air,daffodils,flower,34,52,1768,False,0,0.0,,
CON-20240503-3352,2024-05-03,Mexico,MIA,air,chrysanthemums,flower,30,23,690,False,0,0.0,,
CON-20230924-1116,2023-09-24,Costa Rica,ATL,maritime,roses,flower,46,90,4140,False,0,0.0,,
CON-20230924-9760,2023-09-24,Netherlands,DFW,maritime,roses,flower,32,63,2016,False,0,0.0,,
CON-20230428-8473,2023-04-28,Guatemala,IAH,maritime,tissue cultures,propagative_material,43,41,1763,False,0,0.0,14.0,24682.0
CON-20230829-3089,2023-08-29,Netherlands,BOS,land,cuttings,propagative_material,39,46,1794,False,0,0.0,9.0,16146.0
CON-20240708-6973,2024-07-08,Israel,MIA,maritime,grafts,propagative_material,1,94,94,False,0,0.0,8.0,752.0
CON-20240310-2617,2024-03-10,Ethiopia,LAX,maritime,orchids,flower,27,23,621,False,0,0.0,,
CON-20241031-2302,2024-10-31,Colombia,LAX,air,cuttings,propagative_material,44,69,3036,False,0,0.0,6.0,18216.0
CON-20240616-3206,2024-06-16,Costa Rica,ORD,maritime,orchids,flower,36,100,3600,True,2,0.0005555555555555556,,
CON-20230519-7310,2023-05-19,Guatemala,BOS,air,sunflowers,flower,45,23,1035,False,0,0.0,,
CON-20240908-5616,2024-09-08,Costa Rica,DFW,air,saplings,propagative_material,38,22,836,False,0,0.0,9.0,7524.0
CON-20240622-9812,2024-06-22,Guatemala,ATL,air,seedlings,propagative_material,13,13,169,False,0,0.0,20.0,3380.0
CON-20241012-7374,2024-10-12,Ecuador,MIA,land,saplings,propagative_material,26,43,1118,False,0,0.0,11.0,12298.0
CON-20230608-7815,2023-06-08,Costa Rica,ATL,air,grafts,propagative_material,27,42,1134,False,0,0.0,11.0,12474.0
CON-20240621-6246,2024-06-21,Costa Rica,BOS,air,bulbs,propagative_material,16,80,1280,False,0,0.0,14.0,17920.0
CON-20230114-2968,2023-01-14,Ecuador,SEA,air,cuttings,propagative_material,38,79,3002,False,0,0.0,17.0,51034.0
CON-20230108-8472,2023-01-08,Costa Rica,IAH,air,seeds,propagative_material,1,52,52,False,0,0.0,18.0,936.0
CON-20240620-3532,2024-06-20,Ecuador,IAH,maritime,carnations,flower,47,93,4371,False,0,0.0,,
CON-20240410-7948,2024-04-10,Netherlands,ORD,air,seeds,propagative_material,35,18,630,False,0,0.0,19.0,11970.0
CON-20241225-7001,2024-12-25,Ecuador,MIA,air,daffodils,flower,42,60,2520,False,0,0.0,,
CON-20241214-3078,2024-12-14,Ethiopia,LAX,maritime,tissue cultures,propagative_material,36,17,612,False,0,0.0,15.0,9180.0
CON-20240831-6441,2024-08-31,Ecuador,MIA,land,carnations,flower,43,81,3483,False,0,0.0,,
CON-20240820-9857,2024-08-20,Costa Rica,ORD,maritime,seedlings,propagative_material,25,35,875,False,0,0.0,16.0,14000.0
CON-20240915-4763,2024-09-15,Ethiopia,DFW,maritime,seeds,propagative_material,40,28,1120,False,0,0.0,8.0,8960.0
CON-20240531-5301,2024-05-31,Israel,DFW,land,sunflowers,flower,10,75,750,False,0,0.0,,
CON-20240612-6736,2024-06-12,Mexico,ORD,land,grafts,propagative_material,6,94,564,False,0,0.0,11.0,6204.0
CON-20230801-2413,2023-08-01,Costa Rica,BOS,maritime,seedlings,propagative_material,41,29,1189,False,0,0.0,9.0,10701.0
CON-20240314-1690,2024-03-14,Netherlands,ATL,air,tulips,flower,41,94,3854,False,0,0.0,,
CON-20240604-2325,2024-06-04,Ecuador,BOS,land,cuttings,propagative_material,22,43,946,False,0,0.0,3.0,2838.0
CON-20241003-5929,2024-10-03,Costa Rica,LAX,maritime,tissue cultures,propagative_material,18,53,954,False,0,0.0,18.0,17172.0
CON-20230921-7895,2023-09-21,Guatemala,ATL,land,saplings,propagative_material,3,83,249,False,0,0.0,6.0,1494.0
CON-20231221-1914,2023-12-21,Costa Rica,IAH,maritime,grafts,propagative_material,43,33,1419,False,0,0.0,18.0,25542.0
CON-20230122-6272,2023-01-22,Netherlands,DFW,maritime,tissue cultures,propagative_material,32,46,1472,False,0,0.0,15.0,22080.0
CON-20240923-7908,2024-09-23,Israel,MIA,land,cuttings,propagative_material,23,99,2277,False,0,0.0,17.0,38709.0
CON-20240310-2822,2024-03-10,Netherlands,IAH,maritime,seeds,propagative_material,7,53,371,False,0,0.0,5.0,1855.0
CON-20231007-5676,2023-10-07,Kenya,SEA,air,cuttings,propagative_material,40,92,3680,False,0,0.0,16.0,58880.0
CON-20231220-8347,2023-12-20,Netherlands,JFK,air,tissue cultures,propagative_material,45,15,675,False,0,0.0,5.0,3375.0
CON-20230221-5706,2023-02-21,Ethiopia,ATL,maritime,sunflowers,flower,45,72,3240,False,0,0.0,,
CON-20231023-9706,2023-10-23,Costa Rica,BOS,maritime,daffodils,flower,16,16,256,False,0,0.0,,
CON-20230516-7841,2023-05-16,Kenya,DFW,maritime,tissue cultures,propagative_material,7,96,672,False,0,0.0,8.0,5376.0
CON-20241004-3205,2024-10-04,Ethiopia,BOS,maritime,tissue cultures,propagative_material,1,43,43,False,0,0.0,2.0,86.0
CON-20230116-8089,2023-01-16,Ecuador,MIA,air,sunflowers,flower,23,68,1564,False,0,0.0,,
CON-20240506-6685,2024-05-06,Costa Rica,MIA,land,tulips,flower,29,56,1624,False,0,0.0,,
CON-20240228-7982,2024-02-28,Ecuador,DFW,land,daffodils,flower,35,56,1960,False,0,0.0,,
CON-20240503-9358,2024-05-03,Mexico,ATL,land,seedlings,propagative_material,26,49,1274,False,0,0.0,16.0,20384.0
CON-20230222-5342,2023-02-22,Colombia,ORD,air,bulbs,propagative_material,22,55,1210,False,0,0.0,11.0,13310.0
CON-20240331-9334,2024-03-31,Kenya,ORD,maritime,carnations,flower,38,43,1634,False,0,0.0,,
CON-20230107-1577,2023-01-07,Ethiopia,ATL,maritime,chrysanthemums,flower,45,99,4455,False,0,0.0,,
CON-20230720-2735,2023-07-20,Israel,SEA,air,roses,flower,28,87,2436,False,0,0.0,,
CON-20240827-6963,2024-08-27,Colombia,IAH,air,chrysanthemums,flower,13,78,1014,False,0,0.0,,
CON-20231014-4128,2023-10-14,Israel,DFW,land,bulbs,propagative_material,37,77,2849,False,0,0.0,8.0,22792.0
CON-20240922-1095,2024-09-22,Ecuador,ATL,air,sunflowers,flower,47,21,987,False,0,0.0,,
CON-20241214-5325,2024-12-14,Colombia,SEA,maritime,orchids,flower,13,58,754,False,0,0.0,,
CON-20240616-4659,2024-06-16,Costa Rica,JFK,land,carnations,flower,29,22,638,False,0,0.0,,
CON-20230916-9466,2023-09-16,Mexico,ATL,maritime,seedlings,propagative_material,20,71,1420,False,0,0.0,18.0,25560.0
CON-20230325-8526,2023-03-25,Kenya,IAH,maritime,chrysanthemums,flower,45,77,3465,False,0,0.0,,
CON-20231120-7787,2023-11-20,Mexico,ATL,land,tissue cultures,propagative_material,19,34,646,False,0,0.0,11.0,7106.0
CON-20240402-2061,2024-04-02,Ecuador,LAX,land,seedlings,propagative_material,2,51,102,False,0,0.0,5.0,510.0
CON-20231123-9708,2023-11-23,Mexico,JFK,maritime,orchids,flower,4,27,108,False,0,0.0,,
CON-20240112-2541,2024-01-12,Ethiopia,DFW,land,daffodils,flower,37,51,1887,False,0,0.0,,
CON-20230403-4435,2023-04-03,Ecuador,SEA,land,seeds,propagative_material,32,76,2432,False,0,0.0,4.0,9728.0
CON-20240818-5287,2024-08-18,Costa Rica,ORD,maritime,chrysanthemums,flower,11,40,440,False,0,0.0,,
CON-20230630-6230,2023-06-30,Israel,MIA,air,roses,flower,48,33,1584,False,0,0.0,,
CON-20240128-4402,2024-01-28,Guatemala,LAX,air,saplings,propagative_material,45,69,3105,False,0,0.0,11.0,34155.0
CON-20230509-3520,2023-05-09,Colombia,ATL,land,lilies,flower,9,73,657,False,0,0.0,,
CON-20230920-7231,2023-09-20,Kenya,LAX,maritime,bulbs,propagative_material,34,19,646,False,0,0.0,1.0,646.0
CON-20231031-1033,2023-10-31,Guatemala,SEA,air,lilies,flower,14,45,630,False,0,0.0,,
CON-20230909-3936,2023-09-09,Ecuador,SEA,air,daffodils,flower,18,19,342,False,0,0.0,,
CON-20230625-2444,2023-06-25,Costa Rica,BOS,air,carnations,flower,7,56,392,False,0,0.0,,
CON-20230408-9312,2023-04-08,Ethiopia,ORD,maritime,carnations,flower,42,35,1470,False,0,0.0,,
CON-20241105-3321,2024-11-05,Israel,JFK,maritime,tulips,flower,11,59,649,False,0,0.0,,
CON-20241101-6235,2024-11-01,Kenya,DFW,maritime,carnations,flower,11,42,462,False,0,0.0,,
CON-20240220-6989,2024-02-20,Israel,ORD,air,seeds,propagative_material,15,88,1320,True,5,0.003787878787878788,17.0,22440.0
CON-20241011-1585,2024-10-11,Ecuador,BOS,maritime,bulbs,propagative_material,18,16,288,False,0,0.0,12.0,3456.0
CON-20230819-9341,2023-08-19,Mexico,IAH,land,cuttings,propagative_material,24,55,1320,False,0,0.0,12.0,15840.0
CON-20230607-5867,2023-06-07,Costa Rica,LAX,land,lilies,flower,40,82,3280,False,0,0.0,,
