"PROPAGATIVE_MATERIAL_TYPE","COUNTRY_OF_ORIGIN_NAME","MEDIAN_QTY_LT200","PRODUCER_GROUP_TOP","IMPORTER_NAME_TOP","Compliance"
"Rooted Plant (including grafted)","Korea, South",TRUE,"xplant","Reference","Poor compliance"
"Rooted Plant (including grafted)","Korea, South",TRUE,"xplant","missing","Poor compliance"
"Rooted Plant (including grafted)","Korea, South",TRUE,"Reference","Reference","Medium compliance"
"Rooted Plant (including grafted)","Korea, South",TRUE,"Reference","missing","Poor compliance"
"Rooted Plant (including grafted)","Korea, South",TRUE,"Reference","western cactus enterprises","Poor compliance"
"Rooted Plant (including grafted)","Korea, South",TRUE,"Reference","altman specialty plants","Poor compliance"
"Rooted Plant (including grafted)","Korea, South",TRUE,"Reference","costa farms","Low compliance"
"Rooted Plant (including grafted)","Korea, South",TRUE,"Reference","miyar intl brokerage","Poor compliance"
"Rooted Plant (including grafted)","Korea, South",TRUE,"Reference","aksiporn saengfa","Poor compliance"
"Rooted Plant (including grafted)","Korea, South",FALSE,"xplant","Reference","Medium compliance"
"Rooted Plant (including grafted)","Korea, South",FALSE,"xplant","missing","Low compliance"
"Rooted Plant (including grafted)","Korea, South",FALSE,"Reference","Reference","High compliance"
"Rooted Plant (including grafted)","Korea, South",FALSE,"Reference","missing","Medium compliance"
"Rooted Plant (including grafted)","Korea, South",FALSE,"Reference","western cactus enterprises","Medium compliance"
"Rooted Plant (including grafted)","Korea, South",FALSE,"Reference","altman specialty plants","Low compliance"
"Rooted Plant (including grafted)","Korea, South",FALSE,"Reference","costa farms","Medium compliance"
"Rooted Plant (including grafted)","Korea, South",FALSE,"Reference","miyar intl brokerage","Poor compliance"
"Rooted Plant (including grafted)","Korea, South",FALSE,"Reference","aksiporn saengfa","Medium compliance"
"Rooted Plant (including grafted)","Thailand",TRUE,"Reference","missing","Poor compliance"
"Rooted Plant (including grafted)","Thailand",TRUE,"Escactus","missing","Poor compliance"
"Rooted Plant (including grafted)","Thailand",TRUE,"Reference","Reference","Medium compliance"
"Rooted Plant (including grafted)","Thailand",TRUE,"WALPAT AQUATIC","complete aquatic systems","Poor compliance"
"Rooted Plant (including grafted)","Thailand",TRUE,"Reference","ultum nature systems","Low compliance"
"Rooted Plant (including grafted)","Thailand",TRUE,"WHITE ROSE EXPORT (THAILAND) LTD","complete aquatic systems","Poor compliance"
"Rooted Plant (including grafted)","Thailand",TRUE,"Reference","siam flora","Poor compliance"
"Rooted Plant (including grafted)","Thailand",TRUE,"Reference","complete aquatic systems","Poor compliance"
"Rooted Plant (including grafted)","Thailand",TRUE,"Reference","tat tristan g","Poor compliance"
"Rooted Plant (including grafted)","Thailand",TRUE,"Reference","united plant growers","Poor compliance"
"Rooted Plant (including grafted)","Thailand",TRUE,"Natta 1565 Limited","Reference","Poor compliance"
"Rooted Plant (including grafted)","Thailand",TRUE,"ALPINE TROPICAL PLANTS CO LTD","missing","Poor compliance"
"Rooted Plant (including grafted)","Thailand",TRUE,"Reference","chen tian","Poor compliance"
"Rooted Plant (including grafted)","Thailand",TRUE,"Reference","ds cole growers","Poor compliance"
"Rooted Plant (including grafted)","Thailand",TRUE,"Reference","omega customs brokers","Poor compliance"
"Rooted Plant (including grafted)","Thailand",TRUE,"Reference","aksiporn saengfa","Poor compliance"
"Rooted Plant (including grafted)","Thailand",TRUE,"Kantapat Kaewpradith","Reference","Poor compliance"
"Rooted Plant (including grafted)","Thailand",TRUE,"Escactus","Reference","Poor compliance"
"Rooted Plant (including grafted)","Thailand",TRUE,"Reference","daniel baytosh","Poor compliance"
"Rooted Plant (including grafted)","Thailand",TRUE,"Reference","miyar intl brokerage","Poor compliance"
"Rooted Plant (including grafted)","Thailand",TRUE,"Bomb Takomfoo","Reference","Poor compliance"
"Rooted Plant (including grafted)","Thailand",TRUE,"ALPINE TROPICAL PLANTS CO LTD","Reference","Poor compliance"
"Rooted Plant (including grafted)","Thailand",TRUE,"Reference","foremost foliage inc dba foremostco","Poor compliance"
"Rooted Plant (including grafted)","Thailand",TRUE,"Reference","fleurizon","Poor compliance"
"Rooted Plant (including grafted)","Thailand",TRUE,"Reference","hanna gregor","Poor compliance"
"Rooted Plant (including grafted)","Thailand",TRUE,"Reference","green plant cuttings usa","Poor compliance"
"Rooted Plant (including grafted)","Thailand",TRUE,"GENEROS ECUATORIANOS","Reference","Poor compliance"
"Rooted Plant (including grafted)","Thailand",TRUE,"Reference","waterscaap pond amp aquarium plants","Poor compliance"
"Rooted Plant (including grafted)","Thailand",TRUE,"PT AQUATIC PLAN CENTRE INDONESIA","Reference","Low compliance"
"Rooted Plant (including grafted)","Thailand",TRUE,"Reference","costa farms","Poor compliance"
"Rooted Plant (including grafted)","Thailand",TRUE,"Reference","gubler orchids","Poor compliance"
"Rooted Plant (including grafted)","Thailand",TRUE,"Reference","biostok","Poor compliance"
"Rooted Plant (including grafted)","Thailand",TRUE,"Reference","perfect choice","Poor compliance"
"Rooted Plant (including grafted)","Thailand",TRUE,"GENEROS ECUATORIANOS","hanna gregor","Poor compliance"
"Rooted Plant (including grafted)","Thailand",TRUE,"Natta 1565 Limited","hanna gregor","Poor compliance"
"Rooted Plant (including grafted)","Thailand",TRUE,"Reference","b c amp f brokerage","Poor compliance"
"Rooted Plant (including grafted)","Thailand",TRUE,"Natta 1565 Limited","perfect choice","Poor compliance"
"Rooted Plant (including grafted)","Thailand",TRUE,"Reference","foremost foliage","Poor compliance"
"Rooted Plant (including grafted)","Thailand",TRUE,"Reference","mchutchison","Poor compliance"
"Rooted Plant (including grafted)","Thailand",TRUE,"Reference","express seed","Poor compliance"
"Rooted Plant (including grafted)","Thailand",FALSE,"Reference","missing","Low compliance"
"Rooted Plant (including grafted)","Thailand",FALSE,"Escactus","missing","Low compliance"
"Rooted Plant (including grafted)","Thailand",FALSE,"Reference","Reference","Medium compliance"
"Rooted Plant (including grafted)","Thailand",FALSE,"WALPAT AQUATIC","complete aquatic systems","Low compliance"
"Rooted Plant (including grafted)","Thailand",FALSE,"Reference","ultum nature systems","Poor compliance"
"Rooted Plant (including grafted)","Thailand",FALSE,"WHITE ROSE EXPORT (THAILAND) LTD","complete aquatic systems","Low compliance"
"Rooted Plant (including grafted)","Thailand",FALSE,"Reference","siam flora","Low compliance"
"Rooted Plant (including grafted)","Thailand",FALSE,"Reference","complete aquatic systems","Low compliance"
"Rooted Plant (including grafted)","Thailand",FALSE,"Reference","tat tristan g","Poor compliance"
"Rooted Plant (including grafted)","Thailand",FALSE,"Reference","united plant growers","Low compliance"
"Rooted Plant (including grafted)","Thailand",FALSE,"Natta 1565 Limited","Reference","Medium compliance"
"Rooted Plant (including grafted)","Thailand",FALSE,"ALPINE TROPICAL PLANTS CO LTD","missing","Low compliance"
"Rooted Plant (including grafted)","Thailand",FALSE,"Reference","chen tian","Poor compliance"
"Rooted Plant (including grafted)","Thailand",FALSE,"Reference","ds cole growers","Low compliance"
"Rooted Plant (including grafted)","Thailand",FALSE,"Reference","omega customs brokers","Low compliance"
"Rooted Plant (including grafted)","Thailand",FALSE,"Reference","aksiporn saengfa","Low compliance"
"Rooted Plant (including grafted)","Thailand",FALSE,"Kantapat Kaewpradith","Reference","Medium compliance"
"Rooted Plant (including grafted)","Thailand",FALSE,"Escactus","Reference","Medium compliance"
"Rooted Plant (including grafted)","Thailand",FALSE,"Reference","daniel baytosh","Low compliance"
"Rooted Plant (including grafted)","Thailand",FALSE,"Reference","miyar intl brokerage","Poor compliance"
"Rooted Plant (including grafted)","Thailand",FALSE,"Bomb Takomfoo","Reference","Low compliance"
"Rooted Plant (including grafted)","Thailand",FALSE,"ALPINE TROPICAL PLANTS CO LTD","Reference","Low compliance"
"Rooted Plant (including grafted)","Thailand",FALSE,"Reference","foremost foliage inc dba foremostco","Low compliance"
"Rooted Plant (including grafted)","Thailand",FALSE,"Reference","fleurizon","Poor compliance"
"Rooted Plant (including grafted)","Thailand",FALSE,"Reference","hanna gregor","Low compliance"
"Rooted Plant (including grafted)","Thailand",FALSE,"Reference","green plant cuttings usa","Low compliance"
"Rooted Plant (including grafted)","Thailand",FALSE,"GENEROS ECUATORIANOS","Reference","Low compliance"
"Rooted Plant (including grafted)","Thailand",FALSE,"Reference","waterscaap pond amp aquarium plants","Poor compliance"
"Rooted Plant (including grafted)","Thailand",FALSE,"PT AQUATIC PLAN CENTRE INDONESIA","Reference","Medium compliance"
"Rooted Plant (including grafted)","Thailand",FALSE,"Reference","costa farms","Low compliance"
"Rooted Plant (including grafted)","Thailand",FALSE,"Reference","gubler orchids","Poor compliance"
"Rooted Plant (including grafted)","Thailand",FALSE,"Reference","biostok","Poor compliance"
"Rooted Plant (including grafted)","Thailand",FALSE,"Reference","perfect choice","Poor compliance"
"Rooted Plant (including grafted)","Thailand",FALSE,"GENEROS ECUATORIANOS","hanna gregor","Poor compliance"
"Rooted Plant (including grafted)","Thailand",FALSE,"Natta 1565 Limited","hanna gregor","Poor compliance"
"Rooted Plant (including grafted)","Thailand",FALSE,"Reference","b c amp f brokerage","Low compliance"
"Rooted Plant (including grafted)","Thailand",FALSE,"Natta 1565 Limited","perfect choice","Poor compliance"
"Rooted Plant (including grafted)","Thailand",FALSE,"Reference","foremost foliage","Low compliance"
"Rooted Plant (including grafted)","Thailand",FALSE,"Reference","mchutchison","Low compliance"
"Rooted Plant (including grafted)","Thailand",FALSE,"Reference","express seed","Low compliance"
"Rooted Plant (including grafted)","Indonesia",TRUE,"CV Jawadipa Nusantara","Reference","Poor compliance"
"Rooted Plant (including grafted)","Indonesia",TRUE,"Reference","Reference","Medium compliance"
"Rooted Plant (including grafted)","Indonesia",TRUE,"Nisa Garden","Reference","Poor compliance"
"Rooted Plant (including grafted)","Indonesia",TRUE,"CV Okanoka Multi Usaha","stephanie schouten","Poor compliance"
"Rooted Plant (including grafted)","Indonesia",TRUE,"CV AESTETICH","Reference","Poor compliance"
"Rooted Plant (including grafted)","Indonesia",TRUE,"Sekar Wana Jaya","joni suhartomo","Poor compliance"
"Rooted Plant (including grafted)","Indonesia",TRUE,"CV Okanoka Multi Usaha","Reference","Poor compliance"
"Rooted Plant (including grafted)","Indonesia",TRUE,"CV KEBUN INDAH","Reference","Poor compliance"
"Rooted Plant (including grafted)","Indonesia",TRUE,"Sekar Wana Jaya","Reference","Poor compliance"
"Rooted Plant (including grafted)","Indonesia",TRUE,"Reference","joni suhartomo","Poor compliance"
"Rooted Plant (including grafted)","Indonesia",TRUE,"Sekar Wana Jaya","missing","Poor compliance"
"Rooted Plant (including grafted)","Indonesia",TRUE,"Reference","tat tristan g","Poor compliance"
"Rooted Plant (including grafted)","Indonesia",TRUE,"PT AQUATIC PLAN CENTRE INDONESIA","complete aquatic systems","Poor compliance"
"Rooted Plant (including grafted)","Indonesia",TRUE,"Reference","ultum nature systems","Poor compliance"
"Rooted Plant (including grafted)","Indonesia",TRUE,"CV KEBUN INDAH","stephanie schouten","Poor compliance"
"Rooted Plant (including grafted)","Indonesia",TRUE,"Reference","missing","Poor compliance"
"Rooted Plant (including grafted)","Indonesia",TRUE,"Nisa Garden","missing","Poor compliance"
"Rooted Plant (including grafted)","Indonesia",TRUE,"Reference","stephanie schouten","Poor compliance"
"Rooted Plant (including grafted)","Indonesia",TRUE,"CV Jawadipa Nusantara","puspa ariani pande ketut","Poor compliance"
"Rooted Plant (including grafted)","Indonesia",TRUE,"Reference","waterscaap pond amp aquarium plants","Poor compliance"
"Rooted Plant (including grafted)","Indonesia",TRUE,"Reference","costa farms","Poor compliance"
"Rooted Plant (including grafted)","Indonesia",TRUE,"Reference","foremost foliage","Poor compliance"
"Rooted Plant (including grafted)","Indonesia",TRUE,"PT AQUATIC PLAN CENTRE INDONESIA","Reference","Poor compliance"
"Rooted Plant (including grafted)","Indonesia",TRUE,"Reference","miyar intl brokerage","Poor compliance"
"Rooted Plant (including grafted)","Indonesia",TRUE,"Reference","foremost foliage inc dba foremostco","Poor compliance"
"Rooted Plant (including grafted)","Indonesia",TRUE,"PT AQUATIC PLAN CENTRE INDONESIA","waterscaap pond amp aquarium plants","Poor compliance"
"Rooted Plant (including grafted)","Indonesia",TRUE,"Reference","perfect choice","Poor compliance"
"Rooted Plant (including grafted)","Indonesia",TRUE,"CV AESTETICH","missing","Poor compliance"
"Rooted Plant (including grafted)","Indonesia",TRUE,"CV KEBUN INDAH","missing","Poor compliance"
"Rooted Plant (including grafted)","Indonesia",TRUE,"CV Jawadipa Nusantara","missing","Poor compliance"
"Rooted Plant (including grafted)","Indonesia",TRUE,"Reference","biostok","Poor compliance"
"Rooted Plant (including grafted)","Indonesia",TRUE,"CV KEBUN INDAH","hanna gregor","Poor compliance"
"Rooted Plant (including grafted)","Indonesia",TRUE,"Nisa Garden","hanna gregor","Poor compliance"
"Rooted Plant (including grafted)","Indonesia",TRUE,"Reference","hanna gregor","Poor compliance"
"Rooted Plant (including grafted)","Indonesia",TRUE,"Reference","omega customs brokers","Poor compliance"
"Rooted Plant (including grafted)","Indonesia",TRUE,"Reference","puspa ariani pande ketut","Poor compliance"
"Rooted Plant (including grafted)","Indonesia",TRUE,"Reference","express seed","Poor compliance"
"Rooted Plant (including grafted)","Indonesia",FALSE,"CV Jawadipa Nusantara","Reference","Low compliance"
"Rooted Plant (including grafted)","Indonesia",FALSE,"Reference","Reference","Medium compliance"
"Rooted Plant (including grafted)","Indonesia",FALSE,"Nisa Garden","Reference","Low compliance"
"Rooted Plant (including grafted)","Indonesia",FALSE,"CV Okanoka Multi Usaha","stephanie schouten","Poor compliance"
"Rooted Plant (including grafted)","Indonesia",FALSE,"CV AESTETICH","Reference","Low compliance"
"Rooted Plant (including grafted)","Indonesia",FALSE,"Sekar Wana Jaya","joni suhartomo","Poor compliance"
"Rooted Plant (including grafted)","Indonesia",FALSE,"CV Okanoka Multi Usaha","Reference","Low compliance"
"Rooted Plant (including grafted)","Indonesia",FALSE,"CV KEBUN INDAH","Reference","Poor compliance"
"Rooted Plant (including grafted)","Indonesia",FALSE,"Sekar Wana Jaya","Reference","Low compliance"
"Rooted Plant (including grafted)","Indonesia",FALSE,"Reference","joni suhartomo","Poor compliance"
"Rooted Plant (including grafted)","Indonesia",FALSE,"Sekar Wana Jaya","missing","Poor compliance"
"Rooted Plant (including grafted)","Indonesia",FALSE,"Reference","tat tristan g","Poor compliance"
"Rooted Plant (including grafted)","Indonesia",FALSE,"PT AQUATIC PLAN CENTRE INDONESIA","complete aquatic systems","Poor compliance"
"Rooted Plant (including grafted)","Indonesia",FALSE,"Reference","ultum nature systems","Poor compliance"
"Rooted Plant (including grafted)","Indonesia",FALSE,"CV KEBUN INDAH","stephanie schouten","Poor compliance"
"Rooted Plant (including grafted)","Indonesia",FALSE,"Reference","missing","Poor compliance"
"Rooted Plant (including grafted)","Indonesia",FALSE,"Nisa Garden","missing","Poor compliance"
"Rooted Plant (including grafted)","Indonesia",FALSE,"Reference","stephanie schouten","Poor compliance"
"Rooted Plant (including grafted)","Indonesia",FALSE,"CV Jawadipa Nusantara","puspa ariani pande ketut","Poor compliance"
"Rooted Plant (including grafted)","Indonesia",FALSE,"Reference","waterscaap pond amp aquarium plants","Poor compliance"
"Rooted Plant (including grafted)","Indonesia",FALSE,"Reference","costa farms","Poor compliance"
"Rooted Plant (including grafted)","Indonesia",FALSE,"Reference","foremost foliage","Poor compliance"
"Rooted Plant (including grafted)","Indonesia",FALSE,"PT AQUATIC PLAN CENTRE INDONESIA","Reference","Medium compliance"
"Rooted Plant (including grafted)","Indonesia",FALSE,"Reference","miyar intl brokerage","Poor compliance"
"Rooted Plant (including grafted)","Indonesia",FALSE,"Reference","foremost foliage inc dba foremostco","Poor compliance"
"Rooted Plant (including grafted)","Indonesia",FALSE,"PT AQUATIC PLAN CENTRE INDONESIA","waterscaap pond amp aquarium plants","Poor compliance"
"Rooted Plant (including grafted)","Indonesia",FALSE,"Reference","perfect choice","Poor compliance"
"Rooted Plant (including grafted)","Indonesia",FALSE,"CV AESTETICH","missing","Poor compliance"
"Rooted Plant (including grafted)","Indonesia",FALSE,"CV KEBUN INDAH","missing","Poor compliance"
"Rooted Plant (including grafted)","Indonesia",FALSE,"CV Jawadipa Nusantara","missing","Poor compliance"
"Rooted Plant (including grafted)","Indonesia",FALSE,"Reference","biostok","Poor compliance"
"Rooted Plant (including grafted)","Indonesia",FALSE,"CV KEBUN INDAH","hanna gregor","Poor compliance"
"Rooted Plant (including grafted)","Indonesia",FALSE,"Nisa Garden","hanna gregor","Poor compliance"
"Rooted Plant (including grafted)","Indonesia",FALSE,"Reference","hanna gregor","Poor compliance"
"Rooted Plant (including grafted)","Indonesia",FALSE,"Reference","omega customs brokers","Poor compliance"
"Rooted Plant (including grafted)","Indonesia",FALSE,"Reference","puspa ariani pande ketut","Poor compliance"
"Rooted Plant (including grafted)","Indonesia",FALSE,"Reference","express seed","Poor compliance"
"Rooted Plant (including grafted)","Philippines",TRUE,"Reference","missing","Poor compliance"
"Rooted Plant (including grafted)","Philippines",TRUE,"Reference","Reference","Medium compliance"
"Rooted Plant (including grafted)","Philippines",TRUE,"Reference","omega customs brokers","Poor compliance"
"Rooted Plant (including grafted)","Philippines",TRUE,"Reference","aksiporn saengfa","Poor compliance"
"Rooted Plant (including grafted)","Philippines",FALSE,"Reference","missing","Low compliance"
"Rooted Plant (including grafted)","Philippines",FALSE,"Reference","Reference","Medium compliance"
"Rooted Plant (including grafted)","Philippines",FALSE,"Reference","omega customs brokers","Poor compliance"
"Rooted Plant (including grafted)","Philippines",FALSE,"Reference","aksiporn saengfa","Poor compliance"
"Rooted Plant (including grafted)","Austria",TRUE,"Reference","missing","Poor compliance"
"Rooted Plant (including grafted)","Austria",TRUE,"Reference","Reference","Low compliance"
"Rooted Plant (including grafted)","Austria",FALSE,"Reference","missing","Low compliance"
"Rooted Plant (including grafted)","Austria",FALSE,"Reference","Reference","Medium compliance"
"Rooted Plant (including grafted)","Mexico",TRUE,"Reference","Reference","Medium compliance"
"Rooted Plant (including grafted)","Mexico",TRUE,"Reference","scott valentine","Poor compliance"
"Rooted Plant (including grafted)","Mexico",TRUE,"Reference","express seed","Low compliance"
"Rooted Plant (including grafted)","Mexico",TRUE,"Reference","costa farms","Poor compliance"
"Rooted Plant (including grafted)","Mexico",TRUE,"Reference","missing","Poor compliance"
"Rooted Plant (including grafted)","Mexico",FALSE,"Reference","Reference","Medium compliance"
"Rooted Plant (including grafted)","Mexico",FALSE,"Reference","scott valentine","Medium compliance"
"Rooted Plant (including grafted)","Mexico",FALSE,"Reference","express seed","Low compliance"
"Rooted Plant (including grafted)","Mexico",FALSE,"Reference","costa farms","Medium compliance"
"Rooted Plant (including grafted)","Mexico",FALSE,"Reference","missing","Low compliance"
"Rooted Plant (including grafted)","China",TRUE,"Reference","Reference","Medium compliance"
"Rooted Plant (including grafted)","China",TRUE,"Reference","missing","Poor compliance"
"Rooted Plant (including grafted)","China",TRUE,"KUNMING TAODUROU HORTICULUTURE C","mimi nursery","Poor compliance"
"Rooted Plant (including grafted)","China",TRUE,"KUNMING TAODUROU HORTICULUTURE C","Reference","Poor compliance"
"Rooted Plant (including grafted)","China",TRUE,"Reference","costa farms","Poor compliance"
"Rooted Plant (including grafted)","China",TRUE,"SHANDONG HUAYUCHENG AGRICULTURAL","Reference","Poor compliance"
"Rooted Plant (including grafted)","China",TRUE,"SHANDONG HUAYUCHENG AGRICULTURAL","mimi nursery","Poor compliance"
"Rooted Plant (including grafted)","China",TRUE,"ZHANGZHOU BANRUO","united plant growers","Poor compliance"
"Rooted Plant (including grafted)","China",TRUE,"Reference","chen tian","Poor compliance"
"Rooted Plant (including grafted)","China",TRUE,"ZHANGZHOU BANRUO","foremost foliage","Poor compliance"
"Rooted Plant (including grafted)","China",TRUE,"Reference","fleurizon","Poor compliance"
"Rooted Plant (including grafted)","China",TRUE,"ZHANGZHOU BANRUO","Reference","Poor compliance"
"Rooted Plant (including grafted)","China",TRUE,"Reference","united plant growers","Poor compliance"
"Rooted Plant (including grafted)","China",TRUE,"Reference","express seed","Poor compliance"
"Rooted Plant (including grafted)","China",TRUE,"Reference","western cactus enterprises","Poor compliance"
"Rooted Plant (including grafted)","China",TRUE,"KUNMING TAODUROU HORTICULUTURE C","missing","Poor compliance"
"Rooted Plant (including grafted)","China",TRUE,"Reference","complete aquatic systems","Poor compliance"
"Rooted Plant (including grafted)","China",TRUE,"Reference","foremost foliage","Poor compliance"
"Rooted Plant (including grafted)","China",TRUE,"Reference","mimi nursery","Low compliance"
"Rooted Plant (including grafted)","China",TRUE,"Reference","perfect choice","Poor compliance"
"Rooted Plant (including grafted)","China",TRUE,"Reference","green plant cuttings usa","Poor compliance"
"Rooted Plant (including grafted)","China",TRUE,"Reference","mchutchison","Poor compliance"
"Rooted Plant (including grafted)","China",TRUE,"ZHANGZHOU BANRUO","fleurizon","Poor compliance"
"Rooted Plant (including grafted)","China",TRUE,"Reference","foremost foliage inc dba foremostco","Poor compliance"
"Rooted Plant (including grafted)","China",TRUE,"Reference","biostok","Poor compliance"
"Rooted Plant (including grafted)","China",TRUE,"ZHANGZHOU BANRUO","express seed","Poor compliance"
"Rooted Plant (including grafted)","China",TRUE,"ZHANGZHOU BANRUO","foremost foliage inc dba foremostco","Poor compliance"
"Rooted Plant (including grafted)","China",TRUE,"Reference","miyar intl brokerage","Poor compliance"
"Rooted Plant (including grafted)","China",TRUE,"ZHANGZHOU BANRUO","costa farms","Poor compliance"
"Rooted Plant (including grafted)","China",TRUE,"ZHANGZHOU BANRUO","green plant cuttings usa","Poor compliance"
"Rooted Plant (including grafted)","China",TRUE,"Reference","omega customs brokers","Poor compliance"
"Rooted Plant (including grafted)","China",TRUE,"Reference","altman specialty plants","Poor compliance"
"Rooted Plant (including grafted)","China",TRUE,"Reference","scott valentine","Poor compliance"
"Rooted Plant (including grafted)","China",TRUE,"Reference","kurt weiss greenhouse","Poor compliance"
"Rooted Plant (including grafted)","China",TRUE,"SHANDONG HUAYUCHENG AGRICULTURAL","missing","Poor compliance"
"Rooted Plant (including grafted)","China",FALSE,"Reference","Reference","Medium compliance"
"Rooted Plant (including grafted)","China",FALSE,"Reference","missing","Low compliance"
"Rooted Plant (including grafted)","China",FALSE,"KUNMING TAODUROU HORTICULUTURE C","mimi nursery","Poor compliance"
"Rooted Plant (including grafted)","China",FALSE,"KUNMING TAODUROU HORTICULUTURE C","Reference","Low compliance"
"Rooted Plant (including grafted)","China",FALSE,"Reference","costa farms","Low compliance"
"Rooted Plant (including grafted)","China",FALSE,"SHANDONG HUAYUCHENG AGRICULTURAL","Reference","Medium compliance"
"Rooted Plant (including grafted)","China",FALSE,"SHANDONG HUAYUCHENG AGRICULTURAL","mimi nursery","Poor compliance"
"Rooted Plant (including grafted)","China",FALSE,"ZHANGZHOU BANRUO","united plant growers","Low compliance"
"Rooted Plant (including grafted)","China",FALSE,"Reference","chen tian","Poor compliance"
"Rooted Plant (including grafted)","China",FALSE,"ZHANGZHOU BANRUO","foremost foliage","Poor compliance"
"Rooted Plant (including grafted)","China",FALSE,"Reference","fleurizon","Poor compliance"
"Rooted Plant (including grafted)","China",FALSE,"ZHANGZHOU BANRUO","Reference","Medium compliance"
"Rooted Plant (including grafted)","China",FALSE,"Reference","united plant growers","Low compliance"
"Rooted Plant (including grafted)","China",FALSE,"Reference","express seed","Low compliance"
"Rooted Plant (including grafted)","China",FALSE,"Reference","western cactus enterprises","Low compliance"
"Rooted Plant (including grafted)","China",FALSE,"KUNMING TAODUROU HORTICULUTURE C","missing","Low compliance"
"Rooted Plant (including grafted)","China",FALSE,"Reference","complete aquatic systems","Low compliance"
"Rooted Plant (including grafted)","China",FALSE,"Reference","foremost foliage","Poor compliance"
"Rooted Plant (including grafted)","China",FALSE,"Reference","mimi nursery","Low compliance"
"Rooted Plant (including grafted)","China",FALSE,"Reference","perfect choice","Poor compliance"
"Rooted Plant (including grafted)","China",FALSE,"Reference","green plant cuttings usa","Low compliance"
"Rooted Plant (including grafted)","China",FALSE,"Reference","mchutchison","Low compliance"
"Rooted Plant (including grafted)","China",FALSE,"ZHANGZHOU BANRUO","fleurizon","Poor compliance"
"Rooted Plant (including grafted)","China",FALSE,"Reference","foremost foliage inc dba foremostco","Poor compliance"
"Rooted Plant (including grafted)","China",FALSE,"Reference","biostok","Poor compliance"
"Rooted Plant (including grafted)","China",FALSE,"ZHANGZHOU BANRUO","express seed","Low compliance"
"Rooted Plant (including grafted)","China",FALSE,"ZHANGZHOU BANRUO","foremost foliage inc dba foremostco","Low compliance"
"Rooted Plant (including grafted)","China",FALSE,"Reference","miyar intl brokerage","Poor compliance"
"Rooted Plant (including grafted)","China",FALSE,"ZHANGZHOU BANRUO","costa farms","Low compliance"
"Rooted Plant (including grafted)","China",FALSE,"ZHANGZHOU BANRUO","green plant cuttings usa","Low compliance"
"Rooted Plant (including grafted)","China",FALSE,"Reference","omega customs brokers","Poor compliance"
"Rooted Plant (including grafted)","China",FALSE,"Reference","altman specialty plants","Poor compliance"
"Rooted Plant (including grafted)","China",FALSE,"Reference","scott valentine","Low compliance"
"Rooted Plant (including grafted)","China",FALSE,"Reference","kurt weiss greenhouse","Medium compliance"
"Rooted Plant (including grafted)","China",FALSE,"SHANDONG HUAYUCHENG AGRICULTURAL","missing","Low compliance"
"Rooted Plant (including grafted)","Taiwan",TRUE,"Reference","missing","Poor compliance"
"Rooted Plant (including grafted)","Taiwan",TRUE,"Reference","Reference","Medium compliance"
"Rooted Plant (including grafted)","Taiwan",TRUE,"Reference","gubler orchids","Poor compliance"
"Rooted Plant (including grafted)","Taiwan",TRUE,"Reference","costa farms","Low compliance"
"Rooted Plant (including grafted)","Taiwan",TRUE,"Reference","united plant growers","Poor compliance"
"Rooted Plant (including grafted)","Taiwan",TRUE,"Reference","altman specialty plants","Poor compliance"
"Rooted Plant (including grafted)","Taiwan",TRUE,"Reference","foremost foliage","Poor compliance"
"Rooted Plant (including grafted)","Taiwan",TRUE,"Reference","biostok","Poor compliance"
"Rooted Plant (including grafted)","Taiwan",TRUE,"Reference","miyar intl brokerage","Poor compliance"
"Rooted Plant (including grafted)","Taiwan",TRUE,"Reference","perfect choice","Poor compliance"
"Rooted Plant (including grafted)","Taiwan",TRUE,"Reference","foremost foliage inc dba foremostco","Low compliance"
"Rooted Plant (including grafted)","Taiwan",TRUE,"Reference","omega customs brokers","Poor compliance"
"Rooted Plant (including grafted)","Taiwan",TRUE,"Reference","b c amp f brokerage","Poor compliance"
"Rooted Plant (including grafted)","Taiwan",TRUE,"Reference","express seed","Low compliance"
"Rooted Plant (including grafted)","Taiwan",FALSE,"Reference","missing","Medium compliance"
"Rooted Plant (including grafted)","Taiwan",FALSE,"Reference","Reference","High compliance"
"Rooted Plant (including grafted)","Taiwan",FALSE,"Reference","gubler orchids","Poor compliance"
"Rooted Plant (including grafted)","Taiwan",FALSE,"Reference","costa farms","Medium compliance"
"Rooted Plant (including grafted)","Taiwan",FALSE,"Reference","united plant growers","Medium compliance"
"Rooted Plant (including grafted)","Taiwan",FALSE,"Reference","altman specialty plants","Low compliance"
"Rooted Plant (including grafted)","Taiwan",FALSE,"Reference","foremost foliage","Low compliance"
"Rooted Plant (including grafted)","Taiwan",FALSE,"Reference","biostok","Poor compliance"
"Rooted Plant (including grafted)","Taiwan",FALSE,"Reference","miyar intl brokerage","Poor compliance"
"Rooted Plant (including grafted)","Taiwan",FALSE,"Reference","perfect choice","Poor compliance"
"Rooted Plant (including grafted)","Taiwan",FALSE,"Reference","foremost foliage inc dba foremostco","Low compliance"
"Rooted Plant (including grafted)","Taiwan",FALSE,"Reference","omega customs brokers","Low compliance"
"Rooted Plant (including grafted)","Taiwan",FALSE,"Reference","b c amp f brokerage","Medium compliance"
"Rooted Plant (including grafted)","Taiwan",FALSE,"Reference","express seed","Medium compliance"
"Rooted Plant (including grafted)","South Africa",TRUE,"Reference","Reference","Medium compliance"
"Rooted Plant (including grafted)","South Africa",TRUE,"Reference","missing","Poor compliance"
"Rooted Plant (including grafted)","South Africa",TRUE,"Reference","costa farms","Poor compliance"
"Rooted Plant (including grafted)","South Africa",TRUE,"Reference","miyar intl brokerage","Poor compliance"
"Rooted Plant (including grafted)","South Africa",TRUE,"Reference","foremost foliage","Poor compliance"
"Rooted Plant (including grafted)","South Africa",TRUE,"Reference","express seed","Poor compliance"
"Rooted Plant (including grafted)","South Africa",FALSE,"Reference","Reference","Medium compliance"
"Rooted Plant (including grafted)","South Africa",FALSE,"Reference","missing","Low compliance"
"Rooted Plant (including grafted)","South Africa",FALSE,"Reference","costa farms","Low compliance"
"Rooted Plant (including grafted)","South Africa",FALSE,"Reference","miyar intl brokerage","Poor compliance"
"Rooted Plant (including grafted)","South Africa",FALSE,"Reference","foremost foliage","Poor compliance"
"Rooted Plant (including grafted)","South Africa",FALSE,"Reference","express seed","Poor compliance"
"Rooted Plant (including grafted)","Hungary",TRUE,"Reference","Reference","Low compliance"
"Rooted Plant (including grafted)","Hungary",TRUE,"Reference","missing","Poor compliance"
"Rooted Plant (including grafted)","Hungary",FALSE,"Reference","Reference","Low compliance"
"Rooted Plant (including grafted)","Hungary",FALSE,"Reference","missing","Poor compliance"
"Rooted Plant (including grafted)","Latvia",TRUE,"Reference","missing","Poor compliance"
"Rooted Plant (including grafted)","Latvia",FALSE,"Reference","missing","Low compliance"
"Rooted Plant (including grafted)","Japan",TRUE,"Reference","missing","Poor compliance"
"Rooted Plant (including grafted)","Japan",TRUE,"Reference","Reference","Medium compliance"
"Rooted Plant (including grafted)","Japan",TRUE,"Reference","foremost foliage","Poor compliance"
"Rooted Plant (including grafted)","Japan",TRUE,"Reference","omega customs brokers","Poor compliance"
"Rooted Plant (including grafted)","Japan",TRUE,"Reference","mchutchison","Poor compliance"
"Rooted Plant (including grafted)","Japan",FALSE,"Reference","missing","Low compliance"
"Rooted Plant (including grafted)","Japan",FALSE,"Reference","Reference","Medium compliance"
"Rooted Plant (including grafted)","Japan",FALSE,"Reference","foremost foliage","Low compliance"
"Rooted Plant (including grafted)","Japan",FALSE,"Reference","omega customs brokers","Low compliance"
"Rooted Plant (including grafted)","Japan",FALSE,"Reference","mchutchison","Low compliance"
"Rooted Plant (including grafted)","Italy",TRUE,"Reference","Reference","Medium compliance"
"Rooted Plant (including grafted)","Italy",TRUE,"Reference","western cactus enterprises","Poor compliance"
"Rooted Plant (including grafted)","Italy",TRUE,"Reference","missing","Poor compliance"
"Rooted Plant (including grafted)","Italy",TRUE,"Reference","primaflora international lp","Poor compliance"
"Rooted Plant (including grafted)","Italy",TRUE,"Reference","costa farms","Poor compliance"
"Rooted Plant (including grafted)","Italy",TRUE,"Reference","express seed","Poor compliance"
"Rooted Plant (including grafted)","Italy",TRUE,"Reference","ds cole growers","Poor compliance"
"Rooted Plant (including grafted)","Italy",FALSE,"Reference","Reference","Medium compliance"
"Rooted Plant (including grafted)","Italy",FALSE,"Reference","western cactus enterprises","Low compliance"
"Rooted Plant (including grafted)","Italy",FALSE,"Reference","missing","Poor compliance"
"Rooted Plant (including grafted)","Italy",FALSE,"Reference","primaflora international lp","Low compliance"
"Rooted Plant (including grafted)","Italy",FALSE,"Reference","costa farms","Low compliance"
"Rooted Plant (including grafted)","Italy",FALSE,"Reference","express seed","Poor compliance"
"Rooted Plant (including grafted)","Italy",FALSE,"Reference","ds cole growers","Poor compliance"
"Rooted Plant (including grafted)","El Salvador",TRUE,"Reference","Reference","Medium compliance"
"Rooted Plant (including grafted)","El Salvador",TRUE,"Reference","primaflora international lp","Low compliance"
"Rooted Plant (including grafted)","El Salvador",TRUE,"Reference","foremost foliage inc dba foremostco","Poor compliance"
"Rooted Plant (including grafted)","El Salvador",TRUE,"Reference","foremost foliage","Poor compliance"
"Rooted Plant (including grafted)","El Salvador",FALSE,"Reference","Reference","Medium compliance"
"Rooted Plant (including grafted)","El Salvador",FALSE,"Reference","primaflora international lp","Medium compliance"
"Rooted Plant (including grafted)","El Salvador",FALSE,"Reference","foremost foliage inc dba foremostco","Low compliance"
"Rooted Plant (including grafted)","El Salvador",FALSE,"Reference","foremost foliage","Low compliance"
"Rooted Plant (including grafted)","India",TRUE,"Reference","Reference","Medium compliance"
"Rooted Plant (including grafted)","India",TRUE,"Reference","bill moore and company","Poor compliance"
"Rooted Plant (including grafted)","India",TRUE,"Reference","fleurizon","Poor compliance"
"Rooted Plant (including grafted)","India",TRUE,"TROPICA NURSERY","foremost foliage inc dba foremostco","Poor compliance"
"Rooted Plant (including grafted)","India",TRUE,"TROPICA NURSERY","fleurizon","Poor compliance"
"Rooted Plant (including grafted)","India",TRUE,"TROPICA NURSERY","bill moore and company","Poor compliance"
"Rooted Plant (including grafted)","India",TRUE,"Reference","foremost foliage inc dba foremostco","Low compliance"
"Rooted Plant (including grafted)","India",TRUE,"TROPICA NURSERY","express seed","Poor compliance"
"Rooted Plant (including grafted)","India",TRUE,"Reference","mchutchison","Low compliance"
"Rooted Plant (including grafted)","India",TRUE,"TROPICA NURSERY","scott valentine","Poor compliance"
"Rooted Plant (including grafted)","India",TRUE,"Reference","costa farms","Low compliance"
"Rooted Plant (including grafted)","India",TRUE,"Reference","foremost foliage","Poor compliance"
"Rooted Plant (including grafted)","India",TRUE,"Reference","express seed","Low compliance"
"Rooted Plant (including grafted)","India",TRUE,"Reference","kurt weiss greenhouse","Low compliance"
"Rooted Plant (including grafted)","India",FALSE,"Reference","Reference","Medium compliance"
"Rooted Plant (including grafted)","India",FALSE,"Reference","bill moore and company","Poor compliance"
"Rooted Plant (including grafted)","India",FALSE,"Reference","fleurizon","Low compliance"
"Rooted Plant (including grafted)","India",FALSE,"TROPICA NURSERY","foremost foliage inc dba foremostco","Poor compliance"
"Rooted Plant (including grafted)","India",FALSE,"TROPICA NURSERY","fleurizon","Poor compliance"
"Rooted Plant (including grafted)","India",FALSE,"TROPICA NURSERY","bill moore and company","Poor compliance"
"Rooted Plant (including grafted)","India",FALSE,"Reference","foremost foliage inc dba foremostco","Low compliance"
"Rooted Plant (including grafted)","India",FALSE,"TROPICA NURSERY","express seed","Poor compliance"
"Rooted Plant (including grafted)","India",FALSE,"Reference","mchutchison","Medium compliance"
"Rooted Plant (including grafted)","India",FALSE,"TROPICA NURSERY","scott valentine","Low compliance"
"Rooted Plant (including grafted)","India",FALSE,"Reference","costa farms","Medium compliance"
"Rooted Plant (including grafted)","India",FALSE,"Reference","foremost foliage","Low compliance"
"Rooted Plant (including grafted)","India",FALSE,"Reference","express seed","Medium compliance"
"Rooted Plant (including grafted)","India",FALSE,"Reference","kurt weiss greenhouse","Medium compliance"
"Rooted Plant (including grafted)","Viet Nam",TRUE,"Reference","Reference","Medium compliance"
"Rooted Plant (including grafted)","Viet Nam",TRUE,"Reference","scott valentine","Poor compliance"
"Rooted Plant (including grafted)","Viet Nam",TRUE,"Reference","costa farms","Poor compliance"
"Rooted Plant (including grafted)","Viet Nam",TRUE,"Reference","perfect choice","Poor compliance"
"Rooted Plant (including grafted)","Viet Nam",TRUE,"Reference","miyar intl brokerage","Poor compliance"
"Rooted Plant (including grafted)","Viet Nam",TRUE,"Reference","express seed","Low compliance"
"Rooted Plant (including grafted)","Viet Nam",TRUE,"Reference","missing","Poor compliance"
"Rooted Plant (including grafted)","Viet Nam",FALSE,"Reference","Reference","Medium compliance"
"Rooted Plant (including grafted)","Viet Nam",FALSE,"Reference","scott valentine","Medium compliance"
"Rooted Plant (including grafted)","Viet Nam",FALSE,"Reference","costa farms","Medium compliance"
"Rooted Plant (including grafted)","Viet Nam",FALSE,"Reference","perfect choice","Poor compliance"
"Rooted Plant (including grafted)","Viet Nam",FALSE,"Reference","miyar intl brokerage","Poor compliance"
"Rooted Plant (including grafted)","Viet Nam",FALSE,"Reference","express seed","Low compliance"
"Rooted Plant (including grafted)","Viet Nam",FALSE,"Reference","missing","Medium compliance"
"Rooted Plant (including grafted)","Guatemala",TRUE,"INVERSIONES AGROCOMERCIALE","Reference","Low compliance"
"Rooted Plant (including grafted)","Guatemala",TRUE,"IVAGRO SA","primaflora international lp","Low compliance"
"Rooted Plant (including grafted)","Guatemala",TRUE,"LA FLORESTA ORNAMENTALES","primaflora international lp","Poor compliance"
"Rooted Plant (including grafted)","Guatemala",TRUE,"Reference","Reference","Medium compliance"
"Rooted Plant (including grafted)","Guatemala",TRUE,"Reference","primaflora international lp","Low compliance"
"Rooted Plant (including grafted)","Guatemala",TRUE,"QUELETZU SA","primaflora international lp","Low compliance"
"Rooted Plant (including grafted)","Guatemala",TRUE,"TUCAN EXPORT","primaflora international lp","Poor compliance"
"Rooted Plant (including grafted)","Guatemala",TRUE,"IVAGRO SA","Reference","Medium compliance"
"Rooted Plant (including grafted)","Guatemala",TRUE,"Reference","altman specialty plants","Poor compliance"
"Rooted Plant (including grafted)","Guatemala",TRUE,"Guatexotic","primaflora international lp","Poor compliance"
"Rooted Plant (including grafted)","Guatemala",TRUE,"Reference","western cactus enterprises","Poor compliance"
"Rooted Plant (including grafted)","Guatemala",TRUE,"TUCAN EXPORT","Reference","Poor compliance"
"Rooted Plant (including grafted)","Guatemala",TRUE,"IVAGRO SA","foremost foliage inc dba foremostco","Poor compliance"
"Rooted Plant (including grafted)","Guatemala",TRUE,"LA FLORESTA ORNAMENTALES","foremost foliage inc dba foremostco","Poor compliance"
"Rooted Plant (including grafted)","Guatemala",TRUE,"Reference","foremost foliage inc dba foremostco","Poor compliance"
"Rooted Plant (including grafted)","Guatemala",TRUE,"IVAGRO SA","florica farmsinc","Poor compliance"
"Rooted Plant (including grafted)","Guatemala",TRUE,"LA FLORESTA ORNAMENTALES","south florida plant services","Poor compliance"
"Rooted Plant (including grafted)","Guatemala",TRUE,"Reference","south florida plant services","Poor compliance"
"Rooted Plant (including grafted)","Guatemala",TRUE,"Guatexotic","fb imports","Poor compliance"
"Rooted Plant (including grafted)","Guatemala",TRUE,"IVAGRO SA","fb imports","Poor compliance"
"Rooted Plant (including grafted)","Guatemala",TRUE,"Reference","fb imports","Poor compliance"
"Rooted Plant (including grafted)","Guatemala",TRUE,"INVERSIONES LUA SA","scott valentine","Poor compliance"
"Rooted Plant (including grafted)","Guatemala",TRUE,"Reference","costa farms","Poor compliance"
"Rooted Plant (including grafted)","Guatemala",TRUE,"INVERSIONES LUA SA","costa farms","Poor compliance"
"Rooted Plant (including grafted)","Guatemala",TRUE,"TUCAN EXPORT","b c amp f brokerage","Poor compliance"
"Rooted Plant (including grafted)","Guatemala",TRUE,"PLANTEXPO","jurakan usainc","Poor compliance"
"Rooted Plant (including grafted)","Guatemala",TRUE,"Reference","foremost foliage","Poor compliance"
"Rooted Plant (including grafted)","Guatemala",TRUE,"AGRO KOMPASS S A","foremost foliage","Poor compliance"
"Rooted Plant (including grafted)","Guatemala",TRUE,"IVAGRO SA","foremost foliage","Poor compliance"
"Rooted Plant (including grafted)","Guatemala",TRUE,"QUELETZU SA","foremost foliage","Poor compliance"
"Rooted Plant (including grafted)","Guatemala",TRUE,"Los Pinos Poptum","foremost foliage","Poor compliance"
"Rooted Plant (including grafted)","Guatemala",TRUE,"AGRO KOMPASS S A","jurakan usainc","Poor compliance"
"Rooted Plant (including grafted)","Guatemala",TRUE,"LA FLORESTA ORNAMENTALES","costa farms","Poor compliance"
"Rooted Plant (including grafted)","Guatemala",TRUE,"LA FLORESTA ORNAMENTALES","florica farmsinc","Poor compliance"
"Rooted Plant (including grafted)","Guatemala",TRUE,"IVAGRO SA","south florida plant services","Poor compliance"
"Rooted Plant (including grafted)","Guatemala",TRUE,"IVAGRO SA","plant exports","Poor compliance"
"Rooted Plant (including grafted)","Guatemala",TRUE,"Guatexotic","Reference","Low compliance"
"Rooted Plant (including grafted)","Guatemala",TRUE,"Plant Investments","scott valentine","Poor compliance"
"Rooted Plant (including grafted)","Guatemala",TRUE,"Reference","fleurizon","Poor compliance"
"Rooted Plant (including grafted)","Guatemala",TRUE,"Reference","russells bromelaids","Poor compliance"
"Rooted Plant (including grafted)","Guatemala",TRUE,"TUCAN EXPORT","russells bromelaids","Poor compliance"
"Rooted Plant (including grafted)","Guatemala",TRUE,"Reference","florica farmsinc","Poor compliance"
"Rooted Plant (including grafted)","Guatemala",TRUE,"Corporacion Bonanza","florica farmsinc","Poor compliance"
"Rooted Plant (including grafted)","Guatemala",TRUE,"Los Pinos Poptum","foremost foliage inc dba foremostco","Poor compliance"
"Rooted Plant (including grafted)","Guatemala",TRUE,"QUELETZU SA","foremost foliage inc dba foremostco","Poor compliance"
"Rooted Plant (including grafted)","Guatemala",TRUE,"LA FLORESTA ORNAMENTALES","Reference","Poor compliance"
"Rooted Plant (including grafted)","Guatemala",TRUE,"Corporacion Bonanza","costa farms","Poor compliance"
"Rooted Plant (including grafted)","Guatemala",TRUE,"Reference","jurakan usainc","Low compliance"
"Rooted Plant (including grafted)","Guatemala",TRUE,"Corporacion Bonanza","Reference","Poor compliance"
"Rooted Plant (including grafted)","Guatemala",TRUE,"Los Pinos Poptum","plant exports","Poor compliance"
"Rooted Plant (including grafted)","Guatemala",TRUE,"Plant Investments","express seed","Poor compliance"
"Rooted Plant (including grafted)","Guatemala",TRUE,"TUCAN EXPORT","fb imports","Poor compliance"
"Rooted Plant (including grafted)","Guatemala",TRUE,"Plant Investments","mchutchison","Poor compliance"
"Rooted Plant (including grafted)","Guatemala",TRUE,"Reference","dockside management","Low compliance"
"Rooted Plant (including grafted)","Guatemala",TRUE,"INVERSIONES LUA SA","plant exports","Poor compliance"
"Rooted Plant (including grafted)","Guatemala",TRUE,"Plant Investments","foremost foliage inc dba foremostco","Poor compliance"
"Rooted Plant (including grafted)","Guatemala",TRUE,"INVERSIONES AGROCOMERCIALE","fb imports","Poor compliance"
"Rooted Plant (including grafted)","Guatemala",TRUE,"Reference","plant exports","Poor compliance"
"Rooted Plant (including grafted)","Guatemala",TRUE,"INVERSIONES LUA SA","Reference","Poor compliance"
"Rooted Plant (including grafted)","Guatemala",TRUE,"LA FLORESTA ORNAMENTALES","mchutchison","Poor compliance"
"Rooted Plant (including grafted)","Guatemala",TRUE,"QUELETZU SA","Reference","Low compliance"
"Rooted Plant (including grafted)","Guatemala",TRUE,"COSTA","costa farms","Poor compliance"
"Rooted Plant (including grafted)","Guatemala",TRUE,"Los Pinos Poptum","Reference","Poor compliance"
"Rooted Plant (including grafted)","Guatemala",TRUE,"QUELETZU SA","south florida plant services","Poor compliance"
"Rooted Plant (including grafted)","Guatemala",TRUE,"Reference","ds cole growers","Poor compliance"
"Rooted Plant (including grafted)","Guatemala",TRUE,"IVAGRO SA","scott valentine","Poor compliance"
"Rooted Plant (including grafted)","Guatemala",TRUE,"PRODUCTOS EL MAPACHE DE ALAJUELA","plant exports","Poor compliance"
"Rooted Plant (including grafted)","Guatemala",TRUE,"QUELETZU SA","fb imports","Poor compliance"
"Rooted Plant (including grafted)","Guatemala",TRUE,"Reference","mchutchison","Poor compliance"
"Rooted Plant (including grafted)","Guatemala",TRUE,"INVERSIONES AGROCOMERCIALE","foremost foliage inc dba foremostco","Poor compliance"
"Rooted Plant (including grafted)","Guatemala",TRUE,"LA FLORESTA ORNAMENTALES","plant exports","Poor compliance"
"Rooted Plant (including grafted)","Guatemala",TRUE,"IVAGRO SA","costa farms","Poor compliance"
"Rooted Plant (including grafted)","Guatemala",TRUE,"Reference","aura botanical","Poor compliance"
"Rooted Plant (including grafted)","Guatemala",TRUE,"INVERSIONES AGROCOMERCIALE","costa farms","Poor compliance"
"Rooted Plant (including grafted)","Guatemala",TRUE,"Guatexotic","foremost foliage inc dba foremostco","Poor compliance"
"Rooted Plant (including grafted)","Guatemala",TRUE,"AGRO KOMPASS S A","foremost foliage inc dba foremostco","Poor compliance"
"Rooted Plant (including grafted)","Guatemala",TRUE,"LA FLORESTA ORNAMENTALES","foremost foliage","Poor compliance"
"Rooted Plant (including grafted)","Guatemala",TRUE,"QUELETZU SA","florica farmsinc","Poor compliance"
"Rooted Plant (including grafted)","Guatemala",TRUE,"Guatexotic","costa farms","Poor compliance"
"Rooted Plant (including grafted)","Guatemala",TRUE,"INVERSIONES LUA SA","fb imports","Poor compliance"
"Rooted Plant (including grafted)","Guatemala",TRUE,"INVERSIONES AGROCOMERCIALE","florica farmsinc","Poor compliance"
"Rooted Plant (including grafted)","Guatemala",TRUE,"Reference","express seed","Low compliance"
"Rooted Plant (including grafted)","Guatemala",TRUE,"INVERSIONES AGROCOMERCIALE","foremost foliage","Poor compliance"
"Rooted Plant (including grafted)","Guatemala",TRUE,"CERCA DEL PARAISO SA","Reference","Poor compliance"
"Rooted Plant (including grafted)","Guatemala",TRUE,"IVAGRO SA","express seed","Poor compliance"
"Rooted Plant (including grafted)","Guatemala",TRUE,"INVERSIONES LUA SA","express seed","Poor compliance"
"Rooted Plant (including grafted)","Guatemala",TRUE,"Plant Investments","florica farmsinc","Poor compliance"
"Rooted Plant (including grafted)","Guatemala",TRUE,"Reference","scott valentine","Poor compliance"
"Rooted Plant (including grafted)","Guatemala",TRUE,"Reference","missing","Poor compliance"
"Rooted Plant (including grafted)","Guatemala",FALSE,"INVERSIONES AGROCOMERCIALE","Reference","Medium compliance"
"Rooted Plant (including grafted)","Guatemala",FALSE,"IVAGRO SA","primaflora international lp","Medium compliance"
"Rooted Plant (including grafted)","Guatemala",FALSE,"LA FLORESTA ORNAMENTALES","primaflora international lp","Low compliance"
"Rooted Plant (including grafted)","Guatemala",FALSE,"Reference","Reference","Medium compliance"
"Rooted Plant (including grafted)","Guatemala",FALSE,"Reference","primaflora international lp","Medium compliance"
"Rooted Plant (including grafted)","Guatemala",FALSE,"QUELETZU SA","primaflora international lp","Medium compliance"
"Rooted Plant (including grafted)","Guatemala",FALSE,"TUCAN EXPORT","primaflora international lp","Low compliance"
"Rooted Plant (including grafted)","Guatemala",FALSE,"IVAGRO SA","Reference","Medium compliance"
"Rooted Plant (including grafted)","Guatemala",FALSE,"Reference","altman specialty plants","Low compliance"
"Rooted Plant (including grafted)","Guatemala",FALSE,"Guatexotic","primaflora international lp","Medium compliance"
"Rooted Plant (including grafted)","Guatemala",FALSE,"Reference","western cactus enterprises","Low compliance"
"Rooted Plant (including grafted)","Guatemala",FALSE,"TUCAN EXPORT","Reference","Medium compliance"
"Rooted Plant (including grafted)","Guatemala",FALSE,"IVAGRO SA","foremost foliage inc dba foremostco","Low compliance"
"Rooted Plant (including grafted)","Guatemala",FALSE,"LA FLORESTA ORNAMENTALES","foremost foliage inc dba foremostco","Poor compliance"
"Rooted Plant (including grafted)","Guatemala",FALSE,"Reference","foremost foliage inc dba foremostco","Low compliance"
"Rooted Plant (including grafted)","Guatemala",FALSE,"IVAGRO SA","florica farmsinc","Low compliance"
"Rooted Plant (including grafted)","Guatemala",FALSE,"LA FLORESTA ORNAMENTALES","south florida plant services","Low compliance"
"Rooted Plant (including grafted)","Guatemala",FALSE,"Reference","south florida plant services","Medium compliance"
"Rooted Plant (including grafted)","Guatemala",FALSE,"Guatexotic","fb imports","Poor compliance"
"Rooted Plant (including grafted)","Guatemala",FALSE,"IVAGRO SA","fb imports","Poor compliance"
"Rooted Plant (including grafted)","Guatemala",FALSE,"Reference","fb imports","Poor compliance"
"Rooted Plant (including grafted)","Guatemala",FALSE,"INVERSIONES LUA SA","scott valentine","Low compliance"
"Rooted Plant (including grafted)","Guatemala",FALSE,"Reference","costa farms","Medium compliance"
"Rooted Plant (including grafted)","Guatemala",FALSE,"INVERSIONES LUA SA","costa farms","Low compliance"
"Rooted Plant (including grafted)","Guatemala",FALSE,"TUCAN EXPORT","b c amp f brokerage","Low compliance"
"Rooted Plant (including grafted)","Guatemala",FALSE,"PLANTEXPO","jurakan usainc","Low compliance"
"Rooted Plant (including grafted)","Guatemala",FALSE,"Reference","foremost foliage","Low compliance"
"Rooted Plant (including grafted)","Guatemala",FALSE,"AGRO KOMPASS S A","foremost foliage","Low compliance"
"Rooted Plant (including grafted)","Guatemala",FALSE,"IVAGRO SA","foremost foliage","Poor compliance"
"Rooted Plant (including grafted)","Guatemala",FALSE,"QUELETZU SA","foremost foliage","Poor compliance"
"Rooted Plant (including grafted)","Guatemala",FALSE,"Los Pinos Poptum","foremost foliage","Poor compliance"
"Rooted Plant (including grafted)","Guatemala",FALSE,"AGRO KOMPASS S A","jurakan usainc","Medium compliance"
"Rooted Plant (including grafted)","Guatemala",FALSE,"LA FLORESTA ORNAMENTALES","costa farms","Low compliance"
"Rooted Plant (including grafted)","Guatemala",FALSE,"LA FLORESTA ORNAMENTALES","florica farmsinc","Poor compliance"
"Rooted Plant (including grafted)","Guatemala",FALSE,"IVAGRO SA","south florida plant services","Low compliance"
"Rooted Plant (including grafted)","Guatemala",FALSE,"IVAGRO SA","plant exports","Poor compliance"
"Rooted Plant (including grafted)","Guatemala",FALSE,"Guatexotic","Reference","Medium compliance"
"Rooted Plant (including grafted)","Guatemala",FALSE,"Plant Investments","scott valentine","Poor compliance"
"Rooted Plant (including grafted)","Guatemala",FALSE,"Reference","fleurizon","Poor compliance"
"Rooted Plant (including grafted)","Guatemala",FALSE,"Reference","russells bromelaids","Poor compliance"
"Rooted Plant (including grafted)","Guatemala",FALSE,"TUCAN EXPORT","russells bromelaids","Poor compliance"
"Rooted Plant (including grafted)","Guatemala",FALSE,"Reference","florica farmsinc","Low compliance"
"Rooted Plant (including grafted)","Guatemala",FALSE,"Corporacion Bonanza","florica farmsinc","Poor compliance"
"Rooted Plant (including grafted)","Guatemala",FALSE,"Los Pinos Poptum","foremost foliage inc dba foremostco","Poor compliance"
"Rooted Plant (including grafted)","Guatemala",FALSE,"QUELETZU SA","foremost foliage inc dba foremostco","Poor compliance"
"Rooted Plant (including grafted)","Guatemala",FALSE,"LA FLORESTA ORNAMENTALES","Reference","Medium compliance"
"Rooted Plant (including grafted)","Guatemala",FALSE,"Corporacion Bonanza","costa farms","Low compliance"
"Rooted Plant (including grafted)","Guatemala",FALSE,"Reference","jurakan usainc","Medium compliance"
"Rooted Plant (including grafted)","Guatemala",FALSE,"Corporacion Bonanza","Reference","Medium compliance"
"Rooted Plant (including grafted)","Guatemala",FALSE,"Los Pinos Poptum","plant exports","Poor compliance"
"Rooted Plant (including grafted)","Guatemala",FALSE,"Plant Investments","express seed","Poor compliance"
"Rooted Plant (including grafted)","Guatemala",FALSE,"TUCAN EXPORT","fb imports","Poor compliance"
"Rooted Plant (including grafted)","Guatemala",FALSE,"Plant Investments","mchutchison","Poor compliance"
"Rooted Plant (including grafted)","Guatemala",FALSE,"Reference","dockside management","Medium compliance"
"Rooted Plant (including grafted)","Guatemala",FALSE,"INVERSIONES LUA SA","plant exports","Poor compliance"
"Rooted Plant (including grafted)","Guatemala",FALSE,"Plant Investments","foremost foliage inc dba foremostco","Poor compliance"
"Rooted Plant (including grafted)","Guatemala",FALSE,"INVERSIONES AGROCOMERCIALE","fb imports","Poor compliance"
"Rooted Plant (including grafted)","Guatemala",FALSE,"Reference","plant exports","Poor compliance"
"Rooted Plant (including grafted)","Guatemala",FALSE,"INVERSIONES LUA SA","Reference","Medium compliance"
"Rooted Plant (including grafted)","Guatemala",FALSE,"LA FLORESTA ORNAMENTALES","mchutchison","Low compliance"
"Rooted Plant (including grafted)","Guatemala",FALSE,"QUELETZU SA","Reference","Medium compliance"
"Rooted Plant (including grafted)","Guatemala",FALSE,"COSTA","costa farms","Low compliance"
"Rooted Plant (including grafted)","Guatemala",FALSE,"Los Pinos Poptum","Reference","Medium compliance"
"Rooted Plant (including grafted)","Guatemala",FALSE,"QUELETZU SA","south florida plant services","Low compliance"
"Rooted Plant (including grafted)","Guatemala",FALSE,"Reference","ds cole growers","Low compliance"
"Rooted Plant (including grafted)","Guatemala",FALSE,"IVAGRO SA","scott valentine","Medium compliance"
"Rooted Plant (including grafted)","Guatemala",FALSE,"PRODUCTOS EL MAPACHE DE ALAJUELA","plant exports","Poor compliance"
"Rooted Plant (including grafted)","Guatemala",FALSE,"QUELETZU SA","fb imports","Poor compliance"
"Rooted Plant (including grafted)","Guatemala",FALSE,"Reference","mchutchison","Medium compliance"
"Rooted Plant (including grafted)","Guatemala",FALSE,"INVERSIONES AGROCOMERCIALE","foremost foliage inc dba foremostco","Poor compliance"
"Rooted Plant (including grafted)","Guatemala",FALSE,"LA FLORESTA ORNAMENTALES","plant exports","Poor compliance"
"Rooted Plant (including grafted)","Guatemala",FALSE,"IVAGRO SA","costa farms","Medium compliance"
"Rooted Plant (including grafted)","Guatemala",FALSE,"Reference","aura botanical","Low compliance"
"Rooted Plant (including grafted)","Guatemala",FALSE,"INVERSIONES AGROCOMERCIALE","costa farms","Low compliance"
"Rooted Plant (including grafted)","Guatemala",FALSE,"Guatexotic","foremost foliage inc dba foremostco","Low compliance"
"Rooted Plant (including grafted)","Guatemala",FALSE,"AGRO KOMPASS S A","foremost foliage inc dba foremostco","Low compliance"
"Rooted Plant (including grafted)","Guatemala",FALSE,"LA FLORESTA ORNAMENTALES","foremost foliage","Poor compliance"
"Rooted Plant (including grafted)","Guatemala",FALSE,"QUELETZU SA","florica farmsinc","Poor compliance"
"Rooted Plant (including grafted)","Guatemala",FALSE,"Guatexotic","costa farms","Medium compliance"
"Rooted Plant (including grafted)","Guatemala",FALSE,"INVERSIONES LUA SA","fb imports","Poor compliance"
"Rooted Plant (including grafted)","Guatemala",FALSE,"INVERSIONES AGROCOMERCIALE","florica farmsinc","Low compliance"
"Rooted Plant (including grafted)","Guatemala",FALSE,"Reference","express seed","Low compliance"
"Rooted Plant (including grafted)","Guatemala",FALSE,"INVERSIONES AGROCOMERCIALE","foremost foliage","Poor compliance"
"Rooted Plant (including grafted)","Guatemala",FALSE,"CERCA DEL PARAISO SA","Reference","Medium compliance"
"Rooted Plant (including grafted)","Guatemala",FALSE,"IVAGRO SA","express seed","Low compliance"
"Rooted Plant (including grafted)","Guatemala",FALSE,"INVERSIONES LUA SA","express seed","Poor compliance"
"Rooted Plant (including grafted)","Guatemala",FALSE,"Plant Investments","florica farmsinc","Poor compliance"
"Rooted Plant (including grafted)","Guatemala",FALSE,"Reference","scott valentine","Medium compliance"
"Rooted Plant (including grafted)","Guatemala",FALSE,"Reference","missing","Low compliance"
"Rooted Plant (including grafted)","Sri Lanka",TRUE,"Reference","Reference","Medium compliance"
"Rooted Plant (including grafted)","Sri Lanka",TRUE,"Reference","complete aquatic systems","Poor compliance"
"Rooted Plant (including grafted)","Sri Lanka",TRUE,"Reference","costa farms","Poor compliance"
"Rooted Plant (including grafted)","Sri Lanka",TRUE,"Reference","fleurizon","Poor compliance"
"Rooted Plant (including grafted)","Sri Lanka",TRUE,"Reference","mchutchison","Poor compliance"
"Rooted Plant (including grafted)","Sri Lanka",TRUE,"Reference","biostok","Poor compliance"
"Rooted Plant (including grafted)","Sri Lanka",TRUE,"Reference","green thumb marketing","Poor compliance"
"Rooted Plant (including grafted)","Sri Lanka",FALSE,"Reference","Reference","Medium compliance"
"Rooted Plant (including grafted)","Sri Lanka",FALSE,"Reference","complete aquatic systems","Low compliance"
"Rooted Plant (including grafted)","Sri Lanka",FALSE,"Reference","costa farms","Low compliance"
"Rooted Plant (including grafted)","Sri Lanka",FALSE,"Reference","fleurizon","Poor compliance"
"Rooted Plant (including grafted)","Sri Lanka",FALSE,"Reference","mchutchison","Low compliance"
"Rooted Plant (including grafted)","Sri Lanka",FALSE,"Reference","biostok","Poor compliance"
"Rooted Plant (including grafted)","Sri Lanka",FALSE,"Reference","green thumb marketing","Poor compliance"
"Rooted Plant (including grafted)","Netherlands",TRUE,"Reference","Reference","Medium compliance"
"Rooted Plant (including grafted)","Netherlands",TRUE,"Reference","primaflora international lp","Low compliance"
"Rooted Plant (including grafted)","Netherlands",TRUE,"Reference","united plant growers","Poor compliance"
"Rooted Plant (including grafted)","Netherlands",TRUE,"Reference","scott valentine","Poor compliance"
"Rooted Plant (including grafted)","Netherlands",TRUE,"Reference","express seed","Low compliance"
"Rooted Plant (including grafted)","Netherlands",TRUE,"Reference","western cactus enterprises","Poor compliance"
"Rooted Plant (including grafted)","Netherlands",TRUE,"Reference","foremost foliage inc dba foremostco","Poor compliance"
"Rooted Plant (including grafted)","Netherlands",TRUE,"Reference","ds cole growers","Poor compliance"
"Rooted Plant (including grafted)","Netherlands",TRUE,"Reference","fleurizon","Poor compliance"
"Rooted Plant (including grafted)","Netherlands",TRUE,"Reference","costa farms","Poor compliance"
"Rooted Plant (including grafted)","Netherlands",TRUE,"Reference","biostok","Poor compliance"
"Rooted Plant (including grafted)","Netherlands",TRUE,"Reference","gubler orchids","Poor compliance"
"Rooted Plant (including grafted)","Netherlands",TRUE,"Reference","b c amp f brokerage","Poor compliance"
"Rooted Plant (including grafted)","Netherlands",TRUE,"Reference","foremost foliage","Poor compliance"
"Rooted Plant (including grafted)","Netherlands",TRUE,"Reference","green plant cuttings usa","Poor compliance"
"Rooted Plant (including grafted)","Netherlands",TRUE,"Reference","omega customs brokers","Poor compliance"
"Rooted Plant (including grafted)","Netherlands",TRUE,"Reference","missing","Poor compliance"
"Rooted Plant (including grafted)","Netherlands",TRUE,"Reference","bill moore and company","Poor compliance"
"Rooted Plant (including grafted)","Netherlands",TRUE,"Reference","altman specialty plants","Poor compliance"
"Rooted Plant (including grafted)","Netherlands",TRUE,"Reference","mchutchison","Low compliance"
"Rooted Plant (including grafted)","Netherlands",TRUE,"Reference","kurt weiss greenhouse","Low compliance"
"Rooted Plant (including grafted)","Netherlands",FALSE,"Reference","Reference","High compliance"
"Rooted Plant (including grafted)","Netherlands",FALSE,"Reference","primaflora international lp","Medium compliance"
"Rooted Plant (including grafted)","Netherlands",FALSE,"Reference","united plant growers","Medium compliance"
"Rooted Plant (including grafted)","Netherlands",FALSE,"Reference","scott valentine","Medium compliance"
"Rooted Plant (including grafted)","Netherlands",FALSE,"Reference","express seed","Low compliance"
"Rooted Plant (including grafted)","Netherlands",FALSE,"Reference","western cactus enterprises","Medium compliance"
"Rooted Plant (including grafted)","Netherlands",FALSE,"Reference","foremost foliage inc dba foremostco","Low compliance"
"Rooted Plant (including grafted)","Netherlands",FALSE,"Reference","ds cole growers","Medium compliance"
"Rooted Plant (including grafted)","Netherlands",FALSE,"Reference","fleurizon","Poor compliance"
"Rooted Plant (including grafted)","Netherlands",FALSE,"Reference","costa farms","Medium compliance"
"Rooted Plant (including grafted)","Netherlands",FALSE,"Reference","biostok","Poor compliance"
"Rooted Plant (including grafted)","Netherlands",FALSE,"Reference","gubler orchids","Poor compliance"
"Rooted Plant (including grafted)","Netherlands",FALSE,"Reference","b c amp f brokerage","Medium compliance"
"Rooted Plant (including grafted)","Netherlands",FALSE,"Reference","foremost foliage","Low compliance"
"Rooted Plant (including grafted)","Netherlands",FALSE,"Reference","green plant cuttings usa","Low compliance"
"Rooted Plant (including grafted)","Netherlands",FALSE,"Reference","omega customs brokers","Low compliance"
"Rooted Plant (including grafted)","Netherlands",FALSE,"Reference","missing","Medium compliance"
"Rooted Plant (including grafted)","Netherlands",FALSE,"Reference","bill moore and company","Poor compliance"
"Rooted Plant (including grafted)","Netherlands",FALSE,"Reference","altman specialty plants","Low compliance"
"Rooted Plant (including grafted)","Netherlands",FALSE,"Reference","mchutchison","Medium compliance"
"Rooted Plant (including grafted)","Netherlands",FALSE,"Reference","kurt weiss greenhouse","Medium compliance"
"Rooted Plant (including grafted)","Costa Rica",TRUE,"TURRIPLANTAS SA","primaflora international lp","Poor compliance"
"Rooted Plant (including grafted)","Costa Rica",TRUE,"PRODUCTOS EL MAPACHE DE ALAJUELA","primaflora international lp","Poor compliance"
"Rooted Plant (including grafted)","Costa Rica",TRUE,"Reference","primaflora international lp","Low compliance"
"Rooted Plant (including grafted)","Costa Rica",TRUE,"PREMIUM PLANTS SA","primaflora international lp","Poor compliance"
"Rooted Plant (including grafted)","Costa Rica",TRUE,"Reference","express seed","Poor compliance"
"Rooted Plant (including grafted)","Costa Rica",TRUE,"PREMIUM ORNAMENTALES","primaflora international lp","Low compliance"
"Rooted Plant (including grafted)","Costa Rica",TRUE,"Reference","Reference","Medium compliance"
"Rooted Plant (including grafted)","Costa Rica",TRUE,"ORNAMENTALES SAPO VERDE 801","foremost foliage","Poor compliance"
"Rooted Plant (including grafted)","Costa Rica",TRUE,"antho ornamentales1-7","express seed","Poor compliance"
"Rooted Plant (including grafted)","Costa Rica",TRUE,"Reference","south florida plant services","Poor compliance"
"Rooted Plant (including grafted)","Costa Rica",TRUE,"TURRIPLANTAS SA","south florida plant services","Poor compliance"
"Rooted Plant (including grafted)","Costa Rica",TRUE,"antho ornamentales1-7","florica farmsinc","Poor compliance"
"Rooted Plant (including grafted)","Costa Rica",TRUE,"Reference","costa farms","Poor compliance"
"Rooted Plant (including grafted)","Costa Rica",TRUE,"Reference","foremost foliage","Poor compliance"
"Rooted Plant (including grafted)","Costa Rica",TRUE,"ZACATE ORNAMENTAL Y DECORATIVO","foremost foliage","Poor compliance"
"Rooted Plant (including grafted)","Costa Rica",TRUE,"TURRIPLANTAS SA","excelente foliage incorporated","Poor compliance"
"Rooted Plant (including grafted)","Costa Rica",TRUE,"PREMIUM ORNAMENTALES","kurt weiss greenhouse","Poor compliance"
"Rooted Plant (including grafted)","Costa Rica",TRUE,"Reference","caribbean growers supply","Poor compliance"
"Rooted Plant (including grafted)","Costa Rica",TRUE,"Reference","fleurizon","Poor compliance"
"Rooted Plant (including grafted)","Costa Rica",TRUE,"COOPEINDIA  R.L.","costa farms","Poor compliance"
"Rooted Plant (including grafted)","Costa Rica",TRUE,"ORNAMENTALES SAPO VERDE 801","foremost foliage inc dba foremostco","Poor compliance"
"Rooted Plant (including grafted)","Costa Rica",TRUE,"Reference","foremost foliage inc dba foremostco","Poor compliance"
"Rooted Plant (including grafted)","Costa Rica",TRUE,"PRIMEROS EN FOLLAJE SA BOX#201","foremost foliage inc dba foremostco","Poor compliance"
"Rooted Plant (including grafted)","Costa Rica",TRUE,"COOPEINDIA  R.L.","foremost foliage","Poor compliance"
"Rooted Plant (including grafted)","Costa Rica",TRUE,"GEOAGRO DE COSTA RICA","Reference","Medium compliance"
"Rooted Plant (including grafted)","Costa Rica",TRUE,"SAPO VERDE 900","foremost foliage","Poor compliance"
"Rooted Plant (including grafted)","Costa Rica",TRUE,"MICRO PLANTAS","foremost foliage","Poor compliance"
"Rooted Plant (including grafted)","Costa Rica",TRUE,"PRIMEROS EN FOLLAJE SA BOX#201","foremost foliage","Poor compliance"
"Rooted Plant (including grafted)","Costa Rica",TRUE,"MICRO PLANTAS","costa farms","Poor compliance"
"Rooted Plant (including grafted)","Costa Rica",TRUE,"ZACATE ORNAMENTAL Y DECORATIVO","bay cove group","Poor compliance"
"Rooted Plant (including grafted)","Costa Rica",TRUE,"PREMIUM ORNAMENTALES","florica farmsinc","Poor compliance"
"Rooted Plant (including grafted)","Costa Rica",TRUE,"Reference","scott valentine","Poor compliance"
"Rooted Plant (including grafted)","Costa Rica",TRUE,"Reference","b c amp f brokerage","Poor compliance"
"Rooted Plant (including grafted)","Costa Rica",TRUE,"Reference","dockside management","Poor compliance"
"Rooted Plant (including grafted)","Costa Rica",TRUE,"SAPO VERDE 900","foremost foliage inc dba foremostco","Poor compliance"
"Rooted Plant (including grafted)","Costa Rica",TRUE,"Reference","green tropical plants","Poor compliance"
"Rooted Plant (including grafted)","Costa Rica",TRUE,"COOPEINDIA  R.L.","fb imports","Poor compliance"
"Rooted Plant (including grafted)","Costa Rica",TRUE,"GEOAGRO DE COSTA RICA","fb imports","Poor compliance"
"Rooted Plant (including grafted)","Costa Rica",TRUE,"Reference","fb imports","Poor compliance"
"Rooted Plant (including grafted)","Costa Rica",TRUE,"CERCA DEL PARAISO SA","b c amp f brokerage","Poor compliance"
"Rooted Plant (including grafted)","Costa Rica",TRUE,"Reference","aura botanical","Poor compliance"
"Rooted Plant (including grafted)","Costa Rica",TRUE,"CERCA DEL PARAISO SA","aura botanical","Poor compliance"
"Rooted Plant (including grafted)","Costa Rica",TRUE,"GEOAGRO DE COSTA RICA","fleurizon","Poor compliance"
"Rooted Plant (including grafted)","Costa Rica",TRUE,"PRODUCTOS EL MAPACHE DE ALAJUELA","south florida plant services","Poor compliance"
"Rooted Plant (including grafted)","Costa Rica",TRUE,"Reference","excelente foliage incorporated","Poor compliance"
"Rooted Plant (including grafted)","Costa Rica",TRUE,"Reference","florica farmsinc","Poor compliance"
"Rooted Plant (including grafted)","Costa Rica",TRUE,"CERCA DEL PARAISO SA","Reference","Poor compliance"
"Rooted Plant (including grafted)","Costa Rica",TRUE,"PREMIUM PLANTS SA","kurt weiss greenhouse","Poor compliance"
"Rooted Plant (including grafted)","Costa Rica",TRUE,"MICRO PLANTAS","foremost foliage inc dba foremostco","Poor compliance"
"Rooted Plant (including grafted)","Costa Rica",TRUE,"PREMIUM ORNAMENTALES","Reference","Low compliance"
"Rooted Plant (including grafted)","Costa Rica",TRUE,"CERCA DEL PARAISO SA","foremost foliage","Poor compliance"
"Rooted Plant (including grafted)","Costa Rica",TRUE,"COOPEINDIA  R.L.","foremost foliage inc dba foremostco","Poor compliance"
"Rooted Plant (including grafted)","Costa Rica",TRUE,"Reference","green plant cuttings usa","Poor compliance"
"Rooted Plant (including grafted)","Costa Rica",TRUE,"PREMIUM ORNAMENTALES","b c amp f brokerage","Poor compliance"
"Rooted Plant (including grafted)","Costa Rica",TRUE,"COOPEINDIA  R.L.","south florida plant services","Poor compliance"
"Rooted Plant (including grafted)","Costa Rica",TRUE,"ZACATE ORNAMENTAL Y DECORATIVO","foremost foliage inc dba foremostco","Poor compliance"
"Rooted Plant (including grafted)","Costa Rica",TRUE,"TURRIPLANTAS SA","foremost foliage inc dba foremostco","Poor compliance"
"Rooted Plant (including grafted)","Costa Rica",TRUE,"Reference","mchutchison","Poor compliance"
"Rooted Plant (including grafted)","Costa Rica",TRUE,"MICRO PLANTAS","Reference","Poor compliance"
"Rooted Plant (including grafted)","Costa Rica",TRUE,"PRODUCTOS EL MAPACHE DE ALAJUELA","plant exports","Poor compliance"
"Rooted Plant (including grafted)","Costa Rica",TRUE,"CERCA DEL PARAISO SA","south florida plant services","Poor compliance"
"Rooted Plant (including grafted)","Costa Rica",TRUE,"MICRO PLANTAS","miyar intl brokerage","Poor compliance"
"Rooted Plant (including grafted)","Costa Rica",TRUE,"CERCA DEL PARAISO SA","foremost foliage inc dba foremostco","Poor compliance"
"Rooted Plant (including grafted)","Costa Rica",TRUE,"ORNAMENTALES SAPO VERDE 801","Reference","Medium compliance"
"Rooted Plant (including grafted)","Costa Rica",TRUE,"TURRIPLANTAS SA","foremost foliage","Poor compliance"
"Rooted Plant (including grafted)","Costa Rica",TRUE,"Reference","ds cole growers","Poor compliance"
"Rooted Plant (including grafted)","Costa Rica",TRUE,"PRODUCTOS EL MAPACHE DE ALAJUELA","costa farms","Poor compliance"
"Rooted Plant (including grafted)","Costa Rica",TRUE,"CERCA DEL PARAISO SA","fb imports","Poor compliance"
"Rooted Plant (including grafted)","Costa Rica",TRUE,"LA FLORESTA ORNAMENTALES","plant exports","Poor compliance"
"Rooted Plant (including grafted)","Costa Rica",TRUE,"CERCA DEL PARAISO SA","fleurizon","Poor compliance"
"Rooted Plant (including grafted)","Costa Rica",TRUE,"CERCA DEL PARAISO SA","plant exports","Poor compliance"
"Rooted Plant (including grafted)","Costa Rica",TRUE,"PREMIUM PLANTS SA","Reference","Low compliance"
"Rooted Plant (including grafted)","Costa Rica",TRUE,"PREMIUM PLANTS SA","b c amp f brokerage","Poor compliance"
"Rooted Plant (including grafted)","Costa Rica",TRUE,"SAPO VERDE 900","Reference","Poor compliance"
"Rooted Plant (including grafted)","Costa Rica",TRUE,"Reference","plant exports","Poor compliance"
"Rooted Plant (including grafted)","Costa Rica",TRUE,"COOPEINDIA  R.L.","express seed","Poor compliance"
"Rooted Plant (including grafted)","Costa Rica",TRUE,"QUELETZU SA","foremost foliage inc dba foremostco","Poor compliance"
"Rooted Plant (including grafted)","Costa Rica",TRUE,"Guatexotic","foremost foliage","Poor compliance"
"Rooted Plant (including grafted)","Costa Rica",TRUE,"antho ornamentales1-7","foremost foliage inc dba foremostco","Poor compliance"
"Rooted Plant (including grafted)","Costa Rica",TRUE,"Reference","western cactus enterprises","Poor compliance"
"Rooted Plant (including grafted)","Costa Rica",TRUE,"Reference","altman specialty plants","Poor compliance"
"Rooted Plant (including grafted)","Costa Rica",FALSE,"TURRIPLANTAS SA","primaflora international lp","Low compliance"
"Rooted Plant (including grafted)","Costa Rica",FALSE,"PRODUCTOS EL MAPACHE DE ALAJUELA","primaflora international lp","Low compliance"
"Rooted Plant (including grafted)","Costa Rica",FALSE,"Reference","primaflora international lp","Low compliance"
"Rooted Plant (including grafted)","Costa Rica",FALSE,"PREMIUM PLANTS SA","primaflora international lp","Medium compliance"
"Rooted Plant (including grafted)","Costa Rica",FALSE,"Reference","express seed","Low compliance"
"Rooted Plant (including grafted)","Costa Rica",FALSE,"PREMIUM ORNAMENTALES","primaflora international lp","Medium compliance"
"Rooted Plant (including grafted)","Costa Rica",FALSE,"Reference","Reference","Medium compliance"
"Rooted Plant (including grafted)","Costa Rica",FALSE,"ORNAMENTALES SAPO VERDE 801","foremost foliage","Low compliance"
"Rooted Plant (including grafted)","Costa Rica",FALSE,"antho ornamentales1-7","express seed","Low compliance"
"Rooted Plant (including grafted)","Costa Rica",FALSE,"Reference","south florida plant services","Low compliance"
"Rooted Plant (including grafted)","Costa Rica",FALSE,"TURRIPLANTAS SA","south florida plant services","Low compliance"
"Rooted Plant (including grafted)","Costa Rica",FALSE,"antho ornamentales1-7","florica farmsinc","Poor compliance"
"Rooted Plant (including grafted)","Costa Rica",FALSE,"Reference","costa farms","Low compliance"
"Rooted Plant (including grafted)","Costa Rica",FALSE,"Reference","foremost foliage","Poor compliance"
"Rooted Plant (including grafted)","Costa Rica",FALSE,"ZACATE ORNAMENTAL Y DECORATIVO","foremost foliage","Poor compliance"
"Rooted Plant (including grafted)","Costa Rica",FALSE,"TURRIPLANTAS SA","excelente foliage incorporated","Poor compliance"
"Rooted Plant (including grafted)","Costa Rica",FALSE,"PREMIUM ORNAMENTALES","kurt weiss greenhouse","Medium compliance"
"Rooted Plant (including grafted)","Costa Rica",FALSE,"Reference","caribbean growers supply","Poor compliance"
"Rooted Plant (including grafted)","Costa Rica",FALSE,"Reference","fleurizon","Poor compliance"
"Rooted Plant (including grafted)","Costa Rica",FALSE,"COOPEINDIA  R.L.","costa farms","Poor compliance"
"Rooted Plant (including grafted)","Costa Rica",FALSE,"ORNAMENTALES SAPO VERDE 801","foremost foliage inc dba foremostco","Poor compliance"
"Rooted Plant (including grafted)","Costa Rica",FALSE,"Reference","foremost foliage inc dba foremostco","Poor compliance"
"Rooted Plant (including grafted)","Costa Rica",FALSE,"PRIMEROS EN FOLLAJE SA BOX#201","foremost foliage inc dba foremostco","Poor compliance"
"Rooted Plant (including grafted)","Costa Rica",FALSE,"COOPEINDIA  R.L.","foremost foliage","Poor compliance"
"Rooted Plant (including grafted)","Costa Rica",FALSE,"GEOAGRO DE COSTA RICA","Reference","Medium compliance"
"Rooted Plant (including grafted)","Costa Rica",FALSE,"SAPO VERDE 900","foremost foliage","Poor compliance"
"Rooted Plant (including grafted)","Costa Rica",FALSE,"MICRO PLANTAS","foremost foliage","Poor compliance"
"Rooted Plant (including grafted)","Costa Rica",FALSE,"PRIMEROS EN FOLLAJE SA BOX#201","foremost foliage","Poor compliance"
"Rooted Plant (including grafted)","Costa Rica",FALSE,"MICRO PLANTAS","costa farms","Low compliance"
"Rooted Plant (including grafted)","Costa Rica",FALSE,"ZACATE ORNAMENTAL Y DECORATIVO","bay cove group","Poor compliance"
"Rooted Plant (including grafted)","Costa Rica",FALSE,"PREMIUM ORNAMENTALES","florica farmsinc","Poor compliance"
"Rooted Plant (including grafted)","Costa Rica",FALSE,"Reference","scott valentine","Low compliance"
"Rooted Plant (including grafted)","Costa Rica",FALSE,"Reference","b c amp f brokerage","Low compliance"
"Rooted Plant (including grafted)","Costa Rica",FALSE,"Reference","dockside management","Low compliance"
"Rooted Plant (including grafted)","Costa Rica",FALSE,"SAPO VERDE 900","foremost foliage inc dba foremostco","Poor compliance"
"Rooted Plant (including grafted)","Costa Rica",FALSE,"Reference","green tropical plants","Poor compliance"
"Rooted Plant (including grafted)","Costa Rica",FALSE,"COOPEINDIA  R.L.","fb imports","Poor compliance"
"Rooted Plant (including grafted)","Costa Rica",FALSE,"GEOAGRO DE COSTA RICA","fb imports","Poor compliance"
"Rooted Plant (including grafted)","Costa Rica",FALSE,"Reference","fb imports","Poor compliance"
"Rooted Plant (including grafted)","Costa Rica",FALSE,"CERCA DEL PARAISO SA","b c amp f brokerage","Poor compliance"
"Rooted Plant (including grafted)","Costa Rica",FALSE,"Reference","aura botanical","Low compliance"
"Rooted Plant (including grafted)","Costa Rica",FALSE,"CERCA DEL PARAISO SA","aura botanical","Poor compliance"
"Rooted Plant (including grafted)","Costa Rica",FALSE,"GEOAGRO DE COSTA RICA","fleurizon","Poor compliance"
"Rooted Plant (including grafted)","Costa Rica",FALSE,"PRODUCTOS EL MAPACHE DE ALAJUELA","south florida plant services","Low compliance"
"Rooted Plant (including grafted)","Costa Rica",FALSE,"Reference","excelente foliage incorporated","Low compliance"
"Rooted Plant (including grafted)","Costa Rica",FALSE,"Reference","florica farmsinc","Poor compliance"
"Rooted Plant (including grafted)","Costa Rica",FALSE,"CERCA DEL PARAISO SA","Reference","Medium compliance"
"Rooted Plant (including grafted)","Costa Rica",FALSE,"PREMIUM PLANTS SA","kurt weiss greenhouse","Medium compliance"
"Rooted Plant (including grafted)","Costa Rica",FALSE,"MICRO PLANTAS","foremost foliage inc dba foremostco","Poor compliance"
"Rooted Plant (including grafted)","Costa Rica",FALSE,"PREMIUM ORNAMENTALES","Reference","Medium compliance"
"Rooted Plant (including grafted)","Costa Rica",FALSE,"CERCA DEL PARAISO SA","foremost foliage","Poor compliance"
"Rooted Plant (including grafted)","Costa Rica",FALSE,"COOPEINDIA  R.L.","foremost foliage inc dba foremostco","Poor compliance"
"Rooted Plant (including grafted)","Costa Rica",FALSE,"Reference","green plant cuttings usa","Low compliance"
"Rooted Plant (including grafted)","Costa Rica",FALSE,"PREMIUM ORNAMENTALES","b c amp f brokerage","Low compliance"
"Rooted Plant (including grafted)","Costa Rica",FALSE,"COOPEINDIA  R.L.","south florida plant services","Poor compliance"
"Rooted Plant (including grafted)","Costa Rica",FALSE,"ZACATE ORNAMENTAL Y DECORATIVO","foremost foliage inc dba foremostco","Poor compliance"
"Rooted Plant (including grafted)","Costa Rica",FALSE,"TURRIPLANTAS SA","foremost foliage inc dba foremostco","Poor compliance"
"Rooted Plant (including grafted)","Costa Rica",FALSE,"Reference","mchutchison","Low compliance"
"Rooted Plant (including grafted)","Costa Rica",FALSE,"MICRO PLANTAS","Reference","Medium compliance"
"Rooted Plant (including grafted)","Costa Rica",FALSE,"PRODUCTOS EL MAPACHE DE ALAJUELA","plant exports","Poor compliance"
"Rooted Plant (including grafted)","Costa Rica",FALSE,"CERCA DEL PARAISO SA","south florida plant services","Low compliance"
"Rooted Plant (including grafted)","Costa Rica",FALSE,"MICRO PLANTAS","miyar intl brokerage","Poor compliance"
"Rooted Plant (including grafted)","Costa Rica",FALSE,"CERCA DEL PARAISO SA","foremost foliage inc dba foremostco","Poor compliance"
"Rooted Plant (including grafted)","Costa Rica",FALSE,"ORNAMENTALES SAPO VERDE 801","Reference","Medium compliance"
"Rooted Plant (including grafted)","Costa Rica",FALSE,"TURRIPLANTAS SA","foremost foliage","Poor compliance"
"Rooted Plant (including grafted)","Costa Rica",FALSE,"Reference","ds cole growers","Low compliance"
"Rooted Plant (including grafted)","Costa Rica",FALSE,"PRODUCTOS EL MAPACHE DE ALAJUELA","costa farms","Low compliance"
"Rooted Plant (including grafted)","Costa Rica",FALSE,"CERCA DEL PARAISO SA","fb imports","Poor compliance"
"Rooted Plant (including grafted)","Costa Rica",FALSE,"LA FLORESTA ORNAMENTALES","plant exports","Poor compliance"
"Rooted Plant (including grafted)","Costa Rica",FALSE,"CERCA DEL PARAISO SA","fleurizon","Poor compliance"
"Rooted Plant (including grafted)","Costa Rica",FALSE,"CERCA DEL PARAISO SA","plant exports","Poor compliance"
"Rooted Plant (including grafted)","Costa Rica",FALSE,"PREMIUM PLANTS SA","Reference","Medium compliance"
"Rooted Plant (including grafted)","Costa Rica",FALSE,"PREMIUM PLANTS SA","b c amp f brokerage","Low compliance"
"Rooted Plant (including grafted)","Costa Rica",FALSE,"SAPO VERDE 900","Reference","Medium compliance"
"Rooted Plant (including grafted)","Costa Rica",FALSE,"Reference","plant exports","Poor compliance"
"Rooted Plant (including grafted)","Costa Rica",FALSE,"COOPEINDIA  R.L.","express seed","Poor compliance"
"Rooted Plant (including grafted)","Costa Rica",FALSE,"QUELETZU SA","foremost foliage inc dba foremostco","Poor compliance"
"Rooted Plant (including grafted)","Costa Rica",FALSE,"Guatexotic","foremost foliage","Poor compliance"
"Rooted Plant (including grafted)","Costa Rica",FALSE,"antho ornamentales1-7","foremost foliage inc dba foremostco","Poor compliance"
"Rooted Plant (including grafted)","Costa Rica",FALSE,"Reference","western cactus enterprises","Low compliance"
"Rooted Plant (including grafted)","Costa Rica",FALSE,"Reference","altman specialty plants","Poor compliance"
"Rooted Plant (including grafted)","Singapore",TRUE,"Oriental Aquarium","complete aquatic systems","Poor compliance"
"Rooted Plant (including grafted)","Singapore",TRUE,"Reference","ultum nature systems","Low compliance"
"Rooted Plant (including grafted)","Singapore",TRUE,"Reference","tat tristan g","Poor compliance"
"Rooted Plant (including grafted)","Singapore",TRUE,"Reference","Reference","Medium compliance"
"Rooted Plant (including grafted)","Singapore",TRUE,"Oriental Aquarium","Reference","Low compliance"
"Rooted Plant (including grafted)","Singapore",TRUE,"Reference","waterscaap pond amp aquarium plants","Poor compliance"
"Rooted Plant (including grafted)","Singapore",TRUE,"Reference","green thumb marketing","Poor compliance"
"Rooted Plant (including grafted)","Singapore",TRUE,"Oriental Aquarium","green thumb marketing","Poor compliance"
"Rooted Plant (including grafted)","Singapore",FALSE,"Oriental Aquarium","complete aquatic systems","Low compliance"
"Rooted Plant (including grafted)","Singapore",FALSE,"Reference","ultum nature systems","Poor compliance"
"Rooted Plant (including grafted)","Singapore",FALSE,"Reference","tat tristan g","Poor compliance"
"Rooted Plant (including grafted)","Singapore",FALSE,"Reference","Reference","Medium compliance"
"Rooted Plant (including grafted)","Singapore",FALSE,"Oriental Aquarium","Reference","Medium compliance"
"Rooted Plant (including grafted)","Singapore",FALSE,"Reference","waterscaap pond amp aquarium plants","Poor compliance"
"Rooted Plant (including grafted)","Singapore",FALSE,"Reference","green thumb marketing","Poor compliance"
"Rooted Plant (including grafted)","Singapore",FALSE,"Oriental Aquarium","green thumb marketing","Poor compliance"
"Rooted Plant (including grafted)","Slovakia",TRUE,"Reference","Reference","Low compliance"
"Rooted Plant (including grafted)","Slovakia",FALSE,"Reference","Reference","Low compliance"
"Rooted Plant (including grafted)","Turkey",TRUE,"Reference","Reference","Low compliance"
"Rooted Plant (including grafted)","Turkey",TRUE,"Reference","ds cole growers","Poor compliance"
"Rooted Plant (including grafted)","Turkey",FALSE,"Reference","Reference","Medium compliance"
"Rooted Plant (including grafted)","Turkey",FALSE,"Reference","ds cole growers","Low compliance"
"Rooted Plant (including grafted)","Kenya",TRUE,"LATHYFLORA","Reference","Poor compliance"
"Rooted Plant (including grafted)","Kenya",TRUE,"LATHYFLORA","united plant growers","Poor compliance"
"Rooted Plant (including grafted)","Kenya",TRUE,"LATHYFLORA","primaflora international lp","Poor compliance"
"Rooted Plant (including grafted)","Kenya",TRUE,"Reference","Reference","Medium compliance"
"Rooted Plant (including grafted)","Kenya",TRUE,"Reference","express seed","Poor compliance"
"Rooted Plant (including grafted)","Kenya",TRUE,"LATHYFLORA","costa farms","Poor compliance"
"Rooted Plant (including grafted)","Kenya",TRUE,"LATHYFLORA","express seed","Poor compliance"
"Rooted Plant (including grafted)","Kenya",TRUE,"LATHYFLORA","western cactus enterprises","Poor compliance"
"Rooted Plant (including grafted)","Kenya",TRUE,"Reference","ds cole growers","Poor compliance"
"Rooted Plant (including grafted)","Kenya",TRUE,"Reference","altman specialty plants","Poor compliance"
"Rooted Plant (including grafted)","Kenya",TRUE,"Reference","western cactus enterprises","Poor compliance"
"Rooted Plant (including grafted)","Kenya",TRUE,"Reference","scott valentine","Poor compliance"
"Rooted Plant (including grafted)","Kenya",TRUE,"Reference","mchutchison","Poor compliance"
"Rooted Plant (including grafted)","Kenya",TRUE,"Reference","kurt weiss greenhouse","Poor compliance"
"Rooted Plant (including grafted)","Kenya",TRUE,"Reference","missing","Poor compliance"
"Rooted Plant (including grafted)","Kenya",FALSE,"LATHYFLORA","Reference","Medium compliance"
"Rooted Plant (including grafted)","Kenya",FALSE,"LATHYFLORA","united plant growers","Low compliance"
"Rooted Plant (including grafted)","Kenya",FALSE,"LATHYFLORA","primaflora international lp","Low compliance"
"Rooted Plant (including grafted)","Kenya",FALSE,"Reference","Reference","Medium compliance"
"Rooted Plant (including grafted)","Kenya",FALSE,"Reference","express seed","Low compliance"
"Rooted Plant (including grafted)","Kenya",FALSE,"LATHYFLORA","costa farms","Low compliance"
"Rooted Plant (including grafted)","Kenya",FALSE,"LATHYFLORA","express seed","Low compliance"
"Rooted Plant (including grafted)","Kenya",FALSE,"LATHYFLORA","western cactus enterprises","Low compliance"
"Rooted Plant (including grafted)","Kenya",FALSE,"Reference","ds cole growers","Low compliance"
"Rooted Plant (including grafted)","Kenya",FALSE,"Reference","altman specialty plants","Poor compliance"
"Rooted Plant (including grafted)","Kenya",FALSE,"Reference","western cactus enterprises","Low compliance"
"Rooted Plant (including grafted)","Kenya",FALSE,"Reference","scott valentine","Low compliance"
"Rooted Plant (including grafted)","Kenya",FALSE,"Reference","mchutchison","Low compliance"
"Rooted Plant (including grafted)","Kenya",FALSE,"Reference","kurt weiss greenhouse","Medium compliance"
"Rooted Plant (including grafted)","Kenya",FALSE,"Reference","missing","Low compliance"
"Rooted Plant (including grafted)","Zimbabwe",TRUE,"Reference","western cactus enterprises","Poor compliance"
"Rooted Plant (including grafted)","Zimbabwe",TRUE,"Reference","Reference","Medium compliance"
"Rooted Plant (including grafted)","Zimbabwe",TRUE,"Reference","altman specialty plants","Poor compliance"
"Rooted Plant (including grafted)","Zimbabwe",TRUE,"Reference","express seed","Low compliance"
"Rooted Plant (including grafted)","Zimbabwe",TRUE,"Reference","costa farms","Poor compliance"
"Rooted Plant (including grafted)","Zimbabwe",TRUE,"Reference","scott valentine","Poor compliance"
"Rooted Plant (including grafted)","Zimbabwe",FALSE,"Reference","western cactus enterprises","Low compliance"
"Rooted Plant (including grafted)","Zimbabwe",FALSE,"Reference","Reference","Medium compliance"
"Rooted Plant (including grafted)","Zimbabwe",FALSE,"Reference","altman specialty plants","Low compliance"
"Rooted Plant (including grafted)","Zimbabwe",FALSE,"Reference","express seed","Low compliance"
"Rooted Plant (including grafted)","Zimbabwe",FALSE,"Reference","costa farms","Medium compliance"
"Rooted Plant (including grafted)","Zimbabwe",FALSE,"Reference","scott valentine","Low compliance"
"Rooted Plant (including grafted)","Israel",TRUE,"Reference","Reference","Medium compliance"
"Rooted Plant (including grafted)","Israel",TRUE,"Reference","foremost foliage","Poor compliance"
"Rooted Plant (including grafted)","Israel",TRUE,"Reference","foremost foliage inc dba foremostco","Poor compliance"
"Rooted Plant (including grafted)","Israel",FALSE,"Reference","Reference","Medium compliance"
"Rooted Plant (including grafted)","Israel",FALSE,"Reference","foremost foliage","Poor compliance"
"Rooted Plant (including grafted)","Israel",FALSE,"Reference","foremost foliage inc dba foremostco","Poor compliance"
"Rooted Plant (including grafted)","France",TRUE,"Reference","Reference","Low compliance"
"Rooted Plant (including grafted)","France",TRUE,"Reference","missing","Poor compliance"
"Rooted Plant (including grafted)","France",FALSE,"Reference","Reference","Medium compliance"
"Rooted Plant (including grafted)","France",FALSE,"Reference","missing","Poor compliance"
"Rooted Plant (including grafted)","North Macedonia",TRUE,"Reference","Reference","Low compliance"
"Rooted Plant (including grafted)","North Macedonia",TRUE,"Reference","missing","Poor compliance"
"Rooted Plant (including grafted)","North Macedonia",FALSE,"Reference","Reference","Medium compliance"
"Rooted Plant (including grafted)","North Macedonia",FALSE,"Reference","missing","Low compliance"
"Rooted Plant (including grafted)","Spain",TRUE,"Reference","Reference","Medium compliance"
"Rooted Plant (including grafted)","Spain",TRUE,"Reference","missing","Poor compliance"
"Rooted Plant (including grafted)","Spain",TRUE,"Reference","western cactus enterprises","Poor compliance"
"Rooted Plant (including grafted)","Spain",TRUE,"Reference","altman specialty plants","Poor compliance"
"Rooted Plant (including grafted)","Spain",TRUE,"Reference","express seed","Low compliance"
"Rooted Plant (including grafted)","Spain",FALSE,"Reference","Reference","Medium compliance"
"Rooted Plant (including grafted)","Spain",FALSE,"Reference","missing","Low compliance"
"Rooted Plant (including grafted)","Spain",FALSE,"Reference","western cactus enterprises","Low compliance"
"Rooted Plant (including grafted)","Spain",FALSE,"Reference","altman specialty plants","Low compliance"
"Rooted Plant (including grafted)","Spain",FALSE,"Reference","express seed","Low compliance"
"Rooted Plant (including grafted)","Germany",TRUE,"Reference","Reference","Medium compliance"
"Rooted Plant (including grafted)","Germany",TRUE,"Reference","express seed","Poor compliance"
"Rooted Plant (including grafted)","Germany",TRUE,"Reference","missing","Poor compliance"
"Rooted Plant (including grafted)","Germany",TRUE,"Reference","costa farms","Poor compliance"
"Rooted Plant (including grafted)","Germany",TRUE,"Reference","perfect choice","Poor compliance"
"Rooted Plant (including grafted)","Germany",TRUE,"Reference","miyar intl brokerage","Poor compliance"
"Rooted Plant (including grafted)","Germany",TRUE,"Reference","mchutchison","Poor compliance"
"Rooted Plant (including grafted)","Germany",FALSE,"Reference","Reference","Medium compliance"
"Rooted Plant (including grafted)","Germany",FALSE,"Reference","express seed","Low compliance"
"Rooted Plant (including grafted)","Germany",FALSE,"Reference","missing","Low compliance"
"Rooted Plant (including grafted)","Germany",FALSE,"Reference","costa farms","Low compliance"
"Rooted Plant (including grafted)","Germany",FALSE,"Reference","perfect choice","Poor compliance"
"Rooted Plant (including grafted)","Germany",FALSE,"Reference","miyar intl brokerage","Poor compliance"
"Rooted Plant (including grafted)","Germany",FALSE,"Reference","mchutchison","Low compliance"
"Rooted Plant (including grafted)","Madagascar",TRUE,"Reference","complete aquatic systems","Poor compliance"
"Rooted Plant (including grafted)","Madagascar",TRUE,"Reference","waterscaap pond amp aquarium plants","Poor compliance"
"Rooted Plant (including grafted)","Madagascar",TRUE,"Reference","Reference","Poor compliance"
"Rooted Plant (including grafted)","Madagascar",TRUE,"Reference","miyar intl brokerage","Poor compliance"
"Rooted Plant (including grafted)","Madagascar",FALSE,"Reference","complete aquatic systems","Poor compliance"
"Rooted Plant (including grafted)","Madagascar",FALSE,"Reference","waterscaap pond amp aquarium plants","Poor compliance"
"Rooted Plant (including grafted)","Madagascar",FALSE,"Reference","Reference","Low compliance"
"Rooted Plant (including grafted)","Madagascar",FALSE,"Reference","miyar intl brokerage","Poor compliance"
"Rooted Plant (including grafted)","Brazil",TRUE,"Reference","Reference","Medium compliance"
"Rooted Plant (including grafted)","Brazil",TRUE,"Reference","costa farms","Poor compliance"
"Rooted Plant (including grafted)","Brazil",TRUE,"Reference","fleurizon","Poor compliance"
"Rooted Plant (including grafted)","Brazil",TRUE,"Reference","fb imports","Poor compliance"
"Rooted Plant (including grafted)","Brazil",TRUE,"Reference","united plant growers","Poor compliance"
"Rooted Plant (including grafted)","Brazil",TRUE,"Reference","foremost foliage inc dba foremostco","Poor compliance"
"Rooted Plant (including grafted)","Brazil",TRUE,"Reference","foremost foliage","Poor compliance"
"Rooted Plant (including grafted)","Brazil",TRUE,"Reference","express seed","Poor compliance"
"Rooted Plant (including grafted)","Brazil",TRUE,"Reference","biostok","Poor compliance"
"Rooted Plant (including grafted)","Brazil",FALSE,"Reference","Reference","Medium compliance"
"Rooted Plant (including grafted)","Brazil",FALSE,"Reference","costa farms","Medium compliance"
"Rooted Plant (including grafted)","Brazil",FALSE,"Reference","fleurizon","Poor compliance"
"Rooted Plant (including grafted)","Brazil",FALSE,"Reference","fb imports","Poor compliance"
"Rooted Plant (including grafted)","Brazil",FALSE,"Reference","united plant growers","Low compliance"
"Rooted Plant (including grafted)","Brazil",FALSE,"Reference","foremost foliage inc dba foremostco","Low compliance"
"Rooted Plant (including grafted)","Brazil",FALSE,"Reference","foremost foliage","Low compliance"
"Rooted Plant (including grafted)","Brazil",FALSE,"Reference","express seed","Low compliance"
"Rooted Plant (including grafted)","Brazil",FALSE,"Reference","biostok","Poor compliance"
"Rooted Plant (including grafted)","United Kingdom of Great Britain and N. Ireland",TRUE,"Reference","Reference","Medium compliance"
"Rooted Plant (including grafted)","United Kingdom of Great Britain and N. Ireland",TRUE,"Reference","express seed","Low compliance"
"Rooted Plant (including grafted)","United Kingdom of Great Britain and N. Ireland",TRUE,"Reference","missing","Poor compliance"
"Rooted Plant (including grafted)","United Kingdom of Great Britain and N. Ireland",TRUE,"Reference","costa farms","Poor compliance"
"Rooted Plant (including grafted)","United Kingdom of Great Britain and N. Ireland",FALSE,"Reference","Reference","Medium compliance"
"Rooted Plant (including grafted)","United Kingdom of Great Britain and N. Ireland",FALSE,"Reference","express seed","Low compliance"
"Rooted Plant (including grafted)","United Kingdom of Great Britain and N. Ireland",FALSE,"Reference","missing","Medium compliance"
"Rooted Plant (including grafted)","United Kingdom of Great Britain and N. Ireland",FALSE,"Reference","costa farms","Medium compliance"
"Rooted Plant (including grafted)","Colombia",TRUE,"Reference","Reference","Medium compliance"
"Rooted Plant (including grafted)","Colombia",TRUE,"Reference","russells bromelaids","Poor compliance"
"Rooted Plant (including grafted)","Colombia",TRUE,"Reference","dockside management","Low compliance"
"Rooted Plant (including grafted)","Colombia",TRUE,"GENEROS ECUATORIANOS","Reference","Low compliance"
"Rooted Plant (including grafted)","Colombia",TRUE,"Reference","fb imports","Low compliance"
"Rooted Plant (including grafted)","Colombia",FALSE,"Reference","Reference","Medium compliance"
"Rooted Plant (including grafted)","Colombia",FALSE,"Reference","russells bromelaids","Low compliance"
"Rooted Plant (including grafted)","Colombia",FALSE,"Reference","dockside management","Medium compliance"
"Rooted Plant (including grafted)","Colombia",FALSE,"GENEROS ECUATORIANOS","Reference","Low compliance"
"Rooted Plant (including grafted)","Colombia",FALSE,"Reference","fb imports","Low compliance"
"Rooted Plant (including grafted)","Tanzania",TRUE,"Reference","Reference","Low compliance"
"Rooted Plant (including grafted)","Tanzania",TRUE,"Reference","express seed","Poor compliance"
"Rooted Plant (including grafted)","Tanzania",TRUE,"Reference","western cactus enterprises","Poor compliance"
"Rooted Plant (including grafted)","Tanzania",TRUE,"Reference","scott valentine","Poor compliance"
"Rooted Plant (including grafted)","Tanzania",TRUE,"Reference","miyar intl brokerage","Poor compliance"
"Rooted Plant (including grafted)","Tanzania",TRUE,"Reference","altman specialty plants","Poor compliance"
"Rooted Plant (including grafted)","Tanzania",TRUE,"Reference","ds cole growers","Poor compliance"
"Rooted Plant (including grafted)","Tanzania",FALSE,"Reference","Reference","Medium compliance"
"Rooted Plant (including grafted)","Tanzania",FALSE,"Reference","express seed","Poor compliance"
"Rooted Plant (including grafted)","Tanzania",FALSE,"Reference","western cactus enterprises","Poor compliance"
"Rooted Plant (including grafted)","Tanzania",FALSE,"Reference","scott valentine","Low compliance"
"Rooted Plant (including grafted)","Tanzania",FALSE,"Reference","miyar intl brokerage","Poor compliance"
"Rooted Plant (including grafted)","Tanzania",FALSE,"Reference","altman specialty plants","Poor compliance"
"Rooted Plant (including grafted)","Tanzania",FALSE,"Reference","ds cole growers","Poor compliance"
"Rooted Plant (including grafted)","Czech Republic",TRUE,"Reference","missing","Poor compliance"
"Rooted Plant (including grafted)","Czech Republic",TRUE,"Reference","Reference","Medium compliance"
"Rooted Plant (including grafted)","Czech Republic",FALSE,"Reference","missing","Low compliance"
"Rooted Plant (including grafted)","Czech Republic",FALSE,"Reference","Reference","Medium compliance"
"Rooted Plant (including grafted)","New Zealand",TRUE,"Reference","Reference","Low compliance"
"Rooted Plant (including grafted)","New Zealand",TRUE,"Reference","missing","Poor compliance"
"Rooted Plant (including grafted)","New Zealand",FALSE,"Reference","Reference","Medium compliance"
"Rooted Plant (including grafted)","New Zealand",FALSE,"Reference","missing","Low compliance"
"Rooted Plant (including grafted)","Australia",TRUE,"Reference","Reference","Low compliance"
"Rooted Plant (including grafted)","Australia",TRUE,"Reference","missing","Poor compliance"
"Rooted Plant (including grafted)","Australia",TRUE,"Reference","miyar intl brokerage","Poor compliance"
"Rooted Plant (including grafted)","Australia",TRUE,"Reference","express seed","Poor compliance"
"Rooted Plant (including grafted)","Australia",FALSE,"Reference","Reference","Medium compliance"
"Rooted Plant (including grafted)","Australia",FALSE,"Reference","missing","Poor compliance"
"Rooted Plant (including grafted)","Australia",FALSE,"Reference","miyar intl brokerage","Poor compliance"
"Rooted Plant (including grafted)","Australia",FALSE,"Reference","express seed","Poor compliance"
"Rooted Plant (including grafted)","Nigeria",TRUE,"Reference","tat tristan g","Poor compliance"
"Rooted Plant (including grafted)","Nigeria",TRUE,"Reference","waterscaap pond amp aquarium plants","Poor compliance"
"Rooted Plant (including grafted)","Nigeria",TRUE,"Reference","Reference","Poor compliance"
"Rooted Plant (including grafted)","Nigeria",FALSE,"Reference","tat tristan g","Poor compliance"
"Rooted Plant (including grafted)","Nigeria",FALSE,"Reference","waterscaap pond amp aquarium plants","Poor compliance"
"Rooted Plant (including grafted)","Nigeria",FALSE,"Reference","Reference","Low compliance"
"Rooted Plant (including grafted)","Denmark",TRUE,"Reference","Reference","Poor compliance"
"Rooted Plant (including grafted)","Denmark",TRUE,"Reference","costa farms","Poor compliance"
"Rooted Plant (including grafted)","Denmark",FALSE,"Reference","Reference","Low compliance"
"Rooted Plant (including grafted)","Denmark",FALSE,"Reference","costa farms","Poor compliance"
"Rooted Plant (including grafted)","Poland",TRUE,"Reference","missing","Poor compliance"
"Rooted Plant (including grafted)","Poland",TRUE,"Reference","foremost foliage inc dba foremostco","Poor compliance"
"Rooted Plant (including grafted)","Poland",TRUE,"Reference","Reference","Low compliance"
"Rooted Plant (including grafted)","Poland",TRUE,"Reference","mchutchison","Poor compliance"
"Rooted Plant (including grafted)","Poland",TRUE,"Reference","express seed","Poor compliance"
"Rooted Plant (including grafted)","Poland",TRUE,"Reference","scott valentine","Poor compliance"
"Rooted Plant (including grafted)","Poland",FALSE,"Reference","missing","Low compliance"
"Rooted Plant (including grafted)","Poland",FALSE,"Reference","foremost foliage inc dba foremostco","Poor compliance"
"Rooted Plant (including grafted)","Poland",FALSE,"Reference","Reference","Medium compliance"
"Rooted Plant (including grafted)","Poland",FALSE,"Reference","mchutchison","Low compliance"
"Rooted Plant (including grafted)","Poland",FALSE,"Reference","express seed","Low compliance"
"Rooted Plant (including grafted)","Poland",FALSE,"Reference","scott valentine","Low compliance"
"Rooted Plant (including grafted)","Ireland",TRUE,"Reference","Reference","Poor compliance"
"Rooted Plant (including grafted)","Ireland",TRUE,"Reference","foremost foliage","Poor compliance"
"Rooted Plant (including grafted)","Ireland",TRUE,"Reference","foremost foliage inc dba foremostco","Poor compliance"
"Rooted Plant (including grafted)","Ireland",FALSE,"Reference","Reference","Poor compliance"
"Rooted Plant (including grafted)","Ireland",FALSE,"Reference","foremost foliage","Poor compliance"
"Rooted Plant (including grafted)","Ireland",FALSE,"Reference","foremost foliage inc dba foremostco","Poor compliance"
"Rooted Plant (including grafted)","Nicaragua",TRUE,"Reference","Reference","Medium compliance"
"Rooted Plant (including grafted)","Nicaragua",FALSE,"Reference","Reference","Medium compliance"
"Rooted Plant (including grafted)","Malaysia",TRUE,"Reference","Reference","Medium compliance"
"Rooted Plant (including grafted)","Malaysia",TRUE,"Reference","foremost foliage inc dba foremostco","Poor compliance"
"Rooted Plant (including grafted)","Malaysia",TRUE,"Reference","miyar intl brokerage","Poor compliance"
"Rooted Plant (including grafted)","Malaysia",TRUE,"Reference","foremost foliage","Poor compliance"
"Rooted Plant (including grafted)","Malaysia",TRUE,"Reference","biostok","Poor compliance"
"Rooted Plant (including grafted)","Malaysia",FALSE,"Reference","Reference","Medium compliance"
"Rooted Plant (including grafted)","Malaysia",FALSE,"Reference","foremost foliage inc dba foremostco","Poor compliance"
"Rooted Plant (including grafted)","Malaysia",FALSE,"Reference","miyar intl brokerage","Poor compliance"
"Rooted Plant (including grafted)","Malaysia",FALSE,"Reference","foremost foliage","Poor compliance"
"Rooted Plant (including grafted)","Malaysia",FALSE,"Reference","biostok","Poor compliance"
"Rooted Plant (including grafted)","Hong Kong",TRUE,"Reference","Reference","Poor compliance"
"Rooted Plant (including grafted)","Hong Kong",FALSE,"Reference","Reference","Low compliance"
"Rooted Plant (including grafted)","United States of America",TRUE,"Reference","missing","Poor compliance"
"Rooted Plant (including grafted)","United States of America",TRUE,"Reference","Reference","Poor compliance"
"Rooted Plant (including grafted)","United States of America",TRUE,"Reference","foremost foliage inc dba foremostco","Poor compliance"
"Rooted Plant (including grafted)","United States of America",FALSE,"Reference","missing","Poor compliance"
"Rooted Plant (including grafted)","United States of America",FALSE,"Reference","Reference","Low compliance"
"Rooted Plant (including grafted)","United States of America",FALSE,"Reference","foremost foliage inc dba foremostco","Poor compliance"
"Rooted Plant (including grafted)","Chile",TRUE,"Reference","Reference","Low compliance"
"Rooted Plant (including grafted)","Chile",FALSE,"Reference","Reference","Medium compliance"
"Rooted Plant (including grafted)","Uganda",TRUE,"Reference","express seed","Poor compliance"
"Rooted Plant (including grafted)","Uganda",TRUE,"Reference","Reference","Medium compliance"
"Rooted Plant (including grafted)","Uganda",TRUE,"Reference","costa farms","Poor compliance"
"Rooted Plant (including grafted)","Uganda",TRUE,"Reference","fleurizon","Poor compliance"
"Rooted Plant (including grafted)","Uganda",FALSE,"Reference","express seed","Low compliance"
"Rooted Plant (including grafted)","Uganda",FALSE,"Reference","Reference","Medium compliance"
"Rooted Plant (including grafted)","Uganda",FALSE,"Reference","costa farms","Medium compliance"
"Rooted Plant (including grafted)","Uganda",FALSE,"Reference","fleurizon","Poor compliance"
"Rooted Plant (including grafted)","Belgium",TRUE,"Reference","Reference","Low compliance"
"Rooted Plant (including grafted)","Belgium",TRUE,"Reference","miyar intl brokerage","Poor compliance"
"Rooted Plant (including grafted)","Belgium",TRUE,"Reference","express seed","Low compliance"
"Rooted Plant (including grafted)","Belgium",FALSE,"Reference","Reference","Medium compliance"
"Rooted Plant (including grafted)","Belgium",FALSE,"Reference","miyar intl brokerage","Poor compliance"
"Rooted Plant (including grafted)","Belgium",FALSE,"Reference","express seed","Low compliance"
"Rooted Plant (including grafted)","Cameroon",TRUE,"Reference","Reference","Poor compliance"
"Rooted Plant (including grafted)","Cameroon",FALSE,"Reference","Reference","Low compliance"
"Rooted Plant (including grafted)","Ukraine",TRUE,"Reference","missing","Poor compliance"
"Rooted Plant (including grafted)","Ukraine",FALSE,"Reference","missing","Poor compliance"
"Rooted Plant (including grafted)","Luxembourg",TRUE,"Reference","missing","Poor compliance"
"Rooted Plant (including grafted)","Luxembourg",TRUE,"Reference","Reference","Low compliance"
"Rooted Plant (including grafted)","Luxembourg",FALSE,"Reference","missing","Low compliance"
"Rooted Plant (including grafted)","Luxembourg",FALSE,"Reference","Reference","Medium compliance"
"Rooted Plant (including grafted)","Peru",TRUE,"Reference","Reference","Medium compliance"
"Rooted Plant (including grafted)","Peru",TRUE,"ORNAMENTALES SAPO VERDE 801","foremost foliage","Poor compliance"
"Rooted Plant (including grafted)","Peru",TRUE,"Reference","miyar intl brokerage","Poor compliance"
"Rooted Plant (including grafted)","Peru",TRUE,"ORNAMENTALES SAPO VERDE 801","foremost foliage inc dba foremostco","Poor compliance"
"Rooted Plant (including grafted)","Peru",TRUE,"GENEROS ECUATORIANOS","Reference","Poor compliance"
"Rooted Plant (including grafted)","Peru",TRUE,"Reference","missing","Poor compliance"
"Rooted Plant (including grafted)","Peru",TRUE,"Reference","costa farms","Poor compliance"
"Rooted Plant (including grafted)","Peru",FALSE,"Reference","Reference","Medium compliance"
"Rooted Plant (including grafted)","Peru",FALSE,"ORNAMENTALES SAPO VERDE 801","foremost foliage","Poor compliance"
"Rooted Plant (including grafted)","Peru",FALSE,"Reference","miyar intl brokerage","Poor compliance"
"Rooted Plant (including grafted)","Peru",FALSE,"ORNAMENTALES SAPO VERDE 801","foremost foliage inc dba foremostco","Poor compliance"
"Rooted Plant (including grafted)","Peru",FALSE,"GENEROS ECUATORIANOS","Reference","Poor compliance"
"Rooted Plant (including grafted)","Peru",FALSE,"Reference","missing","Low compliance"
"Rooted Plant (including grafted)","Peru",FALSE,"Reference","costa farms","Low compliance"
"Rooted Plant (including grafted)","Panama",TRUE,"Reference","Reference","Poor compliance"
"Rooted Plant (including grafted)","Panama",FALSE,"Reference","Reference","Low compliance"
"Rooted Plant (including grafted)","Bulgaria",TRUE,"Reference","missing","Poor compliance"
"Rooted Plant (including grafted)","Bulgaria",FALSE,"Reference","missing","Poor compliance"
"Rooted Plant (including grafted)","Dominican Republic",TRUE,"COSTA","costa farms","Poor compliance"
"Rooted Plant (including grafted)","Dominican Republic",TRUE,"Reference","Reference","Low compliance"
"Rooted Plant (including grafted)","Dominican Republic",TRUE,"Reference","fb imports","Poor compliance"
"Rooted Plant (including grafted)","Dominican Republic",TRUE,"Reference","costa farms","Poor compliance"
"Rooted Plant (including grafted)","Dominican Republic",FALSE,"COSTA","costa farms","Low compliance"
"Rooted Plant (including grafted)","Dominican Republic",FALSE,"Reference","Reference","Medium compliance"
"Rooted Plant (including grafted)","Dominican Republic",FALSE,"Reference","fb imports","Poor compliance"
"Rooted Plant (including grafted)","Dominican Republic",FALSE,"Reference","costa farms","Low compliance"
"Rooted Plant (including grafted)","Ecuador",TRUE,"Reference","graciana parker","Low compliance"
"Rooted Plant (including grafted)","Ecuador",TRUE,"GENEROS ECUATORIANOS","Reference","Low compliance"
"Rooted Plant (including grafted)","Ecuador",TRUE,"Reference","Reference","Medium compliance"
"Rooted Plant (including grafted)","Ecuador",TRUE,"JARDINES TERRAGARDEN","terra garden","Poor compliance"
"Rooted Plant (including grafted)","Ecuador",TRUE,"JARDINES TERRAGARDEN","Reference","Poor compliance"
"Rooted Plant (including grafted)","Ecuador",TRUE,"GENEROS ECUATORIANOS","omega customs brokers","Poor compliance"
"Rooted Plant (including grafted)","Ecuador",TRUE,"Reference","omega customs brokers","Poor compliance"
"Rooted Plant (including grafted)","Ecuador",TRUE,"Reference","missing","Poor compliance"
"Rooted Plant (including grafted)","Ecuador",FALSE,"Reference","graciana parker","Medium compliance"
"Rooted Plant (including grafted)","Ecuador",FALSE,"GENEROS ECUATORIANOS","Reference","Medium compliance"
"Rooted Plant (including grafted)","Ecuador",FALSE,"Reference","Reference","Medium compliance"
"Rooted Plant (including grafted)","Ecuador",FALSE,"JARDINES TERRAGARDEN","terra garden","Poor compliance"
"Rooted Plant (including grafted)","Ecuador",FALSE,"JARDINES TERRAGARDEN","Reference","Low compliance"
"Rooted Plant (including grafted)","Ecuador",FALSE,"GENEROS ECUATORIANOS","omega customs brokers","Poor compliance"
"Rooted Plant (including grafted)","Ecuador",FALSE,"Reference","omega customs brokers","Low compliance"
"Rooted Plant (including grafted)","Ecuador",FALSE,"Reference","missing","Medium compliance"
"Rooted Plant (including grafted)","Honduras",TRUE,"AGRIGENTUM SA","Reference","Poor compliance"
"Rooted Plant (including grafted)","Honduras",TRUE,"Reference","Reference","Medium compliance"
"Rooted Plant (including grafted)","Honduras",TRUE,"Reference","costa farms","Poor compliance"
"Rooted Plant (including grafted)","Honduras",TRUE,"Reference","plant exports","Poor compliance"
"Rooted Plant (including grafted)","Honduras",TRUE,"Reference","express seed","Low compliance"
"Rooted Plant (including grafted)","Honduras",TRUE,"Reference","fleurizon","Poor compliance"
"Rooted Plant (including grafted)","Honduras",FALSE,"AGRIGENTUM SA","Reference","Medium compliance"
"Rooted Plant (including grafted)","Honduras",FALSE,"Reference","Reference","Medium compliance"
"Rooted Plant (including grafted)","Honduras",FALSE,"Reference","costa farms","Medium compliance"
"Rooted Plant (including grafted)","Honduras",FALSE,"Reference","plant exports","Poor compliance"
"Rooted Plant (including grafted)","Honduras",FALSE,"Reference","express seed","Low compliance"
"Rooted Plant (including grafted)","Honduras",FALSE,"Reference","fleurizon","Poor compliance"
"Rooted Plant (including grafted)","Guam",TRUE,"Reference","fb imports","Poor compliance"
"Rooted Plant (including grafted)","Guam",FALSE,"Reference","fb imports","Poor compliance"
"Rooted Plant (including grafted)","Mozambique",TRUE,"Reference","Reference","Poor compliance"
"Rooted Plant (including grafted)","Mozambique",FALSE,"Reference","Reference","Poor compliance"
"Rooted Plant (including grafted)","Guinea",TRUE,"Reference","green thumb marketing","Poor compliance"
"Rooted Plant (including grafted)","Guinea",FALSE,"Reference","green thumb marketing","Poor compliance"
"Rooted Plant (including grafted)","Trinidad and Tobago",TRUE,"Reference","Reference","Poor compliance"
"Rooted Plant (including grafted)","Trinidad and Tobago",FALSE,"Reference","Reference","Poor compliance"
"Rooted Plant (including grafted)","Sweden",TRUE,"Reference","Reference","Poor compliance"
"Rooted Plant (including grafted)","Sweden",FALSE,"Reference","Reference","Low compliance"
"Rooted Plant (including grafted)","Bolivia",TRUE,"Reference","Reference","Poor compliance"
"Rooted Plant (including grafted)","Bolivia",FALSE,"Reference","Reference","Poor compliance"
"Rooted Plant (including grafted)","Portugal",TRUE,"Reference","green plant cuttings usa","Poor compliance"
"Rooted Plant (including grafted)","Portugal",TRUE,"Reference","Reference","Medium compliance"
"Rooted Plant (including grafted)","Portugal",FALSE,"Reference","green plant cuttings usa","Low compliance"
"Rooted Plant (including grafted)","Portugal",FALSE,"Reference","Reference","Medium compliance"
"Rooted Plant (including grafted)","Canada",TRUE,"Reference","Reference","Low compliance"
"Rooted Plant (including grafted)","Canada",TRUE,"Reference","missing","Poor compliance"
"Rooted Plant (including grafted)","Canada",FALSE,"Reference","Reference","Medium compliance"
"Rooted Plant (including grafted)","Canada",FALSE,"Reference","missing","Poor compliance"
"Rooted Plant (including grafted)","Pakistan",TRUE,"Reference","Reference","Poor compliance"
"Rooted Plant (including grafted)","Pakistan",FALSE,"Reference","Reference","Poor compliance"
"Rooted Plant (including grafted)","Switzerland",TRUE,"Reference","Reference","Poor compliance"
"Rooted Plant (including grafted)","Switzerland",FALSE,"Reference","Reference","Low compliance"
"Rooted Plant (including grafted)","Barbados",TRUE,"Reference","Reference","Poor compliance"
"Rooted Plant (including grafted)","Barbados",FALSE,"Reference","Reference","Poor compliance"
"Rooted Plant (including grafted)","Antigua and Barbuda",TRUE,"Reference","Reference","Poor compliance"
"Rooted Plant (including grafted)","Antigua and Barbuda",FALSE,"Reference","Reference","Poor compliance"
"Rooted Plant (including grafted)","St. Lucia",TRUE,"Reference","Reference","Poor compliance"
"Rooted Plant (including grafted)","St. Lucia",FALSE,"Reference","Reference","Poor compliance"
"Rooted Plant (including grafted)","Belize",TRUE,"Reference","Reference","Poor compliance"
"Rooted Plant (including grafted)","Belize",FALSE,"Reference","Reference","Poor compliance"
"Rooted Plant (including grafted)","Ethiopia",TRUE,"Reference","Reference","Medium compliance"
"Rooted Plant (including grafted)","Ethiopia",FALSE,"Reference","Reference","Medium compliance"
"Rooted Plant (including grafted)","Nepal",TRUE,"Reference","Reference","Poor compliance"
"Rooted Plant (including grafted)","Nepal",FALSE,"Reference","Reference","Poor compliance"
"Rooted Plant (including grafted)","Senegal",TRUE,"Reference","Reference","Poor compliance"
"Rooted Plant (including grafted)","Senegal",FALSE,"Reference","Reference","Poor compliance"
"Rooted Plant (including grafted)","Gambia",TRUE,"Reference","Reference","Poor compliance"
"Rooted Plant (including grafted)","Gambia",FALSE,"Reference","Reference","Low compliance"
"Rooted Plant (including grafted)","Suriname",TRUE,"Reference","Reference","Poor compliance"
"Rooted Plant (including grafted)","Suriname",FALSE,"Reference","Reference","Poor compliance"
"Rooted Plant (including grafted)","US Virgin Islands",TRUE,"Reference","Reference","Poor compliance"
"Rooted Plant (including grafted)","US Virgin Islands",FALSE,"Reference","Reference","Low compliance"
"Unrooted Plant","Korea, South",TRUE,"xplant","Reference","Poor compliance"
"Unrooted Plant","Korea, South",TRUE,"xplant","missing","Poor compliance"
"Unrooted Plant","Korea, South",TRUE,"Reference","Reference","Medium compliance"
"Unrooted Plant","Korea, South",TRUE,"Reference","missing","Poor compliance"
"Unrooted Plant","Korea, South",TRUE,"Reference","western cactus enterprises","Poor compliance"
"Unrooted Plant","Korea, South",TRUE,"Reference","altman specialty plants","Poor compliance"
"Unrooted Plant","Korea, South",TRUE,"Reference","costa farms","Low compliance"
"Unrooted Plant","Korea, South",TRUE,"Reference","miyar intl brokerage","Poor compliance"
"Unrooted Plant","Korea, South",TRUE,"Reference","aksiporn saengfa","Low compliance"
"Unrooted Plant","Korea, South",FALSE,"xplant","Reference","Medium compliance"
"Unrooted Plant","Korea, South",FALSE,"xplant","missing","Low compliance"
"Unrooted Plant","Korea, South",FALSE,"Reference","Reference","High compliance"
"Unrooted Plant","Korea, South",FALSE,"Reference","missing","Medium compliance"
"Unrooted Plant","Korea, South",FALSE,"Reference","western cactus enterprises","Medium compliance"
"Unrooted Plant","Korea, South",FALSE,"Reference","altman specialty plants","Medium compliance"
"Unrooted Plant","Korea, South",FALSE,"Reference","costa farms","Medium compliance"
"Unrooted Plant","Korea, South",FALSE,"Reference","miyar intl brokerage","Low compliance"
"Unrooted Plant","Korea, South",FALSE,"Reference","aksiporn saengfa","Medium compliance"
"Unrooted Plant","Thailand",TRUE,"Reference","missing","Poor compliance"
"Unrooted Plant","Thailand",TRUE,"Escactus","missing","Poor compliance"
"Unrooted Plant","Thailand",TRUE,"Reference","Reference","Medium compliance"
"Unrooted Plant","Thailand",TRUE,"WALPAT AQUATIC","complete aquatic systems","Poor compliance"
"Unrooted Plant","Thailand",TRUE,"Reference","ultum nature systems","Medium compliance"
"Unrooted Plant","Thailand",TRUE,"WHITE ROSE EXPORT (THAILAND) LTD","complete aquatic systems","Poor compliance"
"Unrooted Plant","Thailand",TRUE,"Reference","siam flora","Low compliance"
"Unrooted Plant","Thailand",TRUE,"Reference","complete aquatic systems","Low compliance"
"Unrooted Plant","Thailand",TRUE,"Reference","tat tristan g","Poor compliance"
"Unrooted Plant","Thailand",TRUE,"Reference","united plant growers","Poor compliance"
"Unrooted Plant","Thailand",TRUE,"Natta 1565 Limited","Reference","Low compliance"
"Unrooted Plant","Thailand",TRUE,"ALPINE TROPICAL PLANTS CO LTD","missing","Poor compliance"
"Unrooted Plant","Thailand",TRUE,"Reference","chen tian","Poor compliance"
"Unrooted Plant","Thailand",TRUE,"Reference","ds cole growers","Poor compliance"
"Unrooted Plant","Thailand",TRUE,"Reference","omega customs brokers","Poor compliance"
"Unrooted Plant","Thailand",TRUE,"Reference","aksiporn saengfa","Poor compliance"
"Unrooted Plant","Thailand",TRUE,"Kantapat Kaewpradith","Reference","Poor compliance"
"Unrooted Plant","Thailand",TRUE,"Escactus","Reference","Poor compliance"
"Unrooted Plant","Thailand",TRUE,"Reference","daniel baytosh","Poor compliance"
"Unrooted Plant","Thailand",TRUE,"Reference","miyar intl brokerage","Poor compliance"
"Unrooted Plant","Thailand",TRUE,"Bomb Takomfoo","Reference","Poor compliance"
"Unrooted Plant","Thailand",TRUE,"ALPINE TROPICAL PLANTS CO LTD","Reference","Poor compliance"
"Unrooted Plant","Thailand",TRUE,"Reference","foremost foliage inc dba foremostco","Poor compliance"
"Unrooted Plant","Thailand",TRUE,"Reference","fleurizon","Poor compliance"
"Unrooted Plant","Thailand",TRUE,"Reference","hanna gregor","Poor compliance"
"Unrooted Plant","Thailand",TRUE,"Reference","green plant cuttings usa","Poor compliance"
"Unrooted Plant","Thailand",TRUE,"GENEROS ECUATORIANOS","Reference","Poor compliance"
"Unrooted Plant","Thailand",TRUE,"Reference","waterscaap pond amp aquarium plants","Poor compliance"
"Unrooted Plant","Thailand",TRUE,"PT AQUATIC PLAN CENTRE INDONESIA","Reference","Low compliance"
"Unrooted Plant","Thailand",TRUE,"Reference","costa farms","Poor compliance"
"Unrooted Plant","Thailand",TRUE,"Reference","gubler orchids","Poor compliance"
"Unrooted Plant","Thailand",TRUE,"Reference","biostok","Poor compliance"
"Unrooted Plant","Thailand",TRUE,"Reference","perfect choice","Poor compliance"
"Unrooted Plant","Thailand",TRUE,"GENEROS ECUATORIANOS","hanna gregor","Poor compliance"
"Unrooted Plant","Thailand",TRUE,"Natta 1565 Limited","hanna gregor","Poor compliance"
"Unrooted Plant","Thailand",TRUE,"Reference","b c amp f brokerage","Poor compliance"
"Unrooted Plant","Thailand",TRUE,"Natta 1565 Limited","perfect choice","Poor compliance"
"Unrooted Plant","Thailand",TRUE,"Reference","foremost foliage","Poor compliance"
"Unrooted Plant","Thailand",TRUE,"Reference","mchutchison","Low compliance"
"Unrooted Plant","Thailand",TRUE,"Reference","express seed","Low compliance"
"Unrooted Plant","Thailand",FALSE,"Reference","missing","Medium compliance"
"Unrooted Plant","Thailand",FALSE,"Escactus","missing","Low compliance"
"Unrooted Plant","Thailand",FALSE,"Reference","Reference","High compliance"
"Unrooted Plant","Thailand",FALSE,"WALPAT AQUATIC","complete aquatic systems","Low compliance"
"Unrooted Plant","Thailand",FALSE,"Reference","ultum nature systems","Poor compliance"
"Unrooted Plant","Thailand",FALSE,"WHITE ROSE EXPORT (THAILAND) LTD","complete aquatic systems","Low compliance"
"Unrooted Plant","Thailand",FALSE,"Reference","siam flora","Low compliance"
"Unrooted Plant","Thailand",FALSE,"Reference","complete aquatic systems","Medium compliance"
"Unrooted Plant","Thailand",FALSE,"Reference","tat tristan g","Poor compliance"
"Unrooted Plant","Thailand",FALSE,"Reference","united plant growers","Low compliance"
"Unrooted Plant","Thailand",FALSE,"Natta 1565 Limited","Reference","Medium compliance"
"Unrooted Plant","Thailand",FALSE,"ALPINE TROPICAL PLANTS CO LTD","missing","Low compliance"
"Unrooted Plant","Thailand",FALSE,"Reference","chen tian","Poor compliance"
"Unrooted Plant","Thailand",FALSE,"Reference","ds cole growers","Medium compliance"
"Unrooted Plant","Thailand",FALSE,"Reference","omega customs brokers","Low compliance"
"Unrooted Plant","Thailand",FALSE,"Reference","aksiporn saengfa","Medium compliance"
"Unrooted Plant","Thailand",FALSE,"Kantapat Kaewpradith","Reference","Medium compliance"
"Unrooted Plant","Thailand",FALSE,"Escactus","Reference","Medium compliance"
"Unrooted Plant","Thailand",FALSE,"Reference","daniel baytosh","Medium compliance"
"Unrooted Plant","Thailand",FALSE,"Reference","miyar intl brokerage","Poor compliance"
"Unrooted Plant","Thailand",FALSE,"Bomb Takomfoo","Reference","Low compliance"
"Unrooted Plant","Thailand",FALSE,"ALPINE TROPICAL PLANTS CO LTD","Reference","Medium compliance"
"Unrooted Plant","Thailand",FALSE,"Reference","foremost foliage inc dba foremostco","Low compliance"
"Unrooted Plant","Thailand",FALSE,"Reference","fleurizon","Poor compliance"
"Unrooted Plant","Thailand",FALSE,"Reference","hanna gregor","Low compliance"
"Unrooted Plant","Thailand",FALSE,"Reference","green plant cuttings usa","Low compliance"
"Unrooted Plant","Thailand",FALSE,"GENEROS ECUATORIANOS","Reference","Low compliance"
"Unrooted Plant","Thailand",FALSE,"Reference","waterscaap pond amp aquarium plants","Poor compliance"
"Unrooted Plant","Thailand",FALSE,"PT AQUATIC PLAN CENTRE INDONESIA","Reference","Medium compliance"
"Unrooted Plant","Thailand",FALSE,"Reference","costa farms","Medium compliance"
"Unrooted Plant","Thailand",FALSE,"Reference","gubler orchids","Poor compliance"
"Unrooted Plant","Thailand",FALSE,"Reference","biostok","Poor compliance"
"Unrooted Plant","Thailand",FALSE,"Reference","perfect choice","Poor compliance"
"Unrooted Plant","Thailand",FALSE,"GENEROS ECUATORIANOS","hanna gregor","Poor compliance"
"Unrooted Plant","Thailand",FALSE,"Natta 1565 Limited","hanna gregor","Poor compliance"
"Unrooted Plant","Thailand",FALSE,"Reference","b c amp f brokerage","Low compliance"
"Unrooted Plant","Thailand",FALSE,"Natta 1565 Limited","perfect choice","Poor compliance"
"Unrooted Plant","Thailand",FALSE,"Reference","foremost foliage","Low compliance"
"Unrooted Plant","Thailand",FALSE,"Reference","mchutchison","Medium compliance"
"Unrooted Plant","Thailand",FALSE,"Reference","express seed","Low compliance"
"Unrooted Plant","Indonesia",TRUE,"CV Jawadipa Nusantara","Reference","Poor compliance"
"Unrooted Plant","Indonesia",TRUE,"Reference","Reference","Medium compliance"
"Unrooted Plant","Indonesia",TRUE,"Nisa Garden","Reference","Poor compliance"
"Unrooted Plant","Indonesia",TRUE,"CV Okanoka Multi Usaha","stephanie schouten","Poor compliance"
"Unrooted Plant","Indonesia",TRUE,"CV AESTETICH","Reference","Poor compliance"
"Unrooted Plant","Indonesia",TRUE,"Sekar Wana Jaya","joni suhartomo","Poor compliance"
"Unrooted Plant","Indonesia",TRUE,"CV Okanoka Multi Usaha","Reference","Poor compliance"
"Unrooted Plant","Indonesia",TRUE,"CV KEBUN INDAH","Reference","Poor compliance"
"Unrooted Plant","Indonesia",TRUE,"Sekar Wana Jaya","Reference","Poor compliance"
"Unrooted Plant","Indonesia",TRUE,"Reference","joni suhartomo","Poor compliance"
"Unrooted Plant","Indonesia",TRUE,"Sekar Wana Jaya","missing","Poor compliance"
"Unrooted Plant","Indonesia",TRUE,"Reference","tat tristan g","Poor compliance"
"Unrooted Plant","Indonesia",TRUE,"PT AQUATIC PLAN CENTRE INDONESIA","complete aquatic systems","Poor compliance"
"Unrooted Plant","Indonesia",TRUE,"Reference","ultum nature systems","Low compliance"
"Unrooted Plant","Indonesia",TRUE,"CV KEBUN INDAH","stephanie schouten","Poor compliance"
"Unrooted Plant","Indonesia",TRUE,"Reference","missing","Poor compliance"
"Unrooted Plant","Indonesia",TRUE,"Nisa Garden","missing","Poor compliance"
"Unrooted Plant","Indonesia",TRUE,"Reference","stephanie schouten","Poor compliance"
"Unrooted Plant","Indonesia",TRUE,"CV Jawadipa Nusantara","puspa ariani pande ketut","Poor compliance"
"Unrooted Plant","Indonesia",TRUE,"Reference","waterscaap pond amp aquarium plants","Poor compliance"
"Unrooted Plant","Indonesia",TRUE,"Reference","costa farms","Poor compliance"
"Unrooted Plant","Indonesia",TRUE,"Reference","foremost foliage","Poor compliance"
"Unrooted Plant","Indonesia",TRUE,"PT AQUATIC PLAN CENTRE INDONESIA","Reference","Poor compliance"
"Unrooted Plant","Indonesia",TRUE,"Reference","miyar intl brokerage","Poor compliance"
"Unrooted Plant","Indonesia",TRUE,"Reference","foremost foliage inc dba foremostco","Poor compliance"
"Unrooted Plant","Indonesia",TRUE,"PT AQUATIC PLAN CENTRE INDONESIA","waterscaap pond amp aquarium plants","Poor compliance"
"Unrooted Plant","Indonesia",TRUE,"Reference","perfect choice","Poor compliance"
"Unrooted Plant","Indonesia",TRUE,"CV AESTETICH","missing","Poor compliance"
"Unrooted Plant","Indonesia",TRUE,"CV KEBUN INDAH","missing","Poor compliance"
"Unrooted Plant","Indonesia",TRUE,"CV Jawadipa Nusantara","missing","Poor compliance"
"Unrooted Plant","Indonesia",TRUE,"Reference","biostok","Poor compliance"
"Unrooted Plant","Indonesia",TRUE,"CV KEBUN INDAH","hanna gregor","Poor compliance"
"Unrooted Plant","Indonesia",TRUE,"Nisa Garden","hanna gregor","Poor compliance"
"Unrooted Plant","Indonesia",TRUE,"Reference","hanna gregor","Poor compliance"
"Unrooted Plant","Indonesia",TRUE,"Reference","omega customs brokers","Poor compliance"
"Unrooted Plant","Indonesia",TRUE,"Reference","puspa ariani pande ketut","Poor compliance"
"Unrooted Plant","Indonesia",TRUE,"Reference","express seed","Poor compliance"
"Unrooted Plant","Indonesia",FALSE,"CV Jawadipa Nusantara","Reference","Low compliance"
"Unrooted Plant","Indonesia",FALSE,"Reference","Reference","Medium compliance"
"Unrooted Plant","Indonesia",FALSE,"Nisa Garden","Reference","Low compliance"
"Unrooted Plant","Indonesia",FALSE,"CV Okanoka Multi Usaha","stephanie schouten","Poor compliance"
"Unrooted Plant","Indonesia",FALSE,"CV AESTETICH","Reference","Medium compliance"
"Unrooted Plant","Indonesia",FALSE,"Sekar Wana Jaya","joni suhartomo","Poor compliance"
"Unrooted Plant","Indonesia",FALSE,"CV Okanoka Multi Usaha","Reference","Low compliance"
"Unrooted Plant","Indonesia",FALSE,"CV KEBUN INDAH","Reference","Poor compliance"
"Unrooted Plant","Indonesia",FALSE,"Sekar Wana Jaya","Reference","Low compliance"
"Unrooted Plant","Indonesia",FALSE,"Reference","joni suhartomo","Low compliance"
"Unrooted Plant","Indonesia",FALSE,"Sekar Wana Jaya","missing","Poor compliance"
"Unrooted Plant","Indonesia",FALSE,"Reference","tat tristan g","Poor compliance"
"Unrooted Plant","Indonesia",FALSE,"PT AQUATIC PLAN CENTRE INDONESIA","complete aquatic systems","Poor compliance"
"Unrooted Plant","Indonesia",FALSE,"Reference","ultum nature systems","Poor compliance"
"Unrooted Plant","Indonesia",FALSE,"CV KEBUN INDAH","stephanie schouten","Poor compliance"
"Unrooted Plant","Indonesia",FALSE,"Reference","missing","Low compliance"
"Unrooted Plant","Indonesia",FALSE,"Nisa Garden","missing","Poor compliance"
"Unrooted Plant","Indonesia",FALSE,"Reference","stephanie schouten","Poor compliance"
"Unrooted Plant","Indonesia",FALSE,"CV Jawadipa Nusantara","puspa ariani pande ketut","Poor compliance"
"Unrooted Plant","Indonesia",FALSE,"Reference","waterscaap pond amp aquarium plants","Poor compliance"
"Unrooted Plant","Indonesia",FALSE,"Reference","costa farms","Low compliance"
"Unrooted Plant","Indonesia",FALSE,"Reference","foremost foliage","Poor compliance"
"Unrooted Plant","Indonesia",FALSE,"PT AQUATIC PLAN CENTRE INDONESIA","Reference","Medium compliance"
"Unrooted Plant","Indonesia",FALSE,"Reference","miyar intl brokerage","Poor compliance"
"Unrooted Plant","Indonesia",FALSE,"Reference","foremost foliage inc dba foremostco","Poor compliance"
"Unrooted Plant","Indonesia",FALSE,"PT AQUATIC PLAN CENTRE INDONESIA","waterscaap pond amp aquarium plants","Poor compliance"
"Unrooted Plant","Indonesia",FALSE,"Reference","perfect choice","Poor compliance"
"Unrooted Plant","Indonesia",FALSE,"CV AESTETICH","missing","Low compliance"
"Unrooted Plant","Indonesia",FALSE,"CV KEBUN INDAH","missing","Poor compliance"
"Unrooted Plant","Indonesia",FALSE,"CV Jawadipa Nusantara","missing","Poor compliance"
"Unrooted Plant","Indonesia",FALSE,"Reference","biostok","Poor compliance"
"Unrooted Plant","Indonesia",FALSE,"CV KEBUN INDAH","hanna gregor","Poor compliance"
"Unrooted Plant","Indonesia",FALSE,"Nisa Garden","hanna gregor","Poor compliance"
"Unrooted Plant","Indonesia",FALSE,"Reference","hanna gregor","Poor compliance"
"Unrooted Plant","Indonesia",FALSE,"Reference","omega customs brokers","Poor compliance"
"Unrooted Plant","Indonesia",FALSE,"Reference","puspa ariani pande ketut","Poor compliance"
"Unrooted Plant","Indonesia",FALSE,"Reference","express seed","Poor compliance"
"Unrooted Plant","Philippines",TRUE,"Reference","missing","Poor compliance"
"Unrooted Plant","Philippines",TRUE,"Reference","Reference","Medium compliance"
"Unrooted Plant","Philippines",TRUE,"Reference","omega customs brokers","Poor compliance"
"Unrooted Plant","Philippines",TRUE,"Reference","aksiporn saengfa","Poor compliance"
"Unrooted Plant","Philippines",FALSE,"Reference","missing","Low compliance"
"Unrooted Plant","Philippines",FALSE,"Reference","Reference","Medium compliance"
"Unrooted Plant","Philippines",FALSE,"Reference","omega customs brokers","Poor compliance"
"Unrooted Plant","Philippines",FALSE,"Reference","aksiporn saengfa","Low compliance"
"Unrooted Plant","Austria",TRUE,"Reference","missing","Poor compliance"
"Unrooted Plant","Austria",TRUE,"Reference","Reference","Low compliance"
"Unrooted Plant","Austria",FALSE,"Reference","missing","Low compliance"
"Unrooted Plant","Austria",FALSE,"Reference","Reference","Medium compliance"
"Unrooted Plant","Mexico",TRUE,"Reference","Reference","Medium compliance"
"Unrooted Plant","Mexico",TRUE,"Reference","scott valentine","Poor compliance"
"Unrooted Plant","Mexico",TRUE,"Reference","express seed","Low compliance"
"Unrooted Plant","Mexico",TRUE,"Reference","costa farms","Low compliance"
"Unrooted Plant","Mexico",TRUE,"Reference","missing","Poor compliance"
"Unrooted Plant","Mexico",FALSE,"Reference","Reference","High compliance"
"Unrooted Plant","Mexico",FALSE,"Reference","scott valentine","Medium compliance"
"Unrooted Plant","Mexico",FALSE,"Reference","express seed","Low compliance"
"Unrooted Plant","Mexico",FALSE,"Reference","costa farms","Medium compliance"
"Unrooted Plant","Mexico",FALSE,"Reference","missing","Medium compliance"
"Unrooted Plant","China",TRUE,"Reference","Reference","Medium compliance"
"Unrooted Plant","China",TRUE,"Reference","missing","Poor compliance"
"Unrooted Plant","China",TRUE,"KUNMING TAODUROU HORTICULUTURE C","mimi nursery","Poor compliance"
"Unrooted Plant","China",TRUE,"KUNMING TAODUROU HORTICULUTURE C","Reference","Poor compliance"
"Unrooted Plant","China",TRUE,"Reference","costa farms","Poor compliance"
"Unrooted Plant","China",TRUE,"SHANDONG HUAYUCHENG AGRICULTURAL","Reference","Poor compliance"
"Unrooted Plant","China",TRUE,"SHANDONG HUAYUCHENG AGRICULTURAL","mimi nursery","Poor compliance"
"Unrooted Plant","China",TRUE,"ZHANGZHOU BANRUO","united plant growers","Poor compliance"
"Unrooted Plant","China",TRUE,"Reference","chen tian","Poor compliance"
"Unrooted Plant","China",TRUE,"ZHANGZHOU BANRUO","foremost foliage","Poor compliance"
"Unrooted Plant","China",TRUE,"Reference","fleurizon","Poor compliance"
"Unrooted Plant","China",TRUE,"ZHANGZHOU BANRUO","Reference","Poor compliance"
"Unrooted Plant","China",TRUE,"Reference","united plant growers","Poor compliance"
"Unrooted Plant","China",TRUE,"Reference","express seed","Poor compliance"
"Unrooted Plant","China",TRUE,"Reference","western cactus enterprises","Poor compliance"
"Unrooted Plant","China",TRUE,"KUNMING TAODUROU HORTICULUTURE C","missing","Poor compliance"
"Unrooted Plant","China",TRUE,"Reference","complete aquatic systems","Poor compliance"
"Unrooted Plant","China",TRUE,"Reference","foremost foliage","Poor compliance"
"Unrooted Plant","China",TRUE,"Reference","mimi nursery","Low compliance"
"Unrooted Plant","China",TRUE,"Reference","perfect choice","Poor compliance"
"Unrooted Plant","China",TRUE,"Reference","green plant cuttings usa","Poor compliance"
"Unrooted Plant","China",TRUE,"Reference","mchutchison","Poor compliance"
"Unrooted Plant","China",TRUE,"ZHANGZHOU BANRUO","fleurizon","Poor compliance"
"Unrooted Plant","China",TRUE,"Reference","foremost foliage inc dba foremostco","Poor compliance"
"Unrooted Plant","China",TRUE,"Reference","biostok","Poor compliance"
"Unrooted Plant","China",TRUE,"ZHANGZHOU BANRUO","express seed","Poor compliance"
"Unrooted Plant","China",TRUE,"ZHANGZHOU BANRUO","foremost foliage inc dba foremostco","Poor compliance"
"Unrooted Plant","China",TRUE,"Reference","miyar intl brokerage","Poor compliance"
"Unrooted Plant","China",TRUE,"ZHANGZHOU BANRUO","costa farms","Poor compliance"
"Unrooted Plant","China",TRUE,"ZHANGZHOU BANRUO","green plant cuttings usa","Poor compliance"
"Unrooted Plant","China",TRUE,"Reference","omega customs brokers","Poor compliance"
"Unrooted Plant","China",TRUE,"Reference","altman specialty plants","Poor compliance"
"Unrooted Plant","China",TRUE,"Reference","scott valentine","Poor compliance"
"Unrooted Plant","China",TRUE,"Reference","kurt weiss greenhouse","Poor compliance"
"Unrooted Plant","China",TRUE,"SHANDONG HUAYUCHENG AGRICULTURAL","missing","Poor compliance"
"Unrooted Plant","China",FALSE,"Reference","Reference","Medium compliance"
"Unrooted Plant","China",FALSE,"Reference","missing","Low compliance"
"Unrooted Plant","China",FALSE,"KUNMING TAODUROU HORTICULUTURE C","mimi nursery","Poor compliance"
"Unrooted Plant","China",FALSE,"KUNMING TAODUROU HORTICULUTURE C","Reference","Medium compliance"
"Unrooted Plant","China",FALSE,"Reference","costa farms","Low compliance"
"Unrooted Plant","China",FALSE,"SHANDONG HUAYUCHENG AGRICULTURAL","Reference","Medium compliance"
"Unrooted Plant","China",FALSE,"SHANDONG HUAYUCHENG AGRICULTURAL","mimi nursery","Low compliance"
"Unrooted Plant","China",FALSE,"ZHANGZHOU BANRUO","united plant growers","Low compliance"
"Unrooted Plant","China",FALSE,"Reference","chen tian","Poor compliance"
"Unrooted Plant","China",FALSE,"ZHANGZHOU BANRUO","foremost foliage","Low compliance"
"Unrooted Plant","China",FALSE,"Reference","fleurizon","Poor compliance"
"Unrooted Plant","China",FALSE,"ZHANGZHOU BANRUO","Reference","Medium compliance"
"Unrooted Plant","China",FALSE,"Reference","united plant growers","Low compliance"
"Unrooted Plant","China",FALSE,"Reference","express seed","Low compliance"
"Unrooted Plant","China",FALSE,"Reference","western cactus enterprises","Low compliance"
"Unrooted Plant","China",FALSE,"KUNMING TAODUROU HORTICULUTURE C","missing","Low compliance"
"Unrooted Plant","China",FALSE,"Reference","complete aquatic systems","Low compliance"
"Unrooted Plant","China",FALSE,"Reference","foremost foliage","Low compliance"
"Unrooted Plant","China",FALSE,"Reference","mimi nursery","Low compliance"
"Unrooted Plant","China",FALSE,"Reference","perfect choice","Poor compliance"
"Unrooted Plant","China",FALSE,"Reference","green plant cuttings usa","Low compliance"
"Unrooted Plant","China",FALSE,"Reference","mchutchison","Low compliance"
"Unrooted Plant","China",FALSE,"ZHANGZHOU BANRUO","fleurizon","Poor compliance"
"Unrooted Plant","China",FALSE,"Reference","foremost foliage inc dba foremostco","Low compliance"
"Unrooted Plant","China",FALSE,"Reference","biostok","Poor compliance"
"Unrooted Plant","China",FALSE,"ZHANGZHOU BANRUO","express seed","Low compliance"
"Unrooted Plant","China",FALSE,"ZHANGZHOU BANRUO","foremost foliage inc dba foremostco","Low compliance"
"Unrooted Plant","China",FALSE,"Reference","miyar intl brokerage","Poor compliance"
"Unrooted Plant","China",FALSE,"ZHANGZHOU BANRUO","costa farms","Low compliance"
"Unrooted Plant","China",FALSE,"ZHANGZHOU BANRUO","green plant cuttings usa","Low compliance"
"Unrooted Plant","China",FALSE,"Reference","omega customs brokers","Low compliance"
"Unrooted Plant","China",FALSE,"Reference","altman specialty plants","Low compliance"
"Unrooted Plant","China",FALSE,"Reference","scott valentine","Medium compliance"
"Unrooted Plant","China",FALSE,"Reference","kurt weiss greenhouse","Medium compliance"
"Unrooted Plant","China",FALSE,"SHANDONG HUAYUCHENG AGRICULTURAL","missing","Low compliance"
"Unrooted Plant","Taiwan",TRUE,"Reference","missing","Poor compliance"
"Unrooted Plant","Taiwan",TRUE,"Reference","Reference","Medium compliance"
"Unrooted Plant","Taiwan",TRUE,"Reference","gubler orchids","Poor compliance"
"Unrooted Plant","Taiwan",TRUE,"Reference","costa farms","Low compliance"
"Unrooted Plant","Taiwan",TRUE,"Reference","united plant growers","Poor compliance"
"Unrooted Plant","Taiwan",TRUE,"Reference","altman specialty plants","Poor compliance"
"Unrooted Plant","Taiwan",TRUE,"Reference","foremost foliage","Poor compliance"
"Unrooted Plant","Taiwan",TRUE,"Reference","biostok","Poor compliance"
"Unrooted Plant","Taiwan",TRUE,"Reference","miyar intl brokerage","Poor compliance"
"Unrooted Plant","Taiwan",TRUE,"Reference","perfect choice","Poor compliance"
"Unrooted Plant","Taiwan",TRUE,"Reference","foremost foliage inc dba foremostco","Low compliance"
"Unrooted Plant","Taiwan",TRUE,"Reference","omega customs brokers","Poor compliance"
"Unrooted Plant","Taiwan",TRUE,"Reference","b c amp f brokerage","Poor compliance"
"Unrooted Plant","Taiwan",TRUE,"Reference","express seed","Low compliance"
"Unrooted Plant","Taiwan",FALSE,"Reference","missing","Medium compliance"
"Unrooted Plant","Taiwan",FALSE,"Reference","Reference","High compliance"
"Unrooted Plant","Taiwan",FALSE,"Reference","gubler orchids","Low compliance"
"Unrooted Plant","Taiwan",FALSE,"Reference","costa farms","Medium compliance"
"Unrooted Plant","Taiwan",FALSE,"Reference","united plant growers","Medium compliance"
"Unrooted Plant","Taiwan",FALSE,"Reference","altman specialty plants","Medium compliance"
"Unrooted Plant","Taiwan",FALSE,"Reference","foremost foliage","Low compliance"
"Unrooted Plant","Taiwan",FALSE,"Reference","biostok","Low compliance"
"Unrooted Plant","Taiwan",FALSE,"Reference","miyar intl brokerage","Low compliance"
"Unrooted Plant","Taiwan",FALSE,"Reference","perfect choice","Low compliance"
"Unrooted Plant","Taiwan",FALSE,"Reference","foremost foliage inc dba foremostco","Low compliance"
"Unrooted Plant","Taiwan",FALSE,"Reference","omega customs brokers","Low compliance"
"Unrooted Plant","Taiwan",FALSE,"Reference","b c amp f brokerage","Medium compliance"
"Unrooted Plant","Taiwan",FALSE,"Reference","express seed","Medium compliance"
"Unrooted Plant","South Africa",TRUE,"Reference","Reference","Medium compliance"
"Unrooted Plant","South Africa",TRUE,"Reference","missing","Poor compliance"
"Unrooted Plant","South Africa",TRUE,"Reference","costa farms","Poor compliance"
"Unrooted Plant","South Africa",TRUE,"Reference","miyar intl brokerage","Poor compliance"
"Unrooted Plant","South Africa",TRUE,"Reference","foremost foliage","Poor compliance"
"Unrooted Plant","South Africa",TRUE,"Reference","express seed","Poor compliance"
"Unrooted Plant","South Africa",FALSE,"Reference","Reference","Medium compliance"
"Unrooted Plant","South Africa",FALSE,"Reference","missing","Low compliance"
"Unrooted Plant","South Africa",FALSE,"Reference","costa farms","Low compliance"
"Unrooted Plant","South Africa",FALSE,"Reference","miyar intl brokerage","Poor compliance"
"Unrooted Plant","South Africa",FALSE,"Reference","foremost foliage","Poor compliance"
"Unrooted Plant","South Africa",FALSE,"Reference","express seed","Low compliance"
"Unrooted Plant","Hungary",TRUE,"Reference","Reference","Low compliance"
"Unrooted Plant","Hungary",TRUE,"Reference","missing","Poor compliance"
"Unrooted Plant","Hungary",FALSE,"Reference","Reference","Medium compliance"
"Unrooted Plant","Hungary",FALSE,"Reference","missing","Low compliance"
"Unrooted Plant","Latvia",TRUE,"Reference","missing","Poor compliance"
"Unrooted Plant","Latvia",FALSE,"Reference","missing","Low compliance"
"Unrooted Plant","Japan",TRUE,"Reference","missing","Poor compliance"
"Unrooted Plant","Japan",TRUE,"Reference","Reference","Medium compliance"
"Unrooted Plant","Japan",TRUE,"Reference","foremost foliage","Poor compliance"
"Unrooted Plant","Japan",TRUE,"Reference","omega customs brokers","Poor compliance"
"Unrooted Plant","Japan",TRUE,"Reference","mchutchison","Poor compliance"
"Unrooted Plant","Japan",FALSE,"Reference","missing","Medium compliance"
"Unrooted Plant","Japan",FALSE,"Reference","Reference","Medium compliance"
"Unrooted Plant","Japan",FALSE,"Reference","foremost foliage","Low compliance"
"Unrooted Plant","Japan",FALSE,"Reference","omega customs brokers","Low compliance"
"Unrooted Plant","Japan",FALSE,"Reference","mchutchison","Medium compliance"
"Unrooted Plant","Italy",TRUE,"Reference","Reference","Medium compliance"
"Unrooted Plant","Italy",TRUE,"Reference","western cactus enterprises","Poor compliance"
"Unrooted Plant","Italy",TRUE,"Reference","missing","Poor compliance"
"Unrooted Plant","Italy",TRUE,"Reference","primaflora international lp","Low compliance"
"Unrooted Plant","Italy",TRUE,"Reference","costa farms","Poor compliance"
"Unrooted Plant","Italy",TRUE,"Reference","express seed","Poor compliance"
"Unrooted Plant","Italy",TRUE,"Reference","ds cole growers","Poor compliance"
"Unrooted Plant","Italy",FALSE,"Reference","Reference","Medium compliance"
"Unrooted Plant","Italy",FALSE,"Reference","western cactus enterprises","Low compliance"
"Unrooted Plant","Italy",FALSE,"Reference","missing","Low compliance"
"Unrooted Plant","Italy",FALSE,"Reference","primaflora international lp","Low compliance"
"Unrooted Plant","Italy",FALSE,"Reference","costa farms","Low compliance"
"Unrooted Plant","Italy",FALSE,"Reference","express seed","Poor compliance"
"Unrooted Plant","Italy",FALSE,"Reference","ds cole growers","Low compliance"
"Unrooted Plant","El Salvador",TRUE,"Reference","Reference","Medium compliance"
"Unrooted Plant","El Salvador",TRUE,"Reference","primaflora international lp","Low compliance"
"Unrooted Plant","El Salvador",TRUE,"Reference","foremost foliage inc dba foremostco","Poor compliance"
"Unrooted Plant","El Salvador",TRUE,"Reference","foremost foliage","Poor compliance"
"Unrooted Plant","El Salvador",FALSE,"Reference","Reference","Medium compliance"
"Unrooted Plant","El Salvador",FALSE,"Reference","primaflora international lp","Medium compliance"
"Unrooted Plant","El Salvador",FALSE,"Reference","foremost foliage inc dba foremostco","Low compliance"
"Unrooted Plant","El Salvador",FALSE,"Reference","foremost foliage","Low compliance"
"Unrooted Plant","India",TRUE,"Reference","Reference","Medium compliance"
"Unrooted Plant","India",TRUE,"Reference","bill moore and company","Poor compliance"
"Unrooted Plant","India",TRUE,"Reference","fleurizon","Poor compliance"
"Unrooted Plant","India",TRUE,"TROPICA NURSERY","foremost foliage inc dba foremostco","Poor compliance"
"Unrooted Plant","India",TRUE,"TROPICA NURSERY","fleurizon","Poor compliance"
"Unrooted Plant","India",TRUE,"TROPICA NURSERY","bill moore and company","Poor compliance"
"Unrooted Plant","India",TRUE,"Reference","foremost foliage inc dba foremostco","Low compliance"
"Unrooted Plant","India",TRUE,"TROPICA NURSERY","express seed","Poor compliance"
"Unrooted Plant","India",TRUE,"Reference","mchutchison","Low compliance"
"Unrooted Plant","India",TRUE,"TROPICA NURSERY","scott valentine","Poor compliance"
"Unrooted Plant","India",TRUE,"Reference","costa farms","Low compliance"
"Unrooted Plant","India",TRUE,"Reference","foremost foliage","Low compliance"
"Unrooted Plant","India",TRUE,"Reference","express seed","Low compliance"
"Unrooted Plant","India",TRUE,"Reference","kurt weiss greenhouse","Low compliance"
"Unrooted Plant","India",FALSE,"Reference","Reference","High compliance"
"Unrooted Plant","India",FALSE,"Reference","bill moore and company","Low compliance"
"Unrooted Plant","India",FALSE,"Reference","fleurizon","Low compliance"
"Unrooted Plant","India",FALSE,"TROPICA NURSERY","foremost foliage inc dba foremostco","Poor compliance"
"Unrooted Plant","India",FALSE,"TROPICA NURSERY","fleurizon","Poor compliance"
"Unrooted Plant","India",FALSE,"TROPICA NURSERY","bill moore and company","Poor compliance"
"Unrooted Plant","India",FALSE,"Reference","foremost foliage inc dba foremostco","Low compliance"
"Unrooted Plant","India",FALSE,"TROPICA NURSERY","express seed","Low compliance"
"Unrooted Plant","India",FALSE,"Reference","mchutchison","Medium compliance"
"Unrooted Plant","India",FALSE,"TROPICA NURSERY","scott valentine","Low compliance"
"Unrooted Plant","India",FALSE,"Reference","costa farms","Medium compliance"
"Unrooted Plant","India",FALSE,"Reference","foremost foliage","Medium compliance"
"Unrooted Plant","India",FALSE,"Reference","express seed","Medium compliance"
"Unrooted Plant","India",FALSE,"Reference","kurt weiss greenhouse","Medium compliance"
"Unrooted Plant","Viet Nam",TRUE,"Reference","Reference","Medium compliance"
"Unrooted Plant","Viet Nam",TRUE,"Reference","scott valentine","Poor compliance"
"Unrooted Plant","Viet Nam",TRUE,"Reference","costa farms","Low compliance"
"Unrooted Plant","Viet Nam",TRUE,"Reference","perfect choice","Poor compliance"
"Unrooted Plant","Viet Nam",TRUE,"Reference","miyar intl brokerage","Poor compliance"
"Unrooted Plant","Viet Nam",TRUE,"Reference","express seed","Low compliance"
"Unrooted Plant","Viet Nam",TRUE,"Reference","missing","Poor compliance"
"Unrooted Plant","Viet Nam",FALSE,"Reference","Reference","Medium compliance"
"Unrooted Plant","Viet Nam",FALSE,"Reference","scott valentine","Medium compliance"
"Unrooted Plant","Viet Nam",FALSE,"Reference","costa farms","Medium compliance"
"Unrooted Plant","Viet Nam",FALSE,"Reference","perfect choice","Poor compliance"
"Unrooted Plant","Viet Nam",FALSE,"Reference","miyar intl brokerage","Poor compliance"
"Unrooted Plant","Viet Nam",FALSE,"Reference","express seed","Low compliance"
"Unrooted Plant","Viet Nam",FALSE,"Reference","missing","Medium compliance"
"Unrooted Plant","Guatemala",TRUE,"INVERSIONES AGROCOMERCIALE","Reference","Low compliance"
"Unrooted Plant","Guatemala",TRUE,"IVAGRO SA","primaflora international lp","Low compliance"
"Unrooted Plant","Guatemala",TRUE,"LA FLORESTA ORNAMENTALES","primaflora international lp","Poor compliance"
"Unrooted Plant","Guatemala",TRUE,"Reference","Reference","Medium compliance"
"Unrooted Plant","Guatemala",TRUE,"Reference","primaflora international lp","Low compliance"
"Unrooted Plant","Guatemala",TRUE,"QUELETZU SA","primaflora international lp","Low compliance"
"Unrooted Plant","Guatemala",TRUE,"TUCAN EXPORT","primaflora international lp","Poor compliance"
"Unrooted Plant","Guatemala",TRUE,"IVAGRO SA","Reference","Medium compliance"
"Unrooted Plant","Guatemala",TRUE,"Reference","altman specialty plants","Poor compliance"
"Unrooted Plant","Guatemala",TRUE,"Guatexotic","primaflora international lp","Poor compliance"
"Unrooted Plant","Guatemala",TRUE,"Reference","western cactus enterprises","Poor compliance"
"Unrooted Plant","Guatemala",TRUE,"TUCAN EXPORT","Reference","Poor compliance"
"Unrooted Plant","Guatemala",TRUE,"IVAGRO SA","foremost foliage inc dba foremostco","Poor compliance"
"Unrooted Plant","Guatemala",TRUE,"LA FLORESTA ORNAMENTALES","foremost foliage inc dba foremostco","Poor compliance"
"Unrooted Plant","Guatemala",TRUE,"Reference","foremost foliage inc dba foremostco","Poor compliance"
"Unrooted Plant","Guatemala",TRUE,"IVAGRO SA","florica farmsinc","Poor compliance"
"Unrooted Plant","Guatemala",TRUE,"LA FLORESTA ORNAMENTALES","south florida plant services","Poor compliance"
"Unrooted Plant","Guatemala",TRUE,"Reference","south florida plant services","Poor compliance"
"Unrooted Plant","Guatemala",TRUE,"Guatexotic","fb imports","Poor compliance"
"Unrooted Plant","Guatemala",TRUE,"IVAGRO SA","fb imports","Poor compliance"
"Unrooted Plant","Guatemala",TRUE,"Reference","fb imports","Poor compliance"
"Unrooted Plant","Guatemala",TRUE,"INVERSIONES LUA SA","scott valentine","Poor compliance"
"Unrooted Plant","Guatemala",TRUE,"Reference","costa farms","Poor compliance"
"Unrooted Plant","Guatemala",TRUE,"INVERSIONES LUA SA","costa farms","Poor compliance"
"Unrooted Plant","Guatemala",TRUE,"TUCAN EXPORT","b c amp f brokerage","Poor compliance"
"Unrooted Plant","Guatemala",TRUE,"PLANTEXPO","jurakan usainc","Low compliance"
"Unrooted Plant","Guatemala",TRUE,"Reference","foremost foliage","Poor compliance"
"Unrooted Plant","Guatemala",TRUE,"AGRO KOMPASS S A","foremost foliage","Poor compliance"
"Unrooted Plant","Guatemala",TRUE,"IVAGRO SA","foremost foliage","Poor compliance"
"Unrooted Plant","Guatemala",TRUE,"QUELETZU SA","foremost foliage","Poor compliance"
"Unrooted Plant","Guatemala",TRUE,"Los Pinos Poptum","foremost foliage","Poor compliance"
"Unrooted Plant","Guatemala",TRUE,"AGRO KOMPASS S A","jurakan usainc","Poor compliance"
"Unrooted Plant","Guatemala",TRUE,"LA FLORESTA ORNAMENTALES","costa farms","Poor compliance"
"Unrooted Plant","Guatemala",TRUE,"LA FLORESTA ORNAMENTALES","florica farmsinc","Poor compliance"
"Unrooted Plant","Guatemala",TRUE,"IVAGRO SA","south florida plant services","Poor compliance"
"Unrooted Plant","Guatemala",TRUE,"IVAGRO SA","plant exports","Poor compliance"
"Unrooted Plant","Guatemala",TRUE,"Guatexotic","Reference","Low compliance"
"Unrooted Plant","Guatemala",TRUE,"Plant Investments","scott valentine","Poor compliance"
"Unrooted Plant","Guatemala",TRUE,"Reference","fleurizon","Poor compliance"
"Unrooted Plant","Guatemala",TRUE,"Reference","russells bromelaids","Poor compliance"
"Unrooted Plant","Guatemala",TRUE,"TUCAN EXPORT","russells bromelaids","Poor compliance"
"Unrooted Plant","Guatemala",TRUE,"Reference","florica farmsinc","Poor compliance"
"Unrooted Plant","Guatemala",TRUE,"Corporacion Bonanza","florica farmsinc","Poor compliance"
"Unrooted Plant","Guatemala",TRUE,"Los Pinos Poptum","foremost foliage inc dba foremostco","Poor compliance"
"Unrooted Plant","Guatemala",TRUE,"QUELETZU SA","foremost foliage inc dba foremostco","Poor compliance"
"Unrooted Plant","Guatemala",TRUE,"LA FLORESTA ORNAMENTALES","Reference","Poor compliance"
"Unrooted Plant","Guatemala",TRUE,"Corporacion Bonanza","costa farms","Poor compliance"
"Unrooted Plant","Guatemala",TRUE,"Reference","jurakan usainc","Low compliance"
"Unrooted Plant","Guatemala",TRUE,"Corporacion Bonanza","Reference","Poor compliance"
"Unrooted Plant","Guatemala",TRUE,"Los Pinos Poptum","plant exports","Poor compliance"
"Unrooted Plant","Guatemala",TRUE,"Plant Investments","express seed","Poor compliance"
"Unrooted Plant","Guatemala",TRUE,"TUCAN EXPORT","fb imports","Poor compliance"
"Unrooted Plant","Guatemala",TRUE,"Plant Investments","mchutchison","Poor compliance"
"Unrooted Plant","Guatemala",TRUE,"Reference","dockside management","Low compliance"
"Unrooted Plant","Guatemala",TRUE,"INVERSIONES LUA SA","plant exports","Poor compliance"
"Unrooted Plant","Guatemala",TRUE,"Plant Investments","foremost foliage inc dba foremostco","Poor compliance"
"Unrooted Plant","Guatemala",TRUE,"INVERSIONES AGROCOMERCIALE","fb imports","Poor compliance"
"Unrooted Plant","Guatemala",TRUE,"Reference","plant exports","Poor compliance"
"Unrooted Plant","Guatemala",TRUE,"INVERSIONES LUA SA","Reference","Low compliance"
"Unrooted Plant","Guatemala",TRUE,"LA FLORESTA ORNAMENTALES","mchutchison","Poor compliance"
"Unrooted Plant","Guatemala",TRUE,"QUELETZU SA","Reference","Low compliance"
"Unrooted Plant","Guatemala",TRUE,"COSTA","costa farms","Poor compliance"
"Unrooted Plant","Guatemala",TRUE,"Los Pinos Poptum","Reference","Poor compliance"
"Unrooted Plant","Guatemala",TRUE,"QUELETZU SA","south florida plant services","Poor compliance"
"Unrooted Plant","Guatemala",TRUE,"Reference","ds cole growers","Poor compliance"
"Unrooted Plant","Guatemala",TRUE,"IVAGRO SA","scott valentine","Poor compliance"
"Unrooted Plant","Guatemala",TRUE,"PRODUCTOS EL MAPACHE DE ALAJUELA","plant exports","Poor compliance"
"Unrooted Plant","Guatemala",TRUE,"QUELETZU SA","fb imports","Poor compliance"
"Unrooted Plant","Guatemala",TRUE,"Reference","mchutchison","Low compliance"
"Unrooted Plant","Guatemala",TRUE,"INVERSIONES AGROCOMERCIALE","foremost foliage inc dba foremostco","Poor compliance"
"Unrooted Plant","Guatemala",TRUE,"LA FLORESTA ORNAMENTALES","plant exports","Poor compliance"
"Unrooted Plant","Guatemala",TRUE,"IVAGRO SA","costa farms","Poor compliance"
"Unrooted Plant","Guatemala",TRUE,"Reference","aura botanical","Poor compliance"
"Unrooted Plant","Guatemala",TRUE,"INVERSIONES AGROCOMERCIALE","costa farms","Poor compliance"
"Unrooted Plant","Guatemala",TRUE,"Guatexotic","foremost foliage inc dba foremostco","Poor compliance"
"Unrooted Plant","Guatemala",TRUE,"AGRO KOMPASS S A","foremost foliage inc dba foremostco","Poor compliance"
"Unrooted Plant","Guatemala",TRUE,"LA FLORESTA ORNAMENTALES","foremost foliage","Poor compliance"
"Unrooted Plant","Guatemala",TRUE,"QUELETZU SA","florica farmsinc","Poor compliance"
"Unrooted Plant","Guatemala",TRUE,"Guatexotic","costa farms","Poor compliance"
"Unrooted Plant","Guatemala",TRUE,"INVERSIONES LUA SA","fb imports","Poor compliance"
"Unrooted Plant","Guatemala",TRUE,"INVERSIONES AGROCOMERCIALE","florica farmsinc","Poor compliance"
"Unrooted Plant","Guatemala",TRUE,"Reference","express seed","Low compliance"
"Unrooted Plant","Guatemala",TRUE,"INVERSIONES AGROCOMERCIALE","foremost foliage","Poor compliance"
"Unrooted Plant","Guatemala",TRUE,"CERCA DEL PARAISO SA","Reference","Poor compliance"
"Unrooted Plant","Guatemala",TRUE,"IVAGRO SA","express seed","Poor compliance"
"Unrooted Plant","Guatemala",TRUE,"INVERSIONES LUA SA","express seed","Poor compliance"
"Unrooted Plant","Guatemala",TRUE,"Plant Investments","florica farmsinc","Poor compliance"
"Unrooted Plant","Guatemala",TRUE,"Reference","scott valentine","Poor compliance"
"Unrooted Plant","Guatemala",TRUE,"Reference","missing","Poor compliance"
"Unrooted Plant","Guatemala",FALSE,"INVERSIONES AGROCOMERCIALE","Reference","Medium compliance"
"Unrooted Plant","Guatemala",FALSE,"IVAGRO SA","primaflora international lp","Medium compliance"
"Unrooted Plant","Guatemala",FALSE,"LA FLORESTA ORNAMENTALES","primaflora international lp","Low compliance"
"Unrooted Plant","Guatemala",FALSE,"Reference","Reference","High compliance"
"Unrooted Plant","Guatemala",FALSE,"Reference","primaflora international lp","Medium compliance"
"Unrooted Plant","Guatemala",FALSE,"QUELETZU SA","primaflora international lp","Medium compliance"
"Unrooted Plant","Guatemala",FALSE,"TUCAN EXPORT","primaflora international lp","Medium compliance"
"Unrooted Plant","Guatemala",FALSE,"IVAGRO SA","Reference","Medium compliance"
"Unrooted Plant","Guatemala",FALSE,"Reference","altman specialty plants","Low compliance"
"Unrooted Plant","Guatemala",FALSE,"Guatexotic","primaflora international lp","Medium compliance"
"Unrooted Plant","Guatemala",FALSE,"Reference","western cactus enterprises","Medium compliance"
"Unrooted Plant","Guatemala",FALSE,"TUCAN EXPORT","Reference","Medium compliance"
"Unrooted Plant","Guatemala",FALSE,"IVAGRO SA","foremost foliage inc dba foremostco","Low compliance"
"Unrooted Plant","Guatemala",FALSE,"LA FLORESTA ORNAMENTALES","foremost foliage inc dba foremostco","Poor compliance"
"Unrooted Plant","Guatemala",FALSE,"Reference","foremost foliage inc dba foremostco","Low compliance"
"Unrooted Plant","Guatemala",FALSE,"IVAGRO SA","florica farmsinc","Low compliance"
"Unrooted Plant","Guatemala",FALSE,"LA FLORESTA ORNAMENTALES","south florida plant services","Low compliance"
"Unrooted Plant","Guatemala",FALSE,"Reference","south florida plant services","Medium compliance"
"Unrooted Plant","Guatemala",FALSE,"Guatexotic","fb imports","Poor compliance"
"Unrooted Plant","Guatemala",FALSE,"IVAGRO SA","fb imports","Poor compliance"
"Unrooted Plant","Guatemala",FALSE,"Reference","fb imports","Poor compliance"
"Unrooted Plant","Guatemala",FALSE,"INVERSIONES LUA SA","scott valentine","Low compliance"
"Unrooted Plant","Guatemala",FALSE,"Reference","costa farms","Medium compliance"
"Unrooted Plant","Guatemala",FALSE,"INVERSIONES LUA SA","costa farms","Low compliance"
"Unrooted Plant","Guatemala",FALSE,"TUCAN EXPORT","b c amp f brokerage","Low compliance"
"Unrooted Plant","Guatemala",FALSE,"PLANTEXPO","jurakan usainc","Medium compliance"
"Unrooted Plant","Guatemala",FALSE,"Reference","foremost foliage","Low compliance"
"Unrooted Plant","Guatemala",FALSE,"AGRO KOMPASS S A","foremost foliage","Low compliance"
"Unrooted Plant","Guatemala",FALSE,"IVAGRO SA","foremost foliage","Low compliance"
"Unrooted Plant","Guatemala",FALSE,"QUELETZU SA","foremost foliage","Low compliance"
"Unrooted Plant","Guatemala",FALSE,"Los Pinos Poptum","foremost foliage","Low compliance"
"Unrooted Plant","Guatemala",FALSE,"AGRO KOMPASS S A","jurakan usainc","Medium compliance"
"Unrooted Plant","Guatemala",FALSE,"LA FLORESTA ORNAMENTALES","costa farms","Low compliance"
"Unrooted Plant","Guatemala",FALSE,"LA FLORESTA ORNAMENTALES","florica farmsinc","Poor compliance"
"Unrooted Plant","Guatemala",FALSE,"IVAGRO SA","south florida plant services","Medium compliance"
"Unrooted Plant","Guatemala",FALSE,"IVAGRO SA","plant exports","Poor compliance"
"Unrooted Plant","Guatemala",FALSE,"Guatexotic","Reference","Medium compliance"
"Unrooted Plant","Guatemala",FALSE,"Plant Investments","scott valentine","Low compliance"
"Unrooted Plant","Guatemala",FALSE,"Reference","fleurizon","Poor compliance"
"Unrooted Plant","Guatemala",FALSE,"Reference","russells bromelaids","Poor compliance"
"Unrooted Plant","Guatemala",FALSE,"TUCAN EXPORT","russells bromelaids","Poor compliance"
"Unrooted Plant","Guatemala",FALSE,"Reference","florica farmsinc","Low compliance"
"Unrooted Plant","Guatemala",FALSE,"Corporacion Bonanza","florica farmsinc","Poor compliance"
"Unrooted Plant","Guatemala",FALSE,"Los Pinos Poptum","foremost foliage inc dba foremostco","Low compliance"
"Unrooted Plant","Guatemala",FALSE,"QUELETZU SA","foremost foliage inc dba foremostco","Low compliance"
"Unrooted Plant","Guatemala",FALSE,"LA FLORESTA ORNAMENTALES","Reference","Medium compliance"
"Unrooted Plant","Guatemala",FALSE,"Corporacion Bonanza","costa farms","Low compliance"
"Unrooted Plant","Guatemala",FALSE,"Reference","jurakan usainc","Medium compliance"
"Unrooted Plant","Guatemala",FALSE,"Corporacion Bonanza","Reference","Medium compliance"
"Unrooted Plant","Guatemala",FALSE,"Los Pinos Poptum","plant exports","Poor compliance"
"Unrooted Plant","Guatemala",FALSE,"Plant Investments","express seed","Poor compliance"
"Unrooted Plant","Guatemala",FALSE,"TUCAN EXPORT","fb imports","Poor compliance"
"Unrooted Plant","Guatemala",FALSE,"Plant Investments","mchutchison","Poor compliance"
"Unrooted Plant","Guatemala",FALSE,"Reference","dockside management","Medium compliance"
"Unrooted Plant","Guatemala",FALSE,"INVERSIONES LUA SA","plant exports","Poor compliance"
"Unrooted Plant","Guatemala",FALSE,"Plant Investments","foremost foliage inc dba foremostco","Poor compliance"
"Unrooted Plant","Guatemala",FALSE,"INVERSIONES AGROCOMERCIALE","fb imports","Poor compliance"
"Unrooted Plant","Guatemala",FALSE,"Reference","plant exports","Poor compliance"
"Unrooted Plant","Guatemala",FALSE,"INVERSIONES LUA SA","Reference","Medium compliance"
"Unrooted Plant","Guatemala",FALSE,"LA FLORESTA ORNAMENTALES","mchutchison","Low compliance"
"Unrooted Plant","Guatemala",FALSE,"QUELETZU SA","Reference","Medium compliance"
"Unrooted Plant","Guatemala",FALSE,"COSTA","costa farms","Medium compliance"
"Unrooted Plant","Guatemala",FALSE,"Los Pinos Poptum","Reference","Medium compliance"
"Unrooted Plant","Guatemala",FALSE,"QUELETZU SA","south florida plant services","Low compliance"
"Unrooted Plant","Guatemala",FALSE,"Reference","ds cole growers","Medium compliance"
"Unrooted Plant","Guatemala",FALSE,"IVAGRO SA","scott valentine","Medium compliance"
"Unrooted Plant","Guatemala",FALSE,"PRODUCTOS EL MAPACHE DE ALAJUELA","plant exports","Poor compliance"
"Unrooted Plant","Guatemala",FALSE,"QUELETZU SA","fb imports","Poor compliance"
"Unrooted Plant","Guatemala",FALSE,"Reference","mchutchison","Medium compliance"
"Unrooted Plant","Guatemala",FALSE,"INVERSIONES AGROCOMERCIALE","foremost foliage inc dba foremostco","Low compliance"
"Unrooted Plant","Guatemala",FALSE,"LA FLORESTA ORNAMENTALES","plant exports","Poor compliance"
"Unrooted Plant","Guatemala",FALSE,"IVAGRO SA","costa farms","Medium compliance"
"Unrooted Plant","Guatemala",FALSE,"Reference","aura botanical","Medium compliance"
"Unrooted Plant","Guatemala",FALSE,"INVERSIONES AGROCOMERCIALE","costa farms","Medium compliance"
"Unrooted Plant","Guatemala",FALSE,"Guatexotic","foremost foliage inc dba foremostco","Low compliance"
"Unrooted Plant","Guatemala",FALSE,"AGRO KOMPASS S A","foremost foliage inc dba foremostco","Low compliance"
"Unrooted Plant","Guatemala",FALSE,"LA FLORESTA ORNAMENTALES","foremost foliage","Poor compliance"
"Unrooted Plant","Guatemala",FALSE,"QUELETZU SA","florica farmsinc","Low compliance"
"Unrooted Plant","Guatemala",FALSE,"Guatexotic","costa farms","Medium compliance"
"Unrooted Plant","Guatemala",FALSE,"INVERSIONES LUA SA","fb imports","Poor compliance"
"Unrooted Plant","Guatemala",FALSE,"INVERSIONES AGROCOMERCIALE","florica farmsinc","Low compliance"
"Unrooted Plant","Guatemala",FALSE,"Reference","express seed","Low compliance"
"Unrooted Plant","Guatemala",FALSE,"INVERSIONES AGROCOMERCIALE","foremost foliage","Low compliance"
"Unrooted Plant","Guatemala",FALSE,"CERCA DEL PARAISO SA","Reference","Medium compliance"
"Unrooted Plant","Guatemala",FALSE,"IVAGRO SA","express seed","Low compliance"
"Unrooted Plant","Guatemala",FALSE,"INVERSIONES LUA SA","express seed","Low compliance"
"Unrooted Plant","Guatemala",FALSE,"Plant Investments","florica farmsinc","Poor compliance"
"Unrooted Plant","Guatemala",FALSE,"Reference","scott valentine","Medium compliance"
"Unrooted Plant","Guatemala",FALSE,"Reference","missing","Medium compliance"
"Unrooted Plant","Sri Lanka",TRUE,"Reference","Reference","Medium compliance"
"Unrooted Plant","Sri Lanka",TRUE,"Reference","complete aquatic systems","Low compliance"
"Unrooted Plant","Sri Lanka",TRUE,"Reference","costa farms","Poor compliance"
"Unrooted Plant","Sri Lanka",TRUE,"Reference","fleurizon","Poor compliance"
"Unrooted Plant","Sri Lanka",TRUE,"Reference","mchutchison","Low compliance"
"Unrooted Plant","Sri Lanka",TRUE,"Reference","biostok","Poor compliance"
"Unrooted Plant","Sri Lanka",TRUE,"Reference","green thumb marketing","Poor compliance"
"Unrooted Plant","Sri Lanka",FALSE,"Reference","Reference","Medium compliance"
"Unrooted Plant","Sri Lanka",FALSE,"Reference","complete aquatic systems","Medium compliance"
"Unrooted Plant","Sri Lanka",FALSE,"Reference","costa farms","Medium compliance"
"Unrooted Plant","Sri Lanka",FALSE,"Reference","fleurizon","Poor compliance"
"Unrooted Plant","Sri Lanka",FALSE,"Reference","mchutchison","Medium compliance"
"Unrooted Plant","Sri Lanka",FALSE,"Reference","biostok","Poor compliance"
"Unrooted Plant","Sri Lanka",FALSE,"Reference","green thumb marketing","Poor compliance"
"Unrooted Plant","Netherlands",TRUE,"Reference","Reference","Medium compliance"
"Unrooted Plant","Netherlands",TRUE,"Reference","primaflora international lp","Medium compliance"
"Unrooted Plant","Netherlands",TRUE,"Reference","united plant growers","Poor compliance"
"Unrooted Plant","Netherlands",TRUE,"Reference","scott valentine","Poor compliance"
"Unrooted Plant","Netherlands",TRUE,"Reference","express seed","Low compliance"
"Unrooted Plant","Netherlands",TRUE,"Reference","western cactus enterprises","Poor compliance"
"Unrooted Plant","Netherlands",TRUE,"Reference","foremost foliage inc dba foremostco","Low compliance"
"Unrooted Plant","Netherlands",TRUE,"Reference","ds cole growers","Low compliance"
"Unrooted Plant","Netherlands",TRUE,"Reference","fleurizon","Poor compliance"
"Unrooted Plant","Netherlands",TRUE,"Reference","costa farms","Low compliance"
"Unrooted Plant","Netherlands",TRUE,"Reference","biostok","Poor compliance"
"Unrooted Plant","Netherlands",TRUE,"Reference","gubler orchids","Poor compliance"
"Unrooted Plant","Netherlands",TRUE,"Reference","b c amp f brokerage","Poor compliance"
"Unrooted Plant","Netherlands",TRUE,"Reference","foremost foliage","Poor compliance"
"Unrooted Plant","Netherlands",TRUE,"Reference","green plant cuttings usa","Low compliance"
"Unrooted Plant","Netherlands",TRUE,"Reference","omega customs brokers","Poor compliance"
"Unrooted Plant","Netherlands",TRUE,"Reference","missing","Poor compliance"
"Unrooted Plant","Netherlands",TRUE,"Reference","bill moore and company","Poor compliance"
"Unrooted Plant","Netherlands",TRUE,"Reference","altman specialty plants","Poor compliance"
"Unrooted Plant","Netherlands",TRUE,"Reference","mchutchison","Low compliance"
"Unrooted Plant","Netherlands",TRUE,"Reference","kurt weiss greenhouse","Low compliance"
"Unrooted Plant","Netherlands",FALSE,"Reference","Reference","High compliance"
"Unrooted Plant","Netherlands",FALSE,"Reference","primaflora international lp","Medium compliance"
"Unrooted Plant","Netherlands",FALSE,"Reference","united plant growers","Medium compliance"
"Unrooted Plant","Netherlands",FALSE,"Reference","scott valentine","Medium compliance"
"Unrooted Plant","Netherlands",FALSE,"Reference","express seed","Medium compliance"
"Unrooted Plant","Netherlands",FALSE,"Reference","western cactus enterprises","Medium compliance"
"Unrooted Plant","Netherlands",FALSE,"Reference","foremost foliage inc dba foremostco","Low compliance"
"Unrooted Plant","Netherlands",FALSE,"Reference","ds cole growers","Medium compliance"
"Unrooted Plant","Netherlands",FALSE,"Reference","fleurizon","Poor compliance"
"Unrooted Plant","Netherlands",FALSE,"Reference","costa farms","Medium compliance"
"Unrooted Plant","Netherlands",FALSE,"Reference","biostok","Low compliance"
"Unrooted Plant","Netherlands",FALSE,"Reference","gubler orchids","Poor compliance"
"Unrooted Plant","Netherlands",FALSE,"Reference","b c amp f brokerage","Medium compliance"
"Unrooted Plant","Netherlands",FALSE,"Reference","foremost foliage","Low compliance"
"Unrooted Plant","Netherlands",FALSE,"Reference","green plant cuttings usa","Medium compliance"
"Unrooted Plant","Netherlands",FALSE,"Reference","omega customs brokers","Low compliance"
"Unrooted Plant","Netherlands",FALSE,"Reference","missing","Medium compliance"
"Unrooted Plant","Netherlands",FALSE,"Reference","bill moore and company","Poor compliance"
"Unrooted Plant","Netherlands",FALSE,"Reference","altman specialty plants","Low compliance"
"Unrooted Plant","Netherlands",FALSE,"Reference","mchutchison","Medium compliance"
"Unrooted Plant","Netherlands",FALSE,"Reference","kurt weiss greenhouse","Medium compliance"
"Unrooted Plant","Costa Rica",TRUE,"TURRIPLANTAS SA","primaflora international lp","Poor compliance"
"Unrooted Plant","Costa Rica",TRUE,"PRODUCTOS EL MAPACHE DE ALAJUELA","primaflora international lp","Poor compliance"
"Unrooted Plant","Costa Rica",TRUE,"Reference","primaflora international lp","Low compliance"
"Unrooted Plant","Costa Rica",TRUE,"PREMIUM PLANTS SA","primaflora international lp","Low compliance"
"Unrooted Plant","Costa Rica",TRUE,"Reference","express seed","Poor compliance"
"Unrooted Plant","Costa Rica",TRUE,"PREMIUM ORNAMENTALES","primaflora international lp","Low compliance"
"Unrooted Plant","Costa Rica",TRUE,"Reference","Reference","Medium compliance"
"Unrooted Plant","Costa Rica",TRUE,"ORNAMENTALES SAPO VERDE 801","foremost foliage","Poor compliance"
"Unrooted Plant","Costa Rica",TRUE,"antho ornamentales1-7","express seed","Poor compliance"
"Unrooted Plant","Costa Rica",TRUE,"Reference","south florida plant services","Poor compliance"
"Unrooted Plant","Costa Rica",TRUE,"TURRIPLANTAS SA","south florida plant services","Poor compliance"
"Unrooted Plant","Costa Rica",TRUE,"antho ornamentales1-7","florica farmsinc","Poor compliance"
"Unrooted Plant","Costa Rica",TRUE,"Reference","costa farms","Poor compliance"
"Unrooted Plant","Costa Rica",TRUE,"Reference","foremost foliage","Poor compliance"
"Unrooted Plant","Costa Rica",TRUE,"ZACATE ORNAMENTAL Y DECORATIVO","foremost foliage","Poor compliance"
"Unrooted Plant","Costa Rica",TRUE,"TURRIPLANTAS SA","excelente foliage incorporated","Poor compliance"
"Unrooted Plant","Costa Rica",TRUE,"PREMIUM ORNAMENTALES","kurt weiss greenhouse","Poor compliance"
"Unrooted Plant","Costa Rica",TRUE,"Reference","caribbean growers supply","Poor compliance"
"Unrooted Plant","Costa Rica",TRUE,"Reference","fleurizon","Poor compliance"
"Unrooted Plant","Costa Rica",TRUE,"COOPEINDIA  R.L.","costa farms","Poor compliance"
"Unrooted Plant","Costa Rica",TRUE,"ORNAMENTALES SAPO VERDE 801","foremost foliage inc dba foremostco","Poor compliance"
"Unrooted Plant","Costa Rica",TRUE,"Reference","foremost foliage inc dba foremostco","Poor compliance"
"Unrooted Plant","Costa Rica",TRUE,"PRIMEROS EN FOLLAJE SA BOX#201","foremost foliage inc dba foremostco","Poor compliance"
"Unrooted Plant","Costa Rica",TRUE,"COOPEINDIA  R.L.","foremost foliage","Poor compliance"
"Unrooted Plant","Costa Rica",TRUE,"GEOAGRO DE COSTA RICA","Reference","Medium compliance"
"Unrooted Plant","Costa Rica",TRUE,"SAPO VERDE 900","foremost foliage","Poor compliance"
"Unrooted Plant","Costa Rica",TRUE,"MICRO PLANTAS","foremost foliage","Poor compliance"
"Unrooted Plant","Costa Rica",TRUE,"PRIMEROS EN FOLLAJE SA BOX#201","foremost foliage","Poor compliance"
"Unrooted Plant","Costa Rica",TRUE,"MICRO PLANTAS","costa farms","Poor compliance"
"Unrooted Plant","Costa Rica",TRUE,"ZACATE ORNAMENTAL Y DECORATIVO","bay cove group","Poor compliance"
"Unrooted Plant","Costa Rica",TRUE,"PREMIUM ORNAMENTALES","florica farmsinc","Poor compliance"
"Unrooted Plant","Costa Rica",TRUE,"Reference","scott valentine","Poor compliance"
"Unrooted Plant","Costa Rica",TRUE,"Reference","b c amp f brokerage","Poor compliance"
"Unrooted Plant","Costa Rica",TRUE,"Reference","dockside management","Poor compliance"
"Unrooted Plant","Costa Rica",TRUE,"SAPO VERDE 900","foremost foliage inc dba foremostco","Poor compliance"
"Unrooted Plant","Costa Rica",TRUE,"Reference","green tropical plants","Poor compliance"
"Unrooted Plant","Costa Rica",TRUE,"COOPEINDIA  R.L.","fb imports","Poor compliance"
"Unrooted Plant","Costa Rica",TRUE,"GEOAGRO DE COSTA RICA","fb imports","Poor compliance"
"Unrooted Plant","Costa Rica",TRUE,"Reference","fb imports","Poor compliance"
"Unrooted Plant","Costa Rica",TRUE,"CERCA DEL PARAISO SA","b c amp f brokerage","Poor compliance"
"Unrooted Plant","Costa Rica",TRUE,"Reference","aura botanical","Poor compliance"
"Unrooted Plant","Costa Rica",TRUE,"CERCA DEL PARAISO SA","aura botanical","Poor compliance"
"Unrooted Plant","Costa Rica",TRUE,"GEOAGRO DE COSTA RICA","fleurizon","Poor compliance"
"Unrooted Plant","Costa Rica",TRUE,"PRODUCTOS EL MAPACHE DE ALAJUELA","south florida plant services","Poor compliance"
"Unrooted Plant","Costa Rica",TRUE,"Reference","excelente foliage incorporated","Poor compliance"
"Unrooted Plant","Costa Rica",TRUE,"Reference","florica farmsinc","Poor compliance"
"Unrooted Plant","Costa Rica",TRUE,"CERCA DEL PARAISO SA","Reference","Poor compliance"
"Unrooted Plant","Costa Rica",TRUE,"PREMIUM PLANTS SA","kurt weiss greenhouse","Poor compliance"
"Unrooted Plant","Costa Rica",TRUE,"MICRO PLANTAS","foremost foliage inc dba foremostco","Poor compliance"
"Unrooted Plant","Costa Rica",TRUE,"PREMIUM ORNAMENTALES","Reference","Low compliance"
"Unrooted Plant","Costa Rica",TRUE,"CERCA DEL PARAISO SA","foremost foliage","Poor compliance"
"Unrooted Plant","Costa Rica",TRUE,"COOPEINDIA  R.L.","foremost foliage inc dba foremostco","Poor compliance"
"Unrooted Plant","Costa Rica",TRUE,"Reference","green plant cuttings usa","Poor compliance"
"Unrooted Plant","Costa Rica",TRUE,"PREMIUM ORNAMENTALES","b c amp f brokerage","Poor compliance"
"Unrooted Plant","Costa Rica",TRUE,"COOPEINDIA  R.L.","south florida plant services","Poor compliance"
"Unrooted Plant","Costa Rica",TRUE,"ZACATE ORNAMENTAL Y DECORATIVO","foremost foliage inc dba foremostco","Poor compliance"
"Unrooted Plant","Costa Rica",TRUE,"TURRIPLANTAS SA","foremost foliage inc dba foremostco","Poor compliance"
"Unrooted Plant","Costa Rica",TRUE,"Reference","mchutchison","Poor compliance"
"Unrooted Plant","Costa Rica",TRUE,"MICRO PLANTAS","Reference","Poor compliance"
"Unrooted Plant","Costa Rica",TRUE,"PRODUCTOS EL MAPACHE DE ALAJUELA","plant exports","Poor compliance"
"Unrooted Plant","Costa Rica",TRUE,"CERCA DEL PARAISO SA","south florida plant services","Poor compliance"
"Unrooted Plant","Costa Rica",TRUE,"MICRO PLANTAS","miyar intl brokerage","Poor compliance"
"Unrooted Plant","Costa Rica",TRUE,"CERCA DEL PARAISO SA","foremost foliage inc dba foremostco","Poor compliance"
"Unrooted Plant","Costa Rica",TRUE,"ORNAMENTALES SAPO VERDE 801","Reference","Medium compliance"
"Unrooted Plant","Costa Rica",TRUE,"TURRIPLANTAS SA","foremost foliage","Poor compliance"
"Unrooted Plant","Costa Rica",TRUE,"Reference","ds cole growers","Poor compliance"
"Unrooted Plant","Costa Rica",TRUE,"PRODUCTOS EL MAPACHE DE ALAJUELA","costa farms","Poor compliance"
"Unrooted Plant","Costa Rica",TRUE,"CERCA DEL PARAISO SA","fb imports","Poor compliance"
"Unrooted Plant","Costa Rica",TRUE,"LA FLORESTA ORNAMENTALES","plant exports","Poor compliance"
"Unrooted Plant","Costa Rica",TRUE,"CERCA DEL PARAISO SA","fleurizon","Poor compliance"
"Unrooted Plant","Costa Rica",TRUE,"CERCA DEL PARAISO SA","plant exports","Poor compliance"
"Unrooted Plant","Costa Rica",TRUE,"PREMIUM PLANTS SA","Reference","Low compliance"
"Unrooted Plant","Costa Rica",TRUE,"PREMIUM PLANTS SA","b c amp f brokerage","Poor compliance"
"Unrooted Plant","Costa Rica",TRUE,"SAPO VERDE 900","Reference","Poor compliance"
"Unrooted Plant","Costa Rica",TRUE,"Reference","plant exports","Poor compliance"
"Unrooted Plant","Costa Rica",TRUE,"COOPEINDIA  R.L.","express seed","Poor compliance"
"Unrooted Plant","Costa Rica",TRUE,"QUELETZU SA","foremost foliage inc dba foremostco","Poor compliance"
"Unrooted Plant","Costa Rica",TRUE,"Guatexotic","foremost foliage","Poor compliance"
"Unrooted Plant","Costa Rica",TRUE,"antho ornamentales1-7","foremost foliage inc dba foremostco","Poor compliance"
"Unrooted Plant","Costa Rica",TRUE,"Reference","western cactus enterprises","Poor compliance"
"Unrooted Plant","Costa Rica",TRUE,"Reference","altman specialty plants","Poor compliance"
"Unrooted Plant","Costa Rica",FALSE,"TURRIPLANTAS SA","primaflora international lp","Low compliance"
"Unrooted Plant","Costa Rica",FALSE,"PRODUCTOS EL MAPACHE DE ALAJUELA","primaflora international lp","Low compliance"
"Unrooted Plant","Costa Rica",FALSE,"Reference","primaflora international lp","Medium compliance"
"Unrooted Plant","Costa Rica",FALSE,"PREMIUM PLANTS SA","primaflora international lp","Medium compliance"
"Unrooted Plant","Costa Rica",FALSE,"Reference","express seed","Low compliance"
"Unrooted Plant","Costa Rica",FALSE,"PREMIUM ORNAMENTALES","primaflora international lp","Medium compliance"
"Unrooted Plant","Costa Rica",FALSE,"Reference","Reference","Medium compliance"
"Unrooted Plant","Costa Rica",FALSE,"ORNAMENTALES SAPO VERDE 801","foremost foliage","Low compliance"
"Unrooted Plant","Costa Rica",FALSE,"antho ornamentales1-7","express seed","Low compliance"
"Unrooted Plant","Costa Rica",FALSE,"Reference","south florida plant services","Low compliance"
"Unrooted Plant","Costa Rica",FALSE,"TURRIPLANTAS SA","south florida plant services","Low compliance"
"Unrooted Plant","Costa Rica",FALSE,"antho ornamentales1-7","florica farmsinc","Low compliance"
"Unrooted Plant","Costa Rica",FALSE,"Reference","costa farms","Low compliance"
"Unrooted Plant","Costa Rica",FALSE,"Reference","foremost foliage","Poor compliance"
"Unrooted Plant","Costa Rica",FALSE,"ZACATE ORNAMENTAL Y DECORATIVO","foremost foliage","Poor compliance"
"Unrooted Plant","Costa Rica",FALSE,"TURRIPLANTAS SA","excelente foliage incorporated","Poor compliance"
"Unrooted Plant","Costa Rica",FALSE,"PREMIUM ORNAMENTALES","kurt weiss greenhouse","Medium compliance"
"Unrooted Plant","Costa Rica",FALSE,"Reference","caribbean growers supply","Poor compliance"
"Unrooted Plant","Costa Rica",FALSE,"Reference","fleurizon","Poor compliance"
"Unrooted Plant","Costa Rica",FALSE,"COOPEINDIA  R.L.","costa farms","Low compliance"
"Unrooted Plant","Costa Rica",FALSE,"ORNAMENTALES SAPO VERDE 801","foremost foliage inc dba foremostco","Low compliance"
"Unrooted Plant","Costa Rica",FALSE,"Reference","foremost foliage inc dba foremostco","Low compliance"
"Unrooted Plant","Costa Rica",FALSE,"PRIMEROS EN FOLLAJE SA BOX#201","foremost foliage inc dba foremostco","Poor compliance"
"Unrooted Plant","Costa Rica",FALSE,"COOPEINDIA  R.L.","foremost foliage","Poor compliance"
"Unrooted Plant","Costa Rica",FALSE,"GEOAGRO DE COSTA RICA","Reference","Medium compliance"
"Unrooted Plant","Costa Rica",FALSE,"SAPO VERDE 900","foremost foliage","Poor compliance"
"Unrooted Plant","Costa Rica",FALSE,"MICRO PLANTAS","foremost foliage","Poor compliance"
"Unrooted Plant","Costa Rica",FALSE,"PRIMEROS EN FOLLAJE SA BOX#201","foremost foliage","Poor compliance"
"Unrooted Plant","Costa Rica",FALSE,"MICRO PLANTAS","costa farms","Low compliance"
"Unrooted Plant","Costa Rica",FALSE,"ZACATE ORNAMENTAL Y DECORATIVO","bay cove group","Poor compliance"
"Unrooted Plant","Costa Rica",FALSE,"PREMIUM ORNAMENTALES","florica farmsinc","Low compliance"
"Unrooted Plant","Costa Rica",FALSE,"Reference","scott valentine","Low compliance"
"Unrooted Plant","Costa Rica",FALSE,"Reference","b c amp f brokerage","Low compliance"
"Unrooted Plant","Costa Rica",FALSE,"Reference","dockside management","Low compliance"
"Unrooted Plant","Costa Rica",FALSE,"SAPO VERDE 900","foremost foliage inc dba foremostco","Poor compliance"
"Unrooted Plant","Costa Rica",FALSE,"Reference","green tropical plants","Poor compliance"
"Unrooted Plant","Costa Rica",FALSE,"COOPEINDIA  R.L.","fb imports","Poor compliance"
"Unrooted Plant","Costa Rica",FALSE,"GEOAGRO DE COSTA RICA","fb imports","Poor compliance"
"Unrooted Plant","Costa Rica",FALSE,"Reference","fb imports","Poor compliance"
"Unrooted Plant","Costa Rica",FALSE,"CERCA DEL PARAISO SA","b c amp f brokerage","Low compliance"
"Unrooted Plant","Costa Rica",FALSE,"Reference","aura botanical","Low compliance"
"Unrooted Plant","Costa Rica",FALSE,"CERCA DEL PARAISO SA","aura botanical","Low compliance"
"Unrooted Plant","Costa Rica",FALSE,"GEOAGRO DE COSTA RICA","fleurizon","Poor compliance"
"Unrooted Plant","Costa Rica",FALSE,"PRODUCTOS EL MAPACHE DE ALAJUELA","south florida plant services","Low compliance"
"Unrooted Plant","Costa Rica",FALSE,"Reference","excelente foliage incorporated","Low compliance"
"Unrooted Plant","Costa Rica",FALSE,"Reference","florica farmsinc","Poor compliance"
"Unrooted Plant","Costa Rica",FALSE,"CERCA DEL PARAISO SA","Reference","Medium compliance"
"Unrooted Plant","Costa Rica",FALSE,"PREMIUM PLANTS SA","kurt weiss greenhouse","Medium compliance"
"Unrooted Plant","Costa Rica",FALSE,"MICRO PLANTAS","foremost foliage inc dba foremostco","Poor compliance"
"Unrooted Plant","Costa Rica",FALSE,"PREMIUM ORNAMENTALES","Reference","Medium compliance"
"Unrooted Plant","Costa Rica",FALSE,"CERCA DEL PARAISO SA","foremost foliage","Poor compliance"
"Unrooted Plant","Costa Rica",FALSE,"COOPEINDIA  R.L.","foremost foliage inc dba foremostco","Poor compliance"
"Unrooted Plant","Costa Rica",FALSE,"Reference","green plant cuttings usa","Low compliance"
"Unrooted Plant","Costa Rica",FALSE,"PREMIUM ORNAMENTALES","b c amp f brokerage","Low compliance"
"Unrooted Plant","Costa Rica",FALSE,"COOPEINDIA  R.L.","south florida plant services","Poor compliance"
"Unrooted Plant","Costa Rica",FALSE,"ZACATE ORNAMENTAL Y DECORATIVO","foremost foliage inc dba foremostco","Poor compliance"
"Unrooted Plant","Costa Rica",FALSE,"TURRIPLANTAS SA","foremost foliage inc dba foremostco","Poor compliance"
"Unrooted Plant","Costa Rica",FALSE,"Reference","mchutchison","Low compliance"
"Unrooted Plant","Costa Rica",FALSE,"MICRO PLANTAS","Reference","Medium compliance"
"Unrooted Plant","Costa Rica",FALSE,"PRODUCTOS EL MAPACHE DE ALAJUELA","plant exports","Poor compliance"
"Unrooted Plant","Costa Rica",FALSE,"CERCA DEL PARAISO SA","south florida plant services","Low compliance"
"Unrooted Plant","Costa Rica",FALSE,"MICRO PLANTAS","miyar intl brokerage","Poor compliance"
"Unrooted Plant","Costa Rica",FALSE,"CERCA DEL PARAISO SA","foremost foliage inc dba foremostco","Poor compliance"
"Unrooted Plant","Costa Rica",FALSE,"ORNAMENTALES SAPO VERDE 801","Reference","Medium compliance"
"Unrooted Plant","Costa Rica",FALSE,"TURRIPLANTAS SA","foremost foliage","Poor compliance"
"Unrooted Plant","Costa Rica",FALSE,"Reference","ds cole growers","Low compliance"
"Unrooted Plant","Costa Rica",FALSE,"PRODUCTOS EL MAPACHE DE ALAJUELA","costa farms","Low compliance"
"Unrooted Plant","Costa Rica",FALSE,"CERCA DEL PARAISO SA","fb imports","Poor compliance"
"Unrooted Plant","Costa Rica",FALSE,"LA FLORESTA ORNAMENTALES","plant exports","Poor compliance"
"Unrooted Plant","Costa Rica",FALSE,"CERCA DEL PARAISO SA","fleurizon","Poor compliance"
"Unrooted Plant","Costa Rica",FALSE,"CERCA DEL PARAISO SA","plant exports","Poor compliance"
"Unrooted Plant","Costa Rica",FALSE,"PREMIUM PLANTS SA","Reference","Medium compliance"
"Unrooted Plant","Costa Rica",FALSE,"PREMIUM PLANTS SA","b c amp f brokerage","Low compliance"
"Unrooted Plant","Costa Rica",FALSE,"SAPO VERDE 900","Reference","Medium compliance"
"Unrooted Plant","Costa Rica",FALSE,"Reference","plant exports","Poor compliance"
"Unrooted Plant","Costa Rica",FALSE,"COOPEINDIA  R.L.","express seed","Poor compliance"
"Unrooted Plant","Costa Rica",FALSE,"QUELETZU SA","foremost foliage inc dba foremostco","Poor compliance"
"Unrooted Plant","Costa Rica",FALSE,"Guatexotic","foremost foliage","Low compliance"
"Unrooted Plant","Costa Rica",FALSE,"antho ornamentales1-7","foremost foliage inc dba foremostco","Low compliance"
"Unrooted Plant","Costa Rica",FALSE,"Reference","western cactus enterprises","Low compliance"
"Unrooted Plant","Costa Rica",FALSE,"Reference","altman specialty plants","Low compliance"
"Unrooted Plant","Singapore",TRUE,"Oriental Aquarium","complete aquatic systems","Poor compliance"
"Unrooted Plant","Singapore",TRUE,"Reference","ultum nature systems","Low compliance"
"Unrooted Plant","Singapore",TRUE,"Reference","tat tristan g","Poor compliance"
"Unrooted Plant","Singapore",TRUE,"Reference","Reference","Medium compliance"
"Unrooted Plant","Singapore",TRUE,"Oriental Aquarium","Reference","Low compliance"
"Unrooted Plant","Singapore",TRUE,"Reference","waterscaap pond amp aquarium plants","Poor compliance"
"Unrooted Plant","Singapore",TRUE,"Reference","green thumb marketing","Poor compliance"
"Unrooted Plant","Singapore",TRUE,"Oriental Aquarium","green thumb marketing","Poor compliance"
"Unrooted Plant","Singapore",FALSE,"Oriental Aquarium","complete aquatic systems","Low compliance"
"Unrooted Plant","Singapore",FALSE,"Reference","ultum nature systems","Poor compliance"
"Unrooted Plant","Singapore",FALSE,"Reference","tat tristan g","Poor compliance"
"Unrooted Plant","Singapore",FALSE,"Reference","Reference","Medium compliance"
"Unrooted Plant","Singapore",FALSE,"Oriental Aquarium","Reference","Medium compliance"
"Unrooted Plant","Singapore",FALSE,"Reference","waterscaap pond amp aquarium plants","Poor compliance"
"Unrooted Plant","Singapore",FALSE,"Reference","green thumb marketing","Poor compliance"
"Unrooted Plant","Singapore",FALSE,"Oriental Aquarium","green thumb marketing","Poor compliance"
"Unrooted Plant","Slovakia",TRUE,"Reference","Reference","Low compliance"
"Unrooted Plant","Slovakia",FALSE,"Reference","Reference","Medium compliance"
"Unrooted Plant","Turkey",TRUE,"Reference","Reference","Medium compliance"
"Unrooted Plant","Turkey",TRUE,"Reference","ds cole growers","Poor compliance"
"Unrooted Plant","Turkey",FALSE,"Reference","Reference","Medium compliance"
"Unrooted Plant","Turkey",FALSE,"Reference","ds cole growers","Low compliance"
"Unrooted Plant","Kenya",TRUE,"LATHYFLORA","Reference","Low compliance"
"Unrooted Plant","Kenya",TRUE,"LATHYFLORA","united plant growers","Poor compliance"
"Unrooted Plant","Kenya",TRUE,"LATHYFLORA","primaflora international lp","Poor compliance"
"Unrooted Plant","Kenya",TRUE,"Reference","Reference","Medium compliance"
"Unrooted Plant","Kenya",TRUE,"Reference","express seed","Poor compliance"
"Unrooted Plant","Kenya",TRUE,"LATHYFLORA","costa farms","Poor compliance"
"Unrooted Plant","Kenya",TRUE,"LATHYFLORA","express seed","Poor compliance"
"Unrooted Plant","Kenya",TRUE,"LATHYFLORA","western cactus enterprises","Poor compliance"
"Unrooted Plant","Kenya",TRUE,"Reference","ds cole growers","Poor compliance"
"Unrooted Plant","Kenya",TRUE,"Reference","altman specialty plants","Poor compliance"
"Unrooted Plant","Kenya",TRUE,"Reference","western cactus enterprises","Poor compliance"
"Unrooted Plant","Kenya",TRUE,"Reference","scott valentine","Poor compliance"
"Unrooted Plant","Kenya",TRUE,"Reference","mchutchison","Poor compliance"
"Unrooted Plant","Kenya",TRUE,"Reference","kurt weiss greenhouse","Poor compliance"
"Unrooted Plant","Kenya",TRUE,"Reference","missing","Poor compliance"
"Unrooted Plant","Kenya",FALSE,"LATHYFLORA","Reference","Medium compliance"
"Unrooted Plant","Kenya",FALSE,"LATHYFLORA","united plant growers","Low compliance"
"Unrooted Plant","Kenya",FALSE,"LATHYFLORA","primaflora international lp","Medium compliance"
"Unrooted Plant","Kenya",FALSE,"Reference","Reference","Medium compliance"
"Unrooted Plant","Kenya",FALSE,"Reference","express seed","Low compliance"
"Unrooted Plant","Kenya",FALSE,"LATHYFLORA","costa farms","Medium compliance"
"Unrooted Plant","Kenya",FALSE,"LATHYFLORA","express seed","Low compliance"
"Unrooted Plant","Kenya",FALSE,"LATHYFLORA","western cactus enterprises","Low compliance"
"Unrooted Plant","Kenya",FALSE,"Reference","ds cole growers","Low compliance"
"Unrooted Plant","Kenya",FALSE,"Reference","altman specialty plants","Low compliance"
"Unrooted Plant","Kenya",FALSE,"Reference","western cactus enterprises","Low compliance"
"Unrooted Plant","Kenya",FALSE,"Reference","scott valentine","Medium compliance"
"Unrooted Plant","Kenya",FALSE,"Reference","mchutchison","Low compliance"
"Unrooted Plant","Kenya",FALSE,"Reference","kurt weiss greenhouse","Medium compliance"
"Unrooted Plant","Kenya",FALSE,"Reference","missing","Low compliance"
"Unrooted Plant","Zimbabwe",TRUE,"Reference","western cactus enterprises","Poor compliance"
"Unrooted Plant","Zimbabwe",TRUE,"Reference","Reference","Medium compliance"
"Unrooted Plant","Zimbabwe",TRUE,"Reference","altman specialty plants","Poor compliance"
"Unrooted Plant","Zimbabwe",TRUE,"Reference","express seed","Low compliance"
"Unrooted Plant","Zimbabwe",TRUE,"Reference","costa farms","Poor compliance"
"Unrooted Plant","Zimbabwe",TRUE,"Reference","scott valentine","Poor compliance"
"Unrooted Plant","Zimbabwe",FALSE,"Reference","western cactus enterprises","Medium compliance"
"Unrooted Plant","Zimbabwe",FALSE,"Reference","Reference","Medium compliance"
"Unrooted Plant","Zimbabwe",FALSE,"Reference","altman specialty plants","Low compliance"
"Unrooted Plant","Zimbabwe",FALSE,"Reference","express seed","Low compliance"
"Unrooted Plant","Zimbabwe",FALSE,"Reference","costa farms","Medium compliance"
"Unrooted Plant","Zimbabwe",FALSE,"Reference","scott valentine","Medium compliance"
"Unrooted Plant","Israel",TRUE,"Reference","Reference","Medium compliance"
"Unrooted Plant","Israel",TRUE,"Reference","foremost foliage","Poor compliance"
"Unrooted Plant","Israel",TRUE,"Reference","foremost foliage inc dba foremostco","Poor compliance"
"Unrooted Plant","Israel",FALSE,"Reference","Reference","Medium compliance"
"Unrooted Plant","Israel",FALSE,"Reference","foremost foliage","Low compliance"
"Unrooted Plant","Israel",FALSE,"Reference","foremost foliage inc dba foremostco","Low compliance"
"Unrooted Plant","France",TRUE,"Reference","Reference","Low compliance"
"Unrooted Plant","France",TRUE,"Reference","missing","Poor compliance"
"Unrooted Plant","France",FALSE,"Reference","Reference","Medium compliance"
"Unrooted Plant","France",FALSE,"Reference","missing","Low compliance"
"Unrooted Plant","North Macedonia",TRUE,"Reference","Reference","Medium compliance"
"Unrooted Plant","North Macedonia",TRUE,"Reference","missing","Poor compliance"
"Unrooted Plant","North Macedonia",FALSE,"Reference","Reference","Medium compliance"
"Unrooted Plant","North Macedonia",FALSE,"Reference","missing","Medium compliance"
"Unrooted Plant","Spain",TRUE,"Reference","Reference","Medium compliance"
"Unrooted Plant","Spain",TRUE,"Reference","missing","Poor compliance"
"Unrooted Plant","Spain",TRUE,"Reference","western cactus enterprises","Poor compliance"
"Unrooted Plant","Spain",TRUE,"Reference","altman specialty plants","Poor compliance"
"Unrooted Plant","Spain",TRUE,"Reference","express seed","Low compliance"
"Unrooted Plant","Spain",FALSE,"Reference","Reference","Medium compliance"
"Unrooted Plant","Spain",FALSE,"Reference","missing","Medium compliance"
"Unrooted Plant","Spain",FALSE,"Reference","western cactus enterprises","Medium compliance"
"Unrooted Plant","Spain",FALSE,"Reference","altman specialty plants","Low compliance"
"Unrooted Plant","Spain",FALSE,"Reference","express seed","Low compliance"
"Unrooted Plant","Germany",TRUE,"Reference","Reference","Medium compliance"
"Unrooted Plant","Germany",TRUE,"Reference","express seed","Poor compliance"
"Unrooted Plant","Germany",TRUE,"Reference","missing","Poor compliance"
"Unrooted Plant","Germany",TRUE,"Reference","costa farms","Poor compliance"
"Unrooted Plant","Germany",TRUE,"Reference","perfect choice","Poor compliance"
"Unrooted Plant","Germany",TRUE,"Reference","miyar intl brokerage","Poor compliance"
"Unrooted Plant","Germany",TRUE,"Reference","mchutchison","Poor compliance"
"Unrooted Plant","Germany",FALSE,"Reference","Reference","Medium compliance"
"Unrooted Plant","Germany",FALSE,"Reference","express seed","Low compliance"
"Unrooted Plant","Germany",FALSE,"Reference","missing","Low compliance"
"Unrooted Plant","Germany",FALSE,"Reference","costa farms","Medium compliance"
"Unrooted Plant","Germany",FALSE,"Reference","perfect choice","Poor compliance"
"Unrooted Plant","Germany",FALSE,"Reference","miyar intl brokerage","Poor compliance"
"Unrooted Plant","Germany",FALSE,"Reference","mchutchison","Low compliance"
"Unrooted Plant","Madagascar",TRUE,"Reference","complete aquatic systems","Poor compliance"
"Unrooted Plant","Madagascar",TRUE,"Reference","waterscaap pond amp aquarium plants","Poor compliance"
"Unrooted Plant","Madagascar",TRUE,"Reference","Reference","Low compliance"
"Unrooted Plant","Madagascar",TRUE,"Reference","miyar intl brokerage","Poor compliance"
"Unrooted Plant","Madagascar",FALSE,"Reference","complete aquatic systems","Poor compliance"
"Unrooted Plant","Madagascar",FALSE,"Reference","waterscaap pond amp aquarium plants","Poor compliance"
"Unrooted Plant","Madagascar",FALSE,"Reference","Reference","Low compliance"
"Unrooted Plant","Madagascar",FALSE,"Reference","miyar intl brokerage","Poor compliance"
"Unrooted Plant","Brazil",TRUE,"Reference","Reference","Medium compliance"
"Unrooted Plant","Brazil",TRUE,"Reference","costa farms","Poor compliance"
"Unrooted Plant","Brazil",TRUE,"Reference","fleurizon","Poor compliance"
"Unrooted Plant","Brazil",TRUE,"Reference","fb imports","Poor compliance"
"Unrooted Plant","Brazil",TRUE,"Reference","united plant growers","Poor compliance"
"Unrooted Plant","Brazil",TRUE,"Reference","foremost foliage inc dba foremostco","Poor compliance"
"Unrooted Plant","Brazil",TRUE,"Reference","foremost foliage","Poor compliance"
"Unrooted Plant","Brazil",TRUE,"Reference","express seed","Low compliance"
"Unrooted Plant","Brazil",TRUE,"Reference","biostok","Poor compliance"
"Unrooted Plant","Brazil",FALSE,"Reference","Reference","Medium compliance"
"Unrooted Plant","Brazil",FALSE,"Reference","costa farms","Medium compliance"
"Unrooted Plant","Brazil",FALSE,"Reference","fleurizon","Poor compliance"
"Unrooted Plant","Brazil",FALSE,"Reference","fb imports","Poor compliance"
"Unrooted Plant","Brazil",FALSE,"Reference","united plant growers","Medium compliance"
"Unrooted Plant","Brazil",FALSE,"Reference","foremost foliage inc dba foremostco","Low compliance"
"Unrooted Plant","Brazil",FALSE,"Reference","foremost foliage","Low compliance"
"Unrooted Plant","Brazil",FALSE,"Reference","express seed","Low compliance"
"Unrooted Plant","Brazil",FALSE,"Reference","biostok","Poor compliance"
"Unrooted Plant","United Kingdom of Great Britain and N. Ireland",TRUE,"Reference","Reference","Medium compliance"
"Unrooted Plant","United Kingdom of Great Britain and N. Ireland",TRUE,"Reference","express seed","Low compliance"
"Unrooted Plant","United Kingdom of Great Britain and N. Ireland",TRUE,"Reference","missing","Poor compliance"
"Unrooted Plant","United Kingdom of Great Britain and N. Ireland",TRUE,"Reference","costa farms","Low compliance"
"Unrooted Plant","United Kingdom of Great Britain and N. Ireland",FALSE,"Reference","Reference","Medium compliance"
"Unrooted Plant","United Kingdom of Great Britain and N. Ireland",FALSE,"Reference","express seed","Low compliance"
"Unrooted Plant","United Kingdom of Great Britain and N. Ireland",FALSE,"Reference","missing","Medium compliance"
"Unrooted Plant","United Kingdom of Great Britain and N. Ireland",FALSE,"Reference","costa farms","Medium compliance"
"Unrooted Plant","Colombia",TRUE,"Reference","Reference","Medium compliance"
"Unrooted Plant","Colombia",TRUE,"Reference","russells bromelaids","Poor compliance"
"Unrooted Plant","Colombia",TRUE,"Reference","dockside management","Low compliance"
"Unrooted Plant","Colombia",TRUE,"GENEROS ECUATORIANOS","Reference","Low compliance"
"Unrooted Plant","Colombia",TRUE,"Reference","fb imports","Low compliance"
"Unrooted Plant","Colombia",FALSE,"Reference","Reference","High compliance"
"Unrooted Plant","Colombia",FALSE,"Reference","russells bromelaids","Low compliance"
"Unrooted Plant","Colombia",FALSE,"Reference","dockside management","Medium compliance"
"Unrooted Plant","Colombia",FALSE,"GENEROS ECUATORIANOS","Reference","Medium compliance"
"Unrooted Plant","Colombia",FALSE,"Reference","fb imports","Low compliance"
"Unrooted Plant","Tanzania",TRUE,"Reference","Reference","Medium compliance"
"Unrooted Plant","Tanzania",TRUE,"Reference","express seed","Poor compliance"
"Unrooted Plant","Tanzania",TRUE,"Reference","western cactus enterprises","Poor compliance"
"Unrooted Plant","Tanzania",TRUE,"Reference","scott valentine","Poor compliance"
"Unrooted Plant","Tanzania",TRUE,"Reference","miyar intl brokerage","Poor compliance"
"Unrooted Plant","Tanzania",TRUE,"Reference","altman specialty plants","Poor compliance"
"Unrooted Plant","Tanzania",TRUE,"Reference","ds cole growers","Poor compliance"
"Unrooted Plant","Tanzania",FALSE,"Reference","Reference","Medium compliance"
"Unrooted Plant","Tanzania",FALSE,"Reference","express seed","Poor compliance"
"Unrooted Plant","Tanzania",FALSE,"Reference","western cactus enterprises","Low compliance"
"Unrooted Plant","Tanzania",FALSE,"Reference","scott valentine","Low compliance"
"Unrooted Plant","Tanzania",FALSE,"Reference","miyar intl brokerage","Poor compliance"
"Unrooted Plant","Tanzania",FALSE,"Reference","altman specialty plants","Poor compliance"
"Unrooted Plant","Tanzania",FALSE,"Reference","ds cole growers","Low compliance"
"Unrooted Plant","Czech Republic",TRUE,"Reference","missing","Poor compliance"
"Unrooted Plant","Czech Republic",TRUE,"Reference","Reference","Medium compliance"
"Unrooted Plant","Czech Republic",FALSE,"Reference","missing","Low compliance"
"Unrooted Plant","Czech Republic",FALSE,"Reference","Reference","Medium compliance"
"Unrooted Plant","New Zealand",TRUE,"Reference","Reference","Low compliance"
"Unrooted Plant","New Zealand",TRUE,"Reference","missing","Poor compliance"
"Unrooted Plant","New Zealand",FALSE,"Reference","Reference","Medium compliance"
"Unrooted Plant","New Zealand",FALSE,"Reference","missing","Low compliance"
"Unrooted Plant","Australia",TRUE,"Reference","Reference","Low compliance"
"Unrooted Plant","Australia",TRUE,"Reference","missing","Poor compliance"
"Unrooted Plant","Australia",TRUE,"Reference","miyar intl brokerage","Poor compliance"
"Unrooted Plant","Australia",TRUE,"Reference","express seed","Poor compliance"
"Unrooted Plant","Australia",FALSE,"Reference","Reference","Medium compliance"
"Unrooted Plant","Australia",FALSE,"Reference","missing","Low compliance"
"Unrooted Plant","Australia",FALSE,"Reference","miyar intl brokerage","Poor compliance"
"Unrooted Plant","Australia",FALSE,"Reference","express seed","Poor compliance"
"Unrooted Plant","Nigeria",TRUE,"Reference","tat tristan g","Poor compliance"
"Unrooted Plant","Nigeria",TRUE,"Reference","waterscaap pond amp aquarium plants","Poor compliance"
"Unrooted Plant","Nigeria",TRUE,"Reference","Reference","Poor compliance"
"Unrooted Plant","Nigeria",FALSE,"Reference","tat tristan g","Poor compliance"
"Unrooted Plant","Nigeria",FALSE,"Reference","waterscaap pond amp aquarium plants","Poor compliance"
"Unrooted Plant","Nigeria",FALSE,"Reference","Reference","Low compliance"
"Unrooted Plant","Denmark",TRUE,"Reference","Reference","Low compliance"
"Unrooted Plant","Denmark",TRUE,"Reference","costa farms","Poor compliance"
"Unrooted Plant","Denmark",FALSE,"Reference","Reference","Low compliance"
"Unrooted Plant","Denmark",FALSE,"Reference","costa farms","Poor compliance"
"Unrooted Plant","Poland",TRUE,"Reference","missing","Poor compliance"
"Unrooted Plant","Poland",TRUE,"Reference","foremost foliage inc dba foremostco","Poor compliance"
"Unrooted Plant","Poland",TRUE,"Reference","Reference","Medium compliance"
"Unrooted Plant","Poland",TRUE,"Reference","mchutchison","Poor compliance"
"Unrooted Plant","Poland",TRUE,"Reference","express seed","Poor compliance"
"Unrooted Plant","Poland",TRUE,"Reference","scott valentine","Poor compliance"
"Unrooted Plant","Poland",FALSE,"Reference","missing","Low compliance"
"Unrooted Plant","Poland",FALSE,"Reference","foremost foliage inc dba foremostco","Poor compliance"
"Unrooted Plant","Poland",FALSE,"Reference","Reference","Medium compliance"
"Unrooted Plant","Poland",FALSE,"Reference","mchutchison","Low compliance"
"Unrooted Plant","Poland",FALSE,"Reference","express seed","Low compliance"
"Unrooted Plant","Poland",FALSE,"Reference","scott valentine","Low compliance"
"Unrooted Plant","Ireland",TRUE,"Reference","Reference","Poor compliance"
"Unrooted Plant","Ireland",TRUE,"Reference","foremost foliage","Poor compliance"
"Unrooted Plant","Ireland",TRUE,"Reference","foremost foliage inc dba foremostco","Poor compliance"
"Unrooted Plant","Ireland",FALSE,"Reference","Reference","Low compliance"
"Unrooted Plant","Ireland",FALSE,"Reference","foremost foliage","Poor compliance"
"Unrooted Plant","Ireland",FALSE,"Reference","foremost foliage inc dba foremostco","Poor compliance"
"Unrooted Plant","Nicaragua",TRUE,"Reference","Reference","Medium compliance"
"Unrooted Plant","Nicaragua",FALSE,"Reference","Reference","Medium compliance"
"Unrooted Plant","Malaysia",TRUE,"Reference","Reference","Medium compliance"
"Unrooted Plant","Malaysia",TRUE,"Reference","foremost foliage inc dba foremostco","Poor compliance"
"Unrooted Plant","Malaysia",TRUE,"Reference","miyar intl brokerage","Poor compliance"
"Unrooted Plant","Malaysia",TRUE,"Reference","foremost foliage","Poor compliance"
"Unrooted Plant","Malaysia",TRUE,"Reference","biostok","Poor compliance"
"Unrooted Plant","Malaysia",FALSE,"Reference","Reference","Medium compliance"
"Unrooted Plant","Malaysia",FALSE,"Reference","foremost foliage inc dba foremostco","Low compliance"
"Unrooted Plant","Malaysia",FALSE,"Reference","miyar intl brokerage","Poor compliance"
"Unrooted Plant","Malaysia",FALSE,"Reference","foremost foliage","Low compliance"
"Unrooted Plant","Malaysia",FALSE,"Reference","biostok","Poor compliance"
"Unrooted Plant","Hong Kong",TRUE,"Reference","Reference","Low compliance"
"Unrooted Plant","Hong Kong",FALSE,"Reference","Reference","Low compliance"
"Unrooted Plant","United States of America",TRUE,"Reference","missing","Poor compliance"
"Unrooted Plant","United States of America",TRUE,"Reference","Reference","Low compliance"
"Unrooted Plant","United States of America",TRUE,"Reference","foremost foliage inc dba foremostco","Poor compliance"
"Unrooted Plant","United States of America",FALSE,"Reference","missing","Poor compliance"
"Unrooted Plant","United States of America",FALSE,"Reference","Reference","Low compliance"
"Unrooted Plant","United States of America",FALSE,"Reference","foremost foliage inc dba foremostco","Poor compliance"
"Unrooted Plant","Chile",TRUE,"Reference","Reference","Low compliance"
"Unrooted Plant","Chile",FALSE,"Reference","Reference","Medium compliance"
"Unrooted Plant","Uganda",TRUE,"Reference","express seed","Low compliance"
"Unrooted Plant","Uganda",TRUE,"Reference","Reference","Medium compliance"
"Unrooted Plant","Uganda",TRUE,"Reference","costa farms","Poor compliance"
"Unrooted Plant","Uganda",TRUE,"Reference","fleurizon","Poor compliance"
"Unrooted Plant","Uganda",FALSE,"Reference","express seed","Low compliance"
"Unrooted Plant","Uganda",FALSE,"Reference","Reference","Medium compliance"
"Unrooted Plant","Uganda",FALSE,"Reference","costa farms","Medium compliance"
"Unrooted Plant","Uganda",FALSE,"Reference","fleurizon","Poor compliance"
"Unrooted Plant","Belgium",TRUE,"Reference","Reference","Medium compliance"
"Unrooted Plant","Belgium",TRUE,"Reference","miyar intl brokerage","Poor compliance"
"Unrooted Plant","Belgium",TRUE,"Reference","express seed","Low compliance"
"Unrooted Plant","Belgium",FALSE,"Reference","Reference","Medium compliance"
"Unrooted Plant","Belgium",FALSE,"Reference","miyar intl brokerage","Poor compliance"
"Unrooted Plant","Belgium",FALSE,"Reference","express seed","Low compliance"
"Unrooted Plant","Cameroon",TRUE,"Reference","Reference","Poor compliance"
"Unrooted Plant","Cameroon",FALSE,"Reference","Reference","Low compliance"
"Unrooted Plant","Ukraine",TRUE,"Reference","missing","Poor compliance"
"Unrooted Plant","Ukraine",FALSE,"Reference","missing","Low compliance"
"Unrooted Plant","Luxembourg",TRUE,"Reference","missing","Poor compliance"
"Unrooted Plant","Luxembourg",TRUE,"Reference","Reference","Low compliance"
"Unrooted Plant","Luxembourg",FALSE,"Reference","missing","Low compliance"
"Unrooted Plant","Luxembourg",FALSE,"Reference","Reference","Medium compliance"
"Unrooted Plant","Peru",TRUE,"Reference","Reference","Medium compliance"
"Unrooted Plant","Peru",TRUE,"ORNAMENTALES SAPO VERDE 801","foremost foliage","Poor compliance"
"Unrooted Plant","Peru",TRUE,"Reference","miyar intl brokerage","Poor compliance"
"Unrooted Plant","Peru",TRUE,"ORNAMENTALES SAPO VERDE 801","foremost foliage inc dba foremostco","Poor compliance"
"Unrooted Plant","Peru",TRUE,"GENEROS ECUATORIANOS","Reference","Poor compliance"
"Unrooted Plant","Peru",TRUE,"Reference","missing","Poor compliance"
"Unrooted Plant","Peru",TRUE,"Reference","costa farms","Poor compliance"
"Unrooted Plant","Peru",FALSE,"Reference","Reference","Medium compliance"
"Unrooted Plant","Peru",FALSE,"ORNAMENTALES SAPO VERDE 801","foremost foliage","Low compliance"
"Unrooted Plant","Peru",FALSE,"Reference","miyar intl brokerage","Poor compliance"
"Unrooted Plant","Peru",FALSE,"ORNAMENTALES SAPO VERDE 801","foremost foliage inc dba foremostco","Low compliance"
"Unrooted Plant","Peru",FALSE,"GENEROS ECUATORIANOS","Reference","Low compliance"
"Unrooted Plant","Peru",FALSE,"Reference","missing","Low compliance"
"Unrooted Plant","Peru",FALSE,"Reference","costa farms","Low compliance"
"Unrooted Plant","Panama",TRUE,"Reference","Reference","Low compliance"
"Unrooted Plant","Panama",FALSE,"Reference","Reference","Low compliance"
"Unrooted Plant","Bulgaria",TRUE,"Reference","missing","Poor compliance"
"Unrooted Plant","Bulgaria",FALSE,"Reference","missing","Poor compliance"
"Unrooted Plant","Dominican Republic",TRUE,"COSTA","costa farms","Poor compliance"
"Unrooted Plant","Dominican Republic",TRUE,"Reference","Reference","Medium compliance"
"Unrooted Plant","Dominican Republic",TRUE,"Reference","fb imports","Poor compliance"
"Unrooted Plant","Dominican Republic",TRUE,"Reference","costa farms","Poor compliance"
"Unrooted Plant","Dominican Republic",FALSE,"COSTA","costa farms","Low compliance"
"Unrooted Plant","Dominican Republic",FALSE,"Reference","Reference","Medium compliance"
"Unrooted Plant","Dominican Republic",FALSE,"Reference","fb imports","Poor compliance"
"Unrooted Plant","Dominican Republic",FALSE,"Reference","costa farms","Low compliance"
"Unrooted Plant","Ecuador",TRUE,"Reference","graciana parker","Low compliance"
"Unrooted Plant","Ecuador",TRUE,"GENEROS ECUATORIANOS","Reference","Low compliance"
"Unrooted Plant","Ecuador",TRUE,"Reference","Reference","Medium compliance"
"Unrooted Plant","Ecuador",TRUE,"JARDINES TERRAGARDEN","terra garden","Poor compliance"
"Unrooted Plant","Ecuador",TRUE,"JARDINES TERRAGARDEN","Reference","Low compliance"
"Unrooted Plant","Ecuador",TRUE,"GENEROS ECUATORIANOS","omega customs brokers","Poor compliance"
"Unrooted Plant","Ecuador",TRUE,"Reference","omega customs brokers","Poor compliance"
"Unrooted Plant","Ecuador",TRUE,"Reference","missing","Poor compliance"
"Unrooted Plant","Ecuador",FALSE,"Reference","graciana parker","Medium compliance"
"Unrooted Plant","Ecuador",FALSE,"GENEROS ECUATORIANOS","Reference","Medium compliance"
"Unrooted Plant","Ecuador",FALSE,"Reference","Reference","Medium compliance"
"Unrooted Plant","Ecuador",FALSE,"JARDINES TERRAGARDEN","terra garden","Poor compliance"
"Unrooted Plant","Ecuador",FALSE,"JARDINES TERRAGARDEN","Reference","Low compliance"
"Unrooted Plant","Ecuador",FALSE,"GENEROS ECUATORIANOS","omega customs brokers","Low compliance"
"Unrooted Plant","Ecuador",FALSE,"Reference","omega customs brokers","Medium compliance"
"Unrooted Plant","Ecuador",FALSE,"Reference","missing","Medium compliance"
"Unrooted Plant","Honduras",TRUE,"AGRIGENTUM SA","Reference","Poor compliance"
"Unrooted Plant","Honduras",TRUE,"Reference","Reference","Medium compliance"
"Unrooted Plant","Honduras",TRUE,"Reference","costa farms","Low compliance"
"Unrooted Plant","Honduras",TRUE,"Reference","plant exports","Poor compliance"
"Unrooted Plant","Honduras",TRUE,"Reference","express seed","Low compliance"
"Unrooted Plant","Honduras",TRUE,"Reference","fleurizon","Poor compliance"
"Unrooted Plant","Honduras",FALSE,"AGRIGENTUM SA","Reference","Medium compliance"
"Unrooted Plant","Honduras",FALSE,"Reference","Reference","Medium compliance"
"Unrooted Plant","Honduras",FALSE,"Reference","costa farms","Medium compliance"
"Unrooted Plant","Honduras",FALSE,"Reference","plant exports","Low compliance"
"Unrooted Plant","Honduras",FALSE,"Reference","express seed","Low compliance"
"Unrooted Plant","Honduras",FALSE,"Reference","fleurizon","Poor compliance"
"Unrooted Plant","Guam",TRUE,"Reference","fb imports","Poor compliance"
"Unrooted Plant","Guam",FALSE,"Reference","fb imports","Poor compliance"
"Unrooted Plant","Mozambique",TRUE,"Reference","Reference","Poor compliance"
"Unrooted Plant","Mozambique",FALSE,"Reference","Reference","Low compliance"
"Unrooted Plant","Guinea",TRUE,"Reference","green thumb marketing","Poor compliance"
"Unrooted Plant","Guinea",FALSE,"Reference","green thumb marketing","Low compliance"
"Unrooted Plant","Trinidad and Tobago",TRUE,"Reference","Reference","Poor compliance"
"Unrooted Plant","Trinidad and Tobago",FALSE,"Reference","Reference","Low compliance"
"Unrooted Plant","Sweden",TRUE,"Reference","Reference","Low compliance"
"Unrooted Plant","Sweden",FALSE,"Reference","Reference","Low compliance"
"Unrooted Plant","Bolivia",TRUE,"Reference","Reference","Poor compliance"
"Unrooted Plant","Bolivia",FALSE,"Reference","Reference","Low compliance"
"Unrooted Plant","Portugal",TRUE,"Reference","green plant cuttings usa","Poor compliance"
"Unrooted Plant","Portugal",TRUE,"Reference","Reference","Medium compliance"
"Unrooted Plant","Portugal",FALSE,"Reference","green plant cuttings usa","Low compliance"
"Unrooted Plant","Portugal",FALSE,"Reference","Reference","Medium compliance"
"Unrooted Plant","Canada",TRUE,"Reference","Reference","Low compliance"
"Unrooted Plant","Canada",TRUE,"Reference","missing","Poor compliance"
"Unrooted Plant","Canada",FALSE,"Reference","Reference","Medium compliance"
"Unrooted Plant","Canada",FALSE,"Reference","missing","Low compliance"
"Unrooted Plant","Pakistan",TRUE,"Reference","Reference","Poor compliance"
"Unrooted Plant","Pakistan",FALSE,"Reference","Reference","Poor compliance"
"Unrooted Plant","Switzerland",TRUE,"Reference","Reference","Poor compliance"
"Unrooted Plant","Switzerland",FALSE,"Reference","Reference","Low compliance"
"Unrooted Plant","Barbados",TRUE,"Reference","Reference","Poor compliance"
"Unrooted Plant","Barbados",FALSE,"Reference","Reference","Poor compliance"
"Unrooted Plant","Antigua and Barbuda",TRUE,"Reference","Reference","Poor compliance"
"Unrooted Plant","Antigua and Barbuda",FALSE,"Reference","Reference","Poor compliance"
"Unrooted Plant","St. Lucia",TRUE,"Reference","Reference","Poor compliance"
"Unrooted Plant","St. Lucia",FALSE,"Reference","Reference","Poor compliance"
"Unrooted Plant","Belize",TRUE,"Reference","Reference","Poor compliance"
"Unrooted Plant","Belize",FALSE,"Reference","Reference","Low compliance"
"Unrooted Plant","Ethiopia",TRUE,"Reference","Reference","Medium compliance"
"Unrooted Plant","Ethiopia",FALSE,"Reference","Reference","Medium compliance"
"Unrooted Plant","Nepal",TRUE,"Reference","Reference","Poor compliance"
"Unrooted Plant","Nepal",FALSE,"Reference","Reference","Poor compliance"
"Unrooted Plant","Senegal",TRUE,"Reference","Reference","Poor compliance"
"Unrooted Plant","Senegal",FALSE,"Reference","Reference","Low compliance"
"Unrooted Plant","Gambia",TRUE,"Reference","Reference","Poor compliance"
"Unrooted Plant","Gambia",FALSE,"Reference","Reference","Low compliance"
"Unrooted Plant","Suriname",TRUE,"Reference","Reference","Poor compliance"
"Unrooted Plant","Suriname",FALSE,"Reference","Reference","Low compliance"
"Unrooted Plant","US Virgin Islands",TRUE,"Reference","Reference","Poor compliance"
"Unrooted Plant","US Virgin Islands",FALSE,"Reference","Reference","Low compliance"
"Bulb, Corm, Rhizome, Tuberous Stem","Korea, South",TRUE,"xplant","Reference","Poor compliance"
"Bulb, Corm, Rhizome, Tuberous Stem","Korea, South",TRUE,"xplant","missing","Poor compliance"
"Bulb, Corm, Rhizome, Tuberous Stem","Korea, South",TRUE,"Reference","Reference","Medium compliance"
"Bulb, Corm, Rhizome, Tuberous Stem","Korea, South",TRUE,"Reference","missing","Low compliance"
"Bulb, Corm, Rhizome, Tuberous Stem","Korea, South",TRUE,"Reference","western cactus enterprises","Poor compliance"
"Bulb, Corm, Rhizome, Tuberous Stem","Korea, South",TRUE,"Reference","altman specialty plants","Poor compliance"
"Bulb, Corm, Rhizome, Tuberous Stem","Korea, South",TRUE,"Reference","costa farms","Low compliance"
"Bulb, Corm, Rhizome, Tuberous Stem","Korea, South",TRUE,"Reference","miyar intl brokerage","Poor compliance"
"Bulb, Corm, Rhizome, Tuberous Stem","Korea, South",TRUE,"Reference","aksiporn saengfa","Low compliance"
"Bulb, Corm, Rhizome, Tuberous Stem","Korea, South",FALSE,"xplant","Reference","Medium compliance"
"Bulb, Corm, Rhizome, Tuberous Stem","Korea, South",FALSE,"xplant","missing","Medium compliance"
"Bulb, Corm, Rhizome, Tuberous Stem","Korea, South",FALSE,"Reference","Reference","High compliance"
"Bulb, Corm, Rhizome, Tuberous Stem","Korea, South",FALSE,"Reference","missing","Medium compliance"
"Bulb, Corm, Rhizome, Tuberous Stem","Korea, South",FALSE,"Reference","western cactus enterprises","Medium compliance"
"Bulb, Corm, Rhizome, Tuberous Stem","Korea, South",FALSE,"Reference","altman specialty plants","Medium compliance"
"Bulb, Corm, Rhizome, Tuberous Stem","Korea, South",FALSE,"Reference","costa farms","Medium compliance"
"Bulb, Corm, Rhizome, Tuberous Stem","Korea, South",FALSE,"Reference","miyar intl brokerage","Low compliance"
"Bulb, Corm, Rhizome, Tuberous Stem","Korea, South",FALSE,"Reference","aksiporn saengfa","Medium compliance"
"Bulb, Corm, Rhizome, Tuberous Stem","Thailand",TRUE,"Reference","missing","Poor compliance"
"Bulb, Corm, Rhizome, Tuberous Stem","Thailand",TRUE,"Escactus","missing","Poor compliance"
"Bulb, Corm, Rhizome, Tuberous Stem","Thailand",TRUE,"Reference","Reference","Medium compliance"
"Bulb, Corm, Rhizome, Tuberous Stem","Thailand",TRUE,"WALPAT AQUATIC","complete aquatic systems","Poor compliance"
"Bulb, Corm, Rhizome, Tuberous Stem","Thailand",TRUE,"Reference","ultum nature systems","Medium compliance"
"Bulb, Corm, Rhizome, Tuberous Stem","Thailand",TRUE,"WHITE ROSE EXPORT (THAILAND) LTD","complete aquatic systems","Poor compliance"
"Bulb, Corm, Rhizome, Tuberous Stem","Thailand",TRUE,"Reference","siam flora","Low compliance"
"Bulb, Corm, Rhizome, Tuberous Stem","Thailand",TRUE,"Reference","complete aquatic systems","Low compliance"
"Bulb, Corm, Rhizome, Tuberous Stem","Thailand",TRUE,"Reference","tat tristan g","Poor compliance"
"Bulb, Corm, Rhizome, Tuberous Stem","Thailand",TRUE,"Reference","united plant growers","Poor compliance"
"Bulb, Corm, Rhizome, Tuberous Stem","Thailand",TRUE,"Natta 1565 Limited","Reference","Low compliance"
"Bulb, Corm, Rhizome, Tuberous Stem","Thailand",TRUE,"ALPINE TROPICAL PLANTS CO LTD","missing","Poor compliance"
"Bulb, Corm, Rhizome, Tuberous Stem","Thailand",TRUE,"Reference","chen tian","Poor compliance"
"Bulb, Corm, Rhizome, Tuberous Stem","Thailand",TRUE,"Reference","ds cole growers","Low compliance"
"Bulb, Corm, Rhizome, Tuberous Stem","Thailand",TRUE,"Reference","omega customs brokers","Poor compliance"
"Bulb, Corm, Rhizome, Tuberous Stem","Thailand",TRUE,"Reference","aksiporn saengfa","Poor compliance"
"Bulb, Corm, Rhizome, Tuberous Stem","Thailand",TRUE,"Kantapat Kaewpradith","Reference","Poor compliance"
"Bulb, Corm, Rhizome, Tuberous Stem","Thailand",TRUE,"Escactus","Reference","Poor compliance"
"Bulb, Corm, Rhizome, Tuberous Stem","Thailand",TRUE,"Reference","daniel baytosh","Poor compliance"
"Bulb, Corm, Rhizome, Tuberous Stem","Thailand",TRUE,"Reference","miyar intl brokerage","Poor compliance"
"Bulb, Corm, Rhizome, Tuberous Stem","Thailand",TRUE,"Bomb Takomfoo","Reference","Low compliance"
"Bulb, Corm, Rhizome, Tuberous Stem","Thailand",TRUE,"ALPINE TROPICAL PLANTS CO LTD","Reference","Poor compliance"
"Bulb, Corm, Rhizome, Tuberous Stem","Thailand",TRUE,"Reference","foremost foliage inc dba foremostco","Low compliance"
"Bulb, Corm, Rhizome, Tuberous Stem","Thailand",TRUE,"Reference","fleurizon","Poor compliance"
"Bulb, Corm, Rhizome, Tuberous Stem","Thailand",TRUE,"Reference","hanna gregor","Poor compliance"
"Bulb, Corm, Rhizome, Tuberous Stem","Thailand",TRUE,"Reference","green plant cuttings usa","Poor compliance"
"Bulb, Corm, Rhizome, Tuberous Stem","Thailand",TRUE,"GENEROS ECUATORIANOS","Reference","Low compliance"
"Bulb, Corm, Rhizome, Tuberous Stem","Thailand",TRUE,"Reference","waterscaap pond amp aquarium plants","Poor compliance"
"Bulb, Corm, Rhizome, Tuberous Stem","Thailand",TRUE,"PT AQUATIC PLAN CENTRE INDONESIA","Reference","Medium compliance"
"Bulb, Corm, Rhizome, Tuberous Stem","Thailand",TRUE,"Reference","costa farms","Low compliance"
"Bulb, Corm, Rhizome, Tuberous Stem","Thailand",TRUE,"Reference","gubler orchids","Poor compliance"
"Bulb, Corm, Rhizome, Tuberous Stem","Thailand",TRUE,"Reference","biostok","Poor compliance"
"Bulb, Corm, Rhizome, Tuberous Stem","Thailand",TRUE,"Reference","perfect choice","Poor compliance"
"Bulb, Corm, Rhizome, Tuberous Stem","Thailand",TRUE,"GENEROS ECUATORIANOS","hanna gregor","Poor compliance"
"Bulb, Corm, Rhizome, Tuberous Stem","Thailand",TRUE,"Natta 1565 Limited","hanna gregor","Poor compliance"
"Bulb, Corm, Rhizome, Tuberous Stem","Thailand",TRUE,"Reference","b c amp f brokerage","Poor compliance"
"Bulb, Corm, Rhizome, Tuberous Stem","Thailand",TRUE,"Natta 1565 Limited","perfect choice","Poor compliance"
"Bulb, Corm, Rhizome, Tuberous Stem","Thailand",TRUE,"Reference","foremost foliage","Poor compliance"
"Bulb, Corm, Rhizome, Tuberous Stem","Thailand",TRUE,"Reference","mchutchison","Low compliance"
"Bulb, Corm, Rhizome, Tuberous Stem","Thailand",TRUE,"Reference","express seed","Low compliance"
"Bulb, Corm, Rhizome, Tuberous Stem","Thailand",FALSE,"Reference","missing","Medium compliance"
"Bulb, Corm, Rhizome, Tuberous Stem","Thailand",FALSE,"Escactus","missing","Low compliance"
"Bulb, Corm, Rhizome, Tuberous Stem","Thailand",FALSE,"Reference","Reference","High compliance"
"Bulb, Corm, Rhizome, Tuberous Stem","Thailand",FALSE,"WALPAT AQUATIC","complete aquatic systems","Low compliance"
"Bulb, Corm, Rhizome, Tuberous Stem","Thailand",FALSE,"Reference","ultum nature systems","Poor compliance"
"Bulb, Corm, Rhizome, Tuberous Stem","Thailand",FALSE,"WHITE ROSE EXPORT (THAILAND) LTD","complete aquatic systems","Medium compliance"
"Bulb, Corm, Rhizome, Tuberous Stem","Thailand",FALSE,"Reference","siam flora","Medium compliance"
"Bulb, Corm, Rhizome, Tuberous Stem","Thailand",FALSE,"Reference","complete aquatic systems","Medium compliance"
"Bulb, Corm, Rhizome, Tuberous Stem","Thailand",FALSE,"Reference","tat tristan g","Low compliance"
"Bulb, Corm, Rhizome, Tuberous Stem","Thailand",FALSE,"Reference","united plant growers","Medium compliance"
"Bulb, Corm, Rhizome, Tuberous Stem","Thailand",FALSE,"Natta 1565 Limited","Reference","Medium compliance"
"Bulb, Corm, Rhizome, Tuberous Stem","Thailand",FALSE,"ALPINE TROPICAL PLANTS CO LTD","missing","Low compliance"
"Bulb, Corm, Rhizome, Tuberous Stem","Thailand",FALSE,"Reference","chen tian","Poor compliance"
"Bulb, Corm, Rhizome, Tuberous Stem","Thailand",FALSE,"Reference","ds cole growers","Medium compliance"
"Bulb, Corm, Rhizome, Tuberous Stem","Thailand",FALSE,"Reference","omega customs brokers","Low compliance"
"Bulb, Corm, Rhizome, Tuberous Stem","Thailand",FALSE,"Reference","aksiporn saengfa","Medium compliance"
"Bulb, Corm, Rhizome, Tuberous Stem","Thailand",FALSE,"Kantapat Kaewpradith","Reference","Medium compliance"
"Bulb, Corm, Rhizome, Tuberous Stem","Thailand",FALSE,"Escactus","Reference","Medium compliance"
"Bulb, Corm, Rhizome, Tuberous Stem","Thailand",FALSE,"Reference","daniel baytosh","Medium compliance"
"Bulb, Corm, Rhizome, Tuberous Stem","Thailand",FALSE,"Reference","miyar intl brokerage","Poor compliance"
"Bulb, Corm, Rhizome, Tuberous Stem","Thailand",FALSE,"Bomb Takomfoo","Reference","Low compliance"
"Bulb, Corm, Rhizome, Tuberous Stem","Thailand",FALSE,"ALPINE TROPICAL PLANTS CO LTD","Reference","Medium compliance"
"Bulb, Corm, Rhizome, Tuberous Stem","Thailand",FALSE,"Reference","foremost foliage inc dba foremostco","Low compliance"
"Bulb, Corm, Rhizome, Tuberous Stem","Thailand",FALSE,"Reference","fleurizon","Poor compliance"
"Bulb, Corm, Rhizome, Tuberous Stem","Thailand",FALSE,"Reference","hanna gregor","Low compliance"
"Bulb, Corm, Rhizome, Tuberous Stem","Thailand",FALSE,"Reference","green plant cuttings usa","Medium compliance"
"Bulb, Corm, Rhizome, Tuberous Stem","Thailand",FALSE,"GENEROS ECUATORIANOS","Reference","Low compliance"
"Bulb, Corm, Rhizome, Tuberous Stem","Thailand",FALSE,"Reference","waterscaap pond amp aquarium plants","Poor compliance"
"Bulb, Corm, Rhizome, Tuberous Stem","Thailand",FALSE,"PT AQUATIC PLAN CENTRE INDONESIA","Reference","Medium compliance"
"Bulb, Corm, Rhizome, Tuberous Stem","Thailand",FALSE,"Reference","costa farms","Medium compliance"
"Bulb, Corm, Rhizome, Tuberous Stem","Thailand",FALSE,"Reference","gubler orchids","Poor compliance"
"Bulb, Corm, Rhizome, Tuberous Stem","Thailand",FALSE,"Reference","biostok","Poor compliance"
"Bulb, Corm, Rhizome, Tuberous Stem","Thailand",FALSE,"Reference","perfect choice","Poor compliance"
"Bulb, Corm, Rhizome, Tuberous Stem","Thailand",FALSE,"GENEROS ECUATORIANOS","hanna gregor","Poor compliance"
"Bulb, Corm, Rhizome, Tuberous Stem","Thailand",FALSE,"Natta 1565 Limited","hanna gregor","Low compliance"
"Bulb, Corm, Rhizome, Tuberous Stem","Thailand",FALSE,"Reference","b c amp f brokerage","Medium compliance"
"Bulb, Corm, Rhizome, Tuberous Stem","Thailand",FALSE,"Natta 1565 Limited","perfect choice","Poor compliance"
"Bulb, Corm, Rhizome, Tuberous Stem","Thailand",FALSE,"Reference","foremost foliage","Low compliance"
"Bulb, Corm, Rhizome, Tuberous Stem","Thailand",FALSE,"Reference","mchutchison","Medium compliance"
"Bulb, Corm, Rhizome, Tuberous Stem","Thailand",FALSE,"Reference","express seed","Medium compliance"
"Bulb, Corm, Rhizome, Tuberous Stem","Indonesia",TRUE,"CV Jawadipa Nusantara","Reference","Poor compliance"
"Bulb, Corm, Rhizome, Tuberous Stem","Indonesia",TRUE,"Reference","Reference","Medium compliance"
"Bulb, Corm, Rhizome, Tuberous Stem","Indonesia",TRUE,"Nisa Garden","Reference","Poor compliance"
"Bulb, Corm, Rhizome, Tuberous Stem","Indonesia",TRUE,"CV Okanoka Multi Usaha","stephanie schouten","Poor compliance"
"Bulb, Corm, Rhizome, Tuberous Stem","Indonesia",TRUE,"CV AESTETICH","Reference","Poor compliance"
"Bulb, Corm, Rhizome, Tuberous Stem","Indonesia",TRUE,"Sekar Wana Jaya","joni suhartomo","Poor compliance"
"Bulb, Corm, Rhizome, Tuberous Stem","Indonesia",TRUE,"CV Okanoka Multi Usaha","Reference","Poor compliance"
"Bulb, Corm, Rhizome, Tuberous Stem","Indonesia",TRUE,"CV KEBUN INDAH","Reference","Poor compliance"
"Bulb, Corm, Rhizome, Tuberous Stem","Indonesia",TRUE,"Sekar Wana Jaya","Reference","Poor compliance"
"Bulb, Corm, Rhizome, Tuberous Stem","Indonesia",TRUE,"Reference","joni suhartomo","Poor compliance"
"Bulb, Corm, Rhizome, Tuberous Stem","Indonesia",TRUE,"Sekar Wana Jaya","missing","Poor compliance"
"Bulb, Corm, Rhizome, Tuberous Stem","Indonesia",TRUE,"Reference","tat tristan g","Poor compliance"
"Bulb, Corm, Rhizome, Tuberous Stem","Indonesia",TRUE,"PT AQUATIC PLAN CENTRE INDONESIA","complete aquatic systems","Poor compliance"
"Bulb, Corm, Rhizome, Tuberous Stem","Indonesia",TRUE,"Reference","ultum nature systems","Low compliance"
"Bulb, Corm, Rhizome, Tuberous Stem","Indonesia",TRUE,"CV KEBUN INDAH","stephanie schouten","Poor compliance"
"Bulb, Corm, Rhizome, Tuberous Stem","Indonesia",TRUE,"Reference","missing","Poor compliance"
"Bulb, Corm, Rhizome, Tuberous Stem","Indonesia",TRUE,"Nisa Garden","missing","Poor compliance"
"Bulb, Corm, Rhizome, Tuberous Stem","Indonesia",TRUE,"Reference","stephanie schouten","Poor compliance"
"Bulb, Corm, Rhizome, Tuberous Stem","Indonesia",TRUE,"CV Jawadipa Nusantara","puspa ariani pande ketut","Poor compliance"
"Bulb, Corm, Rhizome, Tuberous Stem","Indonesia",TRUE,"Reference","waterscaap pond amp aquarium plants","Poor compliance"
"Bulb, Corm, Rhizome, Tuberous Stem","Indonesia",TRUE,"Reference","costa farms","Poor compliance"
"Bulb, Corm, Rhizome, Tuberous Stem","Indonesia",TRUE,"Reference","foremost foliage","Poor compliance"
"Bulb, Corm, Rhizome, Tuberous Stem","Indonesia",TRUE,"PT AQUATIC PLAN CENTRE INDONESIA","Reference","Low compliance"
"Bulb, Corm, Rhizome, Tuberous Stem","Indonesia",TRUE,"Reference","miyar intl brokerage","Poor compliance"
"Bulb, Corm, Rhizome, Tuberous Stem","Indonesia",TRUE,"Reference","foremost foliage inc dba foremostco","Poor compliance"
"Bulb, Corm, Rhizome, Tuberous Stem","Indonesia",TRUE,"PT AQUATIC PLAN CENTRE INDONESIA","waterscaap pond amp aquarium plants","Poor compliance"
"Bulb, Corm, Rhizome, Tuberous Stem","Indonesia",TRUE,"Reference","perfect choice","Poor compliance"
"Bulb, Corm, Rhizome, Tuberous Stem","Indonesia",TRUE,"CV AESTETICH","missing","Poor compliance"
"Bulb, Corm, Rhizome, Tuberous Stem","Indonesia",TRUE,"CV KEBUN INDAH","missing","Poor compliance"
"Bulb, Corm, Rhizome, Tuberous Stem","Indonesia",TRUE,"CV Jawadipa Nusantara","missing","Poor compliance"
"Bulb, Corm, Rhizome, Tuberous Stem","Indonesia",TRUE,"Reference","biostok","Poor compliance"
"Bulb, Corm, Rhizome, Tuberous Stem","Indonesia",TRUE,"CV KEBUN INDAH","hanna gregor","Poor compliance"
"Bulb, Corm, Rhizome, Tuberous Stem","Indonesia",TRUE,"Nisa Garden","hanna gregor","Poor compliance"
"Bulb, Corm, Rhizome, Tuberous Stem","Indonesia",TRUE,"Reference","hanna gregor","Poor compliance"
"Bulb, Corm, Rhizome, Tuberous Stem","Indonesia",TRUE,"Reference","omega customs brokers","Poor compliance"
"Bulb, Corm, Rhizome, Tuberous Stem","Indonesia",TRUE,"Reference","puspa ariani pande ketut","Poor compliance"
"Bulb, Corm, Rhizome, Tuberous Stem","Indonesia",TRUE,"Reference","express seed","Poor compliance"
"Bulb, Corm, Rhizome, Tuberous Stem","Indonesia",FALSE,"CV Jawadipa Nusantara","Reference","Low compliance"
"Bulb, Corm, Rhizome, Tuberous Stem","Indonesia",FALSE,"Reference","Reference","Medium compliance"
"Bulb, Corm, Rhizome, Tuberous Stem","Indonesia",FALSE,"Nisa Garden","Reference","Low compliance"
"Bulb, Corm, Rhizome, Tuberous Stem","Indonesia",FALSE,"CV Okanoka Multi Usaha","stephanie schouten","Poor compliance"
"Bulb, Corm, Rhizome, Tuberous Stem","Indonesia",FALSE,"CV AESTETICH","Reference","Medium compliance"
"Bulb, Corm, Rhizome, Tuberous Stem","Indonesia",FALSE,"Sekar Wana Jaya","joni suhartomo","Poor compliance"
"Bulb, Corm, Rhizome, Tuberous Stem","Indonesia",FALSE,"CV Okanoka Multi Usaha","Reference","Low compliance"
"Bulb, Corm, Rhizome, Tuberous Stem","Indonesia",FALSE,"CV KEBUN INDAH","Reference","Low compliance"
"Bulb, Corm, Rhizome, Tuberous Stem","Indonesia",FALSE,"Sekar Wana Jaya","Reference","Low compliance"
"Bulb, Corm, Rhizome, Tuberous Stem","Indonesia",FALSE,"Reference","joni suhartomo","Low compliance"
"Bulb, Corm, Rhizome, Tuberous Stem","Indonesia",FALSE,"Sekar Wana Jaya","missing","Poor compliance"
"Bulb, Corm, Rhizome, Tuberous Stem","Indonesia",FALSE,"Reference","tat tristan g","Poor compliance"
"Bulb, Corm, Rhizome, Tuberous Stem","Indonesia",FALSE,"PT AQUATIC PLAN CENTRE INDONESIA","complete aquatic systems","Low compliance"
"Bulb, Corm, Rhizome, Tuberous Stem","Indonesia",FALSE,"Reference","ultum nature systems","Poor compliance"
"Bulb, Corm, Rhizome, Tuberous Stem","Indonesia",FALSE,"CV KEBUN INDAH","stephanie schouten","Poor compliance"
"Bulb, Corm, Rhizome, Tuberous Stem","Indonesia",FALSE,"Reference","missing","Low compliance"
"Bulb, Corm, Rhizome, Tuberous Stem","Indonesia",FALSE,"Nisa Garden","missing","Poor compliance"
"Bulb, Corm, Rhizome, Tuberous Stem","Indonesia",FALSE,"Reference","stephanie schouten","Poor compliance"
"Bulb, Corm, Rhizome, Tuberous Stem","Indonesia",FALSE,"CV Jawadipa Nusantara","puspa ariani pande ketut","Poor compliance"
"Bulb, Corm, Rhizome, Tuberous Stem","Indonesia",FALSE,"Reference","waterscaap pond amp aquarium plants","Poor compliance"
"Bulb, Corm, Rhizome, Tuberous Stem","Indonesia",FALSE,"Reference","costa farms","Low compliance"
"Bulb, Corm, Rhizome, Tuberous Stem","Indonesia",FALSE,"Reference","foremost foliage","Poor compliance"
"Bulb, Corm, Rhizome, Tuberous Stem","Indonesia",FALSE,"PT AQUATIC PLAN CENTRE INDONESIA","Reference","Medium compliance"
"Bulb, Corm, Rhizome, Tuberous Stem","Indonesia",FALSE,"Reference","miyar intl brokerage","Poor compliance"
"Bulb, Corm, Rhizome, Tuberous Stem","Indonesia",FALSE,"Reference","foremost foliage inc dba foremostco","Poor compliance"
"Bulb, Corm, Rhizome, Tuberous Stem","Indonesia",FALSE,"PT AQUATIC PLAN CENTRE INDONESIA","waterscaap pond amp aquarium plants","Poor compliance"
"Bulb, Corm, Rhizome, Tuberous Stem","Indonesia",FALSE,"Reference","perfect choice","Poor compliance"
"Bulb, Corm, Rhizome, Tuberous Stem","Indonesia",FALSE,"CV AESTETICH","missing","Low compliance"
"Bulb, Corm, Rhizome, Tuberous Stem","Indonesia",FALSE,"CV KEBUN INDAH","missing","Poor compliance"
"Bulb, Corm, Rhizome, Tuberous Stem","Indonesia",FALSE,"CV Jawadipa Nusantara","missing","Poor compliance"
"Bulb, Corm, Rhizome, Tuberous Stem","Indonesia",FALSE,"Reference","biostok","Poor compliance"
"Bulb, Corm, Rhizome, Tuberous Stem","Indonesia",FALSE,"CV KEBUN INDAH","hanna gregor","Poor compliance"
"Bulb, Corm, Rhizome, Tuberous Stem","Indonesia",FALSE,"Nisa Garden","hanna gregor","Poor compliance"
"Bulb, Corm, Rhizome, Tuberous Stem","Indonesia",FALSE,"Reference","hanna gregor","Poor compliance"
"Bulb, Corm, Rhizome, Tuberous Stem","Indonesia",FALSE,"Reference","omega customs brokers","Poor compliance"
"Bulb, Corm, Rhizome, Tuberous Stem","Indonesia",FALSE,"Reference","puspa ariani pande ketut","Low compliance"
"Bulb, Corm, Rhizome, Tuberous Stem","Indonesia",FALSE,"Reference","express seed","Low compliance"
"Bulb, Corm, Rhizome, Tuberous Stem","Philippines",TRUE,"Reference","missing","Poor compliance"
"Bulb, Corm, Rhizome, Tuberous Stem","Philippines",TRUE,"Reference","Reference","Medium compliance"
"Bulb, Corm, Rhizome, Tuberous Stem","Philippines",TRUE,"Reference","omega customs brokers","Poor compliance"
"Bulb, Corm, Rhizome, Tuberous Stem","Philippines",TRUE,"Reference","aksiporn saengfa","Poor compliance"
"Bulb, Corm, Rhizome, Tuberous Stem","Philippines",FALSE,"Reference","missing","Low compliance"
"Bulb, Corm, Rhizome, Tuberous Stem","Philippines",FALSE,"Reference","Reference","Medium compliance"
"Bulb, Corm, Rhizome, Tuberous Stem","Philippines",FALSE,"Reference","omega customs brokers","Poor compliance"
"Bulb, Corm, Rhizome, Tuberous Stem","Philippines",FALSE,"Reference","aksiporn saengfa","Low compliance"
"Bulb, Corm, Rhizome, Tuberous Stem","Austria",TRUE,"Reference","missing","Poor compliance"
"Bulb, Corm, Rhizome, Tuberous Stem","Austria",TRUE,"Reference","Reference","Low compliance"
"Bulb, Corm, Rhizome, Tuberous Stem","Austria",FALSE,"Reference","missing","Medium compliance"
"Bulb, Corm, Rhizome, Tuberous Stem","Austria",FALSE,"Reference","Reference","Medium compliance"
"Bulb, Corm, Rhizome, Tuberous Stem","Mexico",TRUE,"Reference","Reference","Medium compliance"
"Bulb, Corm, Rhizome, Tuberous Stem","Mexico",TRUE,"Reference","scott valentine","Poor compliance"
"Bulb, Corm, Rhizome, Tuberous Stem","Mexico",TRUE,"Reference","express seed","Low compliance"
"Bulb, Corm, Rhizome, Tuberous Stem","Mexico",TRUE,"Reference","costa farms","Low compliance"
"Bulb, Corm, Rhizome, Tuberous Stem","Mexico",TRUE,"Reference","missing","Poor compliance"
"Bulb, Corm, Rhizome, Tuberous Stem","Mexico",FALSE,"Reference","Reference","High compliance"
"Bulb, Corm, Rhizome, Tuberous Stem","Mexico",FALSE,"Reference","scott valentine","Medium compliance"
"Bulb, Corm, Rhizome, Tuberous Stem","Mexico",FALSE,"Reference","express seed","Medium compliance"
"Bulb, Corm, Rhizome, Tuberous Stem","Mexico",FALSE,"Reference","costa farms","Medium compliance"
"Bulb, Corm, Rhizome, Tuberous Stem","Mexico",FALSE,"Reference","missing","Medium compliance"
"Bulb, Corm, Rhizome, Tuberous Stem","China",TRUE,"Reference","Reference","Medium compliance"
"Bulb, Corm, Rhizome, Tuberous Stem","China",TRUE,"Reference","missing","Poor compliance"
"Bulb, Corm, Rhizome, Tuberous Stem","China",TRUE,"KUNMING TAODUROU HORTICULUTURE C","mimi nursery","Poor compliance"
"Bulb, Corm, Rhizome, Tuberous Stem","China",TRUE,"KUNMING TAODUROU HORTICULUTURE C","Reference","Poor compliance"
"Bulb, Corm, Rhizome, Tuberous Stem","China",TRUE,"Reference","costa farms","Poor compliance"
"Bulb, Corm, Rhizome, Tuberous Stem","China",TRUE,"SHANDONG HUAYUCHENG AGRICULTURAL","Reference","Poor compliance"
"Bulb, Corm, Rhizome, Tuberous Stem","China",TRUE,"SHANDONG HUAYUCHENG AGRICULTURAL","mimi nursery","Poor compliance"
"Bulb, Corm, Rhizome, Tuberous Stem","China",TRUE,"ZHANGZHOU BANRUO","united plant growers","Poor compliance"
"Bulb, Corm, Rhizome, Tuberous Stem","China",TRUE,"Reference","chen tian","Poor compliance"
"Bulb, Corm, Rhizome, Tuberous Stem","China",TRUE,"ZHANGZHOU BANRUO","foremost foliage","Poor compliance"
"Bulb, Corm, Rhizome, Tuberous Stem","China",TRUE,"Reference","fleurizon","Poor compliance"
"Bulb, Corm, Rhizome, Tuberous Stem","China",TRUE,"ZHANGZHOU BANRUO","Reference","Poor compliance"
"Bulb, Corm, Rhizome, Tuberous Stem","China",TRUE,"Reference","united plant growers","Poor compliance"
"Bulb, Corm, Rhizome, Tuberous Stem","China",TRUE,"Reference","express seed","Low compliance"
"Bulb, Corm, Rhizome, Tuberous Stem","China",TRUE,"Reference","western cactus enterprises","Poor compliance"
"Bulb, Corm, Rhizome, Tuberous Stem","China",TRUE,"KUNMING TAODUROU HORTICULUTURE C","missing","Poor compliance"
"Bulb, Corm, Rhizome, Tuberous Stem","China",TRUE,"Reference","complete aquatic systems","Low compliance"
"Bulb, Corm, Rhizome, Tuberous Stem","China",TRUE,"Reference","foremost foliage","Poor compliance"
"Bulb, Corm, Rhizome, Tuberous Stem","China",TRUE,"Reference","mimi nursery","Medium compliance"
"Bulb, Corm, Rhizome, Tuberous Stem","China",TRUE,"Reference","perfect choice","Poor compliance"
"Bulb, Corm, Rhizome, Tuberous Stem","China",TRUE,"Reference","green plant cuttings usa","Poor compliance"
"Bulb, Corm, Rhizome, Tuberous Stem","China",TRUE,"Reference","mchutchison","Low compliance"
"Bulb, Corm, Rhizome, Tuberous Stem","China",TRUE,"ZHANGZHOU BANRUO","fleurizon","Poor compliance"
"Bulb, Corm, Rhizome, Tuberous Stem","China",TRUE,"Reference","foremost foliage inc dba foremostco","Poor compliance"
"Bulb, Corm, Rhizome, Tuberous Stem","China",TRUE,"Reference","biostok","Poor compliance"
"Bulb, Corm, Rhizome, Tuberous Stem","China",TRUE,"ZHANGZHOU BANRUO","express seed","Poor compliance"
"Bulb, Corm, Rhizome, Tuberous Stem","China",TRUE,"ZHANGZHOU BANRUO","foremost foliage inc dba foremostco","Poor compliance"
"Bulb, Corm, Rhizome, Tuberous Stem","China",TRUE,"Reference","miyar intl brokerage","Poor compliance"
"Bulb, Corm, Rhizome, Tuberous Stem","China",TRUE,"ZHANGZHOU BANRUO","costa farms","Poor compliance"
"Bulb, Corm, Rhizome, Tuberous Stem","China",TRUE,"ZHANGZHOU BANRUO","green plant cuttings usa","Poor compliance"
"Bulb, Corm, Rhizome, Tuberous Stem","China",TRUE,"Reference","omega customs brokers","Poor compliance"
"Bulb, Corm, Rhizome, Tuberous Stem","China",TRUE,"Reference","altman specialty plants","Poor compliance"
"Bulb, Corm, Rhizome, Tuberous Stem","China",TRUE,"Reference","scott valentine","Poor compliance"
"Bulb, Corm, Rhizome, Tuberous Stem","China",TRUE,"Reference","kurt weiss greenhouse","Low compliance"
"Bulb, Corm, Rhizome, Tuberous Stem","China",TRUE,"SHANDONG HUAYUCHENG AGRICULTURAL","missing","Poor compliance"
"Bulb, Corm, Rhizome, Tuberous Stem","China",FALSE,"Reference","Reference","Medium compliance"
"Bulb, Corm, Rhizome, Tuberous Stem","China",FALSE,"Reference","missing","Medium compliance"
"Bulb, Corm, Rhizome, Tuberous Stem","China",FALSE,"KUNMING TAODUROU HORTICULUTURE C","mimi nursery","Low compliance"
"Bulb, Corm, Rhizome, Tuberous Stem","China",FALSE,"KUNMING TAODUROU HORTICULUTURE C","Reference","Medium compliance"
"Bulb, Corm, Rhizome, Tuberous Stem","China",FALSE,"Reference","costa farms","Medium compliance"
"Bulb, Corm, Rhizome, Tuberous Stem","China",FALSE,"SHANDONG HUAYUCHENG AGRICULTURAL","Reference","Medium compliance"
"Bulb, Corm, Rhizome, Tuberous Stem","China",FALSE,"SHANDONG HUAYUCHENG AGRICULTURAL","mimi nursery","Low compliance"
"Bulb, Corm, Rhizome, Tuberous Stem","China",FALSE,"ZHANGZHOU BANRUO","united plant growers","Medium compliance"
"Bulb, Corm, Rhizome, Tuberous Stem","China",FALSE,"Reference","chen tian","Poor compliance"
"Bulb, Corm, Rhizome, Tuberous Stem","China",FALSE,"ZHANGZHOU BANRUO","foremost foliage","Low compliance"
"Bulb, Corm, Rhizome, Tuberous Stem","China",FALSE,"Reference","fleurizon","Poor compliance"
"Bulb, Corm, Rhizome, Tuberous Stem","China",FALSE,"ZHANGZHOU BANRUO","Reference","Medium compliance"
"Bulb, Corm, Rhizome, Tuberous Stem","China",FALSE,"Reference","united plant growers","Medium compliance"
"Bulb, Corm, Rhizome, Tuberous Stem","China",FALSE,"Reference","express seed","Low compliance"
"Bulb, Corm, Rhizome, Tuberous Stem","China",FALSE,"Reference","western cactus enterprises","Medium compliance"
"Bulb, Corm, Rhizome, Tuberous Stem","China",FALSE,"KUNMING TAODUROU HORTICULUTURE C","missing","Low compliance"
"Bulb, Corm, Rhizome, Tuberous Stem","China",FALSE,"Reference","complete aquatic systems","Medium compliance"
"Bulb, Corm, Rhizome, Tuberous Stem","China",FALSE,"Reference","foremost foliage","Low compliance"
"Bulb, Corm, Rhizome, Tuberous Stem","China",FALSE,"Reference","mimi nursery","Low compliance"
"Bulb, Corm, Rhizome, Tuberous Stem","China",FALSE,"Reference","perfect choice","Poor compliance"
"Bulb, Corm, Rhizome, Tuberous Stem","China",FALSE,"Reference","green plant cuttings usa","Low compliance"
"Bulb, Corm, Rhizome, Tuberous Stem","China",FALSE,"Reference","mchutchison","Medium compliance"
"Bulb, Corm, Rhizome, Tuberous Stem","China",FALSE,"ZHANGZHOU BANRUO","fleurizon","Poor compliance"
"Bulb, Corm, Rhizome, Tuberous Stem","China",FALSE,"Reference","foremost foliage inc dba foremostco","Low compliance"
"Bulb, Corm, Rhizome, Tuberous Stem","China",FALSE,"Reference","biostok","Poor compliance"
"Bulb, Corm, Rhizome, Tuberous Stem","China",FALSE,"ZHANGZHOU BANRUO","express seed","Low compliance"
"Bulb, Corm, Rhizome, Tuberous Stem","China",FALSE,"ZHANGZHOU BANRUO","foremost foliage inc dba foremostco","Low compliance"
"Bulb, Corm, Rhizome, Tuberous Stem","China",FALSE,"Reference","miyar intl brokerage","Poor compliance"
"Bulb, Corm, Rhizome, Tuberous Stem","China",FALSE,"ZHANGZHOU BANRUO","costa farms","Medium compliance"
"Bulb, Corm, Rhizome, Tuberous Stem","China",FALSE,"ZHANGZHOU BANRUO","green plant cuttings usa","Low compliance"
"Bulb, Corm, Rhizome, Tuberous Stem","China",FALSE,"Reference","omega customs brokers","Low compliance"
"Bulb, Corm, Rhizome, Tuberous Stem","China",FALSE,"Reference","altman specialty plants","Low compliance"
"Bulb, Corm, Rhizome, Tuberous Stem","China",FALSE,"Reference","scott valentine","Medium compliance"
"Bulb, Corm, Rhizome, Tuberous Stem","China",FALSE,"Reference","kurt weiss greenhouse","Medium compliance"
"Bulb, Corm, Rhizome, Tuberous Stem","China",FALSE,"SHANDONG HUAYUCHENG AGRICULTURAL","missing","Low compliance"
"Bulb, Corm, Rhizome, Tuberous Stem","Taiwan",TRUE,"Reference","missing","Poor compliance"
"Bulb, Corm, Rhizome, Tuberous Stem","Taiwan",TRUE,"Reference","Reference","Medium compliance"
"Bulb, Corm, Rhizome, Tuberous Stem","Taiwan",TRUE,"Reference","gubler orchids","Poor compliance"
"Bulb, Corm, Rhizome, Tuberous Stem","Taiwan",TRUE,"Reference","costa farms","Low compliance"
"Bulb, Corm, Rhizome, Tuberous Stem","Taiwan",TRUE,"Reference","united plant growers","Poor compliance"
"Bulb, Corm, Rhizome, Tuberous Stem","Taiwan",TRUE,"Reference","altman specialty plants","Poor compliance"
"Bulb, Corm, Rhizome, Tuberous Stem","Taiwan",TRUE,"Reference","foremost foliage","Low compliance"
"Bulb, Corm, Rhizome, Tuberous Stem","Taiwan",TRUE,"Reference","biostok","Poor compliance"
"Bulb, Corm, Rhizome, Tuberous Stem","Taiwan",TRUE,"Reference","miyar intl brokerage","Poor compliance"
"Bulb, Corm, Rhizome, Tuberous Stem","Taiwan",TRUE,"Reference","perfect choice","Poor compliance"
"Bulb, Corm, Rhizome, Tuberous Stem","Taiwan",TRUE,"Reference","foremost foliage inc dba foremostco","Low compliance"
"Bulb, Corm, Rhizome, Tuberous Stem","Taiwan",TRUE,"Reference","omega customs brokers","Poor compliance"
"Bulb, Corm, Rhizome, Tuberous Stem","Taiwan",TRUE,"Reference","b c amp f brokerage","Poor compliance"
"Bulb, Corm, Rhizome, Tuberous Stem","Taiwan",TRUE,"Reference","express seed","Medium compliance"
"Bulb, Corm, Rhizome, Tuberous Stem","Taiwan",FALSE,"Reference","missing","Medium compliance"
"Bulb, Corm, Rhizome, Tuberous Stem","Taiwan",FALSE,"Reference","Reference","High compliance"
"Bulb, Corm, Rhizome, Tuberous Stem","Taiwan",FALSE,"Reference","gubler orchids","Low compliance"
"Bulb, Corm, Rhizome, Tuberous Stem","Taiwan",FALSE,"Reference","costa farms","Medium compliance"
"Bulb, Corm, Rhizome, Tuberous Stem","Taiwan",FALSE,"Reference","united plant growers","Medium compliance"
"Bulb, Corm, Rhizome, Tuberous Stem","Taiwan",FALSE,"Reference","altman specialty plants","Medium compliance"
"Bulb, Corm, Rhizome, Tuberous Stem","Taiwan",FALSE,"Reference","foremost foliage","Medium compliance"
"Bulb, Corm, Rhizome, Tuberous Stem","Taiwan",FALSE,"Reference","biostok","Low compliance"
"Bulb, Corm, Rhizome, Tuberous Stem","Taiwan",FALSE,"Reference","miyar intl brokerage","Low compliance"
"Bulb, Corm, Rhizome, Tuberous Stem","Taiwan",FALSE,"Reference","perfect choice","Low compliance"
"Bulb, Corm, Rhizome, Tuberous Stem","Taiwan",FALSE,"Reference","foremost foliage inc dba foremostco","Medium compliance"
"Bulb, Corm, Rhizome, Tuberous Stem","Taiwan",FALSE,"Reference","omega customs brokers","Medium compliance"
"Bulb, Corm, Rhizome, Tuberous Stem","Taiwan",FALSE,"Reference","b c amp f brokerage","Medium compliance"
"Bulb, Corm, Rhizome, Tuberous Stem","Taiwan",FALSE,"Reference","express seed","Medium compliance"
"Bulb, Corm, Rhizome, Tuberous Stem","South Africa",TRUE,"Reference","Reference","Medium compliance"
"Bulb, Corm, Rhizome, Tuberous Stem","South Africa",TRUE,"Reference","missing","Poor compliance"
"Bulb, Corm, Rhizome, Tuberous Stem","South Africa",TRUE,"Reference","costa farms","Poor compliance"
"Bulb, Corm, Rhizome, Tuberous Stem","South Africa",TRUE,"Reference","miyar intl brokerage","Poor compliance"
"Bulb, Corm, Rhizome, Tuberous Stem","South Africa",TRUE,"Reference","foremost foliage","Poor compliance"
"Bulb, Corm, Rhizome, Tuberous Stem","South Africa",TRUE,"Reference","express seed","Poor compliance"
"Bulb, Corm, Rhizome, Tuberous Stem","South Africa",FALSE,"Reference","Reference","Medium compliance"
"Bulb, Corm, Rhizome, Tuberous Stem","South Africa",FALSE,"Reference","missing","Low compliance"
"Bulb, Corm, Rhizome, Tuberous Stem","South Africa",FALSE,"Reference","costa farms","Medium compliance"
"Bulb, Corm, Rhizome, Tuberous Stem","South Africa",FALSE,"Reference","miyar intl brokerage","Poor compliance"
"Bulb, Corm, Rhizome, Tuberous Stem","South Africa",FALSE,"Reference","foremost foliage","Low compliance"
"Bulb, Corm, Rhizome, Tuberous Stem","South Africa",FALSE,"Reference","express seed","Low compliance"
"Bulb, Corm, Rhizome, Tuberous Stem","Hungary",TRUE,"Reference","Reference","Low compliance"
"Bulb, Corm, Rhizome, Tuberous Stem","Hungary",TRUE,"Reference","missing","Poor compliance"
"Bulb, Corm, Rhizome, Tuberous Stem","Hungary",FALSE,"Reference","Reference","Medium compliance"
"Bulb, Corm, Rhizome, Tuberous Stem","Hungary",FALSE,"Reference","missing","Low compliance"
"Bulb, Corm, Rhizome, Tuberous Stem","Latvia",TRUE,"Reference","missing","Poor compliance"
"Bulb, Corm, Rhizome, Tuberous Stem","Latvia",FALSE,"Reference","missing","Low compliance"
"Bulb, Corm, Rhizome, Tuberous Stem","Japan",TRUE,"Reference","missing","Poor compliance"
"Bulb, Corm, Rhizome, Tuberous Stem","Japan",TRUE,"Reference","Reference","Medium compliance"
"Bulb, Corm, Rhizome, Tuberous Stem","Japan",TRUE,"Reference","foremost foliage","Poor compliance"
"Bulb, Corm, Rhizome, Tuberous Stem","Japan",TRUE,"Reference","omega customs brokers","Poor compliance"
"Bulb, Corm, Rhizome, Tuberous Stem","Japan",TRUE,"Reference","mchutchison","Low compliance"
"Bulb, Corm, Rhizome, Tuberous Stem","Japan",FALSE,"Reference","missing","Medium compliance"
"Bulb, Corm, Rhizome, Tuberous Stem","Japan",FALSE,"Reference","Reference","Medium compliance"
"Bulb, Corm, Rhizome, Tuberous Stem","Japan",FALSE,"Reference","foremost foliage","Low compliance"
"Bulb, Corm, Rhizome, Tuberous Stem","Japan",FALSE,"Reference","omega customs brokers","Low compliance"
"Bulb, Corm, Rhizome, Tuberous Stem","Japan",FALSE,"Reference","mchutchison","Medium compliance"
"Bulb, Corm, Rhizome, Tuberous Stem","Italy",TRUE,"Reference","Reference","Medium compliance"
"Bulb, Corm, Rhizome, Tuberous Stem","Italy",TRUE,"Reference","western cactus enterprises","Poor compliance"
"Bulb, Corm, Rhizome, Tuberous Stem","Italy",TRUE,"Reference","missing","Poor compliance"
"Bulb, Corm, Rhizome, Tuberous Stem","Italy",TRUE,"Reference","primaflora international lp","Low compliance"
"Bulb, Corm, Rhizome, Tuberous Stem","Italy",TRUE,"Reference","costa farms","Poor compliance"
"Bulb, Corm, Rhizome, Tuberous Stem","Italy",TRUE,"Reference","express seed","Poor compliance"
"Bulb, Corm, Rhizome, Tuberous Stem","Italy",TRUE,"Reference","ds cole growers","Poor compliance"
"Bulb, Corm, Rhizome, Tuberous Stem","Italy",FALSE,"Reference","Reference","Medium compliance"
"Bulb, Corm, Rhizome, Tuberous Stem","Italy",FALSE,"Reference","western cactus enterprises","Low compliance"
"Bulb, Corm, Rhizome, Tuberous Stem","Italy",FALSE,"Reference","missing","Low compliance"
"Bulb, Corm, Rhizome, Tuberous Stem","Italy",FALSE,"Reference","primaflora international lp","Low compliance"
"Bulb, Corm, Rhizome, Tuberous Stem","Italy",FALSE,"Reference","costa farms","Low compliance"
"Bulb, Corm, Rhizome, Tuberous Stem","Italy",FALSE,"Reference","express seed","Low compliance"
"Bulb, Corm, Rhizome, Tuberous Stem","Italy",FALSE,"Reference","ds cole growers","Low compliance"
"Bulb, Corm, Rhizome, Tuberous Stem","El Salvador",TRUE,"Reference","Reference","Medium compliance"
"Bulb, Corm, Rhizome, Tuberous Stem","El Salvador",TRUE,"Reference","primaflora international lp","Medium compliance"
"Bulb, Corm, Rhizome, Tuberous Stem","El Salvador",TRUE,"Reference","foremost foliage inc dba foremostco","Low compliance"
"Bulb, Corm, Rhizome, Tuberous Stem","El Salvador",TRUE,"Reference","foremost foliage","Poor compliance"
"Bulb, Corm, Rhizome, Tuberous Stem","El Salvador",FALSE,"Reference","Reference","Medium compliance"
"Bulb, Corm, Rhizome, Tuberous Stem","El Salvador",FALSE,"Reference","primaflora international lp","Medium compliance"
"Bulb, Corm, Rhizome, Tuberous Stem","El Salvador",FALSE,"Reference","foremost foliage inc dba foremostco","Low compliance"
"Bulb, Corm, Rhizome, Tuberous Stem","El Salvador",FALSE,"Reference","foremost foliage","Low compliance"
"Bulb, Corm, Rhizome, Tuberous Stem","India",TRUE,"Reference","Reference","Medium compliance"
"Bulb, Corm, Rhizome, Tuberous Stem","India",TRUE,"Reference","bill moore and company","Poor compliance"
"Bulb, Corm, Rhizome, Tuberous Stem","India",TRUE,"Reference","fleurizon","Low compliance"
"Bulb, Corm, Rhizome, Tuberous Stem","India",TRUE,"TROPICA NURSERY","foremost foliage inc dba foremostco","Poor compliance"
"Bulb, Corm, Rhizome, Tuberous Stem","India",TRUE,"TROPICA NURSERY","fleurizon","Poor compliance"
"Bulb, Corm, Rhizome, Tuberous Stem","India",TRUE,"TROPICA NURSERY","bill moore and company","Poor compliance"
"Bulb, Corm, Rhizome, Tuberous Stem","India",TRUE,"Reference","foremost foliage inc dba foremostco","Low compliance"
"Bulb, Corm, Rhizome, Tuberous Stem","India",TRUE,"TROPICA NURSERY","express seed","Poor compliance"
"Bulb, Corm, Rhizome, Tuberous Stem","India",TRUE,"Reference","mchutchison","Medium compliance"
"Bulb, Corm, Rhizome, Tuberous Stem","India",TRUE,"TROPICA NURSERY","scott valentine","Poor compliance"
"Bulb, Corm, Rhizome, Tuberous Stem","India",TRUE,"Reference","costa farms","Low compliance"
"Bulb, Corm, Rhizome, Tuberous Stem","India",TRUE,"Reference","foremost foliage","Low compliance"
"Bulb, Corm, Rhizome, Tuberous Stem","India",TRUE,"Reference","express seed","Medium compliance"
"Bulb, Corm, Rhizome, Tuberous Stem","India",TRUE,"Reference","kurt weiss greenhouse","Low compliance"
"Bulb, Corm, Rhizome, Tuberous Stem","India",FALSE,"Reference","Reference","High compliance"
"Bulb, Corm, Rhizome, Tuberous Stem","India",FALSE,"Reference","bill moore and company","Low compliance"
"Bulb, Corm, Rhizome, Tuberous Stem","India",FALSE,"Reference","fleurizon","Low compliance"
"Bulb, Corm, Rhizome, Tuberous Stem","India",FALSE,"TROPICA NURSERY","foremost foliage inc dba foremostco","Low compliance"
"Bulb, Corm, Rhizome, Tuberous Stem","India",FALSE,"TROPICA NURSERY","fleurizon","Poor compliance"
"Bulb, Corm, Rhizome, Tuberous Stem","India",FALSE,"TROPICA NURSERY","bill moore and company","Poor compliance"
"Bulb, Corm, Rhizome, Tuberous Stem","India",FALSE,"Reference","foremost foliage inc dba foremostco","Medium compliance"
"Bulb, Corm, Rhizome, Tuberous Stem","India",FALSE,"TROPICA NURSERY","express seed","Low compliance"
"Bulb, Corm, Rhizome, Tuberous Stem","India",FALSE,"Reference","mchutchison","Medium compliance"
"Bulb, Corm, Rhizome, Tuberous Stem","India",FALSE,"TROPICA NURSERY","scott valentine","Medium compliance"
"Bulb, Corm, Rhizome, Tuberous Stem","India",FALSE,"Reference","costa farms","Medium compliance"
"Bulb, Corm, Rhizome, Tuberous Stem","India",FALSE,"Reference","foremost foliage","Medium compliance"
"Bulb, Corm, Rhizome, Tuberous Stem","India",FALSE,"Reference","express seed","Medium compliance"
"Bulb, Corm, Rhizome, Tuberous Stem","India",FALSE,"Reference","kurt weiss greenhouse","Medium compliance"
"Bulb, Corm, Rhizome, Tuberous Stem","Viet Nam",TRUE,"Reference","Reference","Medium compliance"
"Bulb, Corm, Rhizome, Tuberous Stem","Viet Nam",TRUE,"Reference","scott valentine","Poor compliance"
"Bulb, Corm, Rhizome, Tuberous Stem","Viet Nam",TRUE,"Reference","costa farms","Low compliance"
"Bulb, Corm, Rhizome, Tuberous Stem","Viet Nam",TRUE,"Reference","perfect choice","Poor compliance"
"Bulb, Corm, Rhizome, Tuberous Stem","Viet Nam",TRUE,"Reference","miyar intl brokerage","Poor compliance"
"Bulb, Corm, Rhizome, Tuberous Stem","Viet Nam",TRUE,"Reference","express seed","Low compliance"
"Bulb, Corm, Rhizome, Tuberous Stem","Viet Nam",TRUE,"Reference","missing","Poor compliance"
"Bulb, Corm, Rhizome, Tuberous Stem","Viet Nam",FALSE,"Reference","Reference","High compliance"
"Bulb, Corm, Rhizome, Tuberous Stem","Viet Nam",FALSE,"Reference","scott valentine","Medium compliance"
"Bulb, Corm, Rhizome, Tuberous Stem","Viet Nam",FALSE,"Reference","costa farms","Medium compliance"
"Bulb, Corm, Rhizome, Tuberous Stem","Viet Nam",FALSE,"Reference","perfect choice","Low compliance"
"Bulb, Corm, Rhizome, Tuberous Stem","Viet Nam",FALSE,"Reference","miyar intl brokerage","Poor compliance"
"Bulb, Corm, Rhizome, Tuberous Stem","Viet Nam",FALSE,"Reference","express seed","Medium compliance"
"Bulb, Corm, Rhizome, Tuberous Stem","Viet Nam",FALSE,"Reference","missing","Medium compliance"
"Bulb, Corm, Rhizome, Tuberous Stem","Guatemala",TRUE,"INVERSIONES AGROCOMERCIALE","Reference","Low compliance"
"Bulb, Corm, Rhizome, Tuberous Stem","Guatemala",TRUE,"IVAGRO SA","primaflora international lp","Low compliance"
"Bulb, Corm, Rhizome, Tuberous Stem","Guatemala",TRUE,"LA FLORESTA ORNAMENTALES","primaflora international lp","Poor compliance"
"Bulb, Corm, Rhizome, Tuberous Stem","Guatemala",TRUE,"Reference","Reference","Medium compliance"
"Bulb, Corm, Rhizome, Tuberous Stem","Guatemala",TRUE,"Reference","primaflora international lp","Medium compliance"
"Bulb, Corm, Rhizome, Tuberous Stem","Guatemala",TRUE,"QUELETZU SA","primaflora international lp","Low compliance"
"Bulb, Corm, Rhizome, Tuberous Stem","Guatemala",TRUE,"TUCAN EXPORT","primaflora international lp","Poor compliance"
"Bulb, Corm, Rhizome, Tuberous Stem","Guatemala",TRUE,"IVAGRO SA","Reference","Medium compliance"
"Bulb, Corm, Rhizome, Tuberous Stem","Guatemala",TRUE,"Reference","altman specialty plants","Poor compliance"
"Bulb, Corm, Rhizome, Tuberous Stem","Guatemala",TRUE,"Guatexotic","primaflora international lp","Low compliance"
"Bulb, Corm, Rhizome, Tuberous Stem","Guatemala",TRUE,"Reference","western cactus enterprises","Poor compliance"
"Bulb, Corm, Rhizome, Tuberous Stem","Guatemala",TRUE,"TUCAN EXPORT","Reference","Low compliance"
"Bulb, Corm, Rhizome, Tuberous Stem","Guatemala",TRUE,"IVAGRO SA","foremost foliage inc dba foremostco","Poor compliance"
"Bulb, Corm, Rhizome, Tuberous Stem","Guatemala",TRUE,"LA FLORESTA ORNAMENTALES","foremost foliage inc dba foremostco","Poor compliance"
"Bulb, Corm, Rhizome, Tuberous Stem","Guatemala",TRUE,"Reference","foremost foliage inc dba foremostco","Low compliance"
"Bulb, Corm, Rhizome, Tuberous Stem","Guatemala",TRUE,"IVAGRO SA","florica farmsinc","Poor compliance"
"Bulb, Corm, Rhizome, Tuberous Stem","Guatemala",TRUE,"LA FLORESTA ORNAMENTALES","south florida plant services","Poor compliance"
"Bulb, Corm, Rhizome, Tuberous Stem","Guatemala",TRUE,"Reference","south florida plant services","Poor compliance"
"Bulb, Corm, Rhizome, Tuberous Stem","Guatemala",TRUE,"Guatexotic","fb imports","Poor compliance"
"Bulb, Corm, Rhizome, Tuberous Stem","Guatemala",TRUE,"IVAGRO SA","fb imports","Poor compliance"
"Bulb, Corm, Rhizome, Tuberous Stem","Guatemala",TRUE,"Reference","fb imports","Poor compliance"
"Bulb, Corm, Rhizome, Tuberous Stem","Guatemala",TRUE,"INVERSIONES LUA SA","scott valentine","Poor compliance"
"Bulb, Corm, Rhizome, Tuberous Stem","Guatemala",TRUE,"Reference","costa farms","Low compliance"
"Bulb, Corm, Rhizome, Tuberous Stem","Guatemala",TRUE,"INVERSIONES LUA SA","costa farms","Poor compliance"
"Bulb, Corm, Rhizome, Tuberous Stem","Guatemala",TRUE,"TUCAN EXPORT","b c amp f brokerage","Poor compliance"
"Bulb, Corm, Rhizome, Tuberous Stem","Guatemala",TRUE,"PLANTEXPO","jurakan usainc","Low compliance"
"Bulb, Corm, Rhizome, Tuberous Stem","Guatemala",TRUE,"Reference","foremost foliage","Poor compliance"
"Bulb, Corm, Rhizome, Tuberous Stem","Guatemala",TRUE,"AGRO KOMPASS S A","foremost foliage","Poor compliance"
"Bulb, Corm, Rhizome, Tuberous Stem","Guatemala",TRUE,"IVAGRO SA","foremost foliage","Poor compliance"
"Bulb, Corm, Rhizome, Tuberous Stem","Guatemala",TRUE,"QUELETZU SA","foremost foliage","Poor compliance"
"Bulb, Corm, Rhizome, Tuberous Stem","Guatemala",TRUE,"Los Pinos Poptum","foremost foliage","Poor compliance"
"Bulb, Corm, Rhizome, Tuberous Stem","Guatemala",TRUE,"AGRO KOMPASS S A","jurakan usainc","Low compliance"
"Bulb, Corm, Rhizome, Tuberous Stem","Guatemala",TRUE,"LA FLORESTA ORNAMENTALES","costa farms","Poor compliance"
"Bulb, Corm, Rhizome, Tuberous Stem","Guatemala",TRUE,"LA FLORESTA ORNAMENTALES","florica farmsinc","Poor compliance"
"Bulb, Corm, Rhizome, Tuberous Stem","Guatemala",TRUE,"IVAGRO SA","south florida plant services","Poor compliance"
"Bulb, Corm, Rhizome, Tuberous Stem","Guatemala",TRUE,"IVAGRO SA","plant exports","Poor compliance"
"Bulb, Corm, Rhizome, Tuberous Stem","Guatemala",TRUE,"Guatexotic","Reference","Low compliance"
"Bulb, Corm, Rhizome, Tuberous Stem","Guatemala",TRUE,"Plant Investments","scott valentine","Poor compliance"
"Bulb, Corm, Rhizome, Tuberous Stem","Guatemala",TRUE,"Reference","fleurizon","Poor compliance"
"Bulb, Corm, Rhizome, Tuberous Stem","Guatemala",TRUE,"Reference","russells bromelaids","Poor compliance"
"Bulb, Corm, Rhizome, Tuberous Stem","Guatemala",TRUE,"TUCAN EXPORT","russells bromelaids","Poor compliance"
"Bulb, Corm, Rhizome, Tuberous Stem","Guatemala",TRUE,"Reference","florica farmsinc","Poor compliance"
"Bulb, Corm, Rhizome, Tuberous Stem","Guatemala",TRUE,"Corporacion Bonanza","florica farmsinc","Poor compliance"
"Bulb, Corm, Rhizome, Tuberous Stem","Guatemala",TRUE,"Los Pinos Poptum","foremost foliage inc dba foremostco","Poor compliance"
"Bulb, Corm, Rhizome, Tuberous Stem","Guatemala",TRUE,"QUELETZU SA","foremost foliage inc dba foremostco","Poor compliance"
"Bulb, Corm, Rhizome, Tuberous Stem","Guatemala",TRUE,"LA FLORESTA ORNAMENTALES","Reference","Poor compliance"
"Bulb, Corm, Rhizome, Tuberous Stem","Guatemala",TRUE,"Corporacion Bonanza","costa farms","Poor compliance"
"Bulb, Corm, Rhizome, Tuberous Stem","Guatemala",TRUE,"Reference","jurakan usainc","Low compliance"
"Bulb, Corm, Rhizome, Tuberous Stem","Guatemala",TRUE,"Corporacion Bonanza","Reference","Low compliance"
"Bulb, Corm, Rhizome, Tuberous Stem","Guatemala",TRUE,"Los Pinos Poptum","plant exports","Poor compliance"
"Bulb, Corm, Rhizome, Tuberous Stem","Guatemala",TRUE,"Plant Investments","express seed","Poor compliance"
"Bulb, Corm, Rhizome, Tuberous Stem","Guatemala",TRUE,"TUCAN EXPORT","fb imports","Poor compliance"
"Bulb, Corm, Rhizome, Tuberous Stem","Guatemala",TRUE,"Plant Investments","mchutchison","Poor compliance"
"Bulb, Corm, Rhizome, Tuberous Stem","Guatemala",TRUE,"Reference","dockside management","Low compliance"
"Bulb, Corm, Rhizome, Tuberous Stem","Guatemala",TRUE,"INVERSIONES LUA SA","plant exports","Poor compliance"
"Bulb, Corm, Rhizome, Tuberous Stem","Guatemala",TRUE,"Plant Investments","foremost foliage inc dba foremostco","Poor compliance"
"Bulb, Corm, Rhizome, Tuberous Stem","Guatemala",TRUE,"INVERSIONES AGROCOMERCIALE","fb imports","Poor compliance"
"Bulb, Corm, Rhizome, Tuberous Stem","Guatemala",TRUE,"Reference","plant exports","Poor compliance"
"Bulb, Corm, Rhizome, Tuberous Stem","Guatemala",TRUE,"INVERSIONES LUA SA","Reference","Low compliance"
"Bulb, Corm, Rhizome, Tuberous Stem","Guatemala",TRUE,"LA FLORESTA ORNAMENTALES","mchutchison","Poor compliance"
"Bulb, Corm, Rhizome, Tuberous Stem","Guatemala",TRUE,"QUELETZU SA","Reference","Medium compliance"
"Bulb, Corm, Rhizome, Tuberous Stem","Guatemala",TRUE,"COSTA","costa farms","Poor compliance"
"Bulb, Corm, Rhizome, Tuberous Stem","Guatemala",TRUE,"Los Pinos Poptum","Reference","Low compliance"
"Bulb, Corm, Rhizome, Tuberous Stem","Guatemala",TRUE,"QUELETZU SA","south florida plant services","Poor compliance"
"Bulb, Corm, Rhizome, Tuberous Stem","Guatemala",TRUE,"Reference","ds cole growers","Low compliance"
"Bulb, Corm, Rhizome, Tuberous Stem","Guatemala",TRUE,"IVAGRO SA","scott valentine","Poor compliance"
"Bulb, Corm, Rhizome, Tuberous Stem","Guatemala",TRUE,"PRODUCTOS EL MAPACHE DE ALAJUELA","plant exports","Poor compliance"
"Bulb, Corm, Rhizome, Tuberous Stem","Guatemala",TRUE,"QUELETZU SA","fb imports","Poor compliance"
"Bulb, Corm, Rhizome, Tuberous Stem","Guatemala",TRUE,"Reference","mchutchison","Low compliance"
"Bulb, Corm, Rhizome, Tuberous Stem","Guatemala",TRUE,"INVERSIONES AGROCOMERCIALE","foremost foliage inc dba foremostco","Poor compliance"
"Bulb, Corm, Rhizome, Tuberous Stem","Guatemala",TRUE,"LA FLORESTA ORNAMENTALES","plant exports","Poor compliance"
"Bulb, Corm, Rhizome, Tuberous Stem","Guatemala",TRUE,"IVAGRO SA","costa farms","Low compliance"
"Bulb, Corm, Rhizome, Tuberous Stem","Guatemala",TRUE,"Reference","aura botanical","Poor compliance"
"Bulb, Corm, Rhizome, Tuberous Stem","Guatemala",TRUE,"INVERSIONES AGROCOMERCIALE","costa farms","Poor compliance"
"Bulb, Corm, Rhizome, Tuberous Stem","Guatemala",TRUE,"Guatexotic","foremost foliage inc dba foremostco","Poor compliance"
"Bulb, Corm, Rhizome, Tuberous Stem","Guatemala",TRUE,"AGRO KOMPASS S A","foremost foliage inc dba foremostco","Poor compliance"
"Bulb, Corm, Rhizome, Tuberous Stem","Guatemala",TRUE,"LA FLORESTA ORNAMENTALES","foremost foliage","Poor compliance"
"Bulb, Corm, Rhizome, Tuberous Stem","Guatemala",TRUE,"QUELETZU SA","florica farmsinc","Poor compliance"
"Bulb, Corm, Rhizome, Tuberous Stem","Guatemala",TRUE,"Guatexotic","costa farms","Poor compliance"
"Bulb, Corm, Rhizome, Tuberous Stem","Guatemala",TRUE,"INVERSIONES LUA SA","fb imports","Poor compliance"
"Bulb, Corm, Rhizome, Tuberous Stem","Guatemala",TRUE,"INVERSIONES AGROCOMERCIALE","florica farmsinc","Poor compliance"
"Bulb, Corm, Rhizome, Tuberous Stem","Guatemala",TRUE,"Reference","express seed","Low compliance"
"Bulb, Corm, Rhizome, Tuberous Stem","Guatemala",TRUE,"INVERSIONES AGROCOMERCIALE","foremost foliage","Poor compliance"
"Bulb, Corm, Rhizome, Tuberous Stem","Guatemala",TRUE,"CERCA DEL PARAISO SA","Reference","Poor compliance"
"Bulb, Corm, Rhizome, Tuberous Stem","Guatemala",TRUE,"IVAGRO SA","express seed","Low compliance"
"Bulb, Corm, Rhizome, Tuberous Stem","Guatemala",TRUE,"INVERSIONES LUA SA","express seed","Poor compliance"
"Bulb, Corm, Rhizome, Tuberous Stem","Guatemala",TRUE,"Plant Investments","florica farmsinc","Poor compliance"
"Bulb, Corm, Rhizome, Tuberous Stem","Guatemala",TRUE,"Reference","scott valentine","Poor compliance"
"Bulb, Corm, Rhizome, Tuberous Stem","Guatemala",TRUE,"Reference","missing","Poor compliance"
"Bulb, Corm, Rhizome, Tuberous Stem","Guatemala",FALSE,"INVERSIONES AGROCOMERCIALE","Reference","Medium compliance"
"Bulb, Corm, Rhizome, Tuberous Stem","Guatemala",FALSE,"IVAGRO SA","primaflora international lp","Medium compliance"
"Bulb, Corm, Rhizome, Tuberous Stem","Guatemala",FALSE,"LA FLORESTA ORNAMENTALES","primaflora international lp","Medium compliance"
"Bulb, Corm, Rhizome, Tuberous Stem","Guatemala",FALSE,"Reference","Reference","High compliance"
"Bulb, Corm, Rhizome, Tuberous Stem","Guatemala",FALSE,"Reference","primaflora international lp","Medium compliance"
"Bulb, Corm, Rhizome, Tuberous Stem","Guatemala",FALSE,"QUELETZU SA","primaflora international lp","Medium compliance"
"Bulb, Corm, Rhizome, Tuberous Stem","Guatemala",FALSE,"TUCAN EXPORT","primaflora international lp","Medium compliance"
"Bulb, Corm, Rhizome, Tuberous Stem","Guatemala",FALSE,"IVAGRO SA","Reference","High compliance"
"Bulb, Corm, Rhizome, Tuberous Stem","Guatemala",FALSE,"Reference","altman specialty plants","Low compliance"
"Bulb, Corm, Rhizome, Tuberous Stem","Guatemala",FALSE,"Guatexotic","primaflora international lp","Medium compliance"
"Bulb, Corm, Rhizome, Tuberous Stem","Guatemala",FALSE,"Reference","western cactus enterprises","Medium compliance"
"Bulb, Corm, Rhizome, Tuberous Stem","Guatemala",FALSE,"TUCAN EXPORT","Reference","Medium compliance"
"Bulb, Corm, Rhizome, Tuberous Stem","Guatemala",FALSE,"IVAGRO SA","foremost foliage inc dba foremostco","Low compliance"
"Bulb, Corm, Rhizome, Tuberous Stem","Guatemala",FALSE,"LA FLORESTA ORNAMENTALES","foremost foliage inc dba foremostco","Low compliance"
"Bulb, Corm, Rhizome, Tuberous Stem","Guatemala",FALSE,"Reference","foremost foliage inc dba foremostco","Low compliance"
"Bulb, Corm, Rhizome, Tuberous Stem","Guatemala",FALSE,"IVAGRO SA","florica farmsinc","Low compliance"
"Bulb, Corm, Rhizome, Tuberous Stem","Guatemala",FALSE,"LA FLORESTA ORNAMENTALES","south florida plant services","Low compliance"
"Bulb, Corm, Rhizome, Tuberous Stem","Guatemala",FALSE,"Reference","south florida plant services","Medium compliance"
"Bulb, Corm, Rhizome, Tuberous Stem","Guatemala",FALSE,"Guatexotic","fb imports","Low compliance"
"Bulb, Corm, Rhizome, Tuberous Stem","Guatemala",FALSE,"IVAGRO SA","fb imports","Poor compliance"
"Bulb, Corm, Rhizome, Tuberous Stem","Guatemala",FALSE,"Reference","fb imports","Poor compliance"
"Bulb, Corm, Rhizome, Tuberous Stem","Guatemala",FALSE,"INVERSIONES LUA SA","scott valentine","Low compliance"
"Bulb, Corm, Rhizome, Tuberous Stem","Guatemala",FALSE,"Reference","costa farms","Medium compliance"
"Bulb, Corm, Rhizome, Tuberous Stem","Guatemala",FALSE,"INVERSIONES LUA SA","costa farms","Medium compliance"
"Bulb, Corm, Rhizome, Tuberous Stem","Guatemala",FALSE,"TUCAN EXPORT","b c amp f brokerage","Low compliance"
"Bulb, Corm, Rhizome, Tuberous Stem","Guatemala",FALSE,"PLANTEXPO","jurakan usainc","Medium compliance"
"Bulb, Corm, Rhizome, Tuberous Stem","Guatemala",FALSE,"Reference","foremost foliage","Low compliance"
"Bulb, Corm, Rhizome, Tuberous Stem","Guatemala",FALSE,"AGRO KOMPASS S A","foremost foliage","Low compliance"
"Bulb, Corm, Rhizome, Tuberous Stem","Guatemala",FALSE,"IVAGRO SA","foremost foliage","Low compliance"
"Bulb, Corm, Rhizome, Tuberous Stem","Guatemala",FALSE,"QUELETZU SA","foremost foliage","Low compliance"
"Bulb, Corm, Rhizome, Tuberous Stem","Guatemala",FALSE,"Los Pinos Poptum","foremost foliage","Low compliance"
"Bulb, Corm, Rhizome, Tuberous Stem","Guatemala",FALSE,"AGRO KOMPASS S A","jurakan usainc","Medium compliance"
"Bulb, Corm, Rhizome, Tuberous Stem","Guatemala",FALSE,"LA FLORESTA ORNAMENTALES","costa farms","Low compliance"
"Bulb, Corm, Rhizome, Tuberous Stem","Guatemala",FALSE,"LA FLORESTA ORNAMENTALES","florica farmsinc","Poor compliance"
"Bulb, Corm, Rhizome, Tuberous Stem","Guatemala",FALSE,"IVAGRO SA","south florida plant services","Medium compliance"
"Bulb, Corm, Rhizome, Tuberous Stem","Guatemala",FALSE,"IVAGRO SA","plant exports","Low compliance"
"Bulb, Corm, Rhizome, Tuberous Stem","Guatemala",FALSE,"Guatexotic","Reference","Medium compliance"
"Bulb, Corm, Rhizome, Tuberous Stem","Guatemala",FALSE,"Plant Investments","scott valentine","Low compliance"
"Bulb, Corm, Rhizome, Tuberous Stem","Guatemala",FALSE,"Reference","fleurizon","Poor compliance"
"Bulb, Corm, Rhizome, Tuberous Stem","Guatemala",FALSE,"Reference","russells bromelaids","Poor compliance"
"Bulb, Corm, Rhizome, Tuberous Stem","Guatemala",FALSE,"TUCAN EXPORT","russells bromelaids","Poor compliance"
"Bulb, Corm, Rhizome, Tuberous Stem","Guatemala",FALSE,"Reference","florica farmsinc","Low compliance"
"Bulb, Corm, Rhizome, Tuberous Stem","Guatemala",FALSE,"Corporacion Bonanza","florica farmsinc","Poor compliance"
"Bulb, Corm, Rhizome, Tuberous Stem","Guatemala",FALSE,"Los Pinos Poptum","foremost foliage inc dba foremostco","Low compliance"
"Bulb, Corm, Rhizome, Tuberous Stem","Guatemala",FALSE,"QUELETZU SA","foremost foliage inc dba foremostco","Low compliance"
"Bulb, Corm, Rhizome, Tuberous Stem","Guatemala",FALSE,"LA FLORESTA ORNAMENTALES","Reference","Medium compliance"
"Bulb, Corm, Rhizome, Tuberous Stem","Guatemala",FALSE,"Corporacion Bonanza","costa farms","Low compliance"
"Bulb, Corm, Rhizome, Tuberous Stem","Guatemala",FALSE,"Reference","jurakan usainc","Medium compliance"
"Bulb, Corm, Rhizome, Tuberous Stem","Guatemala",FALSE,"Corporacion Bonanza","Reference","Medium compliance"
"Bulb, Corm, Rhizome, Tuberous Stem","Guatemala",FALSE,"Los Pinos Poptum","plant exports","Poor compliance"
"Bulb, Corm, Rhizome, Tuberous Stem","Guatemala",FALSE,"Plant Investments","express seed","Poor compliance"
"Bulb, Corm, Rhizome, Tuberous Stem","Guatemala",FALSE,"TUCAN EXPORT","fb imports","Poor compliance"
"Bulb, Corm, Rhizome, Tuberous Stem","Guatemala",FALSE,"Plant Investments","mchutchison","Low compliance"
"Bulb, Corm, Rhizome, Tuberous Stem","Guatemala",FALSE,"Reference","dockside management","Medium compliance"
"Bulb, Corm, Rhizome, Tuberous Stem","Guatemala",FALSE,"INVERSIONES LUA SA","plant exports","Poor compliance"
"Bulb, Corm, Rhizome, Tuberous Stem","Guatemala",FALSE,"Plant Investments","foremost foliage inc dba foremostco","Poor compliance"
"Bulb, Corm, Rhizome, Tuberous Stem","Guatemala",FALSE,"INVERSIONES AGROCOMERCIALE","fb imports","Poor compliance"
"Bulb, Corm, Rhizome, Tuberous Stem","Guatemala",FALSE,"Reference","plant exports","Low compliance"
"Bulb, Corm, Rhizome, Tuberous Stem","Guatemala",FALSE,"INVERSIONES LUA SA","Reference","Medium compliance"
"Bulb, Corm, Rhizome, Tuberous Stem","Guatemala",FALSE,"LA FLORESTA ORNAMENTALES","mchutchison","Low compliance"
"Bulb, Corm, Rhizome, Tuberous Stem","Guatemala",FALSE,"QUELETZU SA","Reference","Medium compliance"
"Bulb, Corm, Rhizome, Tuberous Stem","Guatemala",FALSE,"COSTA","costa farms","Medium compliance"
"Bulb, Corm, Rhizome, Tuberous Stem","Guatemala",FALSE,"Los Pinos Poptum","Reference","Medium compliance"
"Bulb, Corm, Rhizome, Tuberous Stem","Guatemala",FALSE,"QUELETZU SA","south florida plant services","Medium compliance"
"Bulb, Corm, Rhizome, Tuberous Stem","Guatemala",FALSE,"Reference","ds cole growers","Medium compliance"
"Bulb, Corm, Rhizome, Tuberous Stem","Guatemala",FALSE,"IVAGRO SA","scott valentine","Medium compliance"
"Bulb, Corm, Rhizome, Tuberous Stem","Guatemala",FALSE,"PRODUCTOS EL MAPACHE DE ALAJUELA","plant exports","Poor compliance"
"Bulb, Corm, Rhizome, Tuberous Stem","Guatemala",FALSE,"QUELETZU SA","fb imports","Poor compliance"
"Bulb, Corm, Rhizome, Tuberous Stem","Guatemala",FALSE,"Reference","mchutchison","Medium compliance"
"Bulb, Corm, Rhizome, Tuberous Stem","Guatemala",FALSE,"INVERSIONES AGROCOMERCIALE","foremost foliage inc dba foremostco","Low compliance"
"Bulb, Corm, Rhizome, Tuberous Stem","Guatemala",FALSE,"LA FLORESTA ORNAMENTALES","plant exports","Poor compliance"
"Bulb, Corm, Rhizome, Tuberous Stem","Guatemala",FALSE,"IVAGRO SA","costa farms","Medium compliance"
"Bulb, Corm, Rhizome, Tuberous Stem","Guatemala",FALSE,"Reference","aura botanical","Medium compliance"
"Bulb, Corm, Rhizome, Tuberous Stem","Guatemala",FALSE,"INVERSIONES AGROCOMERCIALE","costa farms","Medium compliance"
"Bulb, Corm, Rhizome, Tuberous Stem","Guatemala",FALSE,"Guatexotic","foremost foliage inc dba foremostco","Medium compliance"
"Bulb, Corm, Rhizome, Tuberous Stem","Guatemala",FALSE,"AGRO KOMPASS S A","foremost foliage inc dba foremostco","Low compliance"
"Bulb, Corm, Rhizome, Tuberous Stem","Guatemala",FALSE,"LA FLORESTA ORNAMENTALES","foremost foliage","Poor compliance"
"Bulb, Corm, Rhizome, Tuberous Stem","Guatemala",FALSE,"QUELETZU SA","florica farmsinc","Low compliance"
"Bulb, Corm, Rhizome, Tuberous Stem","Guatemala",FALSE,"Guatexotic","costa farms","Medium compliance"
"Bulb, Corm, Rhizome, Tuberous Stem","Guatemala",FALSE,"INVERSIONES LUA SA","fb imports","Poor compliance"
"Bulb, Corm, Rhizome, Tuberous Stem","Guatemala",FALSE,"INVERSIONES AGROCOMERCIALE","florica farmsinc","Low compliance"
"Bulb, Corm, Rhizome, Tuberous Stem","Guatemala",FALSE,"Reference","express seed","Medium compliance"
"Bulb, Corm, Rhizome, Tuberous Stem","Guatemala",FALSE,"INVERSIONES AGROCOMERCIALE","foremost foliage","Low compliance"
"Bulb, Corm, Rhizome, Tuberous Stem","Guatemala",FALSE,"CERCA DEL PARAISO SA","Reference","Medium compliance"
"Bulb, Corm, Rhizome, Tuberous Stem","Guatemala",FALSE,"IVAGRO SA","express seed","Medium compliance"
"Bulb, Corm, Rhizome, Tuberous Stem","Guatemala",FALSE,"INVERSIONES LUA SA","express seed","Low compliance"
"Bulb, Corm, Rhizome, Tuberous Stem","Guatemala",FALSE,"Plant Investments","florica farmsinc","Poor compliance"
"Bulb, Corm, Rhizome, Tuberous Stem","Guatemala",FALSE,"Reference","scott valentine","Medium compliance"
"Bulb, Corm, Rhizome, Tuberous Stem","Guatemala",FALSE,"Reference","missing","Medium compliance"
"Bulb, Corm, Rhizome, Tuberous Stem","Sri Lanka",TRUE,"Reference","Reference","Medium compliance"
"Bulb, Corm, Rhizome, Tuberous Stem","Sri Lanka",TRUE,"Reference","complete aquatic systems","Low compliance"
"Bulb, Corm, Rhizome, Tuberous Stem","Sri Lanka",TRUE,"Reference","costa farms","Low compliance"
"Bulb, Corm, Rhizome, Tuberous Stem","Sri Lanka",TRUE,"Reference","fleurizon","Poor compliance"
"Bulb, Corm, Rhizome, Tuberous Stem","Sri Lanka",TRUE,"Reference","mchutchison","Low compliance"
"Bulb, Corm, Rhizome, Tuberous Stem","Sri Lanka",TRUE,"Reference","biostok","Poor compliance"
"Bulb, Corm, Rhizome, Tuberous Stem","Sri Lanka",TRUE,"Reference","green thumb marketing","Poor compliance"
"Bulb, Corm, Rhizome, Tuberous Stem","Sri Lanka",FALSE,"Reference","Reference","Medium compliance"
"Bulb, Corm, Rhizome, Tuberous Stem","Sri Lanka",FALSE,"Reference","complete aquatic systems","Medium compliance"
"Bulb, Corm, Rhizome, Tuberous Stem","Sri Lanka",FALSE,"Reference","costa farms","Medium compliance"
"Bulb, Corm, Rhizome, Tuberous Stem","Sri Lanka",FALSE,"Reference","fleurizon","Poor compliance"
"Bulb, Corm, Rhizome, Tuberous Stem","Sri Lanka",FALSE,"Reference","mchutchison","Medium compliance"
"Bulb, Corm, Rhizome, Tuberous Stem","Sri Lanka",FALSE,"Reference","biostok","Poor compliance"
"Bulb, Corm, Rhizome, Tuberous Stem","Sri Lanka",FALSE,"Reference","green thumb marketing","Low compliance"
"Bulb, Corm, Rhizome, Tuberous Stem","Netherlands",TRUE,"Reference","Reference","Medium compliance"
"Bulb, Corm, Rhizome, Tuberous Stem","Netherlands",TRUE,"Reference","primaflora international lp","Medium compliance"
"Bulb, Corm, Rhizome, Tuberous Stem","Netherlands",TRUE,"Reference","united plant growers","Poor compliance"
"Bulb, Corm, Rhizome, Tuberous Stem","Netherlands",TRUE,"Reference","scott valentine","Poor compliance"
"Bulb, Corm, Rhizome, Tuberous Stem","Netherlands",TRUE,"Reference","express seed","Low compliance"
"Bulb, Corm, Rhizome, Tuberous Stem","Netherlands",TRUE,"Reference","western cactus enterprises","Poor compliance"
"Bulb, Corm, Rhizome, Tuberous Stem","Netherlands",TRUE,"Reference","foremost foliage inc dba foremostco","Low compliance"
"Bulb, Corm, Rhizome, Tuberous Stem","Netherlands",TRUE,"Reference","ds cole growers","Low compliance"
"Bulb, Corm, Rhizome, Tuberous Stem","Netherlands",TRUE,"Reference","fleurizon","Poor compliance"
"Bulb, Corm, Rhizome, Tuberous Stem","Netherlands",TRUE,"Reference","costa farms","Low compliance"
"Bulb, Corm, Rhizome, Tuberous Stem","Netherlands",TRUE,"Reference","biostok","Poor compliance"
"Bulb, Corm, Rhizome, Tuberous Stem","Netherlands",TRUE,"Reference","gubler orchids","Poor compliance"
"Bulb, Corm, Rhizome, Tuberous Stem","Netherlands",TRUE,"Reference","b c amp f brokerage","Poor compliance"
"Bulb, Corm, Rhizome, Tuberous Stem","Netherlands",TRUE,"Reference","foremost foliage","Poor compliance"
"Bulb, Corm, Rhizome, Tuberous Stem","Netherlands",TRUE,"Reference","green plant cuttings usa","Low compliance"
"Bulb, Corm, Rhizome, Tuberous Stem","Netherlands",TRUE,"Reference","omega customs brokers","Poor compliance"
"Bulb, Corm, Rhizome, Tuberous Stem","Netherlands",TRUE,"Reference","missing","Poor compliance"
"Bulb, Corm, Rhizome, Tuberous Stem","Netherlands",TRUE,"Reference","bill moore and company","Poor compliance"
"Bulb, Corm, Rhizome, Tuberous Stem","Netherlands",TRUE,"Reference","altman specialty plants","Poor compliance"
"Bulb, Corm, Rhizome, Tuberous Stem","Netherlands",TRUE,"Reference","mchutchison","Low compliance"
"Bulb, Corm, Rhizome, Tuberous Stem","Netherlands",TRUE,"Reference","kurt weiss greenhouse","Low compliance"
"Bulb, Corm, Rhizome, Tuberous Stem","Netherlands",FALSE,"Reference","Reference","High compliance"
"Bulb, Corm, Rhizome, Tuberous Stem","Netherlands",FALSE,"Reference","primaflora international lp","Medium compliance"
"Bulb, Corm, Rhizome, Tuberous Stem","Netherlands",FALSE,"Reference","united plant growers","Medium compliance"
"Bulb, Corm, Rhizome, Tuberous Stem","Netherlands",FALSE,"Reference","scott valentine","Medium compliance"
"Bulb, Corm, Rhizome, Tuberous Stem","Netherlands",FALSE,"Reference","express seed","Medium compliance"
"Bulb, Corm, Rhizome, Tuberous Stem","Netherlands",FALSE,"Reference","western cactus enterprises","Medium compliance"
"Bulb, Corm, Rhizome, Tuberous Stem","Netherlands",FALSE,"Reference","foremost foliage inc dba foremostco","Medium compliance"
"Bulb, Corm, Rhizome, Tuberous Stem","Netherlands",FALSE,"Reference","ds cole growers","Medium compliance"
"Bulb, Corm, Rhizome, Tuberous Stem","Netherlands",FALSE,"Reference","fleurizon","Low compliance"
"Bulb, Corm, Rhizome, Tuberous Stem","Netherlands",FALSE,"Reference","costa farms","Medium compliance"
"Bulb, Corm, Rhizome, Tuberous Stem","Netherlands",FALSE,"Reference","biostok","Low compliance"
"Bulb, Corm, Rhizome, Tuberous Stem","Netherlands",FALSE,"Reference","gubler orchids","Low compliance"
"Bulb, Corm, Rhizome, Tuberous Stem","Netherlands",FALSE,"Reference","b c amp f brokerage","Medium compliance"
"Bulb, Corm, Rhizome, Tuberous Stem","Netherlands",FALSE,"Reference","foremost foliage","Low compliance"
"Bulb, Corm, Rhizome, Tuberous Stem","Netherlands",FALSE,"Reference","green plant cuttings usa","Medium compliance"
"Bulb, Corm, Rhizome, Tuberous Stem","Netherlands",FALSE,"Reference","omega customs brokers","Low compliance"
"Bulb, Corm, Rhizome, Tuberous Stem","Netherlands",FALSE,"Reference","missing","Medium compliance"
"Bulb, Corm, Rhizome, Tuberous Stem","Netherlands",FALSE,"Reference","bill moore and company","Low compliance"
"Bulb, Corm, Rhizome, Tuberous Stem","Netherlands",FALSE,"Reference","altman specialty plants","Medium compliance"
"Bulb, Corm, Rhizome, Tuberous Stem","Netherlands",FALSE,"Reference","mchutchison","Medium compliance"
"Bulb, Corm, Rhizome, Tuberous Stem","Netherlands",FALSE,"Reference","kurt weiss greenhouse","Medium compliance"
"Bulb, Corm, Rhizome, Tuberous Stem","Costa Rica",TRUE,"TURRIPLANTAS SA","primaflora international lp","Poor compliance"
"Bulb, Corm, Rhizome, Tuberous Stem","Costa Rica",TRUE,"PRODUCTOS EL MAPACHE DE ALAJUELA","primaflora international lp","Poor compliance"
"Bulb, Corm, Rhizome, Tuberous Stem","Costa Rica",TRUE,"Reference","primaflora international lp","Low compliance"
"Bulb, Corm, Rhizome, Tuberous Stem","Costa Rica",TRUE,"PREMIUM PLANTS SA","primaflora international lp","Low compliance"
"Bulb, Corm, Rhizome, Tuberous Stem","Costa Rica",TRUE,"Reference","express seed","Low compliance"
"Bulb, Corm, Rhizome, Tuberous Stem","Costa Rica",TRUE,"PREMIUM ORNAMENTALES","primaflora international lp","Low compliance"
"Bulb, Corm, Rhizome, Tuberous Stem","Costa Rica",TRUE,"Reference","Reference","Medium compliance"
"Bulb, Corm, Rhizome, Tuberous Stem","Costa Rica",TRUE,"ORNAMENTALES SAPO VERDE 801","foremost foliage","Poor compliance"
"Bulb, Corm, Rhizome, Tuberous Stem","Costa Rica",TRUE,"antho ornamentales1-7","express seed","Poor compliance"
"Bulb, Corm, Rhizome, Tuberous Stem","Costa Rica",TRUE,"Reference","south florida plant services","Poor compliance"
"Bulb, Corm, Rhizome, Tuberous Stem","Costa Rica",TRUE,"TURRIPLANTAS SA","south florida plant services","Poor compliance"
"Bulb, Corm, Rhizome, Tuberous Stem","Costa Rica",TRUE,"antho ornamentales1-7","florica farmsinc","Poor compliance"
"Bulb, Corm, Rhizome, Tuberous Stem","Costa Rica",TRUE,"Reference","costa farms","Poor compliance"
"Bulb, Corm, Rhizome, Tuberous Stem","Costa Rica",TRUE,"Reference","foremost foliage","Poor compliance"
"Bulb, Corm, Rhizome, Tuberous Stem","Costa Rica",TRUE,"ZACATE ORNAMENTAL Y DECORATIVO","foremost foliage","Poor compliance"
"Bulb, Corm, Rhizome, Tuberous Stem","Costa Rica",TRUE,"TURRIPLANTAS SA","excelente foliage incorporated","Poor compliance"
"Bulb, Corm, Rhizome, Tuberous Stem","Costa Rica",TRUE,"PREMIUM ORNAMENTALES","kurt weiss greenhouse","Low compliance"
"Bulb, Corm, Rhizome, Tuberous Stem","Costa Rica",TRUE,"Reference","caribbean growers supply","Poor compliance"
"Bulb, Corm, Rhizome, Tuberous Stem","Costa Rica",TRUE,"Reference","fleurizon","Poor compliance"
"Bulb, Corm, Rhizome, Tuberous Stem","Costa Rica",TRUE,"COOPEINDIA  R.L.","costa farms","Poor compliance"
"Bulb, Corm, Rhizome, Tuberous Stem","Costa Rica",TRUE,"ORNAMENTALES SAPO VERDE 801","foremost foliage inc dba foremostco","Poor compliance"
"Bulb, Corm, Rhizome, Tuberous Stem","Costa Rica",TRUE,"Reference","foremost foliage inc dba foremostco","Poor compliance"
"Bulb, Corm, Rhizome, Tuberous Stem","Costa Rica",TRUE,"PRIMEROS EN FOLLAJE SA BOX#201","foremost foliage inc dba foremostco","Poor compliance"
"Bulb, Corm, Rhizome, Tuberous Stem","Costa Rica",TRUE,"COOPEINDIA  R.L.","foremost foliage","Poor compliance"
"Bulb, Corm, Rhizome, Tuberous Stem","Costa Rica",TRUE,"GEOAGRO DE COSTA RICA","Reference","Medium compliance"
"Bulb, Corm, Rhizome, Tuberous Stem","Costa Rica",TRUE,"SAPO VERDE 900","foremost foliage","Poor compliance"
"Bulb, Corm, Rhizome, Tuberous Stem","Costa Rica",TRUE,"MICRO PLANTAS","foremost foliage","Poor compliance"
"Bulb, Corm, Rhizome, Tuberous Stem","Costa Rica",TRUE,"PRIMEROS EN FOLLAJE SA BOX#201","foremost foliage","Poor compliance"
"Bulb, Corm, Rhizome, Tuberous Stem","Costa Rica",TRUE,"MICRO PLANTAS","costa farms","Poor compliance"
"Bulb, Corm, Rhizome, Tuberous Stem","Costa Rica",TRUE,"ZACATE ORNAMENTAL Y DECORATIVO","bay cove group","Poor compliance"
"Bulb, Corm, Rhizome, Tuberous Stem","Costa Rica",TRUE,"PREMIUM ORNAMENTALES","florica farmsinc","Poor compliance"
"Bulb, Corm, Rhizome, Tuberous Stem","Costa Rica",TRUE,"Reference","scott valentine","Poor compliance"
"Bulb, Corm, Rhizome, Tuberous Stem","Costa Rica",TRUE,"Reference","b c amp f brokerage","Poor compliance"
"Bulb, Corm, Rhizome, Tuberous Stem","Costa Rica",TRUE,"Reference","dockside management","Poor compliance"
"Bulb, Corm, Rhizome, Tuberous Stem","Costa Rica",TRUE,"SAPO VERDE 900","foremost foliage inc dba foremostco","Poor compliance"
"Bulb, Corm, Rhizome, Tuberous Stem","Costa Rica",TRUE,"Reference","green tropical plants","Poor compliance"
"Bulb, Corm, Rhizome, Tuberous Stem","Costa Rica",TRUE,"COOPEINDIA  R.L.","fb imports","Poor compliance"
"Bulb, Corm, Rhizome, Tuberous Stem","Costa Rica",TRUE,"GEOAGRO DE COSTA RICA","fb imports","Poor compliance"
"Bulb, Corm, Rhizome, Tuberous Stem","Costa Rica",TRUE,"Reference","fb imports","Poor compliance"
"Bulb, Corm, Rhizome, Tuberous Stem","Costa Rica",TRUE,"CERCA DEL PARAISO SA","b c amp f brokerage","Poor compliance"
"Bulb, Corm, Rhizome, Tuberous Stem","Costa Rica",TRUE,"Reference","aura botanical","Poor compliance"
"Bulb, Corm, Rhizome, Tuberous Stem","Costa Rica",TRUE,"CERCA DEL PARAISO SA","aura botanical","Poor compliance"
"Bulb, Corm, Rhizome, Tuberous Stem","Costa Rica",TRUE,"GEOAGRO DE COSTA RICA","fleurizon","Poor compliance"
"Bulb, Corm, Rhizome, Tuberous Stem","Costa Rica",TRUE,"PRODUCTOS EL MAPACHE DE ALAJUELA","south florida plant services","Poor compliance"
"Bulb, Corm, Rhizome, Tuberous Stem","Costa Rica",TRUE,"Reference","excelente foliage incorporated","Poor compliance"
"Bulb, Corm, Rhizome, Tuberous Stem","Costa Rica",TRUE,"Reference","florica farmsinc","Poor compliance"
"Bulb, Corm, Rhizome, Tuberous Stem","Costa Rica",TRUE,"CERCA DEL PARAISO SA","Reference","Poor compliance"
"Bulb, Corm, Rhizome, Tuberous Stem","Costa Rica",TRUE,"PREMIUM PLANTS SA","kurt weiss greenhouse","Poor compliance"
"Bulb, Corm, Rhizome, Tuberous Stem","Costa Rica",TRUE,"MICRO PLANTAS","foremost foliage inc dba foremostco","Poor compliance"
"Bulb, Corm, Rhizome, Tuberous Stem","Costa Rica",TRUE,"PREMIUM ORNAMENTALES","Reference","Medium compliance"
"Bulb, Corm, Rhizome, Tuberous Stem","Costa Rica",TRUE,"CERCA DEL PARAISO SA","foremost foliage","Poor compliance"
"Bulb, Corm, Rhizome, Tuberous Stem","Costa Rica",TRUE,"COOPEINDIA  R.L.","foremost foliage inc dba foremostco","Poor compliance"
"Bulb, Corm, Rhizome, Tuberous Stem","Costa Rica",TRUE,"Reference","green plant cuttings usa","Poor compliance"
"Bulb, Corm, Rhizome, Tuberous Stem","Costa Rica",TRUE,"PREMIUM ORNAMENTALES","b c amp f brokerage","Poor compliance"
"Bulb, Corm, Rhizome, Tuberous Stem","Costa Rica",TRUE,"COOPEINDIA  R.L.","south florida plant services","Poor compliance"
"Bulb, Corm, Rhizome, Tuberous Stem","Costa Rica",TRUE,"ZACATE ORNAMENTAL Y DECORATIVO","foremost foliage inc dba foremostco","Poor compliance"
"Bulb, Corm, Rhizome, Tuberous Stem","Costa Rica",TRUE,"TURRIPLANTAS SA","foremost foliage inc dba foremostco","Poor compliance"
"Bulb, Corm, Rhizome, Tuberous Stem","Costa Rica",TRUE,"Reference","mchutchison","Poor compliance"
"Bulb, Corm, Rhizome, Tuberous Stem","Costa Rica",TRUE,"MICRO PLANTAS","Reference","Poor compliance"
"Bulb, Corm, Rhizome, Tuberous Stem","Costa Rica",TRUE,"PRODUCTOS EL MAPACHE DE ALAJUELA","plant exports","Poor compliance"
"Bulb, Corm, Rhizome, Tuberous Stem","Costa Rica",TRUE,"CERCA DEL PARAISO SA","south florida plant services","Poor compliance"
"Bulb, Corm, Rhizome, Tuberous Stem","Costa Rica",TRUE,"MICRO PLANTAS","miyar intl brokerage","Poor compliance"
"Bulb, Corm, Rhizome, Tuberous Stem","Costa Rica",TRUE,"CERCA DEL PARAISO SA","foremost foliage inc dba foremostco","Poor compliance"
"Bulb, Corm, Rhizome, Tuberous Stem","Costa Rica",TRUE,"ORNAMENTALES SAPO VERDE 801","Reference","Medium compliance"
"Bulb, Corm, Rhizome, Tuberous Stem","Costa Rica",TRUE,"TURRIPLANTAS SA","foremost foliage","Poor compliance"
"Bulb, Corm, Rhizome, Tuberous Stem","Costa Rica",TRUE,"Reference","ds cole growers","Poor compliance"
"Bulb, Corm, Rhizome, Tuberous Stem","Costa Rica",TRUE,"PRODUCTOS EL MAPACHE DE ALAJUELA","costa farms","Poor compliance"
"Bulb, Corm, Rhizome, Tuberous Stem","Costa Rica",TRUE,"CERCA DEL PARAISO SA","fb imports","Poor compliance"
"Bulb, Corm, Rhizome, Tuberous Stem","Costa Rica",TRUE,"LA FLORESTA ORNAMENTALES","plant exports","Poor compliance"
"Bulb, Corm, Rhizome, Tuberous Stem","Costa Rica",TRUE,"CERCA DEL PARAISO SA","fleurizon","Poor compliance"
"Bulb, Corm, Rhizome, Tuberous Stem","Costa Rica",TRUE,"CERCA DEL PARAISO SA","plant exports","Poor compliance"
"Bulb, Corm, Rhizome, Tuberous Stem","Costa Rica",TRUE,"PREMIUM PLANTS SA","Reference","Low compliance"
"Bulb, Corm, Rhizome, Tuberous Stem","Costa Rica",TRUE,"PREMIUM PLANTS SA","b c amp f brokerage","Poor compliance"
"Bulb, Corm, Rhizome, Tuberous Stem","Costa Rica",TRUE,"SAPO VERDE 900","Reference","Poor compliance"
"Bulb, Corm, Rhizome, Tuberous Stem","Costa Rica",TRUE,"Reference","plant exports","Poor compliance"
"Bulb, Corm, Rhizome, Tuberous Stem","Costa Rica",TRUE,"COOPEINDIA  R.L.","express seed","Poor compliance"
"Bulb, Corm, Rhizome, Tuberous Stem","Costa Rica",TRUE,"QUELETZU SA","foremost foliage inc dba foremostco","Poor compliance"
"Bulb, Corm, Rhizome, Tuberous Stem","Costa Rica",TRUE,"Guatexotic","foremost foliage","Poor compliance"
"Bulb, Corm, Rhizome, Tuberous Stem","Costa Rica",TRUE,"antho ornamentales1-7","foremost foliage inc dba foremostco","Poor compliance"
"Bulb, Corm, Rhizome, Tuberous Stem","Costa Rica",TRUE,"Reference","western cactus enterprises","Poor compliance"
"Bulb, Corm, Rhizome, Tuberous Stem","Costa Rica",TRUE,"Reference","altman specialty plants","Poor compliance"
"Bulb, Corm, Rhizome, Tuberous Stem","Costa Rica",FALSE,"TURRIPLANTAS SA","primaflora international lp","Low compliance"
"Bulb, Corm, Rhizome, Tuberous Stem","Costa Rica",FALSE,"PRODUCTOS EL MAPACHE DE ALAJUELA","primaflora international lp","Low compliance"
"Bulb, Corm, Rhizome, Tuberous Stem","Costa Rica",FALSE,"Reference","primaflora international lp","Medium compliance"
"Bulb, Corm, Rhizome, Tuberous Stem","Costa Rica",FALSE,"PREMIUM PLANTS SA","primaflora international lp","Medium compliance"
"Bulb, Corm, Rhizome, Tuberous Stem","Costa Rica",FALSE,"Reference","express seed","Low compliance"
"Bulb, Corm, Rhizome, Tuberous Stem","Costa Rica",FALSE,"PREMIUM ORNAMENTALES","primaflora international lp","Medium compliance"
"Bulb, Corm, Rhizome, Tuberous Stem","Costa Rica",FALSE,"Reference","Reference","Medium compliance"
"Bulb, Corm, Rhizome, Tuberous Stem","Costa Rica",FALSE,"ORNAMENTALES SAPO VERDE 801","foremost foliage","Low compliance"
"Bulb, Corm, Rhizome, Tuberous Stem","Costa Rica",FALSE,"antho ornamentales1-7","express seed","Low compliance"
"Bulb, Corm, Rhizome, Tuberous Stem","Costa Rica",FALSE,"Reference","south florida plant services","Low compliance"
"Bulb, Corm, Rhizome, Tuberous Stem","Costa Rica",FALSE,"TURRIPLANTAS SA","south florida plant services","Low compliance"
"Bulb, Corm, Rhizome, Tuberous Stem","Costa Rica",FALSE,"antho ornamentales1-7","florica farmsinc","Low compliance"
"Bulb, Corm, Rhizome, Tuberous Stem","Costa Rica",FALSE,"Reference","costa farms","Medium compliance"
"Bulb, Corm, Rhizome, Tuberous Stem","Costa Rica",FALSE,"Reference","foremost foliage","Low compliance"
"Bulb, Corm, Rhizome, Tuberous Stem","Costa Rica",FALSE,"ZACATE ORNAMENTAL Y DECORATIVO","foremost foliage","Poor compliance"
"Bulb, Corm, Rhizome, Tuberous Stem","Costa Rica",FALSE,"TURRIPLANTAS SA","excelente foliage incorporated","Low compliance"
"Bulb, Corm, Rhizome, Tuberous Stem","Costa Rica",FALSE,"PREMIUM ORNAMENTALES","kurt weiss greenhouse","Medium compliance"
"Bulb, Corm, Rhizome, Tuberous Stem","Costa Rica",FALSE,"Reference","caribbean growers supply","Poor compliance"
"Bulb, Corm, Rhizome, Tuberous Stem","Costa Rica",FALSE,"Reference","fleurizon","Poor compliance"
"Bulb, Corm, Rhizome, Tuberous Stem","Costa Rica",FALSE,"COOPEINDIA  R.L.","costa farms","Low compliance"
"Bulb, Corm, Rhizome, Tuberous Stem","Costa Rica",FALSE,"ORNAMENTALES SAPO VERDE 801","foremost foliage inc dba foremostco","Low compliance"
"Bulb, Corm, Rhizome, Tuberous Stem","Costa Rica",FALSE,"Reference","foremost foliage inc dba foremostco","Low compliance"
"Bulb, Corm, Rhizome, Tuberous Stem","Costa Rica",FALSE,"PRIMEROS EN FOLLAJE SA BOX#201","foremost foliage inc dba foremostco","Low compliance"
"Bulb, Corm, Rhizome, Tuberous Stem","Costa Rica",FALSE,"COOPEINDIA  R.L.","foremost foliage","Poor compliance"
"Bulb, Corm, Rhizome, Tuberous Stem","Costa Rica",FALSE,"GEOAGRO DE COSTA RICA","Reference","Medium compliance"
"Bulb, Corm, Rhizome, Tuberous Stem","Costa Rica",FALSE,"SAPO VERDE 900","foremost foliage","Poor compliance"
"Bulb, Corm, Rhizome, Tuberous Stem","Costa Rica",FALSE,"MICRO PLANTAS","foremost foliage","Poor compliance"
"Bulb, Corm, Rhizome, Tuberous Stem","Costa Rica",FALSE,"PRIMEROS EN FOLLAJE SA BOX#201","foremost foliage","Low compliance"
"Bulb, Corm, Rhizome, Tuberous Stem","Costa Rica",FALSE,"MICRO PLANTAS","costa farms","Low compliance"
"Bulb, Corm, Rhizome, Tuberous Stem","Costa Rica",FALSE,"ZACATE ORNAMENTAL Y DECORATIVO","bay cove group","Poor compliance"
"Bulb, Corm, Rhizome, Tuberous Stem","Costa Rica",FALSE,"PREMIUM ORNAMENTALES","florica farmsinc","Low compliance"
"Bulb, Corm, Rhizome, Tuberous Stem","Costa Rica",FALSE,"Reference","scott valentine","Medium compliance"
"Bulb, Corm, Rhizome, Tuberous Stem","Costa Rica",FALSE,"Reference","b c amp f brokerage","Low compliance"
"Bulb, Corm, Rhizome, Tuberous Stem","Costa Rica",FALSE,"Reference","dockside management","Medium compliance"
"Bulb, Corm, Rhizome, Tuberous Stem","Costa Rica",FALSE,"SAPO VERDE 900","foremost foliage inc dba foremostco","Poor compliance"
"Bulb, Corm, Rhizome, Tuberous Stem","Costa Rica",FALSE,"Reference","green tropical plants","Low compliance"
"Bulb, Corm, Rhizome, Tuberous Stem","Costa Rica",FALSE,"COOPEINDIA  R.L.","fb imports","Poor compliance"
"Bulb, Corm, Rhizome, Tuberous Stem","Costa Rica",FALSE,"GEOAGRO DE COSTA RICA","fb imports","Low compliance"
"Bulb, Corm, Rhizome, Tuberous Stem","Costa Rica",FALSE,"Reference","fb imports","Poor compliance"
"Bulb, Corm, Rhizome, Tuberous Stem","Costa Rica",FALSE,"CERCA DEL PARAISO SA","b c amp f brokerage","Low compliance"
"Bulb, Corm, Rhizome, Tuberous Stem","Costa Rica",FALSE,"Reference","aura botanical","Medium compliance"
"Bulb, Corm, Rhizome, Tuberous Stem","Costa Rica",FALSE,"CERCA DEL PARAISO SA","aura botanical","Low compliance"
"Bulb, Corm, Rhizome, Tuberous Stem","Costa Rica",FALSE,"GEOAGRO DE COSTA RICA","fleurizon","Poor compliance"
"Bulb, Corm, Rhizome, Tuberous Stem","Costa Rica",FALSE,"PRODUCTOS EL MAPACHE DE ALAJUELA","south florida plant services","Low compliance"
"Bulb, Corm, Rhizome, Tuberous Stem","Costa Rica",FALSE,"Reference","excelente foliage incorporated","Low compliance"
"Bulb, Corm, Rhizome, Tuberous Stem","Costa Rica",FALSE,"Reference","florica farmsinc","Low compliance"
"Bulb, Corm, Rhizome, Tuberous Stem","Costa Rica",FALSE,"CERCA DEL PARAISO SA","Reference","Medium compliance"
"Bulb, Corm, Rhizome, Tuberous Stem","Costa Rica",FALSE,"PREMIUM PLANTS SA","kurt weiss greenhouse","Medium compliance"
"Bulb, Corm, Rhizome, Tuberous Stem","Costa Rica",FALSE,"MICRO PLANTAS","foremost foliage inc dba foremostco","Poor compliance"
"Bulb, Corm, Rhizome, Tuberous Stem","Costa Rica",FALSE,"PREMIUM ORNAMENTALES","Reference","Medium compliance"
"Bulb, Corm, Rhizome, Tuberous Stem","Costa Rica",FALSE,"CERCA DEL PARAISO SA","foremost foliage","Poor compliance"
"Bulb, Corm, Rhizome, Tuberous Stem","Costa Rica",FALSE,"COOPEINDIA  R.L.","foremost foliage inc dba foremostco","Poor compliance"
"Bulb, Corm, Rhizome, Tuberous Stem","Costa Rica",FALSE,"Reference","green plant cuttings usa","Low compliance"
"Bulb, Corm, Rhizome, Tuberous Stem","Costa Rica",FALSE,"PREMIUM ORNAMENTALES","b c amp f brokerage","Medium compliance"
"Bulb, Corm, Rhizome, Tuberous Stem","Costa Rica",FALSE,"COOPEINDIA  R.L.","south florida plant services","Low compliance"
"Bulb, Corm, Rhizome, Tuberous Stem","Costa Rica",FALSE,"ZACATE ORNAMENTAL Y DECORATIVO","foremost foliage inc dba foremostco","Poor compliance"
"Bulb, Corm, Rhizome, Tuberous Stem","Costa Rica",FALSE,"TURRIPLANTAS SA","foremost foliage inc dba foremostco","Poor compliance"
"Bulb, Corm, Rhizome, Tuberous Stem","Costa Rica",FALSE,"Reference","mchutchison","Medium compliance"
"Bulb, Corm, Rhizome, Tuberous Stem","Costa Rica",FALSE,"MICRO PLANTAS","Reference","Medium compliance"
"Bulb, Corm, Rhizome, Tuberous Stem","Costa Rica",FALSE,"PRODUCTOS EL MAPACHE DE ALAJUELA","plant exports","Poor compliance"
"Bulb, Corm, Rhizome, Tuberous Stem","Costa Rica",FALSE,"CERCA DEL PARAISO SA","south florida plant services","Low compliance"
"Bulb, Corm, Rhizome, Tuberous Stem","Costa Rica",FALSE,"MICRO PLANTAS","miyar intl brokerage","Poor compliance"
"Bulb, Corm, Rhizome, Tuberous Stem","Costa Rica",FALSE,"CERCA DEL PARAISO SA","foremost foliage inc dba foremostco","Poor compliance"
"Bulb, Corm, Rhizome, Tuberous Stem","Costa Rica",FALSE,"ORNAMENTALES SAPO VERDE 801","Reference","Medium compliance"
"Bulb, Corm, Rhizome, Tuberous Stem","Costa Rica",FALSE,"TURRIPLANTAS SA","foremost foliage","Poor compliance"
"Bulb, Corm, Rhizome, Tuberous Stem","Costa Rica",FALSE,"Reference","ds cole growers","Medium compliance"
"Bulb, Corm, Rhizome, Tuberous Stem","Costa Rica",FALSE,"PRODUCTOS EL MAPACHE DE ALAJUELA","costa farms","Low compliance"
"Bulb, Corm, Rhizome, Tuberous Stem","Costa Rica",FALSE,"CERCA DEL PARAISO SA","fb imports","Poor compliance"
"Bulb, Corm, Rhizome, Tuberous Stem","Costa Rica",FALSE,"LA FLORESTA ORNAMENTALES","plant exports","Poor compliance"
"Bulb, Corm, Rhizome, Tuberous Stem","Costa Rica",FALSE,"CERCA DEL PARAISO SA","fleurizon","Poor compliance"
"Bulb, Corm, Rhizome, Tuberous Stem","Costa Rica",FALSE,"CERCA DEL PARAISO SA","plant exports","Poor compliance"
"Bulb, Corm, Rhizome, Tuberous Stem","Costa Rica",FALSE,"PREMIUM PLANTS SA","Reference","Medium compliance"
"Bulb, Corm, Rhizome, Tuberous Stem","Costa Rica",FALSE,"PREMIUM PLANTS SA","b c amp f brokerage","Medium compliance"
"Bulb, Corm, Rhizome, Tuberous Stem","Costa Rica",FALSE,"SAPO VERDE 900","Reference","Medium compliance"
"Bulb, Corm, Rhizome, Tuberous Stem","Costa Rica",FALSE,"Reference","plant exports","Poor compliance"
"Bulb, Corm, Rhizome, Tuberous Stem","Costa Rica",FALSE,"COOPEINDIA  R.L.","express seed","Poor compliance"
"Bulb, Corm, Rhizome, Tuberous Stem","Costa Rica",FALSE,"QUELETZU SA","foremost foliage inc dba foremostco","Poor compliance"
"Bulb, Corm, Rhizome, Tuberous Stem","Costa Rica",FALSE,"Guatexotic","foremost foliage","Low compliance"
"Bulb, Corm, Rhizome, Tuberous Stem","Costa Rica",FALSE,"antho ornamentales1-7","foremost foliage inc dba foremostco","Low compliance"
"Bulb, Corm, Rhizome, Tuberous Stem","Costa Rica",FALSE,"Reference","western cactus enterprises","Medium compliance"
"Bulb, Corm, Rhizome, Tuberous Stem","Costa Rica",FALSE,"Reference","altman specialty plants","Low compliance"
"Bulb, Corm, Rhizome, Tuberous Stem","Singapore",TRUE,"Oriental Aquarium","complete aquatic systems","Poor compliance"
"Bulb, Corm, Rhizome, Tuberous Stem","Singapore",TRUE,"Reference","ultum nature systems","Medium compliance"
"Bulb, Corm, Rhizome, Tuberous Stem","Singapore",TRUE,"Reference","tat tristan g","Poor compliance"
"Bulb, Corm, Rhizome, Tuberous Stem","Singapore",TRUE,"Reference","Reference","Medium compliance"
"Bulb, Corm, Rhizome, Tuberous Stem","Singapore",TRUE,"Oriental Aquarium","Reference","Medium compliance"
"Bulb, Corm, Rhizome, Tuberous Stem","Singapore",TRUE,"Reference","waterscaap pond amp aquarium plants","Poor compliance"
"Bulb, Corm, Rhizome, Tuberous Stem","Singapore",TRUE,"Reference","green thumb marketing","Poor compliance"
"Bulb, Corm, Rhizome, Tuberous Stem","Singapore",TRUE,"Oriental Aquarium","green thumb marketing","Poor compliance"
"Bulb, Corm, Rhizome, Tuberous Stem","Singapore",FALSE,"Oriental Aquarium","complete aquatic systems","Medium compliance"
"Bulb, Corm, Rhizome, Tuberous Stem","Singapore",FALSE,"Reference","ultum nature systems","Poor compliance"
"Bulb, Corm, Rhizome, Tuberous Stem","Singapore",FALSE,"Reference","tat tristan g","Poor compliance"
"Bulb, Corm, Rhizome, Tuberous Stem","Singapore",FALSE,"Reference","Reference","Medium compliance"
"Bulb, Corm, Rhizome, Tuberous Stem","Singapore",FALSE,"Oriental Aquarium","Reference","Medium compliance"
"Bulb, Corm, Rhizome, Tuberous Stem","Singapore",FALSE,"Reference","waterscaap pond amp aquarium plants","Poor compliance"
"Bulb, Corm, Rhizome, Tuberous Stem","Singapore",FALSE,"Reference","green thumb marketing","Poor compliance"
"Bulb, Corm, Rhizome, Tuberous Stem","Singapore",FALSE,"Oriental Aquarium","green thumb marketing","Poor compliance"
"Bulb, Corm, Rhizome, Tuberous Stem","Slovakia",TRUE,"Reference","Reference","Low compliance"
"Bulb, Corm, Rhizome, Tuberous Stem","Slovakia",FALSE,"Reference","Reference","Medium compliance"
"Bulb, Corm, Rhizome, Tuberous Stem","Turkey",TRUE,"Reference","Reference","Medium compliance"
"Bulb, Corm, Rhizome, Tuberous Stem","Turkey",TRUE,"Reference","ds cole growers","Poor compliance"
"Bulb, Corm, Rhizome, Tuberous Stem","Turkey",FALSE,"Reference","Reference","Medium compliance"
"Bulb, Corm, Rhizome, Tuberous Stem","Turkey",FALSE,"Reference","ds cole growers","Low compliance"
"Bulb, Corm, Rhizome, Tuberous Stem","Kenya",TRUE,"LATHYFLORA","Reference","Low compliance"
"Bulb, Corm, Rhizome, Tuberous Stem","Kenya",TRUE,"LATHYFLORA","united plant growers","Poor compliance"
"Bulb, Corm, Rhizome, Tuberous Stem","Kenya",TRUE,"LATHYFLORA","primaflora international lp","Poor compliance"
"Bulb, Corm, Rhizome, Tuberous Stem","Kenya",TRUE,"Reference","Reference","Medium compliance"
"Bulb, Corm, Rhizome, Tuberous Stem","Kenya",TRUE,"Reference","express seed","Low compliance"
"Bulb, Corm, Rhizome, Tuberous Stem","Kenya",TRUE,"LATHYFLORA","costa farms","Poor compliance"
"Bulb, Corm, Rhizome, Tuberous Stem","Kenya",TRUE,"LATHYFLORA","express seed","Poor compliance"
"Bulb, Corm, Rhizome, Tuberous Stem","Kenya",TRUE,"LATHYFLORA","western cactus enterprises","Poor compliance"
"Bulb, Corm, Rhizome, Tuberous Stem","Kenya",TRUE,"Reference","ds cole growers","Poor compliance"
"Bulb, Corm, Rhizome, Tuberous Stem","Kenya",TRUE,"Reference","altman specialty plants","Poor compliance"
"Bulb, Corm, Rhizome, Tuberous Stem","Kenya",TRUE,"Reference","western cactus enterprises","Poor compliance"
"Bulb, Corm, Rhizome, Tuberous Stem","Kenya",TRUE,"Reference","scott valentine","Poor compliance"
"Bulb, Corm, Rhizome, Tuberous Stem","Kenya",TRUE,"Reference","mchutchison","Low compliance"
"Bulb, Corm, Rhizome, Tuberous Stem","Kenya",TRUE,"Reference","kurt weiss greenhouse","Poor compliance"
"Bulb, Corm, Rhizome, Tuberous Stem","Kenya",TRUE,"Reference","missing","Poor compliance"
"Bulb, Corm, Rhizome, Tuberous Stem","Kenya",FALSE,"LATHYFLORA","Reference","Medium compliance"
"Bulb, Corm, Rhizome, Tuberous Stem","Kenya",FALSE,"LATHYFLORA","united plant growers","Medium compliance"
"Bulb, Corm, Rhizome, Tuberous Stem","Kenya",FALSE,"LATHYFLORA","primaflora international lp","Medium compliance"
"Bulb, Corm, Rhizome, Tuberous Stem","Kenya",FALSE,"Reference","Reference","Medium compliance"
"Bulb, Corm, Rhizome, Tuberous Stem","Kenya",FALSE,"Reference","express seed","Low compliance"
"Bulb, Corm, Rhizome, Tuberous Stem","Kenya",FALSE,"LATHYFLORA","costa farms","Medium compliance"
"Bulb, Corm, Rhizome, Tuberous Stem","Kenya",FALSE,"LATHYFLORA","express seed","Low compliance"
"Bulb, Corm, Rhizome, Tuberous Stem","Kenya",FALSE,"LATHYFLORA","western cactus enterprises","Medium compliance"
"Bulb, Corm, Rhizome, Tuberous Stem","Kenya",FALSE,"Reference","ds cole growers","Medium compliance"
"Bulb, Corm, Rhizome, Tuberous Stem","Kenya",FALSE,"Reference","altman specialty plants","Low compliance"
"Bulb, Corm, Rhizome, Tuberous Stem","Kenya",FALSE,"Reference","western cactus enterprises","Medium compliance"
"Bulb, Corm, Rhizome, Tuberous Stem","Kenya",FALSE,"Reference","scott valentine","Medium compliance"
"Bulb, Corm, Rhizome, Tuberous Stem","Kenya",FALSE,"Reference","mchutchison","Medium compliance"
"Bulb, Corm, Rhizome, Tuberous Stem","Kenya",FALSE,"Reference","kurt weiss greenhouse","Medium compliance"
"Bulb, Corm, Rhizome, Tuberous Stem","Kenya",FALSE,"Reference","missing","Medium compliance"
"Bulb, Corm, Rhizome, Tuberous Stem","Zimbabwe",TRUE,"Reference","western cactus enterprises","Poor compliance"
"Bulb, Corm, Rhizome, Tuberous Stem","Zimbabwe",TRUE,"Reference","Reference","Medium compliance"
"Bulb, Corm, Rhizome, Tuberous Stem","Zimbabwe",TRUE,"Reference","altman specialty plants","Poor compliance"
"Bulb, Corm, Rhizome, Tuberous Stem","Zimbabwe",TRUE,"Reference","express seed","Low compliance"
"Bulb, Corm, Rhizome, Tuberous Stem","Zimbabwe",TRUE,"Reference","costa farms","Low compliance"
"Bulb, Corm, Rhizome, Tuberous Stem","Zimbabwe",TRUE,"Reference","scott valentine","Poor compliance"
"Bulb, Corm, Rhizome, Tuberous Stem","Zimbabwe",FALSE,"Reference","western cactus enterprises","Medium compliance"
"Bulb, Corm, Rhizome, Tuberous Stem","Zimbabwe",FALSE,"Reference","Reference","Medium compliance"
"Bulb, Corm, Rhizome, Tuberous Stem","Zimbabwe",FALSE,"Reference","altman specialty plants","Low compliance"
"Bulb, Corm, Rhizome, Tuberous Stem","Zimbabwe",FALSE,"Reference","express seed","Medium compliance"
"Bulb, Corm, Rhizome, Tuberous Stem","Zimbabwe",FALSE,"Reference","costa farms","Medium compliance"
"Bulb, Corm, Rhizome, Tuberous Stem","Zimbabwe",FALSE,"Reference","scott valentine","Medium compliance"
"Bulb, Corm, Rhizome, Tuberous Stem","Israel",TRUE,"Reference","Reference","Medium compliance"
"Bulb, Corm, Rhizome, Tuberous Stem","Israel",TRUE,"Reference","foremost foliage","Poor compliance"
"Bulb, Corm, Rhizome, Tuberous Stem","Israel",TRUE,"Reference","foremost foliage inc dba foremostco","Poor compliance"
"Bulb, Corm, Rhizome, Tuberous Stem","Israel",FALSE,"Reference","Reference","Medium compliance"
"Bulb, Corm, Rhizome, Tuberous Stem","Israel",FALSE,"Reference","foremost foliage","Low compliance"
"Bulb, Corm, Rhizome, Tuberous Stem","Israel",FALSE,"Reference","foremost foliage inc dba foremostco","Low compliance"
"Bulb, Corm, Rhizome, Tuberous Stem","France",TRUE,"Reference","Reference","Medium compliance"
"Bulb, Corm, Rhizome, Tuberous Stem","France",TRUE,"Reference","missing","Poor compliance"
"Bulb, Corm, Rhizome, Tuberous Stem","France",FALSE,"Reference","Reference","Medium compliance"
"Bulb, Corm, Rhizome, Tuberous Stem","France",FALSE,"Reference","missing","Low compliance"
"Bulb, Corm, Rhizome, Tuberous Stem","North Macedonia",TRUE,"Reference","Reference","Medium compliance"
"Bulb, Corm, Rhizome, Tuberous Stem","North Macedonia",TRUE,"Reference","missing","Poor compliance"
"Bulb, Corm, Rhizome, Tuberous Stem","North Macedonia",FALSE,"Reference","Reference","Medium compliance"
"Bulb, Corm, Rhizome, Tuberous Stem","North Macedonia",FALSE,"Reference","missing","Medium compliance"
"Bulb, Corm, Rhizome, Tuberous Stem","Spain",TRUE,"Reference","Reference","Medium compliance"
"Bulb, Corm, Rhizome, Tuberous Stem","Spain",TRUE,"Reference","missing","Poor compliance"
"Bulb, Corm, Rhizome, Tuberous Stem","Spain",TRUE,"Reference","western cactus enterprises","Poor compliance"
"Bulb, Corm, Rhizome, Tuberous Stem","Spain",TRUE,"Reference","altman specialty plants","Poor compliance"
"Bulb, Corm, Rhizome, Tuberous Stem","Spain",TRUE,"Reference","express seed","Low compliance"
"Bulb, Corm, Rhizome, Tuberous Stem","Spain",FALSE,"Reference","Reference","Medium compliance"
"Bulb, Corm, Rhizome, Tuberous Stem","Spain",FALSE,"Reference","missing","Medium compliance"
"Bulb, Corm, Rhizome, Tuberous Stem","Spain",FALSE,"Reference","western cactus enterprises","Medium compliance"
"Bulb, Corm, Rhizome, Tuberous Stem","Spain",FALSE,"Reference","altman specialty plants","Low compliance"
"Bulb, Corm, Rhizome, Tuberous Stem","Spain",FALSE,"Reference","express seed","Medium compliance"
"Bulb, Corm, Rhizome, Tuberous Stem","Germany",TRUE,"Reference","Reference","Medium compliance"
"Bulb, Corm, Rhizome, Tuberous Stem","Germany",TRUE,"Reference","express seed","Low compliance"
"Bulb, Corm, Rhizome, Tuberous Stem","Germany",TRUE,"Reference","missing","Poor compliance"
"Bulb, Corm, Rhizome, Tuberous Stem","Germany",TRUE,"Reference","costa farms","Poor compliance"
"Bulb, Corm, Rhizome, Tuberous Stem","Germany",TRUE,"Reference","perfect choice","Poor compliance"
"Bulb, Corm, Rhizome, Tuberous Stem","Germany",TRUE,"Reference","miyar intl brokerage","Poor compliance"
"Bulb, Corm, Rhizome, Tuberous Stem","Germany",TRUE,"Reference","mchutchison","Low compliance"
"Bulb, Corm, Rhizome, Tuberous Stem","Germany",FALSE,"Reference","Reference","Medium compliance"
"Bulb, Corm, Rhizome, Tuberous Stem","Germany",FALSE,"Reference","express seed","Low compliance"
"Bulb, Corm, Rhizome, Tuberous Stem","Germany",FALSE,"Reference","missing","Medium compliance"
"Bulb, Corm, Rhizome, Tuberous Stem","Germany",FALSE,"Reference","costa farms","Medium compliance"
"Bulb, Corm, Rhizome, Tuberous Stem","Germany",FALSE,"Reference","perfect choice","Poor compliance"
"Bulb, Corm, Rhizome, Tuberous Stem","Germany",FALSE,"Reference","miyar intl brokerage","Poor compliance"
"Bulb, Corm, Rhizome, Tuberous Stem","Germany",FALSE,"Reference","mchutchison","Medium compliance"
"Bulb, Corm, Rhizome, Tuberous Stem","Madagascar",TRUE,"Reference","complete aquatic systems","Poor compliance"
"Bulb, Corm, Rhizome, Tuberous Stem","Madagascar",TRUE,"Reference","waterscaap pond amp aquarium plants","Poor compliance"
"Bulb, Corm, Rhizome, Tuberous Stem","Madagascar",TRUE,"Reference","Reference","Low compliance"
"Bulb, Corm, Rhizome, Tuberous Stem","Madagascar",TRUE,"Reference","miyar intl brokerage","Poor compliance"
"Bulb, Corm, Rhizome, Tuberous Stem","Madagascar",FALSE,"Reference","complete aquatic systems","Low compliance"
"Bulb, Corm, Rhizome, Tuberous Stem","Madagascar",FALSE,"Reference","waterscaap pond amp aquarium plants","Poor compliance"
"Bulb, Corm, Rhizome, Tuberous Stem","Madagascar",FALSE,"Reference","Reference","Medium compliance"
"Bulb, Corm, Rhizome, Tuberous Stem","Madagascar",FALSE,"Reference","miyar intl brokerage","Poor compliance"
"Bulb, Corm, Rhizome, Tuberous Stem","Brazil",TRUE,"Reference","Reference","Medium compliance"
"Bulb, Corm, Rhizome, Tuberous Stem","Brazil",TRUE,"Reference","costa farms","Low compliance"
"Bulb, Corm, Rhizome, Tuberous Stem","Brazil",TRUE,"Reference","fleurizon","Poor compliance"
"Bulb, Corm, Rhizome, Tuberous Stem","Brazil",TRUE,"Reference","fb imports","Low compliance"
"Bulb, Corm, Rhizome, Tuberous Stem","Brazil",TRUE,"Reference","united plant growers","Poor compliance"
"Bulb, Corm, Rhizome, Tuberous Stem","Brazil",TRUE,"Reference","foremost foliage inc dba foremostco","Low compliance"
"Bulb, Corm, Rhizome, Tuberous Stem","Brazil",TRUE,"Reference","foremost foliage","Poor compliance"
"Bulb, Corm, Rhizome, Tuberous Stem","Brazil",TRUE,"Reference","express seed","Low compliance"
"Bulb, Corm, Rhizome, Tuberous Stem","Brazil",TRUE,"Reference","biostok","Poor compliance"
"Bulb, Corm, Rhizome, Tuberous Stem","Brazil",FALSE,"Reference","Reference","High compliance"
"Bulb, Corm, Rhizome, Tuberous Stem","Brazil",FALSE,"Reference","costa farms","Medium compliance"
"Bulb, Corm, Rhizome, Tuberous Stem","Brazil",FALSE,"Reference","fleurizon","Poor compliance"
"Bulb, Corm, Rhizome, Tuberous Stem","Brazil",FALSE,"Reference","fb imports","Poor compliance"
"Bulb, Corm, Rhizome, Tuberous Stem","Brazil",FALSE,"Reference","united plant growers","Medium compliance"
"Bulb, Corm, Rhizome, Tuberous Stem","Brazil",FALSE,"Reference","foremost foliage inc dba foremostco","Low compliance"
"Bulb, Corm, Rhizome, Tuberous Stem","Brazil",FALSE,"Reference","foremost foliage","Low compliance"
"Bulb, Corm, Rhizome, Tuberous Stem","Brazil",FALSE,"Reference","express seed","Medium compliance"
"Bulb, Corm, Rhizome, Tuberous Stem","Brazil",FALSE,"Reference","biostok","Low compliance"
"Bulb, Corm, Rhizome, Tuberous Stem","United Kingdom of Great Britain and N. Ireland",TRUE,"Reference","Reference","Medium compliance"
"Bulb, Corm, Rhizome, Tuberous Stem","United Kingdom of Great Britain and N. Ireland",TRUE,"Reference","express seed","Low compliance"
"Bulb, Corm, Rhizome, Tuberous Stem","United Kingdom of Great Britain and N. Ireland",TRUE,"Reference","missing","Poor compliance"
"Bulb, Corm, Rhizome, Tuberous Stem","United Kingdom of Great Britain and N. Ireland",TRUE,"Reference","costa farms","Low compliance"
"Bulb, Corm, Rhizome, Tuberous Stem","United Kingdom of Great Britain and N. Ireland",FALSE,"Reference","Reference","Medium compliance"
"Bulb, Corm, Rhizome, Tuberous Stem","United Kingdom of Great Britain and N. Ireland",FALSE,"Reference","express seed","Medium compliance"
"Bulb, Corm, Rhizome, Tuberous Stem","United Kingdom of Great Britain and N. Ireland",FALSE,"Reference","missing","Medium compliance"
"Bulb, Corm, Rhizome, Tuberous Stem","United Kingdom of Great Britain and N. Ireland",FALSE,"Reference","costa farms","Medium compliance"
"Bulb, Corm, Rhizome, Tuberous Stem","Colombia",TRUE,"Reference","Reference","Medium compliance"
"Bulb, Corm, Rhizome, Tuberous Stem","Colombia",TRUE,"Reference","russells bromelaids","Poor compliance"
"Bulb, Corm, Rhizome, Tuberous Stem","Colombia",TRUE,"Reference","dockside management","Medium compliance"
"Bulb, Corm, Rhizome, Tuberous Stem","Colombia",TRUE,"GENEROS ECUATORIANOS","Reference","Low compliance"
"Bulb, Corm, Rhizome, Tuberous Stem","Colombia",TRUE,"Reference","fb imports","Low compliance"
"Bulb, Corm, Rhizome, Tuberous Stem","Colombia",FALSE,"Reference","Reference","High compliance"
"Bulb, Corm, Rhizome, Tuberous Stem","Colombia",FALSE,"Reference","russells bromelaids","Low compliance"
"Bulb, Corm, Rhizome, Tuberous Stem","Colombia",FALSE,"Reference","dockside management","Medium compliance"
"Bulb, Corm, Rhizome, Tuberous Stem","Colombia",FALSE,"GENEROS ECUATORIANOS","Reference","Medium compliance"
"Bulb, Corm, Rhizome, Tuberous Stem","Colombia",FALSE,"Reference","fb imports","Low compliance"
"Bulb, Corm, Rhizome, Tuberous Stem","Tanzania",TRUE,"Reference","Reference","Medium compliance"
"Bulb, Corm, Rhizome, Tuberous Stem","Tanzania",TRUE,"Reference","express seed","Poor compliance"
"Bulb, Corm, Rhizome, Tuberous Stem","Tanzania",TRUE,"Reference","western cactus enterprises","Poor compliance"
"Bulb, Corm, Rhizome, Tuberous Stem","Tanzania",TRUE,"Reference","scott valentine","Poor compliance"
"Bulb, Corm, Rhizome, Tuberous Stem","Tanzania",TRUE,"Reference","miyar intl brokerage","Poor compliance"
"Bulb, Corm, Rhizome, Tuberous Stem","Tanzania",TRUE,"Reference","altman specialty plants","Poor compliance"
"Bulb, Corm, Rhizome, Tuberous Stem","Tanzania",TRUE,"Reference","ds cole growers","Poor compliance"
"Bulb, Corm, Rhizome, Tuberous Stem","Tanzania",FALSE,"Reference","Reference","Medium compliance"
"Bulb, Corm, Rhizome, Tuberous Stem","Tanzania",FALSE,"Reference","express seed","Low compliance"
"Bulb, Corm, Rhizome, Tuberous Stem","Tanzania",FALSE,"Reference","western cactus enterprises","Low compliance"
"Bulb, Corm, Rhizome, Tuberous Stem","Tanzania",FALSE,"Reference","scott valentine","Low compliance"
"Bulb, Corm, Rhizome, Tuberous Stem","Tanzania",FALSE,"Reference","miyar intl brokerage","Poor compliance"
"Bulb, Corm, Rhizome, Tuberous Stem","Tanzania",FALSE,"Reference","altman specialty plants","Poor compliance"
"Bulb, Corm, Rhizome, Tuberous Stem","Tanzania",FALSE,"Reference","ds cole growers","Low compliance"
"Bulb, Corm, Rhizome, Tuberous Stem","Czech Republic",TRUE,"Reference","missing","Poor compliance"
"Bulb, Corm, Rhizome, Tuberous Stem","Czech Republic",TRUE,"Reference","Reference","Medium compliance"
"Bulb, Corm, Rhizome, Tuberous Stem","Czech Republic",FALSE,"Reference","missing","Low compliance"
"Bulb, Corm, Rhizome, Tuberous Stem","Czech Republic",FALSE,"Reference","Reference","Medium compliance"
"Bulb, Corm, Rhizome, Tuberous Stem","New Zealand",TRUE,"Reference","Reference","Medium compliance"
"Bulb, Corm, Rhizome, Tuberous Stem","New Zealand",TRUE,"Reference","missing","Poor compliance"
"Bulb, Corm, Rhizome, Tuberous Stem","New Zealand",FALSE,"Reference","Reference","Medium compliance"
"Bulb, Corm, Rhizome, Tuberous Stem","New Zealand",FALSE,"Reference","missing","Low compliance"
"Bulb, Corm, Rhizome, Tuberous Stem","Australia",TRUE,"Reference","Reference","Medium compliance"
"Bulb, Corm, Rhizome, Tuberous Stem","Australia",TRUE,"Reference","missing","Poor compliance"
"Bulb, Corm, Rhizome, Tuberous Stem","Australia",TRUE,"Reference","miyar intl brokerage","Poor compliance"
"Bulb, Corm, Rhizome, Tuberous Stem","Australia",TRUE,"Reference","express seed","Poor compliance"
"Bulb, Corm, Rhizome, Tuberous Stem","Australia",FALSE,"Reference","Reference","Medium compliance"
"Bulb, Corm, Rhizome, Tuberous Stem","Australia",FALSE,"Reference","missing","Low compliance"
"Bulb, Corm, Rhizome, Tuberous Stem","Australia",FALSE,"Reference","miyar intl brokerage","Poor compliance"
"Bulb, Corm, Rhizome, Tuberous Stem","Australia",FALSE,"Reference","express seed","Low compliance"
"Bulb, Corm, Rhizome, Tuberous Stem","Nigeria",TRUE,"Reference","tat tristan g","Poor compliance"
"Bulb, Corm, Rhizome, Tuberous Stem","Nigeria",TRUE,"Reference","waterscaap pond amp aquarium plants","Poor compliance"
"Bulb, Corm, Rhizome, Tuberous Stem","Nigeria",TRUE,"Reference","Reference","Low compliance"
"Bulb, Corm, Rhizome, Tuberous Stem","Nigeria",FALSE,"Reference","tat tristan g","Poor compliance"
"Bulb, Corm, Rhizome, Tuberous Stem","Nigeria",FALSE,"Reference","waterscaap pond amp aquarium plants","Poor compliance"
"Bulb, Corm, Rhizome, Tuberous Stem","Nigeria",FALSE,"Reference","Reference","Low compliance"
"Bulb, Corm, Rhizome, Tuberous Stem","Denmark",TRUE,"Reference","Reference","Low compliance"
"Bulb, Corm, Rhizome, Tuberous Stem","Denmark",TRUE,"Reference","costa farms","Poor compliance"
"Bulb, Corm, Rhizome, Tuberous Stem","Denmark",FALSE,"Reference","Reference","Medium compliance"
"Bulb, Corm, Rhizome, Tuberous Stem","Denmark",FALSE,"Reference","costa farms","Poor compliance"
"Bulb, Corm, Rhizome, Tuberous Stem","Poland",TRUE,"Reference","missing","Poor compliance"
"Bulb, Corm, Rhizome, Tuberous Stem","Poland",TRUE,"Reference","foremost foliage inc dba foremostco","Poor compliance"
"Bulb, Corm, Rhizome, Tuberous Stem","Poland",TRUE,"Reference","Reference","Medium compliance"
"Bulb, Corm, Rhizome, Tuberous Stem","Poland",TRUE,"Reference","mchutchison","Poor compliance"
"Bulb, Corm, Rhizome, Tuberous Stem","Poland",TRUE,"Reference","express seed","Low compliance"
"Bulb, Corm, Rhizome, Tuberous Stem","Poland",TRUE,"Reference","scott valentine","Poor compliance"
"Bulb, Corm, Rhizome, Tuberous Stem","Poland",FALSE,"Reference","missing","Medium compliance"
"Bulb, Corm, Rhizome, Tuberous Stem","Poland",FALSE,"Reference","foremost foliage inc dba foremostco","Low compliance"
"Bulb, Corm, Rhizome, Tuberous Stem","Poland",FALSE,"Reference","Reference","Medium compliance"
"Bulb, Corm, Rhizome, Tuberous Stem","Poland",FALSE,"Reference","mchutchison","Low compliance"
"Bulb, Corm, Rhizome, Tuberous Stem","Poland",FALSE,"Reference","express seed","Low compliance"
"Bulb, Corm, Rhizome, Tuberous Stem","Poland",FALSE,"Reference","scott valentine","Medium compliance"
"Bulb, Corm, Rhizome, Tuberous Stem","Ireland",TRUE,"Reference","Reference","Poor compliance"
"Bulb, Corm, Rhizome, Tuberous Stem","Ireland",TRUE,"Reference","foremost foliage","Poor compliance"
"Bulb, Corm, Rhizome, Tuberous Stem","Ireland",TRUE,"Reference","foremost foliage inc dba foremostco","Poor compliance"
"Bulb, Corm, Rhizome, Tuberous Stem","Ireland",FALSE,"Reference","Reference","Low compliance"
"Bulb, Corm, Rhizome, Tuberous Stem","Ireland",FALSE,"Reference","foremost foliage","Poor compliance"
"Bulb, Corm, Rhizome, Tuberous Stem","Ireland",FALSE,"Reference","foremost foliage inc dba foremostco","Poor compliance"
"Bulb, Corm, Rhizome, Tuberous Stem","Nicaragua",TRUE,"Reference","Reference","Medium compliance"
"Bulb, Corm, Rhizome, Tuberous Stem","Nicaragua",FALSE,"Reference","Reference","High compliance"
"Bulb, Corm, Rhizome, Tuberous Stem","Malaysia",TRUE,"Reference","Reference","Medium compliance"
"Bulb, Corm, Rhizome, Tuberous Stem","Malaysia",TRUE,"Reference","foremost foliage inc dba foremostco","Poor compliance"
"Bulb, Corm, Rhizome, Tuberous Stem","Malaysia",TRUE,"Reference","miyar intl brokerage","Poor compliance"
"Bulb, Corm, Rhizome, Tuberous Stem","Malaysia",TRUE,"Reference","foremost foliage","Poor compliance"
"Bulb, Corm, Rhizome, Tuberous Stem","Malaysia",TRUE,"Reference","biostok","Poor compliance"
"Bulb, Corm, Rhizome, Tuberous Stem","Malaysia",FALSE,"Reference","Reference","Medium compliance"
"Bulb, Corm, Rhizome, Tuberous Stem","Malaysia",FALSE,"Reference","foremost foliage inc dba foremostco","Low compliance"
"Bulb, Corm, Rhizome, Tuberous Stem","Malaysia",FALSE,"Reference","miyar intl brokerage","Poor compliance"
"Bulb, Corm, Rhizome, Tuberous Stem","Malaysia",FALSE,"Reference","foremost foliage","Low compliance"
"Bulb, Corm, Rhizome, Tuberous Stem","Malaysia",FALSE,"Reference","biostok","Poor compliance"
"Bulb, Corm, Rhizome, Tuberous Stem","Hong Kong",TRUE,"Reference","Reference","Low compliance"
"Bulb, Corm, Rhizome, Tuberous Stem","Hong Kong",FALSE,"Reference","Reference","Medium compliance"
"Bulb, Corm, Rhizome, Tuberous Stem","United States of America",TRUE,"Reference","missing","Poor compliance"
"Bulb, Corm, Rhizome, Tuberous Stem","United States of America",TRUE,"Reference","Reference","Low compliance"
"Bulb, Corm, Rhizome, Tuberous Stem","United States of America",TRUE,"Reference","foremost foliage inc dba foremostco","Poor compliance"
"Bulb, Corm, Rhizome, Tuberous Stem","United States of America",FALSE,"Reference","missing","Low compliance"
"Bulb, Corm, Rhizome, Tuberous Stem","United States of America",FALSE,"Reference","Reference","Medium compliance"
"Bulb, Corm, Rhizome, Tuberous Stem","United States of America",FALSE,"Reference","foremost foliage inc dba foremostco","Poor compliance"
"Bulb, Corm, Rhizome, Tuberous Stem","Chile",TRUE,"Reference","Reference","Medium compliance"
"Bulb, Corm, Rhizome, Tuberous Stem","Chile",FALSE,"Reference","Reference","Medium compliance"
"Bulb, Corm, Rhizome, Tuberous Stem","Uganda",TRUE,"Reference","express seed","Low compliance"
"Bulb, Corm, Rhizome, Tuberous Stem","Uganda",TRUE,"Reference","Reference","Medium compliance"
"Bulb, Corm, Rhizome, Tuberous Stem","Uganda",TRUE,"Reference","costa farms","Low compliance"
"Bulb, Corm, Rhizome, Tuberous Stem","Uganda",TRUE,"Reference","fleurizon","Poor compliance"
"Bulb, Corm, Rhizome, Tuberous Stem","Uganda",FALSE,"Reference","express seed","Medium compliance"
"Bulb, Corm, Rhizome, Tuberous Stem","Uganda",FALSE,"Reference","Reference","Medium compliance"
"Bulb, Corm, Rhizome, Tuberous Stem","Uganda",FALSE,"Reference","costa farms","Medium compliance"
"Bulb, Corm, Rhizome, Tuberous Stem","Uganda",FALSE,"Reference","fleurizon","Low compliance"
"Bulb, Corm, Rhizome, Tuberous Stem","Belgium",TRUE,"Reference","Reference","Medium compliance"
"Bulb, Corm, Rhizome, Tuberous Stem","Belgium",TRUE,"Reference","miyar intl brokerage","Poor compliance"
"Bulb, Corm, Rhizome, Tuberous Stem","Belgium",TRUE,"Reference","express seed","Low compliance"
"Bulb, Corm, Rhizome, Tuberous Stem","Belgium",FALSE,"Reference","Reference","Medium compliance"
"Bulb, Corm, Rhizome, Tuberous Stem","Belgium",FALSE,"Reference","miyar intl brokerage","Low compliance"
"Bulb, Corm, Rhizome, Tuberous Stem","Belgium",FALSE,"Reference","express seed","Medium compliance"
"Bulb, Corm, Rhizome, Tuberous Stem","Cameroon",TRUE,"Reference","Reference","Low compliance"
"Bulb, Corm, Rhizome, Tuberous Stem","Cameroon",FALSE,"Reference","Reference","Low compliance"
"Bulb, Corm, Rhizome, Tuberous Stem","Ukraine",TRUE,"Reference","missing","Poor compliance"
"Bulb, Corm, Rhizome, Tuberous Stem","Ukraine",FALSE,"Reference","missing","Low compliance"
"Bulb, Corm, Rhizome, Tuberous Stem","Luxembourg",TRUE,"Reference","missing","Poor compliance"
"Bulb, Corm, Rhizome, Tuberous Stem","Luxembourg",TRUE,"Reference","Reference","Medium compliance"
"Bulb, Corm, Rhizome, Tuberous Stem","Luxembourg",FALSE,"Reference","missing","Low compliance"
"Bulb, Corm, Rhizome, Tuberous Stem","Luxembourg",FALSE,"Reference","Reference","Medium compliance"
"Bulb, Corm, Rhizome, Tuberous Stem","Peru",TRUE,"Reference","Reference","Medium compliance"
"Bulb, Corm, Rhizome, Tuberous Stem","Peru",TRUE,"ORNAMENTALES SAPO VERDE 801","foremost foliage","Poor compliance"
"Bulb, Corm, Rhizome, Tuberous Stem","Peru",TRUE,"Reference","miyar intl brokerage","Poor compliance"
"Bulb, Corm, Rhizome, Tuberous Stem","Peru",TRUE,"ORNAMENTALES SAPO VERDE 801","foremost foliage inc dba foremostco","Poor compliance"
"Bulb, Corm, Rhizome, Tuberous Stem","Peru",TRUE,"GENEROS ECUATORIANOS","Reference","Poor compliance"
"Bulb, Corm, Rhizome, Tuberous Stem","Peru",TRUE,"Reference","missing","Poor compliance"
"Bulb, Corm, Rhizome, Tuberous Stem","Peru",TRUE,"Reference","costa farms","Poor compliance"
"Bulb, Corm, Rhizome, Tuberous Stem","Peru",FALSE,"Reference","Reference","Medium compliance"
"Bulb, Corm, Rhizome, Tuberous Stem","Peru",FALSE,"ORNAMENTALES SAPO VERDE 801","foremost foliage","Low compliance"
"Bulb, Corm, Rhizome, Tuberous Stem","Peru",FALSE,"Reference","miyar intl brokerage","Poor compliance"
"Bulb, Corm, Rhizome, Tuberous Stem","Peru",FALSE,"ORNAMENTALES SAPO VERDE 801","foremost foliage inc dba foremostco","Low compliance"
"Bulb, Corm, Rhizome, Tuberous Stem","Peru",FALSE,"GENEROS ECUATORIANOS","Reference","Low compliance"
"Bulb, Corm, Rhizome, Tuberous Stem","Peru",FALSE,"Reference","missing","Low compliance"
"Bulb, Corm, Rhizome, Tuberous Stem","Peru",FALSE,"Reference","costa farms","Medium compliance"
"Bulb, Corm, Rhizome, Tuberous Stem","Panama",TRUE,"Reference","Reference","Low compliance"
"Bulb, Corm, Rhizome, Tuberous Stem","Panama",FALSE,"Reference","Reference","Medium compliance"
"Bulb, Corm, Rhizome, Tuberous Stem","Bulgaria",TRUE,"Reference","missing","Poor compliance"
"Bulb, Corm, Rhizome, Tuberous Stem","Bulgaria",FALSE,"Reference","missing","Low compliance"
"Bulb, Corm, Rhizome, Tuberous Stem","Dominican Republic",TRUE,"COSTA","costa farms","Poor compliance"
"Bulb, Corm, Rhizome, Tuberous Stem","Dominican Republic",TRUE,"Reference","Reference","Medium compliance"
"Bulb, Corm, Rhizome, Tuberous Stem","Dominican Republic",TRUE,"Reference","fb imports","Poor compliance"
"Bulb, Corm, Rhizome, Tuberous Stem","Dominican Republic",TRUE,"Reference","costa farms","Poor compliance"
"Bulb, Corm, Rhizome, Tuberous Stem","Dominican Republic",FALSE,"COSTA","costa farms","Low compliance"
"Bulb, Corm, Rhizome, Tuberous Stem","Dominican Republic",FALSE,"Reference","Reference","Medium compliance"
"Bulb, Corm, Rhizome, Tuberous Stem","Dominican Republic",FALSE,"Reference","fb imports","Poor compliance"
"Bulb, Corm, Rhizome, Tuberous Stem","Dominican Republic",FALSE,"Reference","costa farms","Low compliance"
"Bulb, Corm, Rhizome, Tuberous Stem","Ecuador",TRUE,"Reference","graciana parker","Low compliance"
"Bulb, Corm, Rhizome, Tuberous Stem","Ecuador",TRUE,"GENEROS ECUATORIANOS","Reference","Medium compliance"
"Bulb, Corm, Rhizome, Tuberous Stem","Ecuador",TRUE,"Reference","Reference","Medium compliance"
"Bulb, Corm, Rhizome, Tuberous Stem","Ecuador",TRUE,"JARDINES TERRAGARDEN","terra garden","Poor compliance"
"Bulb, Corm, Rhizome, Tuberous Stem","Ecuador",TRUE,"JARDINES TERRAGARDEN","Reference","Low compliance"
"Bulb, Corm, Rhizome, Tuberous Stem","Ecuador",TRUE,"GENEROS ECUATORIANOS","omega customs brokers","Poor compliance"
"Bulb, Corm, Rhizome, Tuberous Stem","Ecuador",TRUE,"Reference","omega customs brokers","Low compliance"
"Bulb, Corm, Rhizome, Tuberous Stem","Ecuador",TRUE,"Reference","missing","Poor compliance"
"Bulb, Corm, Rhizome, Tuberous Stem","Ecuador",FALSE,"Reference","graciana parker","Medium compliance"
"Bulb, Corm, Rhizome, Tuberous Stem","Ecuador",FALSE,"GENEROS ECUATORIANOS","Reference","Medium compliance"
"Bulb, Corm, Rhizome, Tuberous Stem","Ecuador",FALSE,"Reference","Reference","High compliance"
"Bulb, Corm, Rhizome, Tuberous Stem","Ecuador",FALSE,"JARDINES TERRAGARDEN","terra garden","Low compliance"
"Bulb, Corm, Rhizome, Tuberous Stem","Ecuador",FALSE,"JARDINES TERRAGARDEN","Reference","Medium compliance"
"Bulb, Corm, Rhizome, Tuberous Stem","Ecuador",FALSE,"GENEROS ECUATORIANOS","omega customs brokers","Low compliance"
"Bulb, Corm, Rhizome, Tuberous Stem","Ecuador",FALSE,"Reference","omega customs brokers","Medium compliance"
"Bulb, Corm, Rhizome, Tuberous Stem","Ecuador",FALSE,"Reference","missing","Medium compliance"
"Bulb, Corm, Rhizome, Tuberous Stem","Honduras",TRUE,"AGRIGENTUM SA","Reference","Low compliance"
"Bulb, Corm, Rhizome, Tuberous Stem","Honduras",TRUE,"Reference","Reference","Medium compliance"
"Bulb, Corm, Rhizome, Tuberous Stem","Honduras",TRUE,"Reference","costa farms","Low compliance"
"Bulb, Corm, Rhizome, Tuberous Stem","Honduras",TRUE,"Reference","plant exports","Poor compliance"
"Bulb, Corm, Rhizome, Tuberous Stem","Honduras",TRUE,"Reference","express seed","Low compliance"
"Bulb, Corm, Rhizome, Tuberous Stem","Honduras",TRUE,"Reference","fleurizon","Poor compliance"
"Bulb, Corm, Rhizome, Tuberous Stem","Honduras",FALSE,"AGRIGENTUM SA","Reference","Medium compliance"
"Bulb, Corm, Rhizome, Tuberous Stem","Honduras",FALSE,"Reference","Reference","Medium compliance"
"Bulb, Corm, Rhizome, Tuberous Stem","Honduras",FALSE,"Reference","costa farms","Medium compliance"
"Bulb, Corm, Rhizome, Tuberous Stem","Honduras",FALSE,"Reference","plant exports","Low compliance"
"Bulb, Corm, Rhizome, Tuberous Stem","Honduras",FALSE,"Reference","express seed","Medium compliance"
"Bulb, Corm, Rhizome, Tuberous Stem","Honduras",FALSE,"Reference","fleurizon","Low compliance"
"Bulb, Corm, Rhizome, Tuberous Stem","Guam",TRUE,"Reference","fb imports","Poor compliance"
"Bulb, Corm, Rhizome, Tuberous Stem","Guam",FALSE,"Reference","fb imports","Poor compliance"
"Bulb, Corm, Rhizome, Tuberous Stem","Mozambique",TRUE,"Reference","Reference","Poor compliance"
"Bulb, Corm, Rhizome, Tuberous Stem","Mozambique",FALSE,"Reference","Reference","Low compliance"
"Bulb, Corm, Rhizome, Tuberous Stem","Guinea",TRUE,"Reference","green thumb marketing","Poor compliance"
"Bulb, Corm, Rhizome, Tuberous Stem","Guinea",FALSE,"Reference","green thumb marketing","Low compliance"
"Bulb, Corm, Rhizome, Tuberous Stem","Trinidad and Tobago",TRUE,"Reference","Reference","Poor compliance"
"Bulb, Corm, Rhizome, Tuberous Stem","Trinidad and Tobago",FALSE,"Reference","Reference","Low compliance"
"Bulb, Corm, Rhizome, Tuberous Stem","Sweden",TRUE,"Reference","Reference","Low compliance"
"Bulb, Corm, Rhizome, Tuberous Stem","Sweden",FALSE,"Reference","Reference","Medium compliance"
"Bulb, Corm, Rhizome, Tuberous Stem","Bolivia",TRUE,"Reference","Reference","Poor compliance"
"Bulb, Corm, Rhizome, Tuberous Stem","Bolivia",FALSE,"Reference","Reference","Low compliance"
"Bulb, Corm, Rhizome, Tuberous Stem","Portugal",TRUE,"Reference","green plant cuttings usa","Low compliance"
"Bulb, Corm, Rhizome, Tuberous Stem","Portugal",TRUE,"Reference","Reference","Medium compliance"
"Bulb, Corm, Rhizome, Tuberous Stem","Portugal",FALSE,"Reference","green plant cuttings usa","Medium compliance"
"Bulb, Corm, Rhizome, Tuberous Stem","Portugal",FALSE,"Reference","Reference","Medium compliance"
"Bulb, Corm, Rhizome, Tuberous Stem","Canada",TRUE,"Reference","Reference","Low compliance"
"Bulb, Corm, Rhizome, Tuberous Stem","Canada",TRUE,"Reference","missing","Poor compliance"
"Bulb, Corm, Rhizome, Tuberous Stem","Canada",FALSE,"Reference","Reference","Medium compliance"
"Bulb, Corm, Rhizome, Tuberous Stem","Canada",FALSE,"Reference","missing","Low compliance"
"Bulb, Corm, Rhizome, Tuberous Stem","Pakistan",TRUE,"Reference","Reference","Poor compliance"
"Bulb, Corm, Rhizome, Tuberous Stem","Pakistan",FALSE,"Reference","Reference","Poor compliance"
"Bulb, Corm, Rhizome, Tuberous Stem","Switzerland",TRUE,"Reference","Reference","Poor compliance"
"Bulb, Corm, Rhizome, Tuberous Stem","Switzerland",FALSE,"Reference","Reference","Low compliance"
"Bulb, Corm, Rhizome, Tuberous Stem","Barbados",TRUE,"Reference","Reference","Poor compliance"
"Bulb, Corm, Rhizome, Tuberous Stem","Barbados",FALSE,"Reference","Reference","Poor compliance"
"Bulb, Corm, Rhizome, Tuberous Stem","Antigua and Barbuda",TRUE,"Reference","Reference","Poor compliance"
"Bulb, Corm, Rhizome, Tuberous Stem","Antigua and Barbuda",FALSE,"Reference","Reference","Poor compliance"
"Bulb, Corm, Rhizome, Tuberous Stem","St. Lucia",TRUE,"Reference","Reference","Poor compliance"
"Bulb, Corm, Rhizome, Tuberous Stem","St. Lucia",FALSE,"Reference","Reference","Poor compliance"
"Bulb, Corm, Rhizome, Tuberous Stem","Belize",TRUE,"Reference","Reference","Poor compliance"
"Bulb, Corm, Rhizome, Tuberous Stem","Belize",FALSE,"Reference","Reference","Low compliance"
"Bulb, Corm, Rhizome, Tuberous Stem","Ethiopia",TRUE,"Reference","Reference","Medium compliance"
"Bulb, Corm, Rhizome, Tuberous Stem","Ethiopia",FALSE,"Reference","Reference","Medium compliance"
"Bulb, Corm, Rhizome, Tuberous Stem","Nepal",TRUE,"Reference","Reference","Poor compliance"
"Bulb, Corm, Rhizome, Tuberous Stem","Nepal",FALSE,"Reference","Reference","Low compliance"
"Bulb, Corm, Rhizome, Tuberous Stem","Senegal",TRUE,"Reference","Reference","Poor compliance"
"Bulb, Corm, Rhizome, Tuberous Stem","Senegal",FALSE,"Reference","Reference","Low compliance"
"Bulb, Corm, Rhizome, Tuberous Stem","Gambia",TRUE,"Reference","Reference","Poor compliance"
"Bulb, Corm, Rhizome, Tuberous Stem","Gambia",FALSE,"Reference","Reference","Low compliance"
"Bulb, Corm, Rhizome, Tuberous Stem","Suriname",TRUE,"Reference","Reference","Poor compliance"
"Bulb, Corm, Rhizome, Tuberous Stem","Suriname",FALSE,"Reference","Reference","Low compliance"
"Bulb, Corm, Rhizome, Tuberous Stem","US Virgin Islands",TRUE,"Reference","Reference","Poor compliance"
"Bulb, Corm, Rhizome, Tuberous Stem","US Virgin Islands",FALSE,"Reference","Reference","Low compliance"
"Root cutting, crown, or clump, Tuberous Root","Korea, South",TRUE,"xplant","Reference","Poor compliance"
"Root cutting, crown, or clump, Tuberous Root","Korea, South",TRUE,"xplant","missing","Poor compliance"
"Root cutting, crown, or clump, Tuberous Root","Korea, South",TRUE,"Reference","Reference","High compliance"
"Root cutting, crown, or clump, Tuberous Root","Korea, South",TRUE,"Reference","missing","Low compliance"
"Root cutting, crown, or clump, Tuberous Root","Korea, South",TRUE,"Reference","western cactus enterprises","Poor compliance"
"Root cutting, crown, or clump, Tuberous Root","Korea, South",TRUE,"Reference","altman specialty plants","Poor compliance"
"Root cutting, crown, or clump, Tuberous Root","Korea, South",TRUE,"Reference","costa farms","Low compliance"
"Root cutting, crown, or clump, Tuberous Root","Korea, South",TRUE,"Reference","miyar intl brokerage","Poor compliance"
"Root cutting, crown, or clump, Tuberous Root","Korea, South",TRUE,"Reference","aksiporn saengfa","Low compliance"
"Root cutting, crown, or clump, Tuberous Root","Korea, South",FALSE,"xplant","Reference","Medium compliance"
"Root cutting, crown, or clump, Tuberous Root","Korea, South",FALSE,"xplant","missing","Medium compliance"
"Root cutting, crown, or clump, Tuberous Root","Korea, South",FALSE,"Reference","Reference","High compliance"
"Root cutting, crown, or clump, Tuberous Root","Korea, South",FALSE,"Reference","missing","Medium compliance"
"Root cutting, crown, or clump, Tuberous Root","Korea, South",FALSE,"Reference","western cactus enterprises","Medium compliance"
"Root cutting, crown, or clump, Tuberous Root","Korea, South",FALSE,"Reference","altman specialty plants","Medium compliance"
"Root cutting, crown, or clump, Tuberous Root","Korea, South",FALSE,"Reference","costa farms","Medium compliance"
"Root cutting, crown, or clump, Tuberous Root","Korea, South",FALSE,"Reference","miyar intl brokerage","Low compliance"
"Root cutting, crown, or clump, Tuberous Root","Korea, South",FALSE,"Reference","aksiporn saengfa","Medium compliance"
"Root cutting, crown, or clump, Tuberous Root","Thailand",TRUE,"Reference","missing","Poor compliance"
"Root cutting, crown, or clump, Tuberous Root","Thailand",TRUE,"Escactus","missing","Poor compliance"
"Root cutting, crown, or clump, Tuberous Root","Thailand",TRUE,"Reference","Reference","Medium compliance"
"Root cutting, crown, or clump, Tuberous Root","Thailand",TRUE,"WALPAT AQUATIC","complete aquatic systems","Poor compliance"
"Root cutting, crown, or clump, Tuberous Root","Thailand",TRUE,"Reference","ultum nature systems","Medium compliance"
"Root cutting, crown, or clump, Tuberous Root","Thailand",TRUE,"WHITE ROSE EXPORT (THAILAND) LTD","complete aquatic systems","Poor compliance"
"Root cutting, crown, or clump, Tuberous Root","Thailand",TRUE,"Reference","siam flora","Low compliance"
"Root cutting, crown, or clump, Tuberous Root","Thailand",TRUE,"Reference","complete aquatic systems","Low compliance"
"Root cutting, crown, or clump, Tuberous Root","Thailand",TRUE,"Reference","tat tristan g","Poor compliance"
"Root cutting, crown, or clump, Tuberous Root","Thailand",TRUE,"Reference","united plant growers","Poor compliance"
"Root cutting, crown, or clump, Tuberous Root","Thailand",TRUE,"Natta 1565 Limited","Reference","Low compliance"
"Root cutting, crown, or clump, Tuberous Root","Thailand",TRUE,"ALPINE TROPICAL PLANTS CO LTD","missing","Poor compliance"
"Root cutting, crown, or clump, Tuberous Root","Thailand",TRUE,"Reference","chen tian","Poor compliance"
"Root cutting, crown, or clump, Tuberous Root","Thailand",TRUE,"Reference","ds cole growers","Low compliance"
"Root cutting, crown, or clump, Tuberous Root","Thailand",TRUE,"Reference","omega customs brokers","Poor compliance"
"Root cutting, crown, or clump, Tuberous Root","Thailand",TRUE,"Reference","aksiporn saengfa","Poor compliance"
"Root cutting, crown, or clump, Tuberous Root","Thailand",TRUE,"Kantapat Kaewpradith","Reference","Poor compliance"
"Root cutting, crown, or clump, Tuberous Root","Thailand",TRUE,"Escactus","Reference","Low compliance"
"Root cutting, crown, or clump, Tuberous Root","Thailand",TRUE,"Reference","daniel baytosh","Poor compliance"
"Root cutting, crown, or clump, Tuberous Root","Thailand",TRUE,"Reference","miyar intl brokerage","Poor compliance"
"Root cutting, crown, or clump, Tuberous Root","Thailand",TRUE,"Bomb Takomfoo","Reference","Low compliance"
"Root cutting, crown, or clump, Tuberous Root","Thailand",TRUE,"ALPINE TROPICAL PLANTS CO LTD","Reference","Low compliance"
"Root cutting, crown, or clump, Tuberous Root","Thailand",TRUE,"Reference","foremost foliage inc dba foremostco","Low compliance"
"Root cutting, crown, or clump, Tuberous Root","Thailand",TRUE,"Reference","fleurizon","Poor compliance"
"Root cutting, crown, or clump, Tuberous Root","Thailand",TRUE,"Reference","hanna gregor","Poor compliance"
"Root cutting, crown, or clump, Tuberous Root","Thailand",TRUE,"Reference","green plant cuttings usa","Low compliance"
"Root cutting, crown, or clump, Tuberous Root","Thailand",TRUE,"GENEROS ECUATORIANOS","Reference","Low compliance"
"Root cutting, crown, or clump, Tuberous Root","Thailand",TRUE,"Reference","waterscaap pond amp aquarium plants","Poor compliance"
"Root cutting, crown, or clump, Tuberous Root","Thailand",TRUE,"PT AQUATIC PLAN CENTRE INDONESIA","Reference","Medium compliance"
"Root cutting, crown, or clump, Tuberous Root","Thailand",TRUE,"Reference","costa farms","Low compliance"
"Root cutting, crown, or clump, Tuberous Root","Thailand",TRUE,"Reference","gubler orchids","Poor compliance"
"Root cutting, crown, or clump, Tuberous Root","Thailand",TRUE,"Reference","biostok","Poor compliance"
"Root cutting, crown, or clump, Tuberous Root","Thailand",TRUE,"Reference","perfect choice","Poor compliance"
"Root cutting, crown, or clump, Tuberous Root","Thailand",TRUE,"GENEROS ECUATORIANOS","hanna gregor","Poor compliance"
"Root cutting, crown, or clump, Tuberous Root","Thailand",TRUE,"Natta 1565 Limited","hanna gregor","Poor compliance"
"Root cutting, crown, or clump, Tuberous Root","Thailand",TRUE,"Reference","b c amp f brokerage","Poor compliance"
"Root cutting, crown, or clump, Tuberous Root","Thailand",TRUE,"Natta 1565 Limited","perfect choice","Poor compliance"
"Root cutting, crown, or clump, Tuberous Root","Thailand",TRUE,"Reference","foremost foliage","Poor compliance"
"Root cutting, crown, or clump, Tuberous Root","Thailand",TRUE,"Reference","mchutchison","Low compliance"
"Root cutting, crown, or clump, Tuberous Root","Thailand",TRUE,"Reference","express seed","Low compliance"
"Root cutting, crown, or clump, Tuberous Root","Thailand",FALSE,"Reference","missing","Medium compliance"
"Root cutting, crown, or clump, Tuberous Root","Thailand",FALSE,"Escactus","missing","Low compliance"
"Root cutting, crown, or clump, Tuberous Root","Thailand",FALSE,"Reference","Reference","High compliance"
"Root cutting, crown, or clump, Tuberous Root","Thailand",FALSE,"WALPAT AQUATIC","complete aquatic systems","Low compliance"
"Root cutting, crown, or clump, Tuberous Root","Thailand",FALSE,"Reference","ultum nature systems","Low compliance"
"Root cutting, crown, or clump, Tuberous Root","Thailand",FALSE,"WHITE ROSE EXPORT (THAILAND) LTD","complete aquatic systems","Medium compliance"
"Root cutting, crown, or clump, Tuberous Root","Thailand",FALSE,"Reference","siam flora","Medium compliance"
"Root cutting, crown, or clump, Tuberous Root","Thailand",FALSE,"Reference","complete aquatic systems","Medium compliance"
"Root cutting, crown, or clump, Tuberous Root","Thailand",FALSE,"Reference","tat tristan g","Low compliance"
"Root cutting, crown, or clump, Tuberous Root","Thailand",FALSE,"Reference","united plant growers","Medium compliance"
"Root cutting, crown, or clump, Tuberous Root","Thailand",FALSE,"Natta 1565 Limited","Reference","Medium compliance"
"Root cutting, crown, or clump, Tuberous Root","Thailand",FALSE,"ALPINE TROPICAL PLANTS CO LTD","missing","Low compliance"
"Root cutting, crown, or clump, Tuberous Root","Thailand",FALSE,"Reference","chen tian","Poor compliance"
"Root cutting, crown, or clump, Tuberous Root","Thailand",FALSE,"Reference","ds cole growers","Medium compliance"
"Root cutting, crown, or clump, Tuberous Root","Thailand",FALSE,"Reference","omega customs brokers","Low compliance"
"Root cutting, crown, or clump, Tuberous Root","Thailand",FALSE,"Reference","aksiporn saengfa","Medium compliance"
"Root cutting, crown, or clump, Tuberous Root","Thailand",FALSE,"Kantapat Kaewpradith","Reference","Medium compliance"
"Root cutting, crown, or clump, Tuberous Root","Thailand",FALSE,"Escactus","Reference","Medium compliance"
"Root cutting, crown, or clump, Tuberous Root","Thailand",FALSE,"Reference","daniel baytosh","Medium compliance"
"Root cutting, crown, or clump, Tuberous Root","Thailand",FALSE,"Reference","miyar intl brokerage","Low compliance"
"Root cutting, crown, or clump, Tuberous Root","Thailand",FALSE,"Bomb Takomfoo","Reference","Low compliance"
"Root cutting, crown, or clump, Tuberous Root","Thailand",FALSE,"ALPINE TROPICAL PLANTS CO LTD","Reference","Medium compliance"
"Root cutting, crown, or clump, Tuberous Root","Thailand",FALSE,"Reference","foremost foliage inc dba foremostco","Low compliance"
"Root cutting, crown, or clump, Tuberous Root","Thailand",FALSE,"Reference","fleurizon","Poor compliance"
"Root cutting, crown, or clump, Tuberous Root","Thailand",FALSE,"Reference","hanna gregor","Low compliance"
"Root cutting, crown, or clump, Tuberous Root","Thailand",FALSE,"Reference","green plant cuttings usa","Medium compliance"
"Root cutting, crown, or clump, Tuberous Root","Thailand",FALSE,"GENEROS ECUATORIANOS","Reference","Low compliance"
"Root cutting, crown, or clump, Tuberous Root","Thailand",FALSE,"Reference","waterscaap pond amp aquarium plants","Poor compliance"
"Root cutting, crown, or clump, Tuberous Root","Thailand",FALSE,"PT AQUATIC PLAN CENTRE INDONESIA","Reference","Medium compliance"
"Root cutting, crown, or clump, Tuberous Root","Thailand",FALSE,"Reference","costa farms","Medium compliance"
"Root cutting, crown, or clump, Tuberous Root","Thailand",FALSE,"Reference","gubler orchids","Poor compliance"
"Root cutting, crown, or clump, Tuberous Root","Thailand",FALSE,"Reference","biostok","Low compliance"
"Root cutting, crown, or clump, Tuberous Root","Thailand",FALSE,"Reference","perfect choice","Low compliance"
"Root cutting, crown, or clump, Tuberous Root","Thailand",FALSE,"GENEROS ECUATORIANOS","hanna gregor","Poor compliance"
"Root cutting, crown, or clump, Tuberous Root","Thailand",FALSE,"Natta 1565 Limited","hanna gregor","Low compliance"
"Root cutting, crown, or clump, Tuberous Root","Thailand",FALSE,"Reference","b c amp f brokerage","Medium compliance"
"Root cutting, crown, or clump, Tuberous Root","Thailand",FALSE,"Natta 1565 Limited","perfect choice","Poor compliance"
"Root cutting, crown, or clump, Tuberous Root","Thailand",FALSE,"Reference","foremost foliage","Low compliance"
"Root cutting, crown, or clump, Tuberous Root","Thailand",FALSE,"Reference","mchutchison","Medium compliance"
"Root cutting, crown, or clump, Tuberous Root","Thailand",FALSE,"Reference","express seed","Medium compliance"
"Root cutting, crown, or clump, Tuberous Root","Indonesia",TRUE,"CV Jawadipa Nusantara","Reference","Low compliance"
"Root cutting, crown, or clump, Tuberous Root","Indonesia",TRUE,"Reference","Reference","Medium compliance"
"Root cutting, crown, or clump, Tuberous Root","Indonesia",TRUE,"Nisa Garden","Reference","Poor compliance"
"Root cutting, crown, or clump, Tuberous Root","Indonesia",TRUE,"CV Okanoka Multi Usaha","stephanie schouten","Poor compliance"
"Root cutting, crown, or clump, Tuberous Root","Indonesia",TRUE,"CV AESTETICH","Reference","Poor compliance"
"Root cutting, crown, or clump, Tuberous Root","Indonesia",TRUE,"Sekar Wana Jaya","joni suhartomo","Poor compliance"
"Root cutting, crown, or clump, Tuberous Root","Indonesia",TRUE,"CV Okanoka Multi Usaha","Reference","Poor compliance"
"Root cutting, crown, or clump, Tuberous Root","Indonesia",TRUE,"CV KEBUN INDAH","Reference","Poor compliance"
"Root cutting, crown, or clump, Tuberous Root","Indonesia",TRUE,"Sekar Wana Jaya","Reference","Low compliance"
"Root cutting, crown, or clump, Tuberous Root","Indonesia",TRUE,"Reference","joni suhartomo","Poor compliance"
"Root cutting, crown, or clump, Tuberous Root","Indonesia",TRUE,"Sekar Wana Jaya","missing","Poor compliance"
"Root cutting, crown, or clump, Tuberous Root","Indonesia",TRUE,"Reference","tat tristan g","Poor compliance"
"Root cutting, crown, or clump, Tuberous Root","Indonesia",TRUE,"PT AQUATIC PLAN CENTRE INDONESIA","complete aquatic systems","Poor compliance"
"Root cutting, crown, or clump, Tuberous Root","Indonesia",TRUE,"Reference","ultum nature systems","Low compliance"
"Root cutting, crown, or clump, Tuberous Root","Indonesia",TRUE,"CV KEBUN INDAH","stephanie schouten","Poor compliance"
"Root cutting, crown, or clump, Tuberous Root","Indonesia",TRUE,"Reference","missing","Poor compliance"
"Root cutting, crown, or clump, Tuberous Root","Indonesia",TRUE,"Nisa Garden","missing","Poor compliance"
"Root cutting, crown, or clump, Tuberous Root","Indonesia",TRUE,"Reference","stephanie schouten","Poor compliance"
"Root cutting, crown, or clump, Tuberous Root","Indonesia",TRUE,"CV Jawadipa Nusantara","puspa ariani pande ketut","Poor compliance"
"Root cutting, crown, or clump, Tuberous Root","Indonesia",TRUE,"Reference","waterscaap pond amp aquarium plants","Poor compliance"
"Root cutting, crown, or clump, Tuberous Root","Indonesia",TRUE,"Reference","costa farms","Poor compliance"
"Root cutting, crown, or clump, Tuberous Root","Indonesia",TRUE,"Reference","foremost foliage","Poor compliance"
"Root cutting, crown, or clump, Tuberous Root","Indonesia",TRUE,"PT AQUATIC PLAN CENTRE INDONESIA","Reference","Low compliance"
"Root cutting, crown, or clump, Tuberous Root","Indonesia",TRUE,"Reference","miyar intl brokerage","Poor compliance"
"Root cutting, crown, or clump, Tuberous Root","Indonesia",TRUE,"Reference","foremost foliage inc dba foremostco","Poor compliance"
"Root cutting, crown, or clump, Tuberous Root","Indonesia",TRUE,"PT AQUATIC PLAN CENTRE INDONESIA","waterscaap pond amp aquarium plants","Poor compliance"
"Root cutting, crown, or clump, Tuberous Root","Indonesia",TRUE,"Reference","perfect choice","Poor compliance"
"Root cutting, crown, or clump, Tuberous Root","Indonesia",TRUE,"CV AESTETICH","missing","Poor compliance"
"Root cutting, crown, or clump, Tuberous Root","Indonesia",TRUE,"CV KEBUN INDAH","missing","Poor compliance"
"Root cutting, crown, or clump, Tuberous Root","Indonesia",TRUE,"CV Jawadipa Nusantara","missing","Poor compliance"
"Root cutting, crown, or clump, Tuberous Root","Indonesia",TRUE,"Reference","biostok","Poor compliance"
"Root cutting, crown, or clump, Tuberous Root","Indonesia",TRUE,"CV KEBUN INDAH","hanna gregor","Poor compliance"
"Root cutting, crown, or clump, Tuberous Root","Indonesia",TRUE,"Nisa Garden","hanna gregor","Poor compliance"
"Root cutting, crown, or clump, Tuberous Root","Indonesia",TRUE,"Reference","hanna gregor","Poor compliance"
"Root cutting, crown, or clump, Tuberous Root","Indonesia",TRUE,"Reference","omega customs brokers","Poor compliance"
"Root cutting, crown, or clump, Tuberous Root","Indonesia",TRUE,"Reference","puspa ariani pande ketut","Poor compliance"
"Root cutting, crown, or clump, Tuberous Root","Indonesia",TRUE,"Reference","express seed","Poor compliance"
"Root cutting, crown, or clump, Tuberous Root","Indonesia",FALSE,"CV Jawadipa Nusantara","Reference","Low compliance"
"Root cutting, crown, or clump, Tuberous Root","Indonesia",FALSE,"Reference","Reference","Medium compliance"
"Root cutting, crown, or clump, Tuberous Root","Indonesia",FALSE,"Nisa Garden","Reference","Low compliance"
"Root cutting, crown, or clump, Tuberous Root","Indonesia",FALSE,"CV Okanoka Multi Usaha","stephanie schouten","Poor compliance"
"Root cutting, crown, or clump, Tuberous Root","Indonesia",FALSE,"CV AESTETICH","Reference","Medium compliance"
"Root cutting, crown, or clump, Tuberous Root","Indonesia",FALSE,"Sekar Wana Jaya","joni suhartomo","Poor compliance"
"Root cutting, crown, or clump, Tuberous Root","Indonesia",FALSE,"CV Okanoka Multi Usaha","Reference","Low compliance"
"Root cutting, crown, or clump, Tuberous Root","Indonesia",FALSE,"CV KEBUN INDAH","Reference","Low compliance"
"Root cutting, crown, or clump, Tuberous Root","Indonesia",FALSE,"Sekar Wana Jaya","Reference","Low compliance"
"Root cutting, crown, or clump, Tuberous Root","Indonesia",FALSE,"Reference","joni suhartomo","Low compliance"
"Root cutting, crown, or clump, Tuberous Root","Indonesia",FALSE,"Sekar Wana Jaya","missing","Poor compliance"
"Root cutting, crown, or clump, Tuberous Root","Indonesia",FALSE,"Reference","tat tristan g","Poor compliance"
"Root cutting, crown, or clump, Tuberous Root","Indonesia",FALSE,"PT AQUATIC PLAN CENTRE INDONESIA","complete aquatic systems","Low compliance"
"Root cutting, crown, or clump, Tuberous Root","Indonesia",FALSE,"Reference","ultum nature systems","Poor compliance"
"Root cutting, crown, or clump, Tuberous Root","Indonesia",FALSE,"CV KEBUN INDAH","stephanie schouten","Poor compliance"
"Root cutting, crown, or clump, Tuberous Root","Indonesia",FALSE,"Reference","missing","Low compliance"
"Root cutting, crown, or clump, Tuberous Root","Indonesia",FALSE,"Nisa Garden","missing","Poor compliance"
"Root cutting, crown, or clump, Tuberous Root","Indonesia",FALSE,"Reference","stephanie schouten","Poor compliance"
"Root cutting, crown, or clump, Tuberous Root","Indonesia",FALSE,"CV Jawadipa Nusantara","puspa ariani pande ketut","Poor compliance"
"Root cutting, crown, or clump, Tuberous Root","Indonesia",FALSE,"Reference","waterscaap pond amp aquarium plants","Poor compliance"
"Root cutting, crown, or clump, Tuberous Root","Indonesia",FALSE,"Reference","costa farms","Low compliance"
"Root cutting, crown, or clump, Tuberous Root","Indonesia",FALSE,"Reference","foremost foliage","Poor compliance"
"Root cutting, crown, or clump, Tuberous Root","Indonesia",FALSE,"PT AQUATIC PLAN CENTRE INDONESIA","Reference","Medium compliance"
"Root cutting, crown, or clump, Tuberous Root","Indonesia",FALSE,"Reference","miyar intl brokerage","Poor compliance"
"Root cutting, crown, or clump, Tuberous Root","Indonesia",FALSE,"Reference","foremost foliage inc dba foremostco","Poor compliance"
"Root cutting, crown, or clump, Tuberous Root","Indonesia",FALSE,"PT AQUATIC PLAN CENTRE INDONESIA","waterscaap pond amp aquarium plants","Poor compliance"
"Root cutting, crown, or clump, Tuberous Root","Indonesia",FALSE,"Reference","perfect choice","Poor compliance"
"Root cutting, crown, or clump, Tuberous Root","Indonesia",FALSE,"CV AESTETICH","missing","Low compliance"
"Root cutting, crown, or clump, Tuberous Root","Indonesia",FALSE,"CV KEBUN INDAH","missing","Poor compliance"
"Root cutting, crown, or clump, Tuberous Root","Indonesia",FALSE,"CV Jawadipa Nusantara","missing","Poor compliance"
"Root cutting, crown, or clump, Tuberous Root","Indonesia",FALSE,"Reference","biostok","Poor compliance"
"Root cutting, crown, or clump, Tuberous Root","Indonesia",FALSE,"CV KEBUN INDAH","hanna gregor","Poor compliance"
"Root cutting, crown, or clump, Tuberous Root","Indonesia",FALSE,"Nisa Garden","hanna gregor","Poor compliance"
"Root cutting, crown, or clump, Tuberous Root","Indonesia",FALSE,"Reference","hanna gregor","Poor compliance"
"Root cutting, crown, or clump, Tuberous Root","Indonesia",FALSE,"Reference","omega customs brokers","Poor compliance"
"Root cutting, crown, or clump, Tuberous Root","Indonesia",FALSE,"Reference","puspa ariani pande ketut","Low compliance"
"Root cutting, crown, or clump, Tuberous Root","Indonesia",FALSE,"Reference","express seed","Low compliance"
"Root cutting, crown, or clump, Tuberous Root","Philippines",TRUE,"Reference","missing","Poor compliance"
"Root cutting, crown, or clump, Tuberous Root","Philippines",TRUE,"Reference","Reference","Medium compliance"
"Root cutting, crown, or clump, Tuberous Root","Philippines",TRUE,"Reference","omega customs brokers","Poor compliance"
"Root cutting, crown, or clump, Tuberous Root","Philippines",TRUE,"Reference","aksiporn saengfa","Poor compliance"
"Root cutting, crown, or clump, Tuberous Root","Philippines",FALSE,"Reference","missing","Low compliance"
"Root cutting, crown, or clump, Tuberous Root","Philippines",FALSE,"Reference","Reference","Medium compliance"
"Root cutting, crown, or clump, Tuberous Root","Philippines",FALSE,"Reference","omega customs brokers","Low compliance"
"Root cutting, crown, or clump, Tuberous Root","Philippines",FALSE,"Reference","aksiporn saengfa","Low compliance"
"Root cutting, crown, or clump, Tuberous Root","Austria",TRUE,"Reference","missing","Poor compliance"
"Root cutting, crown, or clump, Tuberous Root","Austria",TRUE,"Reference","Reference","Medium compliance"
"Root cutting, crown, or clump, Tuberous Root","Austria",FALSE,"Reference","missing","Medium compliance"
"Root cutting, crown, or clump, Tuberous Root","Austria",FALSE,"Reference","Reference","Medium compliance"
"Root cutting, crown, or clump, Tuberous Root","Mexico",TRUE,"Reference","Reference","Medium compliance"
"Root cutting, crown, or clump, Tuberous Root","Mexico",TRUE,"Reference","scott valentine","Poor compliance"
"Root cutting, crown, or clump, Tuberous Root","Mexico",TRUE,"Reference","express seed","Low compliance"
"Root cutting, crown, or clump, Tuberous Root","Mexico",TRUE,"Reference","costa farms","Low compliance"
"Root cutting, crown, or clump, Tuberous Root","Mexico",TRUE,"Reference","missing","Poor compliance"
"Root cutting, crown, or clump, Tuberous Root","Mexico",FALSE,"Reference","Reference","High compliance"
"Root cutting, crown, or clump, Tuberous Root","Mexico",FALSE,"Reference","scott valentine","Medium compliance"
"Root cutting, crown, or clump, Tuberous Root","Mexico",FALSE,"Reference","express seed","Medium compliance"
"Root cutting, crown, or clump, Tuberous Root","Mexico",FALSE,"Reference","costa farms","Medium compliance"
"Root cutting, crown, or clump, Tuberous Root","Mexico",FALSE,"Reference","missing","Medium compliance"
"Root cutting, crown, or clump, Tuberous Root","China",TRUE,"Reference","Reference","Medium compliance"
"Root cutting, crown, or clump, Tuberous Root","China",TRUE,"Reference","missing","Poor compliance"
"Root cutting, crown, or clump, Tuberous Root","China",TRUE,"KUNMING TAODUROU HORTICULUTURE C","mimi nursery","Poor compliance"
"Root cutting, crown, or clump, Tuberous Root","China",TRUE,"KUNMING TAODUROU HORTICULUTURE C","Reference","Poor compliance"
"Root cutting, crown, or clump, Tuberous Root","China",TRUE,"Reference","costa farms","Poor compliance"
"Root cutting, crown, or clump, Tuberous Root","China",TRUE,"SHANDONG HUAYUCHENG AGRICULTURAL","Reference","Poor compliance"
"Root cutting, crown, or clump, Tuberous Root","China",TRUE,"SHANDONG HUAYUCHENG AGRICULTURAL","mimi nursery","Poor compliance"
"Root cutting, crown, or clump, Tuberous Root","China",TRUE,"ZHANGZHOU BANRUO","united plant growers","Poor compliance"
"Root cutting, crown, or clump, Tuberous Root","China",TRUE,"Reference","chen tian","Poor compliance"
"Root cutting, crown, or clump, Tuberous Root","China",TRUE,"ZHANGZHOU BANRUO","foremost foliage","Poor compliance"
"Root cutting, crown, or clump, Tuberous Root","China",TRUE,"Reference","fleurizon","Poor compliance"
"Root cutting, crown, or clump, Tuberous Root","China",TRUE,"ZHANGZHOU BANRUO","Reference","Low compliance"
"Root cutting, crown, or clump, Tuberous Root","China",TRUE,"Reference","united plant growers","Poor compliance"
"Root cutting, crown, or clump, Tuberous Root","China",TRUE,"Reference","express seed","Low compliance"
"Root cutting, crown, or clump, Tuberous Root","China",TRUE,"Reference","western cactus enterprises","Poor compliance"
"Root cutting, crown, or clump, Tuberous Root","China",TRUE,"KUNMING TAODUROU HORTICULUTURE C","missing","Poor compliance"
"Root cutting, crown, or clump, Tuberous Root","China",TRUE,"Reference","complete aquatic systems","Low compliance"
"Root cutting, crown, or clump, Tuberous Root","China",TRUE,"Reference","foremost foliage","Poor compliance"
"Root cutting, crown, or clump, Tuberous Root","China",TRUE,"Reference","mimi nursery","Medium compliance"
"Root cutting, crown, or clump, Tuberous Root","China",TRUE,"Reference","perfect choice","Poor compliance"
"Root cutting, crown, or clump, Tuberous Root","China",TRUE,"Reference","green plant cuttings usa","Poor compliance"
"Root cutting, crown, or clump, Tuberous Root","China",TRUE,"Reference","mchutchison","Low compliance"
"Root cutting, crown, or clump, Tuberous Root","China",TRUE,"ZHANGZHOU BANRUO","fleurizon","Poor compliance"
"Root cutting, crown, or clump, Tuberous Root","China",TRUE,"Reference","foremost foliage inc dba foremostco","Poor compliance"
"Root cutting, crown, or clump, Tuberous Root","China",TRUE,"Reference","biostok","Poor compliance"
"Root cutting, crown, or clump, Tuberous Root","China",TRUE,"ZHANGZHOU BANRUO","express seed","Poor compliance"
"Root cutting, crown, or clump, Tuberous Root","China",TRUE,"ZHANGZHOU BANRUO","foremost foliage inc dba foremostco","Poor compliance"
"Root cutting, crown, or clump, Tuberous Root","China",TRUE,"Reference","miyar intl brokerage","Poor compliance"
"Root cutting, crown, or clump, Tuberous Root","China",TRUE,"ZHANGZHOU BANRUO","costa farms","Poor compliance"
"Root cutting, crown, or clump, Tuberous Root","China",TRUE,"ZHANGZHOU BANRUO","green plant cuttings usa","Poor compliance"
"Root cutting, crown, or clump, Tuberous Root","China",TRUE,"Reference","omega customs brokers","Poor compliance"
"Root cutting, crown, or clump, Tuberous Root","China",TRUE,"Reference","altman specialty plants","Poor compliance"
"Root cutting, crown, or clump, Tuberous Root","China",TRUE,"Reference","scott valentine","Poor compliance"
"Root cutting, crown, or clump, Tuberous Root","China",TRUE,"Reference","kurt weiss greenhouse","Low compliance"
"Root cutting, crown, or clump, Tuberous Root","China",TRUE,"SHANDONG HUAYUCHENG AGRICULTURAL","missing","Poor compliance"
"Root cutting, crown, or clump, Tuberous Root","China",FALSE,"Reference","Reference","Medium compliance"
"Root cutting, crown, or clump, Tuberous Root","China",FALSE,"Reference","missing","Medium compliance"
"Root cutting, crown, or clump, Tuberous Root","China",FALSE,"KUNMING TAODUROU HORTICULUTURE C","mimi nursery","Low compliance"
"Root cutting, crown, or clump, Tuberous Root","China",FALSE,"KUNMING TAODUROU HORTICULUTURE C","Reference","Medium compliance"
"Root cutting, crown, or clump, Tuberous Root","China",FALSE,"Reference","costa farms","Medium compliance"
"Root cutting, crown, or clump, Tuberous Root","China",FALSE,"SHANDONG HUAYUCHENG AGRICULTURAL","Reference","Medium compliance"
"Root cutting, crown, or clump, Tuberous Root","China",FALSE,"SHANDONG HUAYUCHENG AGRICULTURAL","mimi nursery","Low compliance"
"Root cutting, crown, or clump, Tuberous Root","China",FALSE,"ZHANGZHOU BANRUO","united plant growers","Medium compliance"
"Root cutting, crown, or clump, Tuberous Root","China",FALSE,"Reference","chen tian","Poor compliance"
"Root cutting, crown, or clump, Tuberous Root","China",FALSE,"ZHANGZHOU BANRUO","foremost foliage","Low compliance"
"Root cutting, crown, or clump, Tuberous Root","China",FALSE,"Reference","fleurizon","Poor compliance"
"Root cutting, crown, or clump, Tuberous Root","China",FALSE,"ZHANGZHOU BANRUO","Reference","Medium compliance"
"Root cutting, crown, or clump, Tuberous Root","China",FALSE,"Reference","united plant growers","Medium compliance"
"Root cutting, crown, or clump, Tuberous Root","China",FALSE,"Reference","express seed","Low compliance"
"Root cutting, crown, or clump, Tuberous Root","China",FALSE,"Reference","western cactus enterprises","Medium compliance"
"Root cutting, crown, or clump, Tuberous Root","China",FALSE,"KUNMING TAODUROU HORTICULUTURE C","missing","Low compliance"
"Root cutting, crown, or clump, Tuberous Root","China",FALSE,"Reference","complete aquatic systems","Medium compliance"
"Root cutting, crown, or clump, Tuberous Root","China",FALSE,"Reference","foremost foliage","Low compliance"
"Root cutting, crown, or clump, Tuberous Root","China",FALSE,"Reference","mimi nursery","Medium compliance"
"Root cutting, crown, or clump, Tuberous Root","China",FALSE,"Reference","perfect choice","Poor compliance"
"Root cutting, crown, or clump, Tuberous Root","China",FALSE,"Reference","green plant cuttings usa","Low compliance"
"Root cutting, crown, or clump, Tuberous Root","China",FALSE,"Reference","mchutchison","Medium compliance"
"Root cutting, crown, or clump, Tuberous Root","China",FALSE,"ZHANGZHOU BANRUO","fleurizon","Poor compliance"
"Root cutting, crown, or clump, Tuberous Root","China",FALSE,"Reference","foremost foliage inc dba foremostco","Low compliance"
"Root cutting, crown, or clump, Tuberous Root","China",FALSE,"Reference","biostok","Poor compliance"
"Root cutting, crown, or clump, Tuberous Root","China",FALSE,"ZHANGZHOU BANRUO","express seed","Medium compliance"
"Root cutting, crown, or clump, Tuberous Root","China",FALSE,"ZHANGZHOU BANRUO","foremost foliage inc dba foremostco","Low compliance"
"Root cutting, crown, or clump, Tuberous Root","China",FALSE,"Reference","miyar intl brokerage","Poor compliance"
"Root cutting, crown, or clump, Tuberous Root","China",FALSE,"ZHANGZHOU BANRUO","costa farms","Medium compliance"
"Root cutting, crown, or clump, Tuberous Root","China",FALSE,"ZHANGZHOU BANRUO","green plant cuttings usa","Low compliance"
"Root cutting, crown, or clump, Tuberous Root","China",FALSE,"Reference","omega customs brokers","Low compliance"
"Root cutting, crown, or clump, Tuberous Root","China",FALSE,"Reference","altman specialty plants","Low compliance"
"Root cutting, crown, or clump, Tuberous Root","China",FALSE,"Reference","scott valentine","Medium compliance"
"Root cutting, crown, or clump, Tuberous Root","China",FALSE,"Reference","kurt weiss greenhouse","Medium compliance"
"Root cutting, crown, or clump, Tuberous Root","China",FALSE,"SHANDONG HUAYUCHENG AGRICULTURAL","missing","Low compliance"
"Root cutting, crown, or clump, Tuberous Root","Taiwan",TRUE,"Reference","missing","Low compliance"
"Root cutting, crown, or clump, Tuberous Root","Taiwan",TRUE,"Reference","Reference","Medium compliance"
"Root cutting, crown, or clump, Tuberous Root","Taiwan",TRUE,"Reference","gubler orchids","Poor compliance"
"Root cutting, crown, or clump, Tuberous Root","Taiwan",TRUE,"Reference","costa farms","Low compliance"
"Root cutting, crown, or clump, Tuberous Root","Taiwan",TRUE,"Reference","united plant growers","Poor compliance"
"Root cutting, crown, or clump, Tuberous Root","Taiwan",TRUE,"Reference","altman specialty plants","Poor compliance"
"Root cutting, crown, or clump, Tuberous Root","Taiwan",TRUE,"Reference","foremost foliage","Low compliance"
"Root cutting, crown, or clump, Tuberous Root","Taiwan",TRUE,"Reference","biostok","Poor compliance"
"Root cutting, crown, or clump, Tuberous Root","Taiwan",TRUE,"Reference","miyar intl brokerage","Poor compliance"
"Root cutting, crown, or clump, Tuberous Root","Taiwan",TRUE,"Reference","perfect choice","Poor compliance"
"Root cutting, crown, or clump, Tuberous Root","Taiwan",TRUE,"Reference","foremost foliage inc dba foremostco","Low compliance"
"Root cutting, crown, or clump, Tuberous Root","Taiwan",TRUE,"Reference","omega customs brokers","Low compliance"
"Root cutting, crown, or clump, Tuberous Root","Taiwan",TRUE,"Reference","b c amp f brokerage","Low compliance"
"Root cutting, crown, or clump, Tuberous Root","Taiwan",TRUE,"Reference","express seed","Medium compliance"
"Root cutting, crown, or clump, Tuberous Root","Taiwan",FALSE,"Reference","missing","Medium compliance"
"Root cutting, crown, or clump, Tuberous Root","Taiwan",FALSE,"Reference","Reference","High compliance"
"Root cutting, crown, or clump, Tuberous Root","Taiwan",FALSE,"Reference","gubler orchids","Low compliance"
"Root cutting, crown, or clump, Tuberous Root","Taiwan",FALSE,"Reference","costa farms","Medium compliance"
"Root cutting, crown, or clump, Tuberous Root","Taiwan",FALSE,"Reference","united plant growers","Medium compliance"
"Root cutting, crown, or clump, Tuberous Root","Taiwan",FALSE,"Reference","altman specialty plants","Medium compliance"
"Root cutting, crown, or clump, Tuberous Root","Taiwan",FALSE,"Reference","foremost foliage","Medium compliance"
"Root cutting, crown, or clump, Tuberous Root","Taiwan",FALSE,"Reference","biostok","Low compliance"
"Root cutting, crown, or clump, Tuberous Root","Taiwan",FALSE,"Reference","miyar intl brokerage","Low compliance"
"Root cutting, crown, or clump, Tuberous Root","Taiwan",FALSE,"Reference","perfect choice","Low compliance"
"Root cutting, crown, or clump, Tuberous Root","Taiwan",FALSE,"Reference","foremost foliage inc dba foremostco","Medium compliance"
"Root cutting, crown, or clump, Tuberous Root","Taiwan",FALSE,"Reference","omega customs brokers","Medium compliance"
"Root cutting, crown, or clump, Tuberous Root","Taiwan",FALSE,"Reference","b c amp f brokerage","Medium compliance"
"Root cutting, crown, or clump, Tuberous Root","Taiwan",FALSE,"Reference","express seed","Medium compliance"
"Root cutting, crown, or clump, Tuberous Root","South Africa",TRUE,"Reference","Reference","Medium compliance"
"Root cutting, crown, or clump, Tuberous Root","South Africa",TRUE,"Reference","missing","Poor compliance"
"Root cutting, crown, or clump, Tuberous Root","South Africa",TRUE,"Reference","costa farms","Poor compliance"
"Root cutting, crown, or clump, Tuberous Root","South Africa",TRUE,"Reference","miyar intl brokerage","Poor compliance"
"Root cutting, crown, or clump, Tuberous Root","South Africa",TRUE,"Reference","foremost foliage","Poor compliance"
"Root cutting, crown, or clump, Tuberous Root","South Africa",TRUE,"Reference","express seed","Low compliance"
"Root cutting, crown, or clump, Tuberous Root","South Africa",FALSE,"Reference","Reference","Medium compliance"
"Root cutting, crown, or clump, Tuberous Root","South Africa",FALSE,"Reference","missing","Medium compliance"
"Root cutting, crown, or clump, Tuberous Root","South Africa",FALSE,"Reference","costa farms","Medium compliance"
"Root cutting, crown, or clump, Tuberous Root","South Africa",FALSE,"Reference","miyar intl brokerage","Poor compliance"
"Root cutting, crown, or clump, Tuberous Root","South Africa",FALSE,"Reference","foremost foliage","Low compliance"
"Root cutting, crown, or clump, Tuberous Root","South Africa",FALSE,"Reference","express seed","Low compliance"
"Root cutting, crown, or clump, Tuberous Root","Hungary",TRUE,"Reference","Reference","Low compliance"
"Root cutting, crown, or clump, Tuberous Root","Hungary",TRUE,"Reference","missing","Poor compliance"
"Root cutting, crown, or clump, Tuberous Root","Hungary",FALSE,"Reference","Reference","Medium compliance"
"Root cutting, crown, or clump, Tuberous Root","Hungary",FALSE,"Reference","missing","Low compliance"
"Root cutting, crown, or clump, Tuberous Root","Latvia",TRUE,"Reference","missing","Poor compliance"
"Root cutting, crown, or clump, Tuberous Root","Latvia",FALSE,"Reference","missing","Medium compliance"
"Root cutting, crown, or clump, Tuberous Root","Japan",TRUE,"Reference","missing","Poor compliance"
"Root cutting, crown, or clump, Tuberous Root","Japan",TRUE,"Reference","Reference","Medium compliance"
"Root cutting, crown, or clump, Tuberous Root","Japan",TRUE,"Reference","foremost foliage","Poor compliance"
"Root cutting, crown, or clump, Tuberous Root","Japan",TRUE,"Reference","omega customs brokers","Poor compliance"
"Root cutting, crown, or clump, Tuberous Root","Japan",TRUE,"Reference","mchutchison","Low compliance"
"Root cutting, crown, or clump, Tuberous Root","Japan",FALSE,"Reference","missing","Medium compliance"
"Root cutting, crown, or clump, Tuberous Root","Japan",FALSE,"Reference","Reference","Medium compliance"
"Root cutting, crown, or clump, Tuberous Root","Japan",FALSE,"Reference","foremost foliage","Low compliance"
"Root cutting, crown, or clump, Tuberous Root","Japan",FALSE,"Reference","omega customs brokers","Low compliance"
"Root cutting, crown, or clump, Tuberous Root","Japan",FALSE,"Reference","mchutchison","Medium compliance"
"Root cutting, crown, or clump, Tuberous Root","Italy",TRUE,"Reference","Reference","Medium compliance"
"Root cutting, crown, or clump, Tuberous Root","Italy",TRUE,"Reference","western cactus enterprises","Poor compliance"
"Root cutting, crown, or clump, Tuberous Root","Italy",TRUE,"Reference","missing","Poor compliance"
"Root cutting, crown, or clump, Tuberous Root","Italy",TRUE,"Reference","primaflora international lp","Low compliance"
"Root cutting, crown, or clump, Tuberous Root","Italy",TRUE,"Reference","costa farms","Poor compliance"
"Root cutting, crown, or clump, Tuberous Root","Italy",TRUE,"Reference","express seed","Poor compliance"
"Root cutting, crown, or clump, Tuberous Root","Italy",TRUE,"Reference","ds cole growers","Poor compliance"
"Root cutting, crown, or clump, Tuberous Root","Italy",FALSE,"Reference","Reference","Medium compliance"
"Root cutting, crown, or clump, Tuberous Root","Italy",FALSE,"Reference","western cactus enterprises","Low compliance"
"Root cutting, crown, or clump, Tuberous Root","Italy",FALSE,"Reference","missing","Low compliance"
"Root cutting, crown, or clump, Tuberous Root","Italy",FALSE,"Reference","primaflora international lp","Low compliance"
"Root cutting, crown, or clump, Tuberous Root","Italy",FALSE,"Reference","costa farms","Low compliance"
"Root cutting, crown, or clump, Tuberous Root","Italy",FALSE,"Reference","express seed","Low compliance"
"Root cutting, crown, or clump, Tuberous Root","Italy",FALSE,"Reference","ds cole growers","Low compliance"
"Root cutting, crown, or clump, Tuberous Root","El Salvador",TRUE,"Reference","Reference","Medium compliance"
"Root cutting, crown, or clump, Tuberous Root","El Salvador",TRUE,"Reference","primaflora international lp","Medium compliance"
"Root cutting, crown, or clump, Tuberous Root","El Salvador",TRUE,"Reference","foremost foliage inc dba foremostco","Low compliance"
"Root cutting, crown, or clump, Tuberous Root","El Salvador",TRUE,"Reference","foremost foliage","Poor compliance"
"Root cutting, crown, or clump, Tuberous Root","El Salvador",FALSE,"Reference","Reference","High compliance"
"Root cutting, crown, or clump, Tuberous Root","El Salvador",FALSE,"Reference","primaflora international lp","Medium compliance"
"Root cutting, crown, or clump, Tuberous Root","El Salvador",FALSE,"Reference","foremost foliage inc dba foremostco","Low compliance"
"Root cutting, crown, or clump, Tuberous Root","El Salvador",FALSE,"Reference","foremost foliage","Medium compliance"
"Root cutting, crown, or clump, Tuberous Root","India",TRUE,"Reference","Reference","Medium compliance"
"Root cutting, crown, or clump, Tuberous Root","India",TRUE,"Reference","bill moore and company","Poor compliance"
"Root cutting, crown, or clump, Tuberous Root","India",TRUE,"Reference","fleurizon","Low compliance"
"Root cutting, crown, or clump, Tuberous Root","India",TRUE,"TROPICA NURSERY","foremost foliage inc dba foremostco","Poor compliance"
"Root cutting, crown, or clump, Tuberous Root","India",TRUE,"TROPICA NURSERY","fleurizon","Poor compliance"
"Root cutting, crown, or clump, Tuberous Root","India",TRUE,"TROPICA NURSERY","bill moore and company","Poor compliance"
"Root cutting, crown, or clump, Tuberous Root","India",TRUE,"Reference","foremost foliage inc dba foremostco","Low compliance"
"Root cutting, crown, or clump, Tuberous Root","India",TRUE,"TROPICA NURSERY","express seed","Poor compliance"
"Root cutting, crown, or clump, Tuberous Root","India",TRUE,"Reference","mchutchison","Medium compliance"
"Root cutting, crown, or clump, Tuberous Root","India",TRUE,"TROPICA NURSERY","scott valentine","Poor compliance"
"Root cutting, crown, or clump, Tuberous Root","India",TRUE,"Reference","costa farms","Low compliance"
"Root cutting, crown, or clump, Tuberous Root","India",TRUE,"Reference","foremost foliage","Low compliance"
"Root cutting, crown, or clump, Tuberous Root","India",TRUE,"Reference","express seed","Medium compliance"
"Root cutting, crown, or clump, Tuberous Root","India",TRUE,"Reference","kurt weiss greenhouse","Medium compliance"
"Root cutting, crown, or clump, Tuberous Root","India",FALSE,"Reference","Reference","High compliance"
"Root cutting, crown, or clump, Tuberous Root","India",FALSE,"Reference","bill moore and company","Low compliance"
"Root cutting, crown, or clump, Tuberous Root","India",FALSE,"Reference","fleurizon","Low compliance"
"Root cutting, crown, or clump, Tuberous Root","India",FALSE,"TROPICA NURSERY","foremost foliage inc dba foremostco","Low compliance"
"Root cutting, crown, or clump, Tuberous Root","India",FALSE,"TROPICA NURSERY","fleurizon","Poor compliance"
"Root cutting, crown, or clump, Tuberous Root","India",FALSE,"TROPICA NURSERY","bill moore and company","Poor compliance"
"Root cutting, crown, or clump, Tuberous Root","India",FALSE,"Reference","foremost foliage inc dba foremostco","Medium compliance"
"Root cutting, crown, or clump, Tuberous Root","India",FALSE,"TROPICA NURSERY","express seed","Low compliance"
"Root cutting, crown, or clump, Tuberous Root","India",FALSE,"Reference","mchutchison","Medium compliance"
"Root cutting, crown, or clump, Tuberous Root","India",FALSE,"TROPICA NURSERY","scott valentine","Medium compliance"
"Root cutting, crown, or clump, Tuberous Root","India",FALSE,"Reference","costa farms","Medium compliance"
"Root cutting, crown, or clump, Tuberous Root","India",FALSE,"Reference","foremost foliage","Medium compliance"
"Root cutting, crown, or clump, Tuberous Root","India",FALSE,"Reference","express seed","Medium compliance"
"Root cutting, crown, or clump, Tuberous Root","India",FALSE,"Reference","kurt weiss greenhouse","High compliance"
"Root cutting, crown, or clump, Tuberous Root","Viet Nam",TRUE,"Reference","Reference","Medium compliance"
"Root cutting, crown, or clump, Tuberous Root","Viet Nam",TRUE,"Reference","scott valentine","Low compliance"
"Root cutting, crown, or clump, Tuberous Root","Viet Nam",TRUE,"Reference","costa farms","Low compliance"
"Root cutting, crown, or clump, Tuberous Root","Viet Nam",TRUE,"Reference","perfect choice","Poor compliance"
"Root cutting, crown, or clump, Tuberous Root","Viet Nam",TRUE,"Reference","miyar intl brokerage","Poor compliance"
"Root cutting, crown, or clump, Tuberous Root","Viet Nam",TRUE,"Reference","express seed","Low compliance"
"Root cutting, crown, or clump, Tuberous Root","Viet Nam",TRUE,"Reference","missing","Poor compliance"
"Root cutting, crown, or clump, Tuberous Root","Viet Nam",FALSE,"Reference","Reference","High compliance"
"Root cutting, crown, or clump, Tuberous Root","Viet Nam",FALSE,"Reference","scott valentine","Medium compliance"
"Root cutting, crown, or clump, Tuberous Root","Viet Nam",FALSE,"Reference","costa farms","Medium compliance"
"Root cutting, crown, or clump, Tuberous Root","Viet Nam",FALSE,"Reference","perfect choice","Low compliance"
"Root cutting, crown, or clump, Tuberous Root","Viet Nam",FALSE,"Reference","miyar intl brokerage","Low compliance"
"Root cutting, crown, or clump, Tuberous Root","Viet Nam",FALSE,"Reference","express seed","Medium compliance"
"Root cutting, crown, or clump, Tuberous Root","Viet Nam",FALSE,"Reference","missing","Medium compliance"
"Root cutting, crown, or clump, Tuberous Root","Guatemala",TRUE,"INVERSIONES AGROCOMERCIALE","Reference","Low compliance"
"Root cutting, crown, or clump, Tuberous Root","Guatemala",TRUE,"IVAGRO SA","primaflora international lp","Medium compliance"
"Root cutting, crown, or clump, Tuberous Root","Guatemala",TRUE,"LA FLORESTA ORNAMENTALES","primaflora international lp","Poor compliance"
"Root cutting, crown, or clump, Tuberous Root","Guatemala",TRUE,"Reference","Reference","Medium compliance"
"Root cutting, crown, or clump, Tuberous Root","Guatemala",TRUE,"Reference","primaflora international lp","Medium compliance"
"Root cutting, crown, or clump, Tuberous Root","Guatemala",TRUE,"QUELETZU SA","primaflora international lp","Low compliance"
"Root cutting, crown, or clump, Tuberous Root","Guatemala",TRUE,"TUCAN EXPORT","primaflora international lp","Low compliance"
"Root cutting, crown, or clump, Tuberous Root","Guatemala",TRUE,"IVAGRO SA","Reference","Medium compliance"
"Root cutting, crown, or clump, Tuberous Root","Guatemala",TRUE,"Reference","altman specialty plants","Poor compliance"
"Root cutting, crown, or clump, Tuberous Root","Guatemala",TRUE,"Guatexotic","primaflora international lp","Low compliance"
"Root cutting, crown, or clump, Tuberous Root","Guatemala",TRUE,"Reference","western cactus enterprises","Poor compliance"
"Root cutting, crown, or clump, Tuberous Root","Guatemala",TRUE,"TUCAN EXPORT","Reference","Low compliance"
"Root cutting, crown, or clump, Tuberous Root","Guatemala",TRUE,"IVAGRO SA","foremost foliage inc dba foremostco","Low compliance"
"Root cutting, crown, or clump, Tuberous Root","Guatemala",TRUE,"LA FLORESTA ORNAMENTALES","foremost foliage inc dba foremostco","Poor compliance"
"Root cutting, crown, or clump, Tuberous Root","Guatemala",TRUE,"Reference","foremost foliage inc dba foremostco","Low compliance"
"Root cutting, crown, or clump, Tuberous Root","Guatemala",TRUE,"IVAGRO SA","florica farmsinc","Poor compliance"
"Root cutting, crown, or clump, Tuberous Root","Guatemala",TRUE,"LA FLORESTA ORNAMENTALES","south florida plant services","Poor compliance"
"Root cutting, crown, or clump, Tuberous Root","Guatemala",TRUE,"Reference","south florida plant services","Poor compliance"
"Root cutting, crown, or clump, Tuberous Root","Guatemala",TRUE,"Guatexotic","fb imports","Poor compliance"
"Root cutting, crown, or clump, Tuberous Root","Guatemala",TRUE,"IVAGRO SA","fb imports","Poor compliance"
"Root cutting, crown, or clump, Tuberous Root","Guatemala",TRUE,"Reference","fb imports","Low compliance"
"Root cutting, crown, or clump, Tuberous Root","Guatemala",TRUE,"INVERSIONES LUA SA","scott valentine","Poor compliance"
"Root cutting, crown, or clump, Tuberous Root","Guatemala",TRUE,"Reference","costa farms","Low compliance"
"Root cutting, crown, or clump, Tuberous Root","Guatemala",TRUE,"INVERSIONES LUA SA","costa farms","Poor compliance"
"Root cutting, crown, or clump, Tuberous Root","Guatemala",TRUE,"TUCAN EXPORT","b c amp f brokerage","Poor compliance"
"Root cutting, crown, or clump, Tuberous Root","Guatemala",TRUE,"PLANTEXPO","jurakan usainc","Low compliance"
"Root cutting, crown, or clump, Tuberous Root","Guatemala",TRUE,"Reference","foremost foliage","Poor compliance"
"Root cutting, crown, or clump, Tuberous Root","Guatemala",TRUE,"AGRO KOMPASS S A","foremost foliage","Poor compliance"
"Root cutting, crown, or clump, Tuberous Root","Guatemala",TRUE,"IVAGRO SA","foremost foliage","Poor compliance"
"Root cutting, crown, or clump, Tuberous Root","Guatemala",TRUE,"QUELETZU SA","foremost foliage","Poor compliance"
"Root cutting, crown, or clump, Tuberous Root","Guatemala",TRUE,"Los Pinos Poptum","foremost foliage","Poor compliance"
"Root cutting, crown, or clump, Tuberous Root","Guatemala",TRUE,"AGRO KOMPASS S A","jurakan usainc","Low compliance"
"Root cutting, crown, or clump, Tuberous Root","Guatemala",TRUE,"LA FLORESTA ORNAMENTALES","costa farms","Poor compliance"
"Root cutting, crown, or clump, Tuberous Root","Guatemala",TRUE,"LA FLORESTA ORNAMENTALES","florica farmsinc","Poor compliance"
"Root cutting, crown, or clump, Tuberous Root","Guatemala",TRUE,"IVAGRO SA","south florida plant services","Poor compliance"
"Root cutting, crown, or clump, Tuberous Root","Guatemala",TRUE,"IVAGRO SA","plant exports","Poor compliance"
"Root cutting, crown, or clump, Tuberous Root","Guatemala",TRUE,"Guatexotic","Reference","Low compliance"
"Root cutting, crown, or clump, Tuberous Root","Guatemala",TRUE,"Plant Investments","scott valentine","Poor compliance"
"Root cutting, crown, or clump, Tuberous Root","Guatemala",TRUE,"Reference","fleurizon","Poor compliance"
"Root cutting, crown, or clump, Tuberous Root","Guatemala",TRUE,"Reference","russells bromelaids","Poor compliance"
"Root cutting, crown, or clump, Tuberous Root","Guatemala",TRUE,"TUCAN EXPORT","russells bromelaids","Poor compliance"
"Root cutting, crown, or clump, Tuberous Root","Guatemala",TRUE,"Reference","florica farmsinc","Poor compliance"
"Root cutting, crown, or clump, Tuberous Root","Guatemala",TRUE,"Corporacion Bonanza","florica farmsinc","Poor compliance"
"Root cutting, crown, or clump, Tuberous Root","Guatemala",TRUE,"Los Pinos Poptum","foremost foliage inc dba foremostco","Poor compliance"
"Root cutting, crown, or clump, Tuberous Root","Guatemala",TRUE,"QUELETZU SA","foremost foliage inc dba foremostco","Poor compliance"
"Root cutting, crown, or clump, Tuberous Root","Guatemala",TRUE,"LA FLORESTA ORNAMENTALES","Reference","Poor compliance"
"Root cutting, crown, or clump, Tuberous Root","Guatemala",TRUE,"Corporacion Bonanza","costa farms","Poor compliance"
"Root cutting, crown, or clump, Tuberous Root","Guatemala",TRUE,"Reference","jurakan usainc","Low compliance"
"Root cutting, crown, or clump, Tuberous Root","Guatemala",TRUE,"Corporacion Bonanza","Reference","Low compliance"
"Root cutting, crown, or clump, Tuberous Root","Guatemala",TRUE,"Los Pinos Poptum","plant exports","Poor compliance"
"Root cutting, crown, or clump, Tuberous Root","Guatemala",TRUE,"Plant Investments","express seed","Poor compliance"
"Root cutting, crown, or clump, Tuberous Root","Guatemala",TRUE,"TUCAN EXPORT","fb imports","Poor compliance"
"Root cutting, crown, or clump, Tuberous Root","Guatemala",TRUE,"Plant Investments","mchutchison","Poor compliance"
"Root cutting, crown, or clump, Tuberous Root","Guatemala",TRUE,"Reference","dockside management","Low compliance"
"Root cutting, crown, or clump, Tuberous Root","Guatemala",TRUE,"INVERSIONES LUA SA","plant exports","Poor compliance"
"Root cutting, crown, or clump, Tuberous Root","Guatemala",TRUE,"Plant Investments","foremost foliage inc dba foremostco","Poor compliance"
"Root cutting, crown, or clump, Tuberous Root","Guatemala",TRUE,"INVERSIONES AGROCOMERCIALE","fb imports","Poor compliance"
"Root cutting, crown, or clump, Tuberous Root","Guatemala",TRUE,"Reference","plant exports","Poor compliance"
"Root cutting, crown, or clump, Tuberous Root","Guatemala",TRUE,"INVERSIONES LUA SA","Reference","Low compliance"
"Root cutting, crown, or clump, Tuberous Root","Guatemala",TRUE,"LA FLORESTA ORNAMENTALES","mchutchison","Poor compliance"
"Root cutting, crown, or clump, Tuberous Root","Guatemala",TRUE,"QUELETZU SA","Reference","Medium compliance"
"Root cutting, crown, or clump, Tuberous Root","Guatemala",TRUE,"COSTA","costa farms","Poor compliance"
"Root cutting, crown, or clump, Tuberous Root","Guatemala",TRUE,"Los Pinos Poptum","Reference","Low compliance"
"Root cutting, crown, or clump, Tuberous Root","Guatemala",TRUE,"QUELETZU SA","south florida plant services","Poor compliance"
"Root cutting, crown, or clump, Tuberous Root","Guatemala",TRUE,"Reference","ds cole growers","Low compliance"
"Root cutting, crown, or clump, Tuberous Root","Guatemala",TRUE,"IVAGRO SA","scott valentine","Poor compliance"
"Root cutting, crown, or clump, Tuberous Root","Guatemala",TRUE,"PRODUCTOS EL MAPACHE DE ALAJUELA","plant exports","Poor compliance"
"Root cutting, crown, or clump, Tuberous Root","Guatemala",TRUE,"QUELETZU SA","fb imports","Poor compliance"
"Root cutting, crown, or clump, Tuberous Root","Guatemala",TRUE,"Reference","mchutchison","Low compliance"
"Root cutting, crown, or clump, Tuberous Root","Guatemala",TRUE,"INVERSIONES AGROCOMERCIALE","foremost foliage inc dba foremostco","Poor compliance"
"Root cutting, crown, or clump, Tuberous Root","Guatemala",TRUE,"LA FLORESTA ORNAMENTALES","plant exports","Poor compliance"
"Root cutting, crown, or clump, Tuberous Root","Guatemala",TRUE,"IVAGRO SA","costa farms","Low compliance"
"Root cutting, crown, or clump, Tuberous Root","Guatemala",TRUE,"Reference","aura botanical","Poor compliance"
"Root cutting, crown, or clump, Tuberous Root","Guatemala",TRUE,"INVERSIONES AGROCOMERCIALE","costa farms","Poor compliance"
"Root cutting, crown, or clump, Tuberous Root","Guatemala",TRUE,"Guatexotic","foremost foliage inc dba foremostco","Poor compliance"
"Root cutting, crown, or clump, Tuberous Root","Guatemala",TRUE,"AGRO KOMPASS S A","foremost foliage inc dba foremostco","Poor compliance"
"Root cutting, crown, or clump, Tuberous Root","Guatemala",TRUE,"LA FLORESTA ORNAMENTALES","foremost foliage","Poor compliance"
"Root cutting, crown, or clump, Tuberous Root","Guatemala",TRUE,"QUELETZU SA","florica farmsinc","Poor compliance"
"Root cutting, crown, or clump, Tuberous Root","Guatemala",TRUE,"Guatexotic","costa farms","Poor compliance"
"Root cutting, crown, or clump, Tuberous Root","Guatemala",TRUE,"INVERSIONES LUA SA","fb imports","Poor compliance"
"Root cutting, crown, or clump, Tuberous Root","Guatemala",TRUE,"INVERSIONES AGROCOMERCIALE","florica farmsinc","Poor compliance"
"Root cutting, crown, or clump, Tuberous Root","Guatemala",TRUE,"Reference","express seed","Low compliance"
"Root cutting, crown, or clump, Tuberous Root","Guatemala",TRUE,"INVERSIONES AGROCOMERCIALE","foremost foliage","Poor compliance"
"Root cutting, crown, or clump, Tuberous Root","Guatemala",TRUE,"CERCA DEL PARAISO SA","Reference","Poor compliance"
"Root cutting, crown, or clump, Tuberous Root","Guatemala",TRUE,"IVAGRO SA","express seed","Low compliance"
"Root cutting, crown, or clump, Tuberous Root","Guatemala",TRUE,"INVERSIONES LUA SA","express seed","Poor compliance"
"Root cutting, crown, or clump, Tuberous Root","Guatemala",TRUE,"Plant Investments","florica farmsinc","Poor compliance"
"Root cutting, crown, or clump, Tuberous Root","Guatemala",TRUE,"Reference","scott valentine","Poor compliance"
"Root cutting, crown, or clump, Tuberous Root","Guatemala",TRUE,"Reference","missing","Poor compliance"
"Root cutting, crown, or clump, Tuberous Root","Guatemala",FALSE,"INVERSIONES AGROCOMERCIALE","Reference","Medium compliance"
"Root cutting, crown, or clump, Tuberous Root","Guatemala",FALSE,"IVAGRO SA","primaflora international lp","Medium compliance"
"Root cutting, crown, or clump, Tuberous Root","Guatemala",FALSE,"LA FLORESTA ORNAMENTALES","primaflora international lp","Medium compliance"
"Root cutting, crown, or clump, Tuberous Root","Guatemala",FALSE,"Reference","Reference","High compliance"
"Root cutting, crown, or clump, Tuberous Root","Guatemala",FALSE,"Reference","primaflora international lp","Medium compliance"
"Root cutting, crown, or clump, Tuberous Root","Guatemala",FALSE,"QUELETZU SA","primaflora international lp","Medium compliance"
"Root cutting, crown, or clump, Tuberous Root","Guatemala",FALSE,"TUCAN EXPORT","primaflora international lp","Medium compliance"
"Root cutting, crown, or clump, Tuberous Root","Guatemala",FALSE,"IVAGRO SA","Reference","High compliance"
"Root cutting, crown, or clump, Tuberous Root","Guatemala",FALSE,"Reference","altman specialty plants","Low compliance"
"Root cutting, crown, or clump, Tuberous Root","Guatemala",FALSE,"Guatexotic","primaflora international lp","Medium compliance"
"Root cutting, crown, or clump, Tuberous Root","Guatemala",FALSE,"Reference","western cactus enterprises","Medium compliance"
"Root cutting, crown, or clump, Tuberous Root","Guatemala",FALSE,"TUCAN EXPORT","Reference","Medium compliance"
"Root cutting, crown, or clump, Tuberous Root","Guatemala",FALSE,"IVAGRO SA","foremost foliage inc dba foremostco","Low compliance"
"Root cutting, crown, or clump, Tuberous Root","Guatemala",FALSE,"LA FLORESTA ORNAMENTALES","foremost foliage inc dba foremostco","Low compliance"
"Root cutting, crown, or clump, Tuberous Root","Guatemala",FALSE,"Reference","foremost foliage inc dba foremostco","Medium compliance"
"Root cutting, crown, or clump, Tuberous Root","Guatemala",FALSE,"IVAGRO SA","florica farmsinc","Low compliance"
"Root cutting, crown, or clump, Tuberous Root","Guatemala",FALSE,"LA FLORESTA ORNAMENTALES","south florida plant services","Low compliance"
"Root cutting, crown, or clump, Tuberous Root","Guatemala",FALSE,"Reference","south florida plant services","Medium compliance"
"Root cutting, crown, or clump, Tuberous Root","Guatemala",FALSE,"Guatexotic","fb imports","Low compliance"
"Root cutting, crown, or clump, Tuberous Root","Guatemala",FALSE,"IVAGRO SA","fb imports","Low compliance"
"Root cutting, crown, or clump, Tuberous Root","Guatemala",FALSE,"Reference","fb imports","Low compliance"
"Root cutting, crown, or clump, Tuberous Root","Guatemala",FALSE,"INVERSIONES LUA SA","scott valentine","Medium compliance"
"Root cutting, crown, or clump, Tuberous Root","Guatemala",FALSE,"Reference","costa farms","Medium compliance"
"Root cutting, crown, or clump, Tuberous Root","Guatemala",FALSE,"INVERSIONES LUA SA","costa farms","Medium compliance"
"Root cutting, crown, or clump, Tuberous Root","Guatemala",FALSE,"TUCAN EXPORT","b c amp f brokerage","Medium compliance"
"Root cutting, crown, or clump, Tuberous Root","Guatemala",FALSE,"PLANTEXPO","jurakan usainc","Medium compliance"
"Root cutting, crown, or clump, Tuberous Root","Guatemala",FALSE,"Reference","foremost foliage","Low compliance"
"Root cutting, crown, or clump, Tuberous Root","Guatemala",FALSE,"AGRO KOMPASS S A","foremost foliage","Low compliance"
"Root cutting, crown, or clump, Tuberous Root","Guatemala",FALSE,"IVAGRO SA","foremost foliage","Low compliance"
"Root cutting, crown, or clump, Tuberous Root","Guatemala",FALSE,"QUELETZU SA","foremost foliage","Low compliance"
"Root cutting, crown, or clump, Tuberous Root","Guatemala",FALSE,"Los Pinos Poptum","foremost foliage","Low compliance"
"Root cutting, crown, or clump, Tuberous Root","Guatemala",FALSE,"AGRO KOMPASS S A","jurakan usainc","Medium compliance"
"Root cutting, crown, or clump, Tuberous Root","Guatemala",FALSE,"LA FLORESTA ORNAMENTALES","costa farms","Low compliance"
"Root cutting, crown, or clump, Tuberous Root","Guatemala",FALSE,"LA FLORESTA ORNAMENTALES","florica farmsinc","Low compliance"
"Root cutting, crown, or clump, Tuberous Root","Guatemala",FALSE,"IVAGRO SA","south florida plant services","Medium compliance"
"Root cutting, crown, or clump, Tuberous Root","Guatemala",FALSE,"IVAGRO SA","plant exports","Low compliance"
"Root cutting, crown, or clump, Tuberous Root","Guatemala",FALSE,"Guatexotic","Reference","High compliance"
"Root cutting, crown, or clump, Tuberous Root","Guatemala",FALSE,"Plant Investments","scott valentine","Low compliance"
"Root cutting, crown, or clump, Tuberous Root","Guatemala",FALSE,"Reference","fleurizon","Poor compliance"
"Root cutting, crown, or clump, Tuberous Root","Guatemala",FALSE,"Reference","russells bromelaids","Low compliance"
"Root cutting, crown, or clump, Tuberous Root","Guatemala",FALSE,"TUCAN EXPORT","russells bromelaids","Poor compliance"
"Root cutting, crown, or clump, Tuberous Root","Guatemala",FALSE,"Reference","florica farmsinc","Low compliance"
"Root cutting, crown, or clump, Tuberous Root","Guatemala",FALSE,"Corporacion Bonanza","florica farmsinc","Low compliance"
"Root cutting, crown, or clump, Tuberous Root","Guatemala",FALSE,"Los Pinos Poptum","foremost foliage inc dba foremostco","Low compliance"
"Root cutting, crown, or clump, Tuberous Root","Guatemala",FALSE,"QUELETZU SA","foremost foliage inc dba foremostco","Low compliance"
"Root cutting, crown, or clump, Tuberous Root","Guatemala",FALSE,"LA FLORESTA ORNAMENTALES","Reference","Medium compliance"
"Root cutting, crown, or clump, Tuberous Root","Guatemala",FALSE,"Corporacion Bonanza","costa farms","Low compliance"
"Root cutting, crown, or clump, Tuberous Root","Guatemala",FALSE,"Reference","jurakan usainc","Medium compliance"
"Root cutting, crown, or clump, Tuberous Root","Guatemala",FALSE,"Corporacion Bonanza","Reference","Medium compliance"
"Root cutting, crown, or clump, Tuberous Root","Guatemala",FALSE,"Los Pinos Poptum","plant exports","Low compliance"
"Root cutting, crown, or clump, Tuberous Root","Guatemala",FALSE,"Plant Investments","express seed","Poor compliance"
"Root cutting, crown, or clump, Tuberous Root","Guatemala",FALSE,"TUCAN EXPORT","fb imports","Poor compliance"
"Root cutting, crown, or clump, Tuberous Root","Guatemala",FALSE,"Plant Investments","mchutchison","Low compliance"
"Root cutting, crown, or clump, Tuberous Root","Guatemala",FALSE,"Reference","dockside management","Medium compliance"
"Root cutting, crown, or clump, Tuberous Root","Guatemala",FALSE,"INVERSIONES LUA SA","plant exports","Poor compliance"
"Root cutting, crown, or clump, Tuberous Root","Guatemala",FALSE,"Plant Investments","foremost foliage inc dba foremostco","Poor compliance"
"Root cutting, crown, or clump, Tuberous Root","Guatemala",FALSE,"INVERSIONES AGROCOMERCIALE","fb imports","Poor compliance"
"Root cutting, crown, or clump, Tuberous Root","Guatemala",FALSE,"Reference","plant exports","Low compliance"
"Root cutting, crown, or clump, Tuberous Root","Guatemala",FALSE,"INVERSIONES LUA SA","Reference","Medium compliance"
"Root cutting, crown, or clump, Tuberous Root","Guatemala",FALSE,"LA FLORESTA ORNAMENTALES","mchutchison","Medium compliance"
"Root cutting, crown, or clump, Tuberous Root","Guatemala",FALSE,"QUELETZU SA","Reference","Medium compliance"
"Root cutting, crown, or clump, Tuberous Root","Guatemala",FALSE,"COSTA","costa farms","Medium compliance"
"Root cutting, crown, or clump, Tuberous Root","Guatemala",FALSE,"Los Pinos Poptum","Reference","Medium compliance"
"Root cutting, crown, or clump, Tuberous Root","Guatemala",FALSE,"QUELETZU SA","south florida plant services","Medium compliance"
"Root cutting, crown, or clump, Tuberous Root","Guatemala",FALSE,"Reference","ds cole growers","Medium compliance"
"Root cutting, crown, or clump, Tuberous Root","Guatemala",FALSE,"IVAGRO SA","scott valentine","Medium compliance"
"Root cutting, crown, or clump, Tuberous Root","Guatemala",FALSE,"PRODUCTOS EL MAPACHE DE ALAJUELA","plant exports","Low compliance"
"Root cutting, crown, or clump, Tuberous Root","Guatemala",FALSE,"QUELETZU SA","fb imports","Poor compliance"
"Root cutting, crown, or clump, Tuberous Root","Guatemala",FALSE,"Reference","mchutchison","Medium compliance"
"Root cutting, crown, or clump, Tuberous Root","Guatemala",FALSE,"INVERSIONES AGROCOMERCIALE","foremost foliage inc dba foremostco","Low compliance"
"Root cutting, crown, or clump, Tuberous Root","Guatemala",FALSE,"LA FLORESTA ORNAMENTALES","plant exports","Poor compliance"
"Root cutting, crown, or clump, Tuberous Root","Guatemala",FALSE,"IVAGRO SA","costa farms","Medium compliance"
"Root cutting, crown, or clump, Tuberous Root","Guatemala",FALSE,"Reference","aura botanical","Medium compliance"
"Root cutting, crown, or clump, Tuberous Root","Guatemala",FALSE,"INVERSIONES AGROCOMERCIALE","costa farms","Medium compliance"
"Root cutting, crown, or clump, Tuberous Root","Guatemala",FALSE,"Guatexotic","foremost foliage inc dba foremostco","Medium compliance"
"Root cutting, crown, or clump, Tuberous Root","Guatemala",FALSE,"AGRO KOMPASS S A","foremost foliage inc dba foremostco","Medium compliance"
"Root cutting, crown, or clump, Tuberous Root","Guatemala",FALSE,"LA FLORESTA ORNAMENTALES","foremost foliage","Low compliance"
"Root cutting, crown, or clump, Tuberous Root","Guatemala",FALSE,"QUELETZU SA","florica farmsinc","Low compliance"
"Root cutting, crown, or clump, Tuberous Root","Guatemala",FALSE,"Guatexotic","costa farms","Medium compliance"
"Root cutting, crown, or clump, Tuberous Root","Guatemala",FALSE,"INVERSIONES LUA SA","fb imports","Poor compliance"
"Root cutting, crown, or clump, Tuberous Root","Guatemala",FALSE,"INVERSIONES AGROCOMERCIALE","florica farmsinc","Low compliance"
"Root cutting, crown, or clump, Tuberous Root","Guatemala",FALSE,"Reference","express seed","Medium compliance"
"Root cutting, crown, or clump, Tuberous Root","Guatemala",FALSE,"INVERSIONES AGROCOMERCIALE","foremost foliage","Low compliance"
"Root cutting, crown, or clump, Tuberous Root","Guatemala",FALSE,"CERCA DEL PARAISO SA","Reference","Medium compliance"
"Root cutting, crown, or clump, Tuberous Root","Guatemala",FALSE,"IVAGRO SA","express seed","Medium compliance"
"Root cutting, crown, or clump, Tuberous Root","Guatemala",FALSE,"INVERSIONES LUA SA","express seed","Low compliance"
"Root cutting, crown, or clump, Tuberous Root","Guatemala",FALSE,"Plant Investments","florica farmsinc","Poor compliance"
"Root cutting, crown, or clump, Tuberous Root","Guatemala",FALSE,"Reference","scott valentine","Medium compliance"
"Root cutting, crown, or clump, Tuberous Root","Guatemala",FALSE,"Reference","missing","Medium compliance"
"Root cutting, crown, or clump, Tuberous Root","Sri Lanka",TRUE,"Reference","Reference","Medium compliance"
"Root cutting, crown, or clump, Tuberous Root","Sri Lanka",TRUE,"Reference","complete aquatic systems","Low compliance"
"Root cutting, crown, or clump, Tuberous Root","Sri Lanka",TRUE,"Reference","costa farms","Low compliance"
"Root cutting, crown, or clump, Tuberous Root","Sri Lanka",TRUE,"Reference","fleurizon","Poor compliance"
"Root cutting, crown, or clump, Tuberous Root","Sri Lanka",TRUE,"Reference","mchutchison","Low compliance"
"Root cutting, crown, or clump, Tuberous Root","Sri Lanka",TRUE,"Reference","biostok","Poor compliance"
"Root cutting, crown, or clump, Tuberous Root","Sri Lanka",TRUE,"Reference","green thumb marketing","Poor compliance"
"Root cutting, crown, or clump, Tuberous Root","Sri Lanka",FALSE,"Reference","Reference","Medium compliance"
"Root cutting, crown, or clump, Tuberous Root","Sri Lanka",FALSE,"Reference","complete aquatic systems","Medium compliance"
"Root cutting, crown, or clump, Tuberous Root","Sri Lanka",FALSE,"Reference","costa farms","Medium compliance"
"Root cutting, crown, or clump, Tuberous Root","Sri Lanka",FALSE,"Reference","fleurizon","Low compliance"
"Root cutting, crown, or clump, Tuberous Root","Sri Lanka",FALSE,"Reference","mchutchison","Medium compliance"
"Root cutting, crown, or clump, Tuberous Root","Sri Lanka",FALSE,"Reference","biostok","Low compliance"
"Root cutting, crown, or clump, Tuberous Root","Sri Lanka",FALSE,"Reference","green thumb marketing","Low compliance"
"Root cutting, crown, or clump, Tuberous Root","Netherlands",TRUE,"Reference","Reference","Medium compliance"
"Root cutting, crown, or clump, Tuberous Root","Netherlands",TRUE,"Reference","primaflora international lp","Medium compliance"
"Root cutting, crown, or clump, Tuberous Root","Netherlands",TRUE,"Reference","united plant growers","Poor compliance"
"Root cutting, crown, or clump, Tuberous Root","Netherlands",TRUE,"Reference","scott valentine","Low compliance"
"Root cutting, crown, or clump, Tuberous Root","Netherlands",TRUE,"Reference","express seed","Low compliance"
"Root cutting, crown, or clump, Tuberous Root","Netherlands",TRUE,"Reference","western cactus enterprises","Poor compliance"
"Root cutting, crown, or clump, Tuberous Root","Netherlands",TRUE,"Reference","foremost foliage inc dba foremostco","Low compliance"
"Root cutting, crown, or clump, Tuberous Root","Netherlands",TRUE,"Reference","ds cole growers","Low compliance"
"Root cutting, crown, or clump, Tuberous Root","Netherlands",TRUE,"Reference","fleurizon","Poor compliance"
"Root cutting, crown, or clump, Tuberous Root","Netherlands",TRUE,"Reference","costa farms","Low compliance"
"Root cutting, crown, or clump, Tuberous Root","Netherlands",TRUE,"Reference","biostok","Poor compliance"
"Root cutting, crown, or clump, Tuberous Root","Netherlands",TRUE,"Reference","gubler orchids","Poor compliance"
"Root cutting, crown, or clump, Tuberous Root","Netherlands",TRUE,"Reference","b c amp f brokerage","Poor compliance"
"Root cutting, crown, or clump, Tuberous Root","Netherlands",TRUE,"Reference","foremost foliage","Low compliance"
"Root cutting, crown, or clump, Tuberous Root","Netherlands",TRUE,"Reference","green plant cuttings usa","Low compliance"
"Root cutting, crown, or clump, Tuberous Root","Netherlands",TRUE,"Reference","omega customs brokers","Poor compliance"
"Root cutting, crown, or clump, Tuberous Root","Netherlands",TRUE,"Reference","missing","Poor compliance"
"Root cutting, crown, or clump, Tuberous Root","Netherlands",TRUE,"Reference","bill moore and company","Poor compliance"
"Root cutting, crown, or clump, Tuberous Root","Netherlands",TRUE,"Reference","altman specialty plants","Poor compliance"
"Root cutting, crown, or clump, Tuberous Root","Netherlands",TRUE,"Reference","mchutchison","Low compliance"
"Root cutting, crown, or clump, Tuberous Root","Netherlands",TRUE,"Reference","kurt weiss greenhouse","Low compliance"
"Root cutting, crown, or clump, Tuberous Root","Netherlands",FALSE,"Reference","Reference","High compliance"
"Root cutting, crown, or clump, Tuberous Root","Netherlands",FALSE,"Reference","primaflora international lp","Medium compliance"
"Root cutting, crown, or clump, Tuberous Root","Netherlands",FALSE,"Reference","united plant growers","Medium compliance"
"Root cutting, crown, or clump, Tuberous Root","Netherlands",FALSE,"Reference","scott valentine","Medium compliance"
"Root cutting, crown, or clump, Tuberous Root","Netherlands",FALSE,"Reference","express seed","Medium compliance"
"Root cutting, crown, or clump, Tuberous Root","Netherlands",FALSE,"Reference","western cactus enterprises","Medium compliance"
"Root cutting, crown, or clump, Tuberous Root","Netherlands",FALSE,"Reference","foremost foliage inc dba foremostco","Medium compliance"
"Root cutting, crown, or clump, Tuberous Root","Netherlands",FALSE,"Reference","ds cole growers","Medium compliance"
"Root cutting, crown, or clump, Tuberous Root","Netherlands",FALSE,"Reference","fleurizon","Low compliance"
"Root cutting, crown, or clump, Tuberous Root","Netherlands",FALSE,"Reference","costa farms","Medium compliance"
"Root cutting, crown, or clump, Tuberous Root","Netherlands",FALSE,"Reference","biostok","Low compliance"
"Root cutting, crown, or clump, Tuberous Root","Netherlands",FALSE,"Reference","gubler orchids","Low compliance"
"Root cutting, crown, or clump, Tuberous Root","Netherlands",FALSE,"Reference","b c amp f brokerage","Medium compliance"
"Root cutting, crown, or clump, Tuberous Root","Netherlands",FALSE,"Reference","foremost foliage","Medium compliance"
"Root cutting, crown, or clump, Tuberous Root","Netherlands",FALSE,"Reference","green plant cuttings usa","Medium compliance"
"Root cutting, crown, or clump, Tuberous Root","Netherlands",FALSE,"Reference","omega customs brokers","Medium compliance"
"Root cutting, crown, or clump, Tuberous Root","Netherlands",FALSE,"Reference","missing","Medium compliance"
"Root cutting, crown, or clump, Tuberous Root","Netherlands",FALSE,"Reference","bill moore and company","Low compliance"
"Root cutting, crown, or clump, Tuberous Root","Netherlands",FALSE,"Reference","altman specialty plants","Medium compliance"
"Root cutting, crown, or clump, Tuberous Root","Netherlands",FALSE,"Reference","mchutchison","Medium compliance"
"Root cutting, crown, or clump, Tuberous Root","Netherlands",FALSE,"Reference","kurt weiss greenhouse","Medium compliance"
"Root cutting, crown, or clump, Tuberous Root","Costa Rica",TRUE,"TURRIPLANTAS SA","primaflora international lp","Poor compliance"
"Root cutting, crown, or clump, Tuberous Root","Costa Rica",TRUE,"PRODUCTOS EL MAPACHE DE ALAJUELA","primaflora international lp","Low compliance"
"Root cutting, crown, or clump, Tuberous Root","Costa Rica",TRUE,"Reference","primaflora international lp","Low compliance"
"Root cutting, crown, or clump, Tuberous Root","Costa Rica",TRUE,"PREMIUM PLANTS SA","primaflora international lp","Low compliance"
"Root cutting, crown, or clump, Tuberous Root","Costa Rica",TRUE,"Reference","express seed","Low compliance"
"Root cutting, crown, or clump, Tuberous Root","Costa Rica",TRUE,"PREMIUM ORNAMENTALES","primaflora international lp","Medium compliance"
"Root cutting, crown, or clump, Tuberous Root","Costa Rica",TRUE,"Reference","Reference","Medium compliance"
"Root cutting, crown, or clump, Tuberous Root","Costa Rica",TRUE,"ORNAMENTALES SAPO VERDE 801","foremost foliage","Poor compliance"
"Root cutting, crown, or clump, Tuberous Root","Costa Rica",TRUE,"antho ornamentales1-7","express seed","Poor compliance"
"Root cutting, crown, or clump, Tuberous Root","Costa Rica",TRUE,"Reference","south florida plant services","Poor compliance"
"Root cutting, crown, or clump, Tuberous Root","Costa Rica",TRUE,"TURRIPLANTAS SA","south florida plant services","Poor compliance"
"Root cutting, crown, or clump, Tuberous Root","Costa Rica",TRUE,"antho ornamentales1-7","florica farmsinc","Poor compliance"
"Root cutting, crown, or clump, Tuberous Root","Costa Rica",TRUE,"Reference","costa farms","Poor compliance"
"Root cutting, crown, or clump, Tuberous Root","Costa Rica",TRUE,"Reference","foremost foliage","Poor compliance"
"Root cutting, crown, or clump, Tuberous Root","Costa Rica",TRUE,"ZACATE ORNAMENTAL Y DECORATIVO","foremost foliage","Poor compliance"
"Root cutting, crown, or clump, Tuberous Root","Costa Rica",TRUE,"TURRIPLANTAS SA","excelente foliage incorporated","Poor compliance"
"Root cutting, crown, or clump, Tuberous Root","Costa Rica",TRUE,"PREMIUM ORNAMENTALES","kurt weiss greenhouse","Low compliance"
"Root cutting, crown, or clump, Tuberous Root","Costa Rica",TRUE,"Reference","caribbean growers supply","Poor compliance"
"Root cutting, crown, or clump, Tuberous Root","Costa Rica",TRUE,"Reference","fleurizon","Poor compliance"
"Root cutting, crown, or clump, Tuberous Root","Costa Rica",TRUE,"COOPEINDIA  R.L.","costa farms","Poor compliance"
"Root cutting, crown, or clump, Tuberous Root","Costa Rica",TRUE,"ORNAMENTALES SAPO VERDE 801","foremost foliage inc dba foremostco","Poor compliance"
"Root cutting, crown, or clump, Tuberous Root","Costa Rica",TRUE,"Reference","foremost foliage inc dba foremostco","Poor compliance"
"Root cutting, crown, or clump, Tuberous Root","Costa Rica",TRUE,"PRIMEROS EN FOLLAJE SA BOX#201","foremost foliage inc dba foremostco","Poor compliance"
"Root cutting, crown, or clump, Tuberous Root","Costa Rica",TRUE,"COOPEINDIA  R.L.","foremost foliage","Poor compliance"
"Root cutting, crown, or clump, Tuberous Root","Costa Rica",TRUE,"GEOAGRO DE COSTA RICA","Reference","Medium compliance"
"Root cutting, crown, or clump, Tuberous Root","Costa Rica",TRUE,"SAPO VERDE 900","foremost foliage","Poor compliance"
"Root cutting, crown, or clump, Tuberous Root","Costa Rica",TRUE,"MICRO PLANTAS","foremost foliage","Poor compliance"
"Root cutting, crown, or clump, Tuberous Root","Costa Rica",TRUE,"PRIMEROS EN FOLLAJE SA BOX#201","foremost foliage","Poor compliance"
"Root cutting, crown, or clump, Tuberous Root","Costa Rica",TRUE,"MICRO PLANTAS","costa farms","Poor compliance"
"Root cutting, crown, or clump, Tuberous Root","Costa Rica",TRUE,"ZACATE ORNAMENTAL Y DECORATIVO","bay cove group","Poor compliance"
"Root cutting, crown, or clump, Tuberous Root","Costa Rica",TRUE,"PREMIUM ORNAMENTALES","florica farmsinc","Poor compliance"
"Root cutting, crown, or clump, Tuberous Root","Costa Rica",TRUE,"Reference","scott valentine","Poor compliance"
"Root cutting, crown, or clump, Tuberous Root","Costa Rica",TRUE,"Reference","b c amp f brokerage","Poor compliance"
"Root cutting, crown, or clump, Tuberous Root","Costa Rica",TRUE,"Reference","dockside management","Low compliance"
"Root cutting, crown, or clump, Tuberous Root","Costa Rica",TRUE,"SAPO VERDE 900","foremost foliage inc dba foremostco","Poor compliance"
"Root cutting, crown, or clump, Tuberous Root","Costa Rica",TRUE,"Reference","green tropical plants","Poor compliance"
"Root cutting, crown, or clump, Tuberous Root","Costa Rica",TRUE,"COOPEINDIA  R.L.","fb imports","Poor compliance"
"Root cutting, crown, or clump, Tuberous Root","Costa Rica",TRUE,"GEOAGRO DE COSTA RICA","fb imports","Poor compliance"
"Root cutting, crown, or clump, Tuberous Root","Costa Rica",TRUE,"Reference","fb imports","Poor compliance"
"Root cutting, crown, or clump, Tuberous Root","Costa Rica",TRUE,"CERCA DEL PARAISO SA","b c amp f brokerage","Poor compliance"
"Root cutting, crown, or clump, Tuberous Root","Costa Rica",TRUE,"Reference","aura botanical","Poor compliance"
"Root cutting, crown, or clump, Tuberous Root","Costa Rica",TRUE,"CERCA DEL PARAISO SA","aura botanical","Poor compliance"
"Root cutting, crown, or clump, Tuberous Root","Costa Rica",TRUE,"GEOAGRO DE COSTA RICA","fleurizon","Poor compliance"
"Root cutting, crown, or clump, Tuberous Root","Costa Rica",TRUE,"PRODUCTOS EL MAPACHE DE ALAJUELA","south florida plant services","Poor compliance"
"Root cutting, crown, or clump, Tuberous Root","Costa Rica",TRUE,"Reference","excelente foliage incorporated","Poor compliance"
"Root cutting, crown, or clump, Tuberous Root","Costa Rica",TRUE,"Reference","florica farmsinc","Poor compliance"
"Root cutting, crown, or clump, Tuberous Root","Costa Rica",TRUE,"CERCA DEL PARAISO SA","Reference","Poor compliance"
"Root cutting, crown, or clump, Tuberous Root","Costa Rica",TRUE,"PREMIUM PLANTS SA","kurt weiss greenhouse","Poor compliance"
"Root cutting, crown, or clump, Tuberous Root","Costa Rica",TRUE,"MICRO PLANTAS","foremost foliage inc dba foremostco","Poor compliance"
"Root cutting, crown, or clump, Tuberous Root","Costa Rica",TRUE,"PREMIUM ORNAMENTALES","Reference","Medium compliance"
"Root cutting, crown, or clump, Tuberous Root","Costa Rica",TRUE,"CERCA DEL PARAISO SA","foremost foliage","Poor compliance"
"Root cutting, crown, or clump, Tuberous Root","Costa Rica",TRUE,"COOPEINDIA  R.L.","foremost foliage inc dba foremostco","Poor compliance"
"Root cutting, crown, or clump, Tuberous Root","Costa Rica",TRUE,"Reference","green plant cuttings usa","Poor compliance"
"Root cutting, crown, or clump, Tuberous Root","Costa Rica",TRUE,"PREMIUM ORNAMENTALES","b c amp f brokerage","Poor compliance"
"Root cutting, crown, or clump, Tuberous Root","Costa Rica",TRUE,"COOPEINDIA  R.L.","south florida plant services","Poor compliance"
"Root cutting, crown, or clump, Tuberous Root","Costa Rica",TRUE,"ZACATE ORNAMENTAL Y DECORATIVO","foremost foliage inc dba foremostco","Poor compliance"
"Root cutting, crown, or clump, Tuberous Root","Costa Rica",TRUE,"TURRIPLANTAS SA","foremost foliage inc dba foremostco","Poor compliance"
"Root cutting, crown, or clump, Tuberous Root","Costa Rica",TRUE,"Reference","mchutchison","Low compliance"
"Root cutting, crown, or clump, Tuberous Root","Costa Rica",TRUE,"MICRO PLANTAS","Reference","Poor compliance"
"Root cutting, crown, or clump, Tuberous Root","Costa Rica",TRUE,"PRODUCTOS EL MAPACHE DE ALAJUELA","plant exports","Poor compliance"
"Root cutting, crown, or clump, Tuberous Root","Costa Rica",TRUE,"CERCA DEL PARAISO SA","south florida plant services","Poor compliance"
"Root cutting, crown, or clump, Tuberous Root","Costa Rica",TRUE,"MICRO PLANTAS","miyar intl brokerage","Poor compliance"
"Root cutting, crown, or clump, Tuberous Root","Costa Rica",TRUE,"CERCA DEL PARAISO SA","foremost foliage inc dba foremostco","Poor compliance"
"Root cutting, crown, or clump, Tuberous Root","Costa Rica",TRUE,"ORNAMENTALES SAPO VERDE 801","Reference","Medium compliance"
"Root cutting, crown, or clump, Tuberous Root","Costa Rica",TRUE,"TURRIPLANTAS SA","foremost foliage","Poor compliance"
"Root cutting, crown, or clump, Tuberous Root","Costa Rica",TRUE,"Reference","ds cole growers","Poor compliance"
"Root cutting, crown, or clump, Tuberous Root","Costa Rica",TRUE,"PRODUCTOS EL MAPACHE DE ALAJUELA","costa farms","Poor compliance"
"Root cutting, crown, or clump, Tuberous Root","Costa Rica",TRUE,"CERCA DEL PARAISO SA","fb imports","Poor compliance"
"Root cutting, crown, or clump, Tuberous Root","Costa Rica",TRUE,"LA FLORESTA ORNAMENTALES","plant exports","Poor compliance"
"Root cutting, crown, or clump, Tuberous Root","Costa Rica",TRUE,"CERCA DEL PARAISO SA","fleurizon","Poor compliance"
"Root cutting, crown, or clump, Tuberous Root","Costa Rica",TRUE,"CERCA DEL PARAISO SA","plant exports","Poor compliance"
"Root cutting, crown, or clump, Tuberous Root","Costa Rica",TRUE,"PREMIUM PLANTS SA","Reference","Low compliance"
"Root cutting, crown, or clump, Tuberous Root","Costa Rica",TRUE,"PREMIUM PLANTS SA","b c amp f brokerage","Poor compliance"
"Root cutting, crown, or clump, Tuberous Root","Costa Rica",TRUE,"SAPO VERDE 900","Reference","Poor compliance"
"Root cutting, crown, or clump, Tuberous Root","Costa Rica",TRUE,"Reference","plant exports","Poor compliance"
"Root cutting, crown, or clump, Tuberous Root","Costa Rica",TRUE,"COOPEINDIA  R.L.","express seed","Poor compliance"
"Root cutting, crown, or clump, Tuberous Root","Costa Rica",TRUE,"QUELETZU SA","foremost foliage inc dba foremostco","Poor compliance"
"Root cutting, crown, or clump, Tuberous Root","Costa Rica",TRUE,"Guatexotic","foremost foliage","Poor compliance"
"Root cutting, crown, or clump, Tuberous Root","Costa Rica",TRUE,"antho ornamentales1-7","foremost foliage inc dba foremostco","Poor compliance"
"Root cutting, crown, or clump, Tuberous Root","Costa Rica",TRUE,"Reference","western cactus enterprises","Poor compliance"
"Root cutting, crown, or clump, Tuberous Root","Costa Rica",TRUE,"Reference","altman specialty plants","Poor compliance"
"Root cutting, crown, or clump, Tuberous Root","Costa Rica",FALSE,"TURRIPLANTAS SA","primaflora international lp","Low compliance"
"Root cutting, crown, or clump, Tuberous Root","Costa Rica",FALSE,"PRODUCTOS EL MAPACHE DE ALAJUELA","primaflora international lp","Medium compliance"
"Root cutting, crown, or clump, Tuberous Root","Costa Rica",FALSE,"Reference","primaflora international lp","Medium compliance"
"Root cutting, crown, or clump, Tuberous Root","Costa Rica",FALSE,"PREMIUM PLANTS SA","primaflora international lp","Medium compliance"
"Root cutting, crown, or clump, Tuberous Root","Costa Rica",FALSE,"Reference","express seed","Low compliance"
"Root cutting, crown, or clump, Tuberous Root","Costa Rica",FALSE,"PREMIUM ORNAMENTALES","primaflora international lp","Medium compliance"
"Root cutting, crown, or clump, Tuberous Root","Costa Rica",FALSE,"Reference","Reference","Medium compliance"
"Root cutting, crown, or clump, Tuberous Root","Costa Rica",FALSE,"ORNAMENTALES SAPO VERDE 801","foremost foliage","Low compliance"
"Root cutting, crown, or clump, Tuberous Root","Costa Rica",FALSE,"antho ornamentales1-7","express seed","Medium compliance"
"Root cutting, crown, or clump, Tuberous Root","Costa Rica",FALSE,"Reference","south florida plant services","Medium compliance"
"Root cutting, crown, or clump, Tuberous Root","Costa Rica",FALSE,"TURRIPLANTAS SA","south florida plant services","Low compliance"
"Root cutting, crown, or clump, Tuberous Root","Costa Rica",FALSE,"antho ornamentales1-7","florica farmsinc","Low compliance"
"Root cutting, crown, or clump, Tuberous Root","Costa Rica",FALSE,"Reference","costa farms","Medium compliance"
"Root cutting, crown, or clump, Tuberous Root","Costa Rica",FALSE,"Reference","foremost foliage","Low compliance"
"Root cutting, crown, or clump, Tuberous Root","Costa Rica",FALSE,"ZACATE ORNAMENTAL Y DECORATIVO","foremost foliage","Poor compliance"
"Root cutting, crown, or clump, Tuberous Root","Costa Rica",FALSE,"TURRIPLANTAS SA","excelente foliage incorporated","Low compliance"
"Root cutting, crown, or clump, Tuberous Root","Costa Rica",FALSE,"PREMIUM ORNAMENTALES","kurt weiss greenhouse","Medium compliance"
"Root cutting, crown, or clump, Tuberous Root","Costa Rica",FALSE,"Reference","caribbean growers supply","Poor compliance"
"Root cutting, crown, or clump, Tuberous Root","Costa Rica",FALSE,"Reference","fleurizon","Poor compliance"
"Root cutting, crown, or clump, Tuberous Root","Costa Rica",FALSE,"COOPEINDIA  R.L.","costa farms","Low compliance"
"Root cutting, crown, or clump, Tuberous Root","Costa Rica",FALSE,"ORNAMENTALES SAPO VERDE 801","foremost foliage inc dba foremostco","Low compliance"
"Root cutting, crown, or clump, Tuberous Root","Costa Rica",FALSE,"Reference","foremost foliage inc dba foremostco","Low compliance"
"Root cutting, crown, or clump, Tuberous Root","Costa Rica",FALSE,"PRIMEROS EN FOLLAJE SA BOX#201","foremost foliage inc dba foremostco","Low compliance"
"Root cutting, crown, or clump, Tuberous Root","Costa Rica",FALSE,"COOPEINDIA  R.L.","foremost foliage","Poor compliance"
"Root cutting, crown, or clump, Tuberous Root","Costa Rica",FALSE,"GEOAGRO DE COSTA RICA","Reference","Medium compliance"
"Root cutting, crown, or clump, Tuberous Root","Costa Rica",FALSE,"SAPO VERDE 900","foremost foliage","Poor compliance"
"Root cutting, crown, or clump, Tuberous Root","Costa Rica",FALSE,"MICRO PLANTAS","foremost foliage","Poor compliance"
"Root cutting, crown, or clump, Tuberous Root","Costa Rica",FALSE,"PRIMEROS EN FOLLAJE SA BOX#201","foremost foliage","Low compliance"
"Root cutting, crown, or clump, Tuberous Root","Costa Rica",FALSE,"MICRO PLANTAS","costa farms","Low compliance"
"Root cutting, crown, or clump, Tuberous Root","Costa Rica",FALSE,"ZACATE ORNAMENTAL Y DECORATIVO","bay cove group","Poor compliance"
"Root cutting, crown, or clump, Tuberous Root","Costa Rica",FALSE,"PREMIUM ORNAMENTALES","florica farmsinc","Low compliance"
"Root cutting, crown, or clump, Tuberous Root","Costa Rica",FALSE,"Reference","scott valentine","Medium compliance"
"Root cutting, crown, or clump, Tuberous Root","Costa Rica",FALSE,"Reference","b c amp f brokerage","Medium compliance"
"Root cutting, crown, or clump, Tuberous Root","Costa Rica",FALSE,"Reference","dockside management","Medium compliance"
"Root cutting, crown, or clump, Tuberous Root","Costa Rica",FALSE,"SAPO VERDE 900","foremost foliage inc dba foremostco","Poor compliance"
"Root cutting, crown, or clump, Tuberous Root","Costa Rica",FALSE,"Reference","green tropical plants","Low compliance"
"Root cutting, crown, or clump, Tuberous Root","Costa Rica",FALSE,"COOPEINDIA  R.L.","fb imports","Poor compliance"
"Root cutting, crown, or clump, Tuberous Root","Costa Rica",FALSE,"GEOAGRO DE COSTA RICA","fb imports","Low compliance"
"Root cutting, crown, or clump, Tuberous Root","Costa Rica",FALSE,"Reference","fb imports","Poor compliance"
"Root cutting, crown, or clump, Tuberous Root","Costa Rica",FALSE,"CERCA DEL PARAISO SA","b c amp f brokerage","Low compliance"
"Root cutting, crown, or clump, Tuberous Root","Costa Rica",FALSE,"Reference","aura botanical","Medium compliance"
"Root cutting, crown, or clump, Tuberous Root","Costa Rica",FALSE,"CERCA DEL PARAISO SA","aura botanical","Low compliance"
"Root cutting, crown, or clump, Tuberous Root","Costa Rica",FALSE,"GEOAGRO DE COSTA RICA","fleurizon","Low compliance"
"Root cutting, crown, or clump, Tuberous Root","Costa Rica",FALSE,"PRODUCTOS EL MAPACHE DE ALAJUELA","south florida plant services","Low compliance"
"Root cutting, crown, or clump, Tuberous Root","Costa Rica",FALSE,"Reference","excelente foliage incorporated","Low compliance"
"Root cutting, crown, or clump, Tuberous Root","Costa Rica",FALSE,"Reference","florica farmsinc","Low compliance"
"Root cutting, crown, or clump, Tuberous Root","Costa Rica",FALSE,"CERCA DEL PARAISO SA","Reference","Medium compliance"
"Root cutting, crown, or clump, Tuberous Root","Costa Rica",FALSE,"PREMIUM PLANTS SA","kurt weiss greenhouse","Medium compliance"
"Root cutting, crown, or clump, Tuberous Root","Costa Rica",FALSE,"MICRO PLANTAS","foremost foliage inc dba foremostco","Poor compliance"
"Root cutting, crown, or clump, Tuberous Root","Costa Rica",FALSE,"PREMIUM ORNAMENTALES","Reference","Medium compliance"
"Root cutting, crown, or clump, Tuberous Root","Costa Rica",FALSE,"CERCA DEL PARAISO SA","foremost foliage","Low compliance"
"Root cutting, crown, or clump, Tuberous Root","Costa Rica",FALSE,"COOPEINDIA  R.L.","foremost foliage inc dba foremostco","Poor compliance"
"Root cutting, crown, or clump, Tuberous Root","Costa Rica",FALSE,"Reference","green plant cuttings usa","Low compliance"
"Root cutting, crown, or clump, Tuberous Root","Costa Rica",FALSE,"PREMIUM ORNAMENTALES","b c amp f brokerage","Medium compliance"
"Root cutting, crown, or clump, Tuberous Root","Costa Rica",FALSE,"COOPEINDIA  R.L.","south florida plant services","Low compliance"
"Root cutting, crown, or clump, Tuberous Root","Costa Rica",FALSE,"ZACATE ORNAMENTAL Y DECORATIVO","foremost foliage inc dba foremostco","Poor compliance"
"Root cutting, crown, or clump, Tuberous Root","Costa Rica",FALSE,"TURRIPLANTAS SA","foremost foliage inc dba foremostco","Poor compliance"
"Root cutting, crown, or clump, Tuberous Root","Costa Rica",FALSE,"Reference","mchutchison","Medium compliance"
"Root cutting, crown, or clump, Tuberous Root","Costa Rica",FALSE,"MICRO PLANTAS","Reference","Medium compliance"
"Root cutting, crown, or clump, Tuberous Root","Costa Rica",FALSE,"PRODUCTOS EL MAPACHE DE ALAJUELA","plant exports","Poor compliance"
"Root cutting, crown, or clump, Tuberous Root","Costa Rica",FALSE,"CERCA DEL PARAISO SA","south florida plant services","Low compliance"
"Root cutting, crown, or clump, Tuberous Root","Costa Rica",FALSE,"MICRO PLANTAS","miyar intl brokerage","Poor compliance"
"Root cutting, crown, or clump, Tuberous Root","Costa Rica",FALSE,"CERCA DEL PARAISO SA","foremost foliage inc dba foremostco","Poor compliance"
"Root cutting, crown, or clump, Tuberous Root","Costa Rica",FALSE,"ORNAMENTALES SAPO VERDE 801","Reference","Medium compliance"
"Root cutting, crown, or clump, Tuberous Root","Costa Rica",FALSE,"TURRIPLANTAS SA","foremost foliage","Poor compliance"
"Root cutting, crown, or clump, Tuberous Root","Costa Rica",FALSE,"Reference","ds cole growers","Medium compliance"
"Root cutting, crown, or clump, Tuberous Root","Costa Rica",FALSE,"PRODUCTOS EL MAPACHE DE ALAJUELA","costa farms","Low compliance"
"Root cutting, crown, or clump, Tuberous Root","Costa Rica",FALSE,"CERCA DEL PARAISO SA","fb imports","Poor compliance"
"Root cutting, crown, or clump, Tuberous Root","Costa Rica",FALSE,"LA FLORESTA ORNAMENTALES","plant exports","Poor compliance"
"Root cutting, crown, or clump, Tuberous Root","Costa Rica",FALSE,"CERCA DEL PARAISO SA","fleurizon","Poor compliance"
"Root cutting, crown, or clump, Tuberous Root","Costa Rica",FALSE,"CERCA DEL PARAISO SA","plant exports","Poor compliance"
"Root cutting, crown, or clump, Tuberous Root","Costa Rica",FALSE,"PREMIUM PLANTS SA","Reference","Medium compliance"
"Root cutting, crown, or clump, Tuberous Root","Costa Rica",FALSE,"PREMIUM PLANTS SA","b c amp f brokerage","Medium compliance"
"Root cutting, crown, or clump, Tuberous Root","Costa Rica",FALSE,"SAPO VERDE 900","Reference","Medium compliance"
"Root cutting, crown, or clump, Tuberous Root","Costa Rica",FALSE,"Reference","plant exports","Poor compliance"
"Root cutting, crown, or clump, Tuberous Root","Costa Rica",FALSE,"COOPEINDIA  R.L.","express seed","Low compliance"
"Root cutting, crown, or clump, Tuberous Root","Costa Rica",FALSE,"QUELETZU SA","foremost foliage inc dba foremostco","Low compliance"
"Root cutting, crown, or clump, Tuberous Root","Costa Rica",FALSE,"Guatexotic","foremost foliage","Low compliance"
"Root cutting, crown, or clump, Tuberous Root","Costa Rica",FALSE,"antho ornamentales1-7","foremost foliage inc dba foremostco","Low compliance"
"Root cutting, crown, or clump, Tuberous Root","Costa Rica",FALSE,"Reference","western cactus enterprises","Medium compliance"
"Root cutting, crown, or clump, Tuberous Root","Costa Rica",FALSE,"Reference","altman specialty plants","Low compliance"
"Root cutting, crown, or clump, Tuberous Root","Singapore",TRUE,"Oriental Aquarium","complete aquatic systems","Poor compliance"
"Root cutting, crown, or clump, Tuberous Root","Singapore",TRUE,"Reference","ultum nature systems","Medium compliance"
"Root cutting, crown, or clump, Tuberous Root","Singapore",TRUE,"Reference","tat tristan g","Poor compliance"
"Root cutting, crown, or clump, Tuberous Root","Singapore",TRUE,"Reference","Reference","Medium compliance"
"Root cutting, crown, or clump, Tuberous Root","Singapore",TRUE,"Oriental Aquarium","Reference","Medium compliance"
"Root cutting, crown, or clump, Tuberous Root","Singapore",TRUE,"Reference","waterscaap pond amp aquarium plants","Poor compliance"
"Root cutting, crown, or clump, Tuberous Root","Singapore",TRUE,"Reference","green thumb marketing","Poor compliance"
"Root cutting, crown, or clump, Tuberous Root","Singapore",TRUE,"Oriental Aquarium","green thumb marketing","Poor compliance"
"Root cutting, crown, or clump, Tuberous Root","Singapore",FALSE,"Oriental Aquarium","complete aquatic systems","Medium compliance"
"Root cutting, crown, or clump, Tuberous Root","Singapore",FALSE,"Reference","ultum nature systems","Poor compliance"
"Root cutting, crown, or clump, Tuberous Root","Singapore",FALSE,"Reference","tat tristan g","Poor compliance"
"Root cutting, crown, or clump, Tuberous Root","Singapore",FALSE,"Reference","Reference","Medium compliance"
"Root cutting, crown, or clump, Tuberous Root","Singapore",FALSE,"Oriental Aquarium","Reference","Medium compliance"
"Root cutting, crown, or clump, Tuberous Root","Singapore",FALSE,"Reference","waterscaap pond amp aquarium plants","Poor compliance"
"Root cutting, crown, or clump, Tuberous Root","Singapore",FALSE,"Reference","green thumb marketing","Poor compliance"
"Root cutting, crown, or clump, Tuberous Root","Singapore",FALSE,"Oriental Aquarium","green thumb marketing","Poor compliance"
"Root cutting, crown, or clump, Tuberous Root","Slovakia",TRUE,"Reference","Reference","Low compliance"
"Root cutting, crown, or clump, Tuberous Root","Slovakia",FALSE,"Reference","Reference","Medium compliance"
"Root cutting, crown, or clump, Tuberous Root","Turkey",TRUE,"Reference","Reference","Medium compliance"
"Root cutting, crown, or clump, Tuberous Root","Turkey",TRUE,"Reference","ds cole growers","Poor compliance"
"Root cutting, crown, or clump, Tuberous Root","Turkey",FALSE,"Reference","Reference","Medium compliance"
"Root cutting, crown, or clump, Tuberous Root","Turkey",FALSE,"Reference","ds cole growers","Low compliance"
"Root cutting, crown, or clump, Tuberous Root","Kenya",TRUE,"LATHYFLORA","Reference","Low compliance"
"Root cutting, crown, or clump, Tuberous Root","Kenya",TRUE,"LATHYFLORA","united plant growers","Poor compliance"
"Root cutting, crown, or clump, Tuberous Root","Kenya",TRUE,"LATHYFLORA","primaflora international lp","Poor compliance"
"Root cutting, crown, or clump, Tuberous Root","Kenya",TRUE,"Reference","Reference","Medium compliance"
"Root cutting, crown, or clump, Tuberous Root","Kenya",TRUE,"Reference","express seed","Low compliance"
"Root cutting, crown, or clump, Tuberous Root","Kenya",TRUE,"LATHYFLORA","costa farms","Poor compliance"
"Root cutting, crown, or clump, Tuberous Root","Kenya",TRUE,"LATHYFLORA","express seed","Poor compliance"
"Root cutting, crown, or clump, Tuberous Root","Kenya",TRUE,"LATHYFLORA","western cactus enterprises","Poor compliance"
"Root cutting, crown, or clump, Tuberous Root","Kenya",TRUE,"Reference","ds cole growers","Poor compliance"
"Root cutting, crown, or clump, Tuberous Root","Kenya",TRUE,"Reference","altman specialty plants","Poor compliance"
"Root cutting, crown, or clump, Tuberous Root","Kenya",TRUE,"Reference","western cactus enterprises","Poor compliance"
"Root cutting, crown, or clump, Tuberous Root","Kenya",TRUE,"Reference","scott valentine","Poor compliance"
"Root cutting, crown, or clump, Tuberous Root","Kenya",TRUE,"Reference","mchutchison","Low compliance"
"Root cutting, crown, or clump, Tuberous Root","Kenya",TRUE,"Reference","kurt weiss greenhouse","Low compliance"
"Root cutting, crown, or clump, Tuberous Root","Kenya",TRUE,"Reference","missing","Poor compliance"
"Root cutting, crown, or clump, Tuberous Root","Kenya",FALSE,"LATHYFLORA","Reference","Medium compliance"
"Root cutting, crown, or clump, Tuberous Root","Kenya",FALSE,"LATHYFLORA","united plant growers","Medium compliance"
"Root cutting, crown, or clump, Tuberous Root","Kenya",FALSE,"LATHYFLORA","primaflora international lp","Medium compliance"
"Root cutting, crown, or clump, Tuberous Root","Kenya",FALSE,"Reference","Reference","Medium compliance"
"Root cutting, crown, or clump, Tuberous Root","Kenya",FALSE,"Reference","express seed","Low compliance"
"Root cutting, crown, or clump, Tuberous Root","Kenya",FALSE,"LATHYFLORA","costa farms","Medium compliance"
"Root cutting, crown, or clump, Tuberous Root","Kenya",FALSE,"LATHYFLORA","express seed","Medium compliance"
"Root cutting, crown, or clump, Tuberous Root","Kenya",FALSE,"LATHYFLORA","western cactus enterprises","Medium compliance"
"Root cutting, crown, or clump, Tuberous Root","Kenya",FALSE,"Reference","ds cole growers","Medium compliance"
"Root cutting, crown, or clump, Tuberous Root","Kenya",FALSE,"Reference","altman specialty plants","Low compliance"
"Root cutting, crown, or clump, Tuberous Root","Kenya",FALSE,"Reference","western cactus enterprises","Medium compliance"
"Root cutting, crown, or clump, Tuberous Root","Kenya",FALSE,"Reference","scott valentine","Medium compliance"
"Root cutting, crown, or clump, Tuberous Root","Kenya",FALSE,"Reference","mchutchison","Medium compliance"
"Root cutting, crown, or clump, Tuberous Root","Kenya",FALSE,"Reference","kurt weiss greenhouse","Medium compliance"
"Root cutting, crown, or clump, Tuberous Root","Kenya",FALSE,"Reference","missing","Medium compliance"
"Root cutting, crown, or clump, Tuberous Root","Zimbabwe",TRUE,"Reference","western cactus enterprises","Poor compliance"
"Root cutting, crown, or clump, Tuberous Root","Zimbabwe",TRUE,"Reference","Reference","Medium compliance"
"Root cutting, crown, or clump, Tuberous Root","Zimbabwe",TRUE,"Reference","altman specialty plants","Poor compliance"
"Root cutting, crown, or clump, Tuberous Root","Zimbabwe",TRUE,"Reference","express seed","Low compliance"
"Root cutting, crown, or clump, Tuberous Root","Zimbabwe",TRUE,"Reference","costa farms","Low compliance"
"Root cutting, crown, or clump, Tuberous Root","Zimbabwe",TRUE,"Reference","scott valentine","Poor compliance"
"Root cutting, crown, or clump, Tuberous Root","Zimbabwe",FALSE,"Reference","western cactus enterprises","Medium compliance"
"Root cutting, crown, or clump, Tuberous Root","Zimbabwe",FALSE,"Reference","Reference","Medium compliance"
"Root cutting, crown, or clump, Tuberous Root","Zimbabwe",FALSE,"Reference","altman specialty plants","Low compliance"
"Root cutting, crown, or clump, Tuberous Root","Zimbabwe",FALSE,"Reference","express seed","Medium compliance"
"Root cutting, crown, or clump, Tuberous Root","Zimbabwe",FALSE,"Reference","costa farms","Medium compliance"
"Root cutting, crown, or clump, Tuberous Root","Zimbabwe",FALSE,"Reference","scott valentine","Medium compliance"
"Root cutting, crown, or clump, Tuberous Root","Israel",TRUE,"Reference","Reference","Medium compliance"
"Root cutting, crown, or clump, Tuberous Root","Israel",TRUE,"Reference","foremost foliage","Poor compliance"
"Root cutting, crown, or clump, Tuberous Root","Israel",TRUE,"Reference","foremost foliage inc dba foremostco","Poor compliance"
"Root cutting, crown, or clump, Tuberous Root","Israel",FALSE,"Reference","Reference","Medium compliance"
"Root cutting, crown, or clump, Tuberous Root","Israel",FALSE,"Reference","foremost foliage","Low compliance"
"Root cutting, crown, or clump, Tuberous Root","Israel",FALSE,"Reference","foremost foliage inc dba foremostco","Low compliance"
"Root cutting, crown, or clump, Tuberous Root","France",TRUE,"Reference","Reference","Medium compliance"
"Root cutting, crown, or clump, Tuberous Root","France",TRUE,"Reference","missing","Poor compliance"
"Root cutting, crown, or clump, Tuberous Root","France",FALSE,"Reference","Reference","Medium compliance"
"Root cutting, crown, or clump, Tuberous Root","France",FALSE,"Reference","missing","Low compliance"
"Root cutting, crown, or clump, Tuberous Root","North Macedonia",TRUE,"Reference","Reference","Medium compliance"
"Root cutting, crown, or clump, Tuberous Root","North Macedonia",TRUE,"Reference","missing","Poor compliance"
"Root cutting, crown, or clump, Tuberous Root","North Macedonia",FALSE,"Reference","Reference","Medium compliance"
"Root cutting, crown, or clump, Tuberous Root","North Macedonia",FALSE,"Reference","missing","Medium compliance"
"Root cutting, crown, or clump, Tuberous Root","Spain",TRUE,"Reference","Reference","Medium compliance"
"Root cutting, crown, or clump, Tuberous Root","Spain",TRUE,"Reference","missing","Poor compliance"
"Root cutting, crown, or clump, Tuberous Root","Spain",TRUE,"Reference","western cactus enterprises","Poor compliance"
"Root cutting, crown, or clump, Tuberous Root","Spain",TRUE,"Reference","altman specialty plants","Poor compliance"
"Root cutting, crown, or clump, Tuberous Root","Spain",TRUE,"Reference","express seed","Low compliance"
"Root cutting, crown, or clump, Tuberous Root","Spain",FALSE,"Reference","Reference","Medium compliance"
"Root cutting, crown, or clump, Tuberous Root","Spain",FALSE,"Reference","missing","Medium compliance"
"Root cutting, crown, or clump, Tuberous Root","Spain",FALSE,"Reference","western cactus enterprises","Medium compliance"
"Root cutting, crown, or clump, Tuberous Root","Spain",FALSE,"Reference","altman specialty plants","Low compliance"
"Root cutting, crown, or clump, Tuberous Root","Spain",FALSE,"Reference","express seed","Medium compliance"
"Root cutting, crown, or clump, Tuberous Root","Germany",TRUE,"Reference","Reference","Medium compliance"
"Root cutting, crown, or clump, Tuberous Root","Germany",TRUE,"Reference","express seed","Low compliance"
"Root cutting, crown, or clump, Tuberous Root","Germany",TRUE,"Reference","missing","Poor compliance"
"Root cutting, crown, or clump, Tuberous Root","Germany",TRUE,"Reference","costa farms","Low compliance"
"Root cutting, crown, or clump, Tuberous Root","Germany",TRUE,"Reference","perfect choice","Poor compliance"
"Root cutting, crown, or clump, Tuberous Root","Germany",TRUE,"Reference","miyar intl brokerage","Poor compliance"
"Root cutting, crown, or clump, Tuberous Root","Germany",TRUE,"Reference","mchutchison","Low compliance"
"Root cutting, crown, or clump, Tuberous Root","Germany",FALSE,"Reference","Reference","Medium compliance"
"Root cutting, crown, or clump, Tuberous Root","Germany",FALSE,"Reference","express seed","Medium compliance"
"Root cutting, crown, or clump, Tuberous Root","Germany",FALSE,"Reference","missing","Medium compliance"
"Root cutting, crown, or clump, Tuberous Root","Germany",FALSE,"Reference","costa farms","Medium compliance"
"Root cutting, crown, or clump, Tuberous Root","Germany",FALSE,"Reference","perfect choice","Poor compliance"
"Root cutting, crown, or clump, Tuberous Root","Germany",FALSE,"Reference","miyar intl brokerage","Poor compliance"
"Root cutting, crown, or clump, Tuberous Root","Germany",FALSE,"Reference","mchutchison","Medium compliance"
"Root cutting, crown, or clump, Tuberous Root","Madagascar",TRUE,"Reference","complete aquatic systems","Poor compliance"
"Root cutting, crown, or clump, Tuberous Root","Madagascar",TRUE,"Reference","waterscaap pond amp aquarium plants","Poor compliance"
"Root cutting, crown, or clump, Tuberous Root","Madagascar",TRUE,"Reference","Reference","Low compliance"
"Root cutting, crown, or clump, Tuberous Root","Madagascar",TRUE,"Reference","miyar intl brokerage","Poor compliance"
"Root cutting, crown, or clump, Tuberous Root","Madagascar",FALSE,"Reference","complete aquatic systems","Low compliance"
"Root cutting, crown, or clump, Tuberous Root","Madagascar",FALSE,"Reference","waterscaap pond amp aquarium plants","Poor compliance"
"Root cutting, crown, or clump, Tuberous Root","Madagascar",FALSE,"Reference","Reference","Medium compliance"
"Root cutting, crown, or clump, Tuberous Root","Madagascar",FALSE,"Reference","miyar intl brokerage","Poor compliance"
"Root cutting, crown, or clump, Tuberous Root","Brazil",TRUE,"Reference","Reference","Medium compliance"
"Root cutting, crown, or clump, Tuberous Root","Brazil",TRUE,"Reference","costa farms","Low compliance"
"Root cutting, crown, or clump, Tuberous Root","Brazil",TRUE,"Reference","fleurizon","Poor compliance"
"Root cutting, crown, or clump, Tuberous Root","Brazil",TRUE,"Reference","fb imports","Low compliance"
"Root cutting, crown, or clump, Tuberous Root","Brazil",TRUE,"Reference","united plant growers","Poor compliance"
"Root cutting, crown, or clump, Tuberous Root","Brazil",TRUE,"Reference","foremost foliage inc dba foremostco","Low compliance"
"Root cutting, crown, or clump, Tuberous Root","Brazil",TRUE,"Reference","foremost foliage","Poor compliance"
"Root cutting, crown, or clump, Tuberous Root","Brazil",TRUE,"Reference","express seed","Low compliance"
"Root cutting, crown, or clump, Tuberous Root","Brazil",TRUE,"Reference","biostok","Poor compliance"
"Root cutting, crown, or clump, Tuberous Root","Brazil",FALSE,"Reference","Reference","High compliance"
"Root cutting, crown, or clump, Tuberous Root","Brazil",FALSE,"Reference","costa farms","Medium compliance"
"Root cutting, crown, or clump, Tuberous Root","Brazil",FALSE,"Reference","fleurizon","Low compliance"
"Root cutting, crown, or clump, Tuberous Root","Brazil",FALSE,"Reference","fb imports","Low compliance"
"Root cutting, crown, or clump, Tuberous Root","Brazil",FALSE,"Reference","united plant growers","Medium compliance"
"Root cutting, crown, or clump, Tuberous Root","Brazil",FALSE,"Reference","foremost foliage inc dba foremostco","Low compliance"
"Root cutting, crown, or clump, Tuberous Root","Brazil",FALSE,"Reference","foremost foliage","Low compliance"
"Root cutting, crown, or clump, Tuberous Root","Brazil",FALSE,"Reference","express seed","Medium compliance"
"Root cutting, crown, or clump, Tuberous Root","Brazil",FALSE,"Reference","biostok","Low compliance"
"Root cutting, crown, or clump, Tuberous Root","United Kingdom of Great Britain and N. Ireland",TRUE,"Reference","Reference","Medium compliance"
"Root cutting, crown, or clump, Tuberous Root","United Kingdom of Great Britain and N. Ireland",TRUE,"Reference","express seed","Medium compliance"
"Root cutting, crown, or clump, Tuberous Root","United Kingdom of Great Britain and N. Ireland",TRUE,"Reference","missing","Poor compliance"
"Root cutting, crown, or clump, Tuberous Root","United Kingdom of Great Britain and N. Ireland",TRUE,"Reference","costa farms","Low compliance"
"Root cutting, crown, or clump, Tuberous Root","United Kingdom of Great Britain and N. Ireland",FALSE,"Reference","Reference","Medium compliance"
"Root cutting, crown, or clump, Tuberous Root","United Kingdom of Great Britain and N. Ireland",FALSE,"Reference","express seed","Medium compliance"
"Root cutting, crown, or clump, Tuberous Root","United Kingdom of Great Britain and N. Ireland",FALSE,"Reference","missing","Medium compliance"
"Root cutting, crown, or clump, Tuberous Root","United Kingdom of Great Britain and N. Ireland",FALSE,"Reference","costa farms","Medium compliance"
"Root cutting, crown, or clump, Tuberous Root","Colombia",TRUE,"Reference","Reference","Medium compliance"
"Root cutting, crown, or clump, Tuberous Root","Colombia",TRUE,"Reference","russells bromelaids","Poor compliance"
"Root cutting, crown, or clump, Tuberous Root","Colombia",TRUE,"Reference","dockside management","Medium compliance"
"Root cutting, crown, or clump, Tuberous Root","Colombia",TRUE,"GENEROS ECUATORIANOS","Reference","Medium compliance"
"Root cutting, crown, or clump, Tuberous Root","Colombia",TRUE,"Reference","fb imports","Low compliance"
"Root cutting, crown, or clump, Tuberous Root","Colombia",FALSE,"Reference","Reference","High compliance"
"Root cutting, crown, or clump, Tuberous Root","Colombia",FALSE,"Reference","russells bromelaids","Low compliance"
"Root cutting, crown, or clump, Tuberous Root","Colombia",FALSE,"Reference","dockside management","Medium compliance"
"Root cutting, crown, or clump, Tuberous Root","Colombia",FALSE,"GENEROS ECUATORIANOS","Reference","Medium compliance"
"Root cutting, crown, or clump, Tuberous Root","Colombia",FALSE,"Reference","fb imports","Low compliance"
"Root cutting, crown, or clump, Tuberous Root","Tanzania",TRUE,"Reference","Reference","Medium compliance"
"Root cutting, crown, or clump, Tuberous Root","Tanzania",TRUE,"Reference","express seed","Poor compliance"
"Root cutting, crown, or clump, Tuberous Root","Tanzania",TRUE,"Reference","western cactus enterprises","Poor compliance"
"Root cutting, crown, or clump, Tuberous Root","Tanzania",TRUE,"Reference","scott valentine","Poor compliance"
"Root cutting, crown, or clump, Tuberous Root","Tanzania",TRUE,"Reference","miyar intl brokerage","Poor compliance"
"Root cutting, crown, or clump, Tuberous Root","Tanzania",TRUE,"Reference","altman specialty plants","Poor compliance"
"Root cutting, crown, or clump, Tuberous Root","Tanzania",TRUE,"Reference","ds cole growers","Poor compliance"
"Root cutting, crown, or clump, Tuberous Root","Tanzania",FALSE,"Reference","Reference","Medium compliance"
"Root cutting, crown, or clump, Tuberous Root","Tanzania",FALSE,"Reference","express seed","Low compliance"
"Root cutting, crown, or clump, Tuberous Root","Tanzania",FALSE,"Reference","western cactus enterprises","Low compliance"
"Root cutting, crown, or clump, Tuberous Root","Tanzania",FALSE,"Reference","scott valentine","Low compliance"
"Root cutting, crown, or clump, Tuberous Root","Tanzania",FALSE,"Reference","miyar intl brokerage","Poor compliance"
"Root cutting, crown, or clump, Tuberous Root","Tanzania",FALSE,"Reference","altman specialty plants","Poor compliance"
"Root cutting, crown, or clump, Tuberous Root","Tanzania",FALSE,"Reference","ds cole growers","Low compliance"
"Root cutting, crown, or clump, Tuberous Root","Czech Republic",TRUE,"Reference","missing","Poor compliance"
"Root cutting, crown, or clump, Tuberous Root","Czech Republic",TRUE,"Reference","Reference","Medium compliance"
"Root cutting, crown, or clump, Tuberous Root","Czech Republic",FALSE,"Reference","missing","Medium compliance"
"Root cutting, crown, or clump, Tuberous Root","Czech Republic",FALSE,"Reference","Reference","Medium compliance"
"Root cutting, crown, or clump, Tuberous Root","New Zealand",TRUE,"Reference","Reference","Low compliance"
"Root cutting, crown, or clump, Tuberous Root","New Zealand",TRUE,"Reference","missing","Poor compliance"
"Root cutting, crown, or clump, Tuberous Root","New Zealand",FALSE,"Reference","Reference","Medium compliance"
"Root cutting, crown, or clump, Tuberous Root","New Zealand",FALSE,"Reference","missing","Low compliance"
"Root cutting, crown, or clump, Tuberous Root","Australia",TRUE,"Reference","Reference","Medium compliance"
"Root cutting, crown, or clump, Tuberous Root","Australia",TRUE,"Reference","missing","Poor compliance"
"Root cutting, crown, or clump, Tuberous Root","Australia",TRUE,"Reference","miyar intl brokerage","Poor compliance"
"Root cutting, crown, or clump, Tuberous Root","Australia",TRUE,"Reference","express seed","Poor compliance"
"Root cutting, crown, or clump, Tuberous Root","Australia",FALSE,"Reference","Reference","Medium compliance"
"Root cutting, crown, or clump, Tuberous Root","Australia",FALSE,"Reference","missing","Low compliance"
"Root cutting, crown, or clump, Tuberous Root","Australia",FALSE,"Reference","miyar intl brokerage","Poor compliance"
"Root cutting, crown, or clump, Tuberous Root","Australia",FALSE,"Reference","express seed","Low compliance"
"Root cutting, crown, or clump, Tuberous Root","Nigeria",TRUE,"Reference","tat tristan g","Poor compliance"
"Root cutting, crown, or clump, Tuberous Root","Nigeria",TRUE,"Reference","waterscaap pond amp aquarium plants","Poor compliance"
"Root cutting, crown, or clump, Tuberous Root","Nigeria",TRUE,"Reference","Reference","Low compliance"
"Root cutting, crown, or clump, Tuberous Root","Nigeria",FALSE,"Reference","tat tristan g","Poor compliance"
"Root cutting, crown, or clump, Tuberous Root","Nigeria",FALSE,"Reference","waterscaap pond amp aquarium plants","Poor compliance"
"Root cutting, crown, or clump, Tuberous Root","Nigeria",FALSE,"Reference","Reference","Low compliance"
"Root cutting, crown, or clump, Tuberous Root","Denmark",TRUE,"Reference","Reference","Low compliance"
"Root cutting, crown, or clump, Tuberous Root","Denmark",TRUE,"Reference","costa farms","Poor compliance"
"Root cutting, crown, or clump, Tuberous Root","Denmark",FALSE,"Reference","Reference","Medium compliance"
"Root cutting, crown, or clump, Tuberous Root","Denmark",FALSE,"Reference","costa farms","Low compliance"
"Root cutting, crown, or clump, Tuberous Root","Poland",TRUE,"Reference","missing","Poor compliance"
"Root cutting, crown, or clump, Tuberous Root","Poland",TRUE,"Reference","foremost foliage inc dba foremostco","Poor compliance"
"Root cutting, crown, or clump, Tuberous Root","Poland",TRUE,"Reference","Reference","Medium compliance"
"Root cutting, crown, or clump, Tuberous Root","Poland",TRUE,"Reference","mchutchison","Low compliance"
"Root cutting, crown, or clump, Tuberous Root","Poland",TRUE,"Reference","express seed","Low compliance"
"Root cutting, crown, or clump, Tuberous Root","Poland",TRUE,"Reference","scott valentine","Poor compliance"
"Root cutting, crown, or clump, Tuberous Root","Poland",FALSE,"Reference","missing","Medium compliance"
"Root cutting, crown, or clump, Tuberous Root","Poland",FALSE,"Reference","foremost foliage inc dba foremostco","Low compliance"
"Root cutting, crown, or clump, Tuberous Root","Poland",FALSE,"Reference","Reference","Medium compliance"
"Root cutting, crown, or clump, Tuberous Root","Poland",FALSE,"Reference","mchutchison","Medium compliance"
"Root cutting, crown, or clump, Tuberous Root","Poland",FALSE,"Reference","express seed","Low compliance"
"Root cutting, crown, or clump, Tuberous Root","Poland",FALSE,"Reference","scott valentine","Medium compliance"
"Root cutting, crown, or clump, Tuberous Root","Ireland",TRUE,"Reference","Reference","Low compliance"
"Root cutting, crown, or clump, Tuberous Root","Ireland",TRUE,"Reference","foremost foliage","Poor compliance"
"Root cutting, crown, or clump, Tuberous Root","Ireland",TRUE,"Reference","foremost foliage inc dba foremostco","Poor compliance"
"Root cutting, crown, or clump, Tuberous Root","Ireland",FALSE,"Reference","Reference","Low compliance"
"Root cutting, crown, or clump, Tuberous Root","Ireland",FALSE,"Reference","foremost foliage","Poor compliance"
"Root cutting, crown, or clump, Tuberous Root","Ireland",FALSE,"Reference","foremost foliage inc dba foremostco","Poor compliance"
"Root cutting, crown, or clump, Tuberous Root","Nicaragua",TRUE,"Reference","Reference","Medium compliance"
"Root cutting, crown, or clump, Tuberous Root","Nicaragua",FALSE,"Reference","Reference","High compliance"
"Root cutting, crown, or clump, Tuberous Root","Malaysia",TRUE,"Reference","Reference","Medium compliance"
"Root cutting, crown, or clump, Tuberous Root","Malaysia",TRUE,"Reference","foremost foliage inc dba foremostco","Poor compliance"
"Root cutting, crown, or clump, Tuberous Root","Malaysia",TRUE,"Reference","miyar intl brokerage","Poor compliance"
"Root cutting, crown, or clump, Tuberous Root","Malaysia",TRUE,"Reference","foremost foliage","Poor compliance"
"Root cutting, crown, or clump, Tuberous Root","Malaysia",TRUE,"Reference","biostok","Poor compliance"
"Root cutting, crown, or clump, Tuberous Root","Malaysia",FALSE,"Reference","Reference","Medium compliance"
"Root cutting, crown, or clump, Tuberous Root","Malaysia",FALSE,"Reference","foremost foliage inc dba foremostco","Low compliance"
"Root cutting, crown, or clump, Tuberous Root","Malaysia",FALSE,"Reference","miyar intl brokerage","Poor compliance"
"Root cutting, crown, or clump, Tuberous Root","Malaysia",FALSE,"Reference","foremost foliage","Low compliance"
"Root cutting, crown, or clump, Tuberous Root","Malaysia",FALSE,"Reference","biostok","Poor compliance"
"Root cutting, crown, or clump, Tuberous Root","Hong Kong",TRUE,"Reference","Reference","Low compliance"
"Root cutting, crown, or clump, Tuberous Root","Hong Kong",FALSE,"Reference","Reference","Medium compliance"
"Root cutting, crown, or clump, Tuberous Root","United States of America",TRUE,"Reference","missing","Poor compliance"
"Root cutting, crown, or clump, Tuberous Root","United States of America",TRUE,"Reference","Reference","Low compliance"
"Root cutting, crown, or clump, Tuberous Root","United States of America",TRUE,"Reference","foremost foliage inc dba foremostco","Poor compliance"
"Root cutting, crown, or clump, Tuberous Root","United States of America",FALSE,"Reference","missing","Low compliance"
"Root cutting, crown, or clump, Tuberous Root","United States of America",FALSE,"Reference","Reference","Medium compliance"
"Root cutting, crown, or clump, Tuberous Root","United States of America",FALSE,"Reference","foremost foliage inc dba foremostco","Poor compliance"
"Root cutting, crown, or clump, Tuberous Root","Chile",TRUE,"Reference","Reference","Medium compliance"
"Root cutting, crown, or clump, Tuberous Root","Chile",FALSE,"Reference","Reference","Medium compliance"
"Root cutting, crown, or clump, Tuberous Root","Uganda",TRUE,"Reference","express seed","Low compliance"
"Root cutting, crown, or clump, Tuberous Root","Uganda",TRUE,"Reference","Reference","Medium compliance"
"Root cutting, crown, or clump, Tuberous Root","Uganda",TRUE,"Reference","costa farms","Low compliance"
"Root cutting, crown, or clump, Tuberous Root","Uganda",TRUE,"Reference","fleurizon","Poor compliance"
"Root cutting, crown, or clump, Tuberous Root","Uganda",FALSE,"Reference","express seed","Medium compliance"
"Root cutting, crown, or clump, Tuberous Root","Uganda",FALSE,"Reference","Reference","Medium compliance"
"Root cutting, crown, or clump, Tuberous Root","Uganda",FALSE,"Reference","costa farms","Medium compliance"
"Root cutting, crown, or clump, Tuberous Root","Uganda",FALSE,"Reference","fleurizon","Low compliance"
"Root cutting, crown, or clump, Tuberous Root","Belgium",TRUE,"Reference","Reference","Medium compliance"
"Root cutting, crown, or clump, Tuberous Root","Belgium",TRUE,"Reference","miyar intl brokerage","Poor compliance"
"Root cutting, crown, or clump, Tuberous Root","Belgium",TRUE,"Reference","express seed","Medium compliance"
"Root cutting, crown, or clump, Tuberous Root","Belgium",FALSE,"Reference","Reference","Medium compliance"
"Root cutting, crown, or clump, Tuberous Root","Belgium",FALSE,"Reference","miyar intl brokerage","Low compliance"
"Root cutting, crown, or clump, Tuberous Root","Belgium",FALSE,"Reference","express seed","Medium compliance"
"Root cutting, crown, or clump, Tuberous Root","Cameroon",TRUE,"Reference","Reference","Low compliance"
"Root cutting, crown, or clump, Tuberous Root","Cameroon",FALSE,"Reference","Reference","Low compliance"
"Root cutting, crown, or clump, Tuberous Root","Ukraine",TRUE,"Reference","missing","Poor compliance"
"Root cutting, crown, or clump, Tuberous Root","Ukraine",FALSE,"Reference","missing","Low compliance"
"Root cutting, crown, or clump, Tuberous Root","Luxembourg",TRUE,"Reference","missing","Poor compliance"
"Root cutting, crown, or clump, Tuberous Root","Luxembourg",TRUE,"Reference","Reference","Medium compliance"
"Root cutting, crown, or clump, Tuberous Root","Luxembourg",FALSE,"Reference","missing","Low compliance"
"Root cutting, crown, or clump, Tuberous Root","Luxembourg",FALSE,"Reference","Reference","Medium compliance"
"Root cutting, crown, or clump, Tuberous Root","Peru",TRUE,"Reference","Reference","Medium compliance"
"Root cutting, crown, or clump, Tuberous Root","Peru",TRUE,"ORNAMENTALES SAPO VERDE 801","foremost foliage","Poor compliance"
"Root cutting, crown, or clump, Tuberous Root","Peru",TRUE,"Reference","miyar intl brokerage","Poor compliance"
"Root cutting, crown, or clump, Tuberous Root","Peru",TRUE,"ORNAMENTALES SAPO VERDE 801","foremost foliage inc dba foremostco","Poor compliance"
"Root cutting, crown, or clump, Tuberous Root","Peru",TRUE,"GENEROS ECUATORIANOS","Reference","Poor compliance"
"Root cutting, crown, or clump, Tuberous Root","Peru",TRUE,"Reference","missing","Poor compliance"
"Root cutting, crown, or clump, Tuberous Root","Peru",TRUE,"Reference","costa farms","Poor compliance"
"Root cutting, crown, or clump, Tuberous Root","Peru",FALSE,"Reference","Reference","Medium compliance"
"Root cutting, crown, or clump, Tuberous Root","Peru",FALSE,"ORNAMENTALES SAPO VERDE 801","foremost foliage","Low compliance"
"Root cutting, crown, or clump, Tuberous Root","Peru",FALSE,"Reference","miyar intl brokerage","Poor compliance"
"Root cutting, crown, or clump, Tuberous Root","Peru",FALSE,"ORNAMENTALES SAPO VERDE 801","foremost foliage inc dba foremostco","Low compliance"
"Root cutting, crown, or clump, Tuberous Root","Peru",FALSE,"GENEROS ECUATORIANOS","Reference","Low compliance"
"Root cutting, crown, or clump, Tuberous Root","Peru",FALSE,"Reference","missing","Low compliance"
"Root cutting, crown, or clump, Tuberous Root","Peru",FALSE,"Reference","costa farms","Medium compliance"
"Root cutting, crown, or clump, Tuberous Root","Panama",TRUE,"Reference","Reference","Low compliance"
"Root cutting, crown, or clump, Tuberous Root","Panama",FALSE,"Reference","Reference","Medium compliance"
"Root cutting, crown, or clump, Tuberous Root","Bulgaria",TRUE,"Reference","missing","Poor compliance"
"Root cutting, crown, or clump, Tuberous Root","Bulgaria",FALSE,"Reference","missing","Low compliance"
"Root cutting, crown, or clump, Tuberous Root","Dominican Republic",TRUE,"COSTA","costa farms","Poor compliance"
"Root cutting, crown, or clump, Tuberous Root","Dominican Republic",TRUE,"Reference","Reference","Medium compliance"
"Root cutting, crown, or clump, Tuberous Root","Dominican Republic",TRUE,"Reference","fb imports","Poor compliance"
"Root cutting, crown, or clump, Tuberous Root","Dominican Republic",TRUE,"Reference","costa farms","Poor compliance"
"Root cutting, crown, or clump, Tuberous Root","Dominican Republic",FALSE,"COSTA","costa farms","Low compliance"
"Root cutting, crown, or clump, Tuberous Root","Dominican Republic",FALSE,"Reference","Reference","Medium compliance"
"Root cutting, crown, or clump, Tuberous Root","Dominican Republic",FALSE,"Reference","fb imports","Poor compliance"
"Root cutting, crown, or clump, Tuberous Root","Dominican Republic",FALSE,"Reference","costa farms","Low compliance"
"Root cutting, crown, or clump, Tuberous Root","Ecuador",TRUE,"Reference","graciana parker","Low compliance"
"Root cutting, crown, or clump, Tuberous Root","Ecuador",TRUE,"GENEROS ECUATORIANOS","Reference","Medium compliance"
"Root cutting, crown, or clump, Tuberous Root","Ecuador",TRUE,"Reference","Reference","Medium compliance"
"Root cutting, crown, or clump, Tuberous Root","Ecuador",TRUE,"JARDINES TERRAGARDEN","terra garden","Poor compliance"
"Root cutting, crown, or clump, Tuberous Root","Ecuador",TRUE,"JARDINES TERRAGARDEN","Reference","Low compliance"
"Root cutting, crown, or clump, Tuberous Root","Ecuador",TRUE,"GENEROS ECUATORIANOS","omega customs brokers","Poor compliance"
"Root cutting, crown, or clump, Tuberous Root","Ecuador",TRUE,"Reference","omega customs brokers","Low compliance"
"Root cutting, crown, or clump, Tuberous Root","Ecuador",TRUE,"Reference","missing","Low compliance"
"Root cutting, crown, or clump, Tuberous Root","Ecuador",FALSE,"Reference","graciana parker","Medium compliance"
"Root cutting, crown, or clump, Tuberous Root","Ecuador",FALSE,"GENEROS ECUATORIANOS","Reference","Medium compliance"
"Root cutting, crown, or clump, Tuberous Root","Ecuador",FALSE,"Reference","Reference","High compliance"
"Root cutting, crown, or clump, Tuberous Root","Ecuador",FALSE,"JARDINES TERRAGARDEN","terra garden","Low compliance"
"Root cutting, crown, or clump, Tuberous Root","Ecuador",FALSE,"JARDINES TERRAGARDEN","Reference","Medium compliance"
"Root cutting, crown, or clump, Tuberous Root","Ecuador",FALSE,"GENEROS ECUATORIANOS","omega customs brokers","Low compliance"
"Root cutting, crown, or clump, Tuberous Root","Ecuador",FALSE,"Reference","omega customs brokers","Medium compliance"
"Root cutting, crown, or clump, Tuberous Root","Ecuador",FALSE,"Reference","missing","Medium compliance"
"Root cutting, crown, or clump, Tuberous Root","Honduras",TRUE,"AGRIGENTUM SA","Reference","Low compliance"
"Root cutting, crown, or clump, Tuberous Root","Honduras",TRUE,"Reference","Reference","Medium compliance"
"Root cutting, crown, or clump, Tuberous Root","Honduras",TRUE,"Reference","costa farms","Low compliance"
"Root cutting, crown, or clump, Tuberous Root","Honduras",TRUE,"Reference","plant exports","Poor compliance"
"Root cutting, crown, or clump, Tuberous Root","Honduras",TRUE,"Reference","express seed","Low compliance"
"Root cutting, crown, or clump, Tuberous Root","Honduras",TRUE,"Reference","fleurizon","Poor compliance"
"Root cutting, crown, or clump, Tuberous Root","Honduras",FALSE,"AGRIGENTUM SA","Reference","Medium compliance"
"Root cutting, crown, or clump, Tuberous Root","Honduras",FALSE,"Reference","Reference","Medium compliance"
"Root cutting, crown, or clump, Tuberous Root","Honduras",FALSE,"Reference","costa farms","Medium compliance"
"Root cutting, crown, or clump, Tuberous Root","Honduras",FALSE,"Reference","plant exports","Low compliance"
"Root cutting, crown, or clump, Tuberous Root","Honduras",FALSE,"Reference","express seed","Medium compliance"
"Root cutting, crown, or clump, Tuberous Root","Honduras",FALSE,"Reference","fleurizon","Low compliance"
"Root cutting, crown, or clump, Tuberous Root","Guam",TRUE,"Reference","fb imports","Poor compliance"
"Root cutting, crown, or clump, Tuberous Root","Guam",FALSE,"Reference","fb imports","Poor compliance"
"Root cutting, crown, or clump, Tuberous Root","Mozambique",TRUE,"Reference","Reference","Poor compliance"
"Root cutting, crown, or clump, Tuberous Root","Mozambique",FALSE,"Reference","Reference","Low compliance"
"Root cutting, crown, or clump, Tuberous Root","Guinea",TRUE,"Reference","green thumb marketing","Poor compliance"
"Root cutting, crown, or clump, Tuberous Root","Guinea",FALSE,"Reference","green thumb marketing","Low compliance"
"Root cutting, crown, or clump, Tuberous Root","Trinidad and Tobago",TRUE,"Reference","Reference","Poor compliance"
"Root cutting, crown, or clump, Tuberous Root","Trinidad and Tobago",FALSE,"Reference","Reference","Low compliance"
"Root cutting, crown, or clump, Tuberous Root","Sweden",TRUE,"Reference","Reference","Low compliance"
"Root cutting, crown, or clump, Tuberous Root","Sweden",FALSE,"Reference","Reference","Medium compliance"
"Root cutting, crown, or clump, Tuberous Root","Bolivia",TRUE,"Reference","Reference","Poor compliance"
"Root cutting, crown, or clump, Tuberous Root","Bolivia",FALSE,"Reference","Reference","Low compliance"
"Root cutting, crown, or clump, Tuberous Root","Portugal",TRUE,"Reference","green plant cuttings usa","Low compliance"
"Root cutting, crown, or clump, Tuberous Root","Portugal",TRUE,"Reference","Reference","Medium compliance"
"Root cutting, crown, or clump, Tuberous Root","Portugal",FALSE,"Reference","green plant cuttings usa","Medium compliance"
"Root cutting, crown, or clump, Tuberous Root","Portugal",FALSE,"Reference","Reference","Medium compliance"
"Root cutting, crown, or clump, Tuberous Root","Canada",TRUE,"Reference","Reference","Medium compliance"
"Root cutting, crown, or clump, Tuberous Root","Canada",TRUE,"Reference","missing","Poor compliance"
"Root cutting, crown, or clump, Tuberous Root","Canada",FALSE,"Reference","Reference","Medium compliance"
"Root cutting, crown, or clump, Tuberous Root","Canada",FALSE,"Reference","missing","Low compliance"
"Root cutting, crown, or clump, Tuberous Root","Pakistan",TRUE,"Reference","Reference","Poor compliance"
"Root cutting, crown, or clump, Tuberous Root","Pakistan",FALSE,"Reference","Reference","Poor compliance"
"Root cutting, crown, or clump, Tuberous Root","Switzerland",TRUE,"Reference","Reference","Low compliance"
"Root cutting, crown, or clump, Tuberous Root","Switzerland",FALSE,"Reference","Reference","Low compliance"
"Root cutting, crown, or clump, Tuberous Root","Barbados",TRUE,"Reference","Reference","Poor compliance"
"Root cutting, crown, or clump, Tuberous Root","Barbados",FALSE,"Reference","Reference","Poor compliance"
"Root cutting, crown, or clump, Tuberous Root","Antigua and Barbuda",TRUE,"Reference","Reference","Poor compliance"
"Root cutting, crown, or clump, Tuberous Root","Antigua and Barbuda",FALSE,"Reference","Reference","Poor compliance"
"Root cutting, crown, or clump, Tuberous Root","St. Lucia",TRUE,"Reference","Reference","Poor compliance"
"Root cutting, crown, or clump, Tuberous Root","St. Lucia",FALSE,"Reference","Reference","Poor compliance"
"Root cutting, crown, or clump, Tuberous Root","Belize",TRUE,"Reference","Reference","Poor compliance"
"Root cutting, crown, or clump, Tuberous Root","Belize",FALSE,"Reference","Reference","Low compliance"
"Root cutting, crown, or clump, Tuberous Root","Ethiopia",TRUE,"Reference","Reference","Medium compliance"
"Root cutting, crown, or clump, Tuberous Root","Ethiopia",FALSE,"Reference","Reference","Medium compliance"
"Root cutting, crown, or clump, Tuberous Root","Nepal",TRUE,"Reference","Reference","Poor compliance"
"Root cutting, crown, or clump, Tuberous Root","Nepal",FALSE,"Reference","Reference","Low compliance"
"Root cutting, crown, or clump, Tuberous Root","Senegal",TRUE,"Reference","Reference","Poor compliance"
"Root cutting, crown, or clump, Tuberous Root","Senegal",FALSE,"Reference","Reference","Low compliance"
"Root cutting, crown, or clump, Tuberous Root","Gambia",TRUE,"Reference","Reference","Poor compliance"
"Root cutting, crown, or clump, Tuberous Root","Gambia",FALSE,"Reference","Reference","Low compliance"
"Root cutting, crown, or clump, Tuberous Root","Suriname",TRUE,"Reference","Reference","Poor compliance"
"Root cutting, crown, or clump, Tuberous Root","Suriname",FALSE,"Reference","Reference","Low compliance"
"Root cutting, crown, or clump, Tuberous Root","US Virgin Islands",TRUE,"Reference","Reference","Low compliance"
"Root cutting, crown, or clump, Tuberous Root","US Virgin Islands",FALSE,"Reference","Reference","Low compliance"
"Unrooted Cutting","Korea, South",TRUE,"xplant","Reference","Poor compliance"
"Unrooted Cutting","Korea, South",TRUE,"xplant","missing","Poor compliance"
"Unrooted Cutting","Korea, South",TRUE,"Reference","Reference","Medium compliance"
"Unrooted Cutting","Korea, South",TRUE,"Reference","missing","Poor compliance"
"Unrooted Cutting","Korea, South",TRUE,"Reference","western cactus enterprises","Poor compliance"
"Unrooted Cutting","Korea, South",TRUE,"Reference","altman specialty plants","Poor compliance"
"Unrooted Cutting","Korea, South",TRUE,"Reference","costa farms","Low compliance"
"Unrooted Cutting","Korea, South",TRUE,"Reference","miyar intl brokerage","Poor compliance"
"Unrooted Cutting","Korea, South",TRUE,"Reference","aksiporn saengfa","Poor compliance"
"Unrooted Cutting","Korea, South",FALSE,"xplant","Reference","Medium compliance"
"Unrooted Cutting","Korea, South",FALSE,"xplant","missing","Low compliance"
"Unrooted Cutting","Korea, South",FALSE,"Reference","Reference","High compliance"
"Unrooted Cutting","Korea, South",FALSE,"Reference","missing","Medium compliance"
"Unrooted Cutting","Korea, South",FALSE,"Reference","western cactus enterprises","Medium compliance"
"Unrooted Cutting","Korea, South",FALSE,"Reference","altman specialty plants","Low compliance"
"Unrooted Cutting","Korea, South",FALSE,"Reference","costa farms","Medium compliance"
"Unrooted Cutting","Korea, South",FALSE,"Reference","miyar intl brokerage","Low compliance"
"Unrooted Cutting","Korea, South",FALSE,"Reference","aksiporn saengfa","Medium compliance"
"Unrooted Cutting","Thailand",TRUE,"Reference","missing","Poor compliance"
"Unrooted Cutting","Thailand",TRUE,"Escactus","missing","Poor compliance"
"Unrooted Cutting","Thailand",TRUE,"Reference","Reference","Medium compliance"
"Unrooted Cutting","Thailand",TRUE,"WALPAT AQUATIC","complete aquatic systems","Poor compliance"
"Unrooted Cutting","Thailand",TRUE,"Reference","ultum nature systems","Medium compliance"
"Unrooted Cutting","Thailand",TRUE,"WHITE ROSE EXPORT (THAILAND) LTD","complete aquatic systems","Poor compliance"
"Unrooted Cutting","Thailand",TRUE,"Reference","siam flora","Poor compliance"
"Unrooted Cutting","Thailand",TRUE,"Reference","complete aquatic systems","Low compliance"
"Unrooted Cutting","Thailand",TRUE,"Reference","tat tristan g","Poor compliance"
"Unrooted Cutting","Thailand",TRUE,"Reference","united plant growers","Poor compliance"
"Unrooted Cutting","Thailand",TRUE,"Natta 1565 Limited","Reference","Poor compliance"
"Unrooted Cutting","Thailand",TRUE,"ALPINE TROPICAL PLANTS CO LTD","missing","Poor compliance"
"Unrooted Cutting","Thailand",TRUE,"Reference","chen tian","Poor compliance"
"Unrooted Cutting","Thailand",TRUE,"Reference","ds cole growers","Poor compliance"
"Unrooted Cutting","Thailand",TRUE,"Reference","omega customs brokers","Poor compliance"
"Unrooted Cutting","Thailand",TRUE,"Reference","aksiporn saengfa","Poor compliance"
"Unrooted Cutting","Thailand",TRUE,"Kantapat Kaewpradith","Reference","Poor compliance"
"Unrooted Cutting","Thailand",TRUE,"Escactus","Reference","Poor compliance"
"Unrooted Cutting","Thailand",TRUE,"Reference","daniel baytosh","Poor compliance"
"Unrooted Cutting","Thailand",TRUE,"Reference","miyar intl brokerage","Poor compliance"
"Unrooted Cutting","Thailand",TRUE,"Bomb Takomfoo","Reference","Poor compliance"
"Unrooted Cutting","Thailand",TRUE,"ALPINE TROPICAL PLANTS CO LTD","Reference","Poor compliance"
"Unrooted Cutting","Thailand",TRUE,"Reference","foremost foliage inc dba foremostco","Poor compliance"
"Unrooted Cutting","Thailand",TRUE,"Reference","fleurizon","Poor compliance"
"Unrooted Cutting","Thailand",TRUE,"Reference","hanna gregor","Poor compliance"
"Unrooted Cutting","Thailand",TRUE,"Reference","green plant cuttings usa","Poor compliance"
"Unrooted Cutting","Thailand",TRUE,"GENEROS ECUATORIANOS","Reference","Poor compliance"
"Unrooted Cutting","Thailand",TRUE,"Reference","waterscaap pond amp aquarium plants","Poor compliance"
"Unrooted Cutting","Thailand",TRUE,"PT AQUATIC PLAN CENTRE INDONESIA","Reference","Low compliance"
"Unrooted Cutting","Thailand",TRUE,"Reference","costa farms","Poor compliance"
"Unrooted Cutting","Thailand",TRUE,"Reference","gubler orchids","Poor compliance"
"Unrooted Cutting","Thailand",TRUE,"Reference","biostok","Poor compliance"
"Unrooted Cutting","Thailand",TRUE,"Reference","perfect choice","Poor compliance"
"Unrooted Cutting","Thailand",TRUE,"GENEROS ECUATORIANOS","hanna gregor","Poor compliance"
"Unrooted Cutting","Thailand",TRUE,"Natta 1565 Limited","hanna gregor","Poor compliance"
"Unrooted Cutting","Thailand",TRUE,"Reference","b c amp f brokerage","Poor compliance"
"Unrooted Cutting","Thailand",TRUE,"Natta 1565 Limited","perfect choice","Poor compliance"
"Unrooted Cutting","Thailand",TRUE,"Reference","foremost foliage","Poor compliance"
"Unrooted Cutting","Thailand",TRUE,"Reference","mchutchison","Poor compliance"
"Unrooted Cutting","Thailand",TRUE,"Reference","express seed","Low compliance"
"Unrooted Cutting","Thailand",FALSE,"Reference","missing","Low compliance"
"Unrooted Cutting","Thailand",FALSE,"Escactus","missing","Low compliance"
"Unrooted Cutting","Thailand",FALSE,"Reference","Reference","Medium compliance"
"Unrooted Cutting","Thailand",FALSE,"WALPAT AQUATIC","complete aquatic systems","Low compliance"
"Unrooted Cutting","Thailand",FALSE,"Reference","ultum nature systems","Poor compliance"
"Unrooted Cutting","Thailand",FALSE,"WHITE ROSE EXPORT (THAILAND) LTD","complete aquatic systems","Low compliance"
"Unrooted Cutting","Thailand",FALSE,"Reference","siam flora","Low compliance"
"Unrooted Cutting","Thailand",FALSE,"Reference","complete aquatic systems","Medium compliance"
"Unrooted Cutting","Thailand",FALSE,"Reference","tat tristan g","Poor compliance"
"Unrooted Cutting","Thailand",FALSE,"Reference","united plant growers","Low compliance"
"Unrooted Cutting","Thailand",FALSE,"Natta 1565 Limited","Reference","Medium compliance"
"Unrooted Cutting","Thailand",FALSE,"ALPINE TROPICAL PLANTS CO LTD","missing","Low compliance"
"Unrooted Cutting","Thailand",FALSE,"Reference","chen tian","Poor compliance"
"Unrooted Cutting","Thailand",FALSE,"Reference","ds cole growers","Medium compliance"
"Unrooted Cutting","Thailand",FALSE,"Reference","omega customs brokers","Low compliance"
"Unrooted Cutting","Thailand",FALSE,"Reference","aksiporn saengfa","Low compliance"
"Unrooted Cutting","Thailand",FALSE,"Kantapat Kaewpradith","Reference","Medium compliance"
"Unrooted Cutting","Thailand",FALSE,"Escactus","Reference","Medium compliance"
"Unrooted Cutting","Thailand",FALSE,"Reference","daniel baytosh","Low compliance"
"Unrooted Cutting","Thailand",FALSE,"Reference","miyar intl brokerage","Poor compliance"
"Unrooted Cutting","Thailand",FALSE,"Bomb Takomfoo","Reference","Low compliance"
"Unrooted Cutting","Thailand",FALSE,"ALPINE TROPICAL PLANTS CO LTD","Reference","Low compliance"
"Unrooted Cutting","Thailand",FALSE,"Reference","foremost foliage inc dba foremostco","Low compliance"
"Unrooted Cutting","Thailand",FALSE,"Reference","fleurizon","Poor compliance"
"Unrooted Cutting","Thailand",FALSE,"Reference","hanna gregor","Low compliance"
"Unrooted Cutting","Thailand",FALSE,"Reference","green plant cuttings usa","Low compliance"
"Unrooted Cutting","Thailand",FALSE,"GENEROS ECUATORIANOS","Reference","Low compliance"
"Unrooted Cutting","Thailand",FALSE,"Reference","waterscaap pond amp aquarium plants","Poor compliance"
"Unrooted Cutting","Thailand",FALSE,"PT AQUATIC PLAN CENTRE INDONESIA","Reference","Medium compliance"
"Unrooted Cutting","Thailand",FALSE,"Reference","costa farms","Medium compliance"
"Unrooted Cutting","Thailand",FALSE,"Reference","gubler orchids","Poor compliance"
"Unrooted Cutting","Thailand",FALSE,"Reference","biostok","Poor compliance"
"Unrooted Cutting","Thailand",FALSE,"Reference","perfect choice","Poor compliance"
"Unrooted Cutting","Thailand",FALSE,"GENEROS ECUATORIANOS","hanna gregor","Poor compliance"
"Unrooted Cutting","Thailand",FALSE,"Natta 1565 Limited","hanna gregor","Poor compliance"
"Unrooted Cutting","Thailand",FALSE,"Reference","b c amp f brokerage","Low compliance"
"Unrooted Cutting","Thailand",FALSE,"Natta 1565 Limited","perfect choice","Poor compliance"
"Unrooted Cutting","Thailand",FALSE,"Reference","foremost foliage","Low compliance"
"Unrooted Cutting","Thailand",FALSE,"Reference","mchutchison","Low compliance"
"Unrooted Cutting","Thailand",FALSE,"Reference","express seed","Low compliance"
"Unrooted Cutting","Indonesia",TRUE,"CV Jawadipa Nusantara","Reference","Poor compliance"
"Unrooted Cutting","Indonesia",TRUE,"Reference","Reference","Medium compliance"
"Unrooted Cutting","Indonesia",TRUE,"Nisa Garden","Reference","Poor compliance"
"Unrooted Cutting","Indonesia",TRUE,"CV Okanoka Multi Usaha","stephanie schouten","Poor compliance"
"Unrooted Cutting","Indonesia",TRUE,"CV AESTETICH","Reference","Poor compliance"
"Unrooted Cutting","Indonesia",TRUE,"Sekar Wana Jaya","joni suhartomo","Poor compliance"
"Unrooted Cutting","Indonesia",TRUE,"CV Okanoka Multi Usaha","Reference","Poor compliance"
"Unrooted Cutting","Indonesia",TRUE,"CV KEBUN INDAH","Reference","Poor compliance"
"Unrooted Cutting","Indonesia",TRUE,"Sekar Wana Jaya","Reference","Poor compliance"
"Unrooted Cutting","Indonesia",TRUE,"Reference","joni suhartomo","Poor compliance"
"Unrooted Cutting","Indonesia",TRUE,"Sekar Wana Jaya","missing","Poor compliance"
"Unrooted Cutting","Indonesia",TRUE,"Reference","tat tristan g","Poor compliance"
"Unrooted Cutting","Indonesia",TRUE,"PT AQUATIC PLAN CENTRE INDONESIA","complete aquatic systems","Poor compliance"
"Unrooted Cutting","Indonesia",TRUE,"Reference","ultum nature systems","Low compliance"
"Unrooted Cutting","Indonesia",TRUE,"CV KEBUN INDAH","stephanie schouten","Poor compliance"
"Unrooted Cutting","Indonesia",TRUE,"Reference","missing","Poor compliance"
"Unrooted Cutting","Indonesia",TRUE,"Nisa Garden","missing","Poor compliance"
"Unrooted Cutting","Indonesia",TRUE,"Reference","stephanie schouten","Poor compliance"
"Unrooted Cutting","Indonesia",TRUE,"CV Jawadipa Nusantara","puspa ariani pande ketut","Poor compliance"
"Unrooted Cutting","Indonesia",TRUE,"Reference","waterscaap pond amp aquarium plants","Poor compliance"
"Unrooted Cutting","Indonesia",TRUE,"Reference","costa farms","Poor compliance"
"Unrooted Cutting","Indonesia",TRUE,"Reference","foremost foliage","Poor compliance"
"Unrooted Cutting","Indonesia",TRUE,"PT AQUATIC PLAN CENTRE INDONESIA","Reference","Poor compliance"
"Unrooted Cutting","Indonesia",TRUE,"Reference","miyar intl brokerage","Poor compliance"
"Unrooted Cutting","Indonesia",TRUE,"Reference","foremost foliage inc dba foremostco","Poor compliance"
"Unrooted Cutting","Indonesia",TRUE,"PT AQUATIC PLAN CENTRE INDONESIA","waterscaap pond amp aquarium plants","Poor compliance"
"Unrooted Cutting","Indonesia",TRUE,"Reference","perfect choice","Poor compliance"
"Unrooted Cutting","Indonesia",TRUE,"CV AESTETICH","missing","Poor compliance"
"Unrooted Cutting","Indonesia",TRUE,"CV KEBUN INDAH","missing","Poor compliance"
"Unrooted Cutting","Indonesia",TRUE,"CV Jawadipa Nusantara","missing","Poor compliance"
"Unrooted Cutting","Indonesia",TRUE,"Reference","biostok","Poor compliance"
"Unrooted Cutting","Indonesia",TRUE,"CV KEBUN INDAH","hanna gregor","Poor compliance"
"Unrooted Cutting","Indonesia",TRUE,"Nisa Garden","hanna gregor","Poor compliance"
"Unrooted Cutting","Indonesia",TRUE,"Reference","hanna gregor","Poor compliance"
"Unrooted Cutting","Indonesia",TRUE,"Reference","omega customs brokers","Poor compliance"
"Unrooted Cutting","Indonesia",TRUE,"Reference","puspa ariani pande ketut","Poor compliance"
"Unrooted Cutting","Indonesia",TRUE,"Reference","express seed","Poor compliance"
"Unrooted Cutting","Indonesia",FALSE,"CV Jawadipa Nusantara","Reference","Low compliance"
"Unrooted Cutting","Indonesia",FALSE,"Reference","Reference","Medium compliance"
"Unrooted Cutting","Indonesia",FALSE,"Nisa Garden","Reference","Low compliance"
"Unrooted Cutting","Indonesia",FALSE,"CV Okanoka Multi Usaha","stephanie schouten","Poor compliance"
"Unrooted Cutting","Indonesia",FALSE,"CV AESTETICH","Reference","Low compliance"
"Unrooted Cutting","Indonesia",FALSE,"Sekar Wana Jaya","joni suhartomo","Poor compliance"
"Unrooted Cutting","Indonesia",FALSE,"CV Okanoka Multi Usaha","Reference","Low compliance"
"Unrooted Cutting","Indonesia",FALSE,"CV KEBUN INDAH","Reference","Poor compliance"
"Unrooted Cutting","Indonesia",FALSE,"Sekar Wana Jaya","Reference","Low compliance"
"Unrooted Cutting","Indonesia",FALSE,"Reference","joni suhartomo","Poor compliance"
"Unrooted Cutting","Indonesia",FALSE,"Sekar Wana Jaya","missing","Poor compliance"
"Unrooted Cutting","Indonesia",FALSE,"Reference","tat tristan g","Poor compliance"
"Unrooted Cutting","Indonesia",FALSE,"PT AQUATIC PLAN CENTRE INDONESIA","complete aquatic systems","Poor compliance"
"Unrooted Cutting","Indonesia",FALSE,"Reference","ultum nature systems","Poor compliance"
"Unrooted Cutting","Indonesia",FALSE,"CV KEBUN INDAH","stephanie schouten","Poor compliance"
"Unrooted Cutting","Indonesia",FALSE,"Reference","missing","Poor compliance"
"Unrooted Cutting","Indonesia",FALSE,"Nisa Garden","missing","Poor compliance"
"Unrooted Cutting","Indonesia",FALSE,"Reference","stephanie schouten","Poor compliance"
"Unrooted Cutting","Indonesia",FALSE,"CV Jawadipa Nusantara","puspa ariani pande ketut","Poor compliance"
"Unrooted Cutting","Indonesia",FALSE,"Reference","waterscaap pond amp aquarium plants","Poor compliance"
"Unrooted Cutting","Indonesia",FALSE,"Reference","costa farms","Low compliance"
"Unrooted Cutting","Indonesia",FALSE,"Reference","foremost foliage","Poor compliance"
"Unrooted Cutting","Indonesia",FALSE,"PT AQUATIC PLAN CENTRE INDONESIA","Reference","Medium compliance"
"Unrooted Cutting","Indonesia",FALSE,"Reference","miyar intl brokerage","Poor compliance"
"Unrooted Cutting","Indonesia",FALSE,"Reference","foremost foliage inc dba foremostco","Poor compliance"
"Unrooted Cutting","Indonesia",FALSE,"PT AQUATIC PLAN CENTRE INDONESIA","waterscaap pond amp aquarium plants","Poor compliance"
"Unrooted Cutting","Indonesia",FALSE,"Reference","perfect choice","Poor compliance"
"Unrooted Cutting","Indonesia",FALSE,"CV AESTETICH","missing","Poor compliance"
"Unrooted Cutting","Indonesia",FALSE,"CV KEBUN INDAH","missing","Poor compliance"
"Unrooted Cutting","Indonesia",FALSE,"CV Jawadipa Nusantara","missing","Poor compliance"
"Unrooted Cutting","Indonesia",FALSE,"Reference","biostok","Poor compliance"
"Unrooted Cutting","Indonesia",FALSE,"CV KEBUN INDAH","hanna gregor","Poor compliance"
"Unrooted Cutting","Indonesia",FALSE,"Nisa Garden","hanna gregor","Poor compliance"
"Unrooted Cutting","Indonesia",FALSE,"Reference","hanna gregor","Poor compliance"
"Unrooted Cutting","Indonesia",FALSE,"Reference","omega customs brokers","Poor compliance"
"Unrooted Cutting","Indonesia",FALSE,"Reference","puspa ariani pande ketut","Poor compliance"
"Unrooted Cutting","Indonesia",FALSE,"Reference","express seed","Poor compliance"
"Unrooted Cutting","Philippines",TRUE,"Reference","missing","Poor compliance"
"Unrooted Cutting","Philippines",TRUE,"Reference","Reference","Medium compliance"
"Unrooted Cutting","Philippines",TRUE,"Reference","omega customs brokers","Poor compliance"
"Unrooted Cutting","Philippines",TRUE,"Reference","aksiporn saengfa","Poor compliance"
"Unrooted Cutting","Philippines",FALSE,"Reference","missing","Low compliance"
"Unrooted Cutting","Philippines",FALSE,"Reference","Reference","Medium compliance"
"Unrooted Cutting","Philippines",FALSE,"Reference","omega customs brokers","Poor compliance"
"Unrooted Cutting","Philippines",FALSE,"Reference","aksiporn saengfa","Poor compliance"
"Unrooted Cutting","Austria",TRUE,"Reference","missing","Poor compliance"
"Unrooted Cutting","Austria",TRUE,"Reference","Reference","Low compliance"
"Unrooted Cutting","Austria",FALSE,"Reference","missing","Low compliance"
"Unrooted Cutting","Austria",FALSE,"Reference","Reference","Medium compliance"
"Unrooted Cutting","Mexico",TRUE,"Reference","Reference","Medium compliance"
"Unrooted Cutting","Mexico",TRUE,"Reference","scott valentine","Poor compliance"
"Unrooted Cutting","Mexico",TRUE,"Reference","express seed","Low compliance"
"Unrooted Cutting","Mexico",TRUE,"Reference","costa farms","Poor compliance"
"Unrooted Cutting","Mexico",TRUE,"Reference","missing","Poor compliance"
"Unrooted Cutting","Mexico",FALSE,"Reference","Reference","Medium compliance"
"Unrooted Cutting","Mexico",FALSE,"Reference","scott valentine","Medium compliance"
"Unrooted Cutting","Mexico",FALSE,"Reference","express seed","Low compliance"
"Unrooted Cutting","Mexico",FALSE,"Reference","costa farms","Medium compliance"
"Unrooted Cutting","Mexico",FALSE,"Reference","missing","Medium compliance"
"Unrooted Cutting","China",TRUE,"Reference","Reference","Medium compliance"
"Unrooted Cutting","China",TRUE,"Reference","missing","Poor compliance"
"Unrooted Cutting","China",TRUE,"KUNMING TAODUROU HORTICULUTURE C","mimi nursery","Poor compliance"
"Unrooted Cutting","China",TRUE,"KUNMING TAODUROU HORTICULUTURE C","Reference","Poor compliance"
"Unrooted Cutting","China",TRUE,"Reference","costa farms","Poor compliance"
"Unrooted Cutting","China",TRUE,"SHANDONG HUAYUCHENG AGRICULTURAL","Reference","Poor compliance"
"Unrooted Cutting","China",TRUE,"SHANDONG HUAYUCHENG AGRICULTURAL","mimi nursery","Poor compliance"
"Unrooted Cutting","China",TRUE,"ZHANGZHOU BANRUO","united plant growers","Poor compliance"
"Unrooted Cutting","China",TRUE,"Reference","chen tian","Poor compliance"
"Unrooted Cutting","China",TRUE,"ZHANGZHOU BANRUO","foremost foliage","Poor compliance"
"Unrooted Cutting","China",TRUE,"Reference","fleurizon","Poor compliance"
"Unrooted Cutting","China",TRUE,"ZHANGZHOU BANRUO","Reference","Poor compliance"
"Unrooted Cutting","China",TRUE,"Reference","united plant growers","Poor compliance"
"Unrooted Cutting","China",TRUE,"Reference","express seed","Poor compliance"
"Unrooted Cutting","China",TRUE,"Reference","western cactus enterprises","Poor compliance"
"Unrooted Cutting","China",TRUE,"KUNMING TAODUROU HORTICULUTURE C","missing","Poor compliance"
"Unrooted Cutting","China",TRUE,"Reference","complete aquatic systems","Poor compliance"
"Unrooted Cutting","China",TRUE,"Reference","foremost foliage","Poor compliance"
"Unrooted Cutting","China",TRUE,"Reference","mimi nursery","Low compliance"
"Unrooted Cutting","China",TRUE,"Reference","perfect choice","Poor compliance"
"Unrooted Cutting","China",TRUE,"Reference","green plant cuttings usa","Poor compliance"
"Unrooted Cutting","China",TRUE,"Reference","mchutchison","Poor compliance"
"Unrooted Cutting","China",TRUE,"ZHANGZHOU BANRUO","fleurizon","Poor compliance"
"Unrooted Cutting","China",TRUE,"Reference","foremost foliage inc dba foremostco","Poor compliance"
"Unrooted Cutting","China",TRUE,"Reference","biostok","Poor compliance"
"Unrooted Cutting","China",TRUE,"ZHANGZHOU BANRUO","express seed","Poor compliance"
"Unrooted Cutting","China",TRUE,"ZHANGZHOU BANRUO","foremost foliage inc dba foremostco","Poor compliance"
"Unrooted Cutting","China",TRUE,"Reference","miyar intl brokerage","Poor compliance"
"Unrooted Cutting","China",TRUE,"ZHANGZHOU BANRUO","costa farms","Poor compliance"
"Unrooted Cutting","China",TRUE,"ZHANGZHOU BANRUO","green plant cuttings usa","Poor compliance"
"Unrooted Cutting","China",TRUE,"Reference","omega customs brokers","Poor compliance"
"Unrooted Cutting","China",TRUE,"Reference","altman specialty plants","Poor compliance"
"Unrooted Cutting","China",TRUE,"Reference","scott valentine","Poor compliance"
"Unrooted Cutting","China",TRUE,"Reference","kurt weiss greenhouse","Poor compliance"
"Unrooted Cutting","China",TRUE,"SHANDONG HUAYUCHENG AGRICULTURAL","missing","Poor compliance"
"Unrooted Cutting","China",FALSE,"Reference","Reference","Medium compliance"
"Unrooted Cutting","China",FALSE,"Reference","missing","Low compliance"
"Unrooted Cutting","China",FALSE,"KUNMING TAODUROU HORTICULUTURE C","mimi nursery","Poor compliance"
"Unrooted Cutting","China",FALSE,"KUNMING TAODUROU HORTICULUTURE C","Reference","Low compliance"
"Unrooted Cutting","China",FALSE,"Reference","costa farms","Low compliance"
"Unrooted Cutting","China",FALSE,"SHANDONG HUAYUCHENG AGRICULTURAL","Reference","Medium compliance"
"Unrooted Cutting","China",FALSE,"SHANDONG HUAYUCHENG AGRICULTURAL","mimi nursery","Poor compliance"
"Unrooted Cutting","China",FALSE,"ZHANGZHOU BANRUO","united plant growers","Low compliance"
"Unrooted Cutting","China",FALSE,"Reference","chen tian","Poor compliance"
"Unrooted Cutting","China",FALSE,"ZHANGZHOU BANRUO","foremost foliage","Poor compliance"
"Unrooted Cutting","China",FALSE,"Reference","fleurizon","Poor compliance"
"Unrooted Cutting","China",FALSE,"ZHANGZHOU BANRUO","Reference","Medium compliance"
"Unrooted Cutting","China",FALSE,"Reference","united plant growers","Low compliance"
"Unrooted Cutting","China",FALSE,"Reference","express seed","Low compliance"
"Unrooted Cutting","China",FALSE,"Reference","western cactus enterprises","Low compliance"
"Unrooted Cutting","China",FALSE,"KUNMING TAODUROU HORTICULUTURE C","missing","Low compliance"
"Unrooted Cutting","China",FALSE,"Reference","complete aquatic systems","Low compliance"
"Unrooted Cutting","China",FALSE,"Reference","foremost foliage","Poor compliance"
"Unrooted Cutting","China",FALSE,"Reference","mimi nursery","Low compliance"
"Unrooted Cutting","China",FALSE,"Reference","perfect choice","Poor compliance"
"Unrooted Cutting","China",FALSE,"Reference","green plant cuttings usa","Low compliance"
"Unrooted Cutting","China",FALSE,"Reference","mchutchison","Low compliance"
"Unrooted Cutting","China",FALSE,"ZHANGZHOU BANRUO","fleurizon","Poor compliance"
"Unrooted Cutting","China",FALSE,"Reference","foremost foliage inc dba foremostco","Poor compliance"
"Unrooted Cutting","China",FALSE,"Reference","biostok","Poor compliance"
"Unrooted Cutting","China",FALSE,"ZHANGZHOU BANRUO","express seed","Low compliance"
"Unrooted Cutting","China",FALSE,"ZHANGZHOU BANRUO","foremost foliage inc dba foremostco","Low compliance"
"Unrooted Cutting","China",FALSE,"Reference","miyar intl brokerage","Poor compliance"
"Unrooted Cutting","China",FALSE,"ZHANGZHOU BANRUO","costa farms","Low compliance"
"Unrooted Cutting","China",FALSE,"ZHANGZHOU BANRUO","green plant cuttings usa","Low compliance"
"Unrooted Cutting","China",FALSE,"Reference","omega customs brokers","Poor compliance"
"Unrooted Cutting","China",FALSE,"Reference","altman specialty plants","Low compliance"
"Unrooted Cutting","China",FALSE,"Reference","scott valentine","Low compliance"
"Unrooted Cutting","China",FALSE,"Reference","kurt weiss greenhouse","Medium compliance"
"Unrooted Cutting","China",FALSE,"SHANDONG HUAYUCHENG AGRICULTURAL","missing","Low compliance"
"Unrooted Cutting","Taiwan",TRUE,"Reference","missing","Poor compliance"
"Unrooted Cutting","Taiwan",TRUE,"Reference","Reference","Medium compliance"
"Unrooted Cutting","Taiwan",TRUE,"Reference","gubler orchids","Poor compliance"
"Unrooted Cutting","Taiwan",TRUE,"Reference","costa farms","Low compliance"
"Unrooted Cutting","Taiwan",TRUE,"Reference","united plant growers","Poor compliance"
"Unrooted Cutting","Taiwan",TRUE,"Reference","altman specialty plants","Poor compliance"
"Unrooted Cutting","Taiwan",TRUE,"Reference","foremost foliage","Poor compliance"
"Unrooted Cutting","Taiwan",TRUE,"Reference","biostok","Poor compliance"
"Unrooted Cutting","Taiwan",TRUE,"Reference","miyar intl brokerage","Poor compliance"
"Unrooted Cutting","Taiwan",TRUE,"Reference","perfect choice","Poor compliance"
"Unrooted Cutting","Taiwan",TRUE,"Reference","foremost foliage inc dba foremostco","Low compliance"
"Unrooted Cutting","Taiwan",TRUE,"Reference","omega customs brokers","Poor compliance"
"Unrooted Cutting","Taiwan",TRUE,"Reference","b c amp f brokerage","Poor compliance"
"Unrooted Cutting","Taiwan",TRUE,"Reference","express seed","Low compliance"
"Unrooted Cutting","Taiwan",FALSE,"Reference","missing","Medium compliance"
"Unrooted Cutting","Taiwan",FALSE,"Reference","Reference","High compliance"
"Unrooted Cutting","Taiwan",FALSE,"Reference","gubler orchids","Poor compliance"
"Unrooted Cutting","Taiwan",FALSE,"Reference","costa farms","Medium compliance"
"Unrooted Cutting","Taiwan",FALSE,"Reference","united plant growers","Medium compliance"
"Unrooted Cutting","Taiwan",FALSE,"Reference","altman specialty plants","Low compliance"
"Unrooted Cutting","Taiwan",FALSE,"Reference","foremost foliage","Low compliance"
"Unrooted Cutting","Taiwan",FALSE,"Reference","biostok","Low compliance"
"Unrooted Cutting","Taiwan",FALSE,"Reference","miyar intl brokerage","Poor compliance"
"Unrooted Cutting","Taiwan",FALSE,"Reference","perfect choice","Poor compliance"
"Unrooted Cutting","Taiwan",FALSE,"Reference","foremost foliage inc dba foremostco","Low compliance"
"Unrooted Cutting","Taiwan",FALSE,"Reference","omega customs brokers","Low compliance"
"Unrooted Cutting","Taiwan",FALSE,"Reference","b c amp f brokerage","Medium compliance"
"Unrooted Cutting","Taiwan",FALSE,"Reference","express seed","Medium compliance"
"Unrooted Cutting","South Africa",TRUE,"Reference","Reference","Medium compliance"
"Unrooted Cutting","South Africa",TRUE,"Reference","missing","Poor compliance"
"Unrooted Cutting","South Africa",TRUE,"Reference","costa farms","Poor compliance"
"Unrooted Cutting","South Africa",TRUE,"Reference","miyar intl brokerage","Poor compliance"
"Unrooted Cutting","South Africa",TRUE,"Reference","foremost foliage","Poor compliance"
"Unrooted Cutting","South Africa",TRUE,"Reference","express seed","Poor compliance"
"Unrooted Cutting","South Africa",FALSE,"Reference","Reference","Medium compliance"
"Unrooted Cutting","South Africa",FALSE,"Reference","missing","Low compliance"
"Unrooted Cutting","South Africa",FALSE,"Reference","costa farms","Low compliance"
"Unrooted Cutting","South Africa",FALSE,"Reference","miyar intl brokerage","Poor compliance"
"Unrooted Cutting","South Africa",FALSE,"Reference","foremost foliage","Poor compliance"
"Unrooted Cutting","South Africa",FALSE,"Reference","express seed","Low compliance"
"Unrooted Cutting","Hungary",TRUE,"Reference","Reference","Low compliance"
"Unrooted Cutting","Hungary",TRUE,"Reference","missing","Poor compliance"
"Unrooted Cutting","Hungary",FALSE,"Reference","Reference","Low compliance"
"Unrooted Cutting","Hungary",FALSE,"Reference","missing","Poor compliance"
"Unrooted Cutting","Latvia",TRUE,"Reference","missing","Poor compliance"
"Unrooted Cutting","Latvia",FALSE,"Reference","missing","Low compliance"
"Unrooted Cutting","Japan",TRUE,"Reference","missing","Poor compliance"
"Unrooted Cutting","Japan",TRUE,"Reference","Reference","Medium compliance"
"Unrooted Cutting","Japan",TRUE,"Reference","foremost foliage","Poor compliance"
"Unrooted Cutting","Japan",TRUE,"Reference","omega customs brokers","Poor compliance"
"Unrooted Cutting","Japan",TRUE,"Reference","mchutchison","Poor compliance"
"Unrooted Cutting","Japan",FALSE,"Reference","missing","Low compliance"
"Unrooted Cutting","Japan",FALSE,"Reference","Reference","Medium compliance"
"Unrooted Cutting","Japan",FALSE,"Reference","foremost foliage","Low compliance"
"Unrooted Cutting","Japan",FALSE,"Reference","omega customs brokers","Low compliance"
"Unrooted Cutting","Japan",FALSE,"Reference","mchutchison","Low compliance"
"Unrooted Cutting","Italy",TRUE,"Reference","Reference","Medium compliance"
"Unrooted Cutting","Italy",TRUE,"Reference","western cactus enterprises","Poor compliance"
"Unrooted Cutting","Italy",TRUE,"Reference","missing","Poor compliance"
"Unrooted Cutting","Italy",TRUE,"Reference","primaflora international lp","Poor compliance"
"Unrooted Cutting","Italy",TRUE,"Reference","costa farms","Poor compliance"
"Unrooted Cutting","Italy",TRUE,"Reference","express seed","Poor compliance"
"Unrooted Cutting","Italy",TRUE,"Reference","ds cole growers","Poor compliance"
"Unrooted Cutting","Italy",FALSE,"Reference","Reference","Medium compliance"
"Unrooted Cutting","Italy",FALSE,"Reference","western cactus enterprises","Low compliance"
"Unrooted Cutting","Italy",FALSE,"Reference","missing","Low compliance"
"Unrooted Cutting","Italy",FALSE,"Reference","primaflora international lp","Low compliance"
"Unrooted Cutting","Italy",FALSE,"Reference","costa farms","Low compliance"
"Unrooted Cutting","Italy",FALSE,"Reference","express seed","Poor compliance"
"Unrooted Cutting","Italy",FALSE,"Reference","ds cole growers","Low compliance"
"Unrooted Cutting","El Salvador",TRUE,"Reference","Reference","Medium compliance"
"Unrooted Cutting","El Salvador",TRUE,"Reference","primaflora international lp","Low compliance"
"Unrooted Cutting","El Salvador",TRUE,"Reference","foremost foliage inc dba foremostco","Poor compliance"
"Unrooted Cutting","El Salvador",TRUE,"Reference","foremost foliage","Poor compliance"
"Unrooted Cutting","El Salvador",FALSE,"Reference","Reference","Medium compliance"
"Unrooted Cutting","El Salvador",FALSE,"Reference","primaflora international lp","Medium compliance"
"Unrooted Cutting","El Salvador",FALSE,"Reference","foremost foliage inc dba foremostco","Low compliance"
"Unrooted Cutting","El Salvador",FALSE,"Reference","foremost foliage","Low compliance"
"Unrooted Cutting","India",TRUE,"Reference","Reference","Medium compliance"
"Unrooted Cutting","India",TRUE,"Reference","bill moore and company","Poor compliance"
"Unrooted Cutting","India",TRUE,"Reference","fleurizon","Poor compliance"
"Unrooted Cutting","India",TRUE,"TROPICA NURSERY","foremost foliage inc dba foremostco","Poor compliance"
"Unrooted Cutting","India",TRUE,"TROPICA NURSERY","fleurizon","Poor compliance"
"Unrooted Cutting","India",TRUE,"TROPICA NURSERY","bill moore and company","Poor compliance"
"Unrooted Cutting","India",TRUE,"Reference","foremost foliage inc dba foremostco","Low compliance"
"Unrooted Cutting","India",TRUE,"TROPICA NURSERY","express seed","Poor compliance"
"Unrooted Cutting","India",TRUE,"Reference","mchutchison","Low compliance"
"Unrooted Cutting","India",TRUE,"TROPICA NURSERY","scott valentine","Poor compliance"
"Unrooted Cutting","India",TRUE,"Reference","costa farms","Low compliance"
"Unrooted Cutting","India",TRUE,"Reference","foremost foliage","Poor compliance"
"Unrooted Cutting","India",TRUE,"Reference","express seed","Low compliance"
"Unrooted Cutting","India",TRUE,"Reference","kurt weiss greenhouse","Low compliance"
"Unrooted Cutting","India",FALSE,"Reference","Reference","Medium compliance"
"Unrooted Cutting","India",FALSE,"Reference","bill moore and company","Low compliance"
"Unrooted Cutting","India",FALSE,"Reference","fleurizon","Low compliance"
"Unrooted Cutting","India",FALSE,"TROPICA NURSERY","foremost foliage inc dba foremostco","Poor compliance"
"Unrooted Cutting","India",FALSE,"TROPICA NURSERY","fleurizon","Poor compliance"
"Unrooted Cutting","India",FALSE,"TROPICA NURSERY","bill moore and company","Poor compliance"
"Unrooted Cutting","India",FALSE,"Reference","foremost foliage inc dba foremostco","Low compliance"
"Unrooted Cutting","India",FALSE,"TROPICA NURSERY","express seed","Poor compliance"
"Unrooted Cutting","India",FALSE,"Reference","mchutchison","Medium compliance"
"Unrooted Cutting","India",FALSE,"TROPICA NURSERY","scott valentine","Low compliance"
"Unrooted Cutting","India",FALSE,"Reference","costa farms","Medium compliance"
"Unrooted Cutting","India",FALSE,"Reference","foremost foliage","Low compliance"
"Unrooted Cutting","India",FALSE,"Reference","express seed","Medium compliance"
"Unrooted Cutting","India",FALSE,"Reference","kurt weiss greenhouse","Medium compliance"
"Unrooted Cutting","Viet Nam",TRUE,"Reference","Reference","Medium compliance"
"Unrooted Cutting","Viet Nam",TRUE,"Reference","scott valentine","Poor compliance"
"Unrooted Cutting","Viet Nam",TRUE,"Reference","costa farms","Poor compliance"
"Unrooted Cutting","Viet Nam",TRUE,"Reference","perfect choice","Poor compliance"
"Unrooted Cutting","Viet Nam",TRUE,"Reference","miyar intl brokerage","Poor compliance"
"Unrooted Cutting","Viet Nam",TRUE,"Reference","express seed","Low compliance"
"Unrooted Cutting","Viet Nam",TRUE,"Reference","missing","Poor compliance"
"Unrooted Cutting","Viet Nam",FALSE,"Reference","Reference","Medium compliance"
"Unrooted Cutting","Viet Nam",FALSE,"Reference","scott valentine","Medium compliance"
"Unrooted Cutting","Viet Nam",FALSE,"Reference","costa farms","Medium compliance"
"Unrooted Cutting","Viet Nam",FALSE,"Reference","perfect choice","Poor compliance"
"Unrooted Cutting","Viet Nam",FALSE,"Reference","miyar intl brokerage","Poor compliance"
"Unrooted Cutting","Viet Nam",FALSE,"Reference","express seed","Low compliance"
"Unrooted Cutting","Viet Nam",FALSE,"Reference","missing","Medium compliance"
"Unrooted Cutting","Guatemala",TRUE,"INVERSIONES AGROCOMERCIALE","Reference","Low compliance"
"Unrooted Cutting","Guatemala",TRUE,"IVAGRO SA","primaflora international lp","Low compliance"
"Unrooted Cutting","Guatemala",TRUE,"LA FLORESTA ORNAMENTALES","primaflora international lp","Poor compliance"
"Unrooted Cutting","Guatemala",TRUE,"Reference","Reference","Medium compliance"
"Unrooted Cutting","Guatemala",TRUE,"Reference","primaflora international lp","Low compliance"
"Unrooted Cutting","Guatemala",TRUE,"QUELETZU SA","primaflora international lp","Low compliance"
"Unrooted Cutting","Guatemala",TRUE,"TUCAN EXPORT","primaflora international lp","Poor compliance"
"Unrooted Cutting","Guatemala",TRUE,"IVAGRO SA","Reference","Medium compliance"
"Unrooted Cutting","Guatemala",TRUE,"Reference","altman specialty plants","Poor compliance"
"Unrooted Cutting","Guatemala",TRUE,"Guatexotic","primaflora international lp","Poor compliance"
"Unrooted Cutting","Guatemala",TRUE,"Reference","western cactus enterprises","Poor compliance"
"Unrooted Cutting","Guatemala",TRUE,"TUCAN EXPORT","Reference","Poor compliance"
"Unrooted Cutting","Guatemala",TRUE,"IVAGRO SA","foremost foliage inc dba foremostco","Poor compliance"
"Unrooted Cutting","Guatemala",TRUE,"LA FLORESTA ORNAMENTALES","foremost foliage inc dba foremostco","Poor compliance"
"Unrooted Cutting","Guatemala",TRUE,"Reference","foremost foliage inc dba foremostco","Poor compliance"
"Unrooted Cutting","Guatemala",TRUE,"IVAGRO SA","florica farmsinc","Poor compliance"
"Unrooted Cutting","Guatemala",TRUE,"LA FLORESTA ORNAMENTALES","south florida plant services","Poor compliance"
"Unrooted Cutting","Guatemala",TRUE,"Reference","south florida plant services","Poor compliance"
"Unrooted Cutting","Guatemala",TRUE,"Guatexotic","fb imports","Poor compliance"
"Unrooted Cutting","Guatemala",TRUE,"IVAGRO SA","fb imports","Poor compliance"
"Unrooted Cutting","Guatemala",TRUE,"Reference","fb imports","Poor compliance"
"Unrooted Cutting","Guatemala",TRUE,"INVERSIONES LUA SA","scott valentine","Poor compliance"
"Unrooted Cutting","Guatemala",TRUE,"Reference","costa farms","Poor compliance"
"Unrooted Cutting","Guatemala",TRUE,"INVERSIONES LUA SA","costa farms","Poor compliance"
"Unrooted Cutting","Guatemala",TRUE,"TUCAN EXPORT","b c amp f brokerage","Poor compliance"
"Unrooted Cutting","Guatemala",TRUE,"PLANTEXPO","jurakan usainc","Low compliance"
"Unrooted Cutting","Guatemala",TRUE,"Reference","foremost foliage","Poor compliance"
"Unrooted Cutting","Guatemala",TRUE,"AGRO KOMPASS S A","foremost foliage","Poor compliance"
"Unrooted Cutting","Guatemala",TRUE,"IVAGRO SA","foremost foliage","Poor compliance"
"Unrooted Cutting","Guatemala",TRUE,"QUELETZU SA","foremost foliage","Poor compliance"
"Unrooted Cutting","Guatemala",TRUE,"Los Pinos Poptum","foremost foliage","Poor compliance"
"Unrooted Cutting","Guatemala",TRUE,"AGRO KOMPASS S A","jurakan usainc","Poor compliance"
"Unrooted Cutting","Guatemala",TRUE,"LA FLORESTA ORNAMENTALES","costa farms","Poor compliance"
"Unrooted Cutting","Guatemala",TRUE,"LA FLORESTA ORNAMENTALES","florica farmsinc","Poor compliance"
"Unrooted Cutting","Guatemala",TRUE,"IVAGRO SA","south florida plant services","Poor compliance"
"Unrooted Cutting","Guatemala",TRUE,"IVAGRO SA","plant exports","Poor compliance"
"Unrooted Cutting","Guatemala",TRUE,"Guatexotic","Reference","Low compliance"
"Unrooted Cutting","Guatemala",TRUE,"Plant Investments","scott valentine","Poor compliance"
"Unrooted Cutting","Guatemala",TRUE,"Reference","fleurizon","Poor compliance"
"Unrooted Cutting","Guatemala",TRUE,"Reference","russells bromelaids","Poor compliance"
"Unrooted Cutting","Guatemala",TRUE,"TUCAN EXPORT","russells bromelaids","Poor compliance"
"Unrooted Cutting","Guatemala",TRUE,"Reference","florica farmsinc","Poor compliance"
"Unrooted Cutting","Guatemala",TRUE,"Corporacion Bonanza","florica farmsinc","Poor compliance"
"Unrooted Cutting","Guatemala",TRUE,"Los Pinos Poptum","foremost foliage inc dba foremostco","Poor compliance"
"Unrooted Cutting","Guatemala",TRUE,"QUELETZU SA","foremost foliage inc dba foremostco","Poor compliance"
"Unrooted Cutting","Guatemala",TRUE,"LA FLORESTA ORNAMENTALES","Reference","Poor compliance"
"Unrooted Cutting","Guatemala",TRUE,"Corporacion Bonanza","costa farms","Poor compliance"
"Unrooted Cutting","Guatemala",TRUE,"Reference","jurakan usainc","Low compliance"
"Unrooted Cutting","Guatemala",TRUE,"Corporacion Bonanza","Reference","Poor compliance"
"Unrooted Cutting","Guatemala",TRUE,"Los Pinos Poptum","plant exports","Poor compliance"
"Unrooted Cutting","Guatemala",TRUE,"Plant Investments","express seed","Poor compliance"
"Unrooted Cutting","Guatemala",TRUE,"TUCAN EXPORT","fb imports","Poor compliance"
"Unrooted Cutting","Guatemala",TRUE,"Plant Investments","mchutchison","Poor compliance"
"Unrooted Cutting","Guatemala",TRUE,"Reference","dockside management","Low compliance"
"Unrooted Cutting","Guatemala",TRUE,"INVERSIONES LUA SA","plant exports","Poor compliance"
"Unrooted Cutting","Guatemala",TRUE,"Plant Investments","foremost foliage inc dba foremostco","Poor compliance"
"Unrooted Cutting","Guatemala",TRUE,"INVERSIONES AGROCOMERCIALE","fb imports","Poor compliance"
"Unrooted Cutting","Guatemala",TRUE,"Reference","plant exports","Poor compliance"
"Unrooted Cutting","Guatemala",TRUE,"INVERSIONES LUA SA","Reference","Low compliance"
"Unrooted Cutting","Guatemala",TRUE,"LA FLORESTA ORNAMENTALES","mchutchison","Poor compliance"
"Unrooted Cutting","Guatemala",TRUE,"QUELETZU SA","Reference","Low compliance"
"Unrooted Cutting","Guatemala",TRUE,"COSTA","costa farms","Poor compliance"
"Unrooted Cutting","Guatemala",TRUE,"Los Pinos Poptum","Reference","Poor compliance"
"Unrooted Cutting","Guatemala",TRUE,"QUELETZU SA","south florida plant services","Poor compliance"
"Unrooted Cutting","Guatemala",TRUE,"Reference","ds cole growers","Poor compliance"
"Unrooted Cutting","Guatemala",TRUE,"IVAGRO SA","scott valentine","Poor compliance"
"Unrooted Cutting","Guatemala",TRUE,"PRODUCTOS EL MAPACHE DE ALAJUELA","plant exports","Poor compliance"
"Unrooted Cutting","Guatemala",TRUE,"QUELETZU SA","fb imports","Poor compliance"
"Unrooted Cutting","Guatemala",TRUE,"Reference","mchutchison","Poor compliance"
"Unrooted Cutting","Guatemala",TRUE,"INVERSIONES AGROCOMERCIALE","foremost foliage inc dba foremostco","Poor compliance"
"Unrooted Cutting","Guatemala",TRUE,"LA FLORESTA ORNAMENTALES","plant exports","Poor compliance"
"Unrooted Cutting","Guatemala",TRUE,"IVAGRO SA","costa farms","Poor compliance"
"Unrooted Cutting","Guatemala",TRUE,"Reference","aura botanical","Poor compliance"
"Unrooted Cutting","Guatemala",TRUE,"INVERSIONES AGROCOMERCIALE","costa farms","Poor compliance"
"Unrooted Cutting","Guatemala",TRUE,"Guatexotic","foremost foliage inc dba foremostco","Poor compliance"
"Unrooted Cutting","Guatemala",TRUE,"AGRO KOMPASS S A","foremost foliage inc dba foremostco","Poor compliance"
"Unrooted Cutting","Guatemala",TRUE,"LA FLORESTA ORNAMENTALES","foremost foliage","Poor compliance"
"Unrooted Cutting","Guatemala",TRUE,"QUELETZU SA","florica farmsinc","Poor compliance"
"Unrooted Cutting","Guatemala",TRUE,"Guatexotic","costa farms","Poor compliance"
"Unrooted Cutting","Guatemala",TRUE,"INVERSIONES LUA SA","fb imports","Poor compliance"
"Unrooted Cutting","Guatemala",TRUE,"INVERSIONES AGROCOMERCIALE","florica farmsinc","Poor compliance"
"Unrooted Cutting","Guatemala",TRUE,"Reference","express seed","Low compliance"
"Unrooted Cutting","Guatemala",TRUE,"INVERSIONES AGROCOMERCIALE","foremost foliage","Poor compliance"
"Unrooted Cutting","Guatemala",TRUE,"CERCA DEL PARAISO SA","Reference","Poor compliance"
"Unrooted Cutting","Guatemala",TRUE,"IVAGRO SA","express seed","Poor compliance"
"Unrooted Cutting","Guatemala",TRUE,"INVERSIONES LUA SA","express seed","Poor compliance"
"Unrooted Cutting","Guatemala",TRUE,"Plant Investments","florica farmsinc","Poor compliance"
"Unrooted Cutting","Guatemala",TRUE,"Reference","scott valentine","Poor compliance"
"Unrooted Cutting","Guatemala",TRUE,"Reference","missing","Poor compliance"
"Unrooted Cutting","Guatemala",FALSE,"INVERSIONES AGROCOMERCIALE","Reference","Medium compliance"
"Unrooted Cutting","Guatemala",FALSE,"IVAGRO SA","primaflora international lp","Medium compliance"
"Unrooted Cutting","Guatemala",FALSE,"LA FLORESTA ORNAMENTALES","primaflora international lp","Low compliance"
"Unrooted Cutting","Guatemala",FALSE,"Reference","Reference","Medium compliance"
"Unrooted Cutting","Guatemala",FALSE,"Reference","primaflora international lp","Medium compliance"
"Unrooted Cutting","Guatemala",FALSE,"QUELETZU SA","primaflora international lp","Medium compliance"
"Unrooted Cutting","Guatemala",FALSE,"TUCAN EXPORT","primaflora international lp","Low compliance"
"Unrooted Cutting","Guatemala",FALSE,"IVAGRO SA","Reference","Medium compliance"
"Unrooted Cutting","Guatemala",FALSE,"Reference","altman specialty plants","Low compliance"
"Unrooted Cutting","Guatemala",FALSE,"Guatexotic","primaflora international lp","Medium compliance"
"Unrooted Cutting","Guatemala",FALSE,"Reference","western cactus enterprises","Medium compliance"
"Unrooted Cutting","Guatemala",FALSE,"TUCAN EXPORT","Reference","Medium compliance"
"Unrooted Cutting","Guatemala",FALSE,"IVAGRO SA","foremost foliage inc dba foremostco","Low compliance"
"Unrooted Cutting","Guatemala",FALSE,"LA FLORESTA ORNAMENTALES","foremost foliage inc dba foremostco","Poor compliance"
"Unrooted Cutting","Guatemala",FALSE,"Reference","foremost foliage inc dba foremostco","Low compliance"
"Unrooted Cutting","Guatemala",FALSE,"IVAGRO SA","florica farmsinc","Low compliance"
"Unrooted Cutting","Guatemala",FALSE,"LA FLORESTA ORNAMENTALES","south florida plant services","Low compliance"
"Unrooted Cutting","Guatemala",FALSE,"Reference","south florida plant services","Medium compliance"
"Unrooted Cutting","Guatemala",FALSE,"Guatexotic","fb imports","Poor compliance"
"Unrooted Cutting","Guatemala",FALSE,"IVAGRO SA","fb imports","Poor compliance"
"Unrooted Cutting","Guatemala",FALSE,"Reference","fb imports","Poor compliance"
"Unrooted Cutting","Guatemala",FALSE,"INVERSIONES LUA SA","scott valentine","Low compliance"
"Unrooted Cutting","Guatemala",FALSE,"Reference","costa farms","Medium compliance"
"Unrooted Cutting","Guatemala",FALSE,"INVERSIONES LUA SA","costa farms","Low compliance"
"Unrooted Cutting","Guatemala",FALSE,"TUCAN EXPORT","b c amp f brokerage","Low compliance"
"Unrooted Cutting","Guatemala",FALSE,"PLANTEXPO","jurakan usainc","Medium compliance"
"Unrooted Cutting","Guatemala",FALSE,"Reference","foremost foliage","Low compliance"
"Unrooted Cutting","Guatemala",FALSE,"AGRO KOMPASS S A","foremost foliage","Low compliance"
"Unrooted Cutting","Guatemala",FALSE,"IVAGRO SA","foremost foliage","Low compliance"
"Unrooted Cutting","Guatemala",FALSE,"QUELETZU SA","foremost foliage","Poor compliance"
"Unrooted Cutting","Guatemala",FALSE,"Los Pinos Poptum","foremost foliage","Poor compliance"
"Unrooted Cutting","Guatemala",FALSE,"AGRO KOMPASS S A","jurakan usainc","Medium compliance"
"Unrooted Cutting","Guatemala",FALSE,"LA FLORESTA ORNAMENTALES","costa farms","Low compliance"
"Unrooted Cutting","Guatemala",FALSE,"LA FLORESTA ORNAMENTALES","florica farmsinc","Poor compliance"
"Unrooted Cutting","Guatemala",FALSE,"IVAGRO SA","south florida plant services","Medium compliance"
"Unrooted Cutting","Guatemala",FALSE,"IVAGRO SA","plant exports","Poor compliance"
"Unrooted Cutting","Guatemala",FALSE,"Guatexotic","Reference","Medium compliance"
"Unrooted Cutting","Guatemala",FALSE,"Plant Investments","scott valentine","Poor compliance"
"Unrooted Cutting","Guatemala",FALSE,"Reference","fleurizon","Poor compliance"
"Unrooted Cutting","Guatemala",FALSE,"Reference","russells bromelaids","Poor compliance"
"Unrooted Cutting","Guatemala",FALSE,"TUCAN EXPORT","russells bromelaids","Poor compliance"
"Unrooted Cutting","Guatemala",FALSE,"Reference","florica farmsinc","Low compliance"
"Unrooted Cutting","Guatemala",FALSE,"Corporacion Bonanza","florica farmsinc","Poor compliance"
"Unrooted Cutting","Guatemala",FALSE,"Los Pinos Poptum","foremost foliage inc dba foremostco","Poor compliance"
"Unrooted Cutting","Guatemala",FALSE,"QUELETZU SA","foremost foliage inc dba foremostco","Poor compliance"
"Unrooted Cutting","Guatemala",FALSE,"LA FLORESTA ORNAMENTALES","Reference","Medium compliance"
"Unrooted Cutting","Guatemala",FALSE,"Corporacion Bonanza","costa farms","Low compliance"
"Unrooted Cutting","Guatemala",FALSE,"Reference","jurakan usainc","Medium compliance"
"Unrooted Cutting","Guatemala",FALSE,"Corporacion Bonanza","Reference","Medium compliance"
"Unrooted Cutting","Guatemala",FALSE,"Los Pinos Poptum","plant exports","Poor compliance"
"Unrooted Cutting","Guatemala",FALSE,"Plant Investments","express seed","Poor compliance"
"Unrooted Cutting","Guatemala",FALSE,"TUCAN EXPORT","fb imports","Poor compliance"
"Unrooted Cutting","Guatemala",FALSE,"Plant Investments","mchutchison","Poor compliance"
"Unrooted Cutting","Guatemala",FALSE,"Reference","dockside management","Medium compliance"
"Unrooted Cutting","Guatemala",FALSE,"INVERSIONES LUA SA","plant exports","Poor compliance"
"Unrooted Cutting","Guatemala",FALSE,"Plant Investments","foremost foliage inc dba foremostco","Poor compliance"
"Unrooted Cutting","Guatemala",FALSE,"INVERSIONES AGROCOMERCIALE","fb imports","Poor compliance"
"Unrooted Cutting","Guatemala",FALSE,"Reference","plant exports","Poor compliance"
"Unrooted Cutting","Guatemala",FALSE,"INVERSIONES LUA SA","Reference","Medium compliance"
"Unrooted Cutting","Guatemala",FALSE,"LA FLORESTA ORNAMENTALES","mchutchison","Low compliance"
"Unrooted Cutting","Guatemala",FALSE,"QUELETZU SA","Reference","Medium compliance"
"Unrooted Cutting","Guatemala",FALSE,"COSTA","costa farms","Low compliance"
"Unrooted Cutting","Guatemala",FALSE,"Los Pinos Poptum","Reference","Medium compliance"
"Unrooted Cutting","Guatemala",FALSE,"QUELETZU SA","south florida plant services","Low compliance"
"Unrooted Cutting","Guatemala",FALSE,"Reference","ds cole growers","Medium compliance"
"Unrooted Cutting","Guatemala",FALSE,"IVAGRO SA","scott valentine","Medium compliance"
"Unrooted Cutting","Guatemala",FALSE,"PRODUCTOS EL MAPACHE DE ALAJUELA","plant exports","Poor compliance"
"Unrooted Cutting","Guatemala",FALSE,"QUELETZU SA","fb imports","Poor compliance"
"Unrooted Cutting","Guatemala",FALSE,"Reference","mchutchison","Medium compliance"
"Unrooted Cutting","Guatemala",FALSE,"INVERSIONES AGROCOMERCIALE","foremost foliage inc dba foremostco","Poor compliance"
"Unrooted Cutting","Guatemala",FALSE,"LA FLORESTA ORNAMENTALES","plant exports","Poor compliance"
"Unrooted Cutting","Guatemala",FALSE,"IVAGRO SA","costa farms","Medium compliance"
"Unrooted Cutting","Guatemala",FALSE,"Reference","aura botanical","Low compliance"
"Unrooted Cutting","Guatemala",FALSE,"INVERSIONES AGROCOMERCIALE","costa farms","Low compliance"
"Unrooted Cutting","Guatemala",FALSE,"Guatexotic","foremost foliage inc dba foremostco","Low compliance"
"Unrooted Cutting","Guatemala",FALSE,"AGRO KOMPASS S A","foremost foliage inc dba foremostco","Low compliance"
"Unrooted Cutting","Guatemala",FALSE,"LA FLORESTA ORNAMENTALES","foremost foliage","Poor compliance"
"Unrooted Cutting","Guatemala",FALSE,"QUELETZU SA","florica farmsinc","Poor compliance"
"Unrooted Cutting","Guatemala",FALSE,"Guatexotic","costa farms","Medium compliance"
"Unrooted Cutting","Guatemala",FALSE,"INVERSIONES LUA SA","fb imports","Poor compliance"
"Unrooted Cutting","Guatemala",FALSE,"INVERSIONES AGROCOMERCIALE","florica farmsinc","Low compliance"
"Unrooted Cutting","Guatemala",FALSE,"Reference","express seed","Low compliance"
"Unrooted Cutting","Guatemala",FALSE,"INVERSIONES AGROCOMERCIALE","foremost foliage","Poor compliance"
"Unrooted Cutting","Guatemala",FALSE,"CERCA DEL PARAISO SA","Reference","Medium compliance"
"Unrooted Cutting","Guatemala",FALSE,"IVAGRO SA","express seed","Low compliance"
"Unrooted Cutting","Guatemala",FALSE,"INVERSIONES LUA SA","express seed","Poor compliance"
"Unrooted Cutting","Guatemala",FALSE,"Plant Investments","florica farmsinc","Poor compliance"
"Unrooted Cutting","Guatemala",FALSE,"Reference","scott valentine","Medium compliance"
"Unrooted Cutting","Guatemala",FALSE,"Reference","missing","Medium compliance"
"Unrooted Cutting","Sri Lanka",TRUE,"Reference","Reference","Medium compliance"
"Unrooted Cutting","Sri Lanka",TRUE,"Reference","complete aquatic systems","Poor compliance"
"Unrooted Cutting","Sri Lanka",TRUE,"Reference","costa farms","Poor compliance"
"Unrooted Cutting","Sri Lanka",TRUE,"Reference","fleurizon","Poor compliance"
"Unrooted Cutting","Sri Lanka",TRUE,"Reference","mchutchison","Poor compliance"
"Unrooted Cutting","Sri Lanka",TRUE,"Reference","biostok","Poor compliance"
"Unrooted Cutting","Sri Lanka",TRUE,"Reference","green thumb marketing","Poor compliance"
"Unrooted Cutting","Sri Lanka",FALSE,"Reference","Reference","Medium compliance"
"Unrooted Cutting","Sri Lanka",FALSE,"Reference","complete aquatic systems","Low compliance"
"Unrooted Cutting","Sri Lanka",FALSE,"Reference","costa farms","Medium compliance"
"Unrooted Cutting","Sri Lanka",FALSE,"Reference","fleurizon","Poor compliance"
"Unrooted Cutting","Sri Lanka",FALSE,"Reference","mchutchison","Low compliance"
"Unrooted Cutting","Sri Lanka",FALSE,"Reference","biostok","Poor compliance"
"Unrooted Cutting","Sri Lanka",FALSE,"Reference","green thumb marketing","Poor compliance"
"Unrooted Cutting","Netherlands",TRUE,"Reference","Reference","Medium compliance"
"Unrooted Cutting","Netherlands",TRUE,"Reference","primaflora international lp","Low compliance"
"Unrooted Cutting","Netherlands",TRUE,"Reference","united plant growers","Poor compliance"
"Unrooted Cutting","Netherlands",TRUE,"Reference","scott valentine","Poor compliance"
"Unrooted Cutting","Netherlands",TRUE,"Reference","express seed","Low compliance"
"Unrooted Cutting","Netherlands",TRUE,"Reference","western cactus enterprises","Poor compliance"
"Unrooted Cutting","Netherlands",TRUE,"Reference","foremost foliage inc dba foremostco","Poor compliance"
"Unrooted Cutting","Netherlands",TRUE,"Reference","ds cole growers","Poor compliance"
"Unrooted Cutting","Netherlands",TRUE,"Reference","fleurizon","Poor compliance"
"Unrooted Cutting","Netherlands",TRUE,"Reference","costa farms","Poor compliance"
"Unrooted Cutting","Netherlands",TRUE,"Reference","biostok","Poor compliance"
"Unrooted Cutting","Netherlands",TRUE,"Reference","gubler orchids","Poor compliance"
"Unrooted Cutting","Netherlands",TRUE,"Reference","b c amp f brokerage","Poor compliance"
"Unrooted Cutting","Netherlands",TRUE,"Reference","foremost foliage","Poor compliance"
"Unrooted Cutting","Netherlands",TRUE,"Reference","green plant cuttings usa","Poor compliance"
"Unrooted Cutting","Netherlands",TRUE,"Reference","omega customs brokers","Poor compliance"
"Unrooted Cutting","Netherlands",TRUE,"Reference","missing","Poor compliance"
"Unrooted Cutting","Netherlands",TRUE,"Reference","bill moore and company","Poor compliance"
"Unrooted Cutting","Netherlands",TRUE,"Reference","altman specialty plants","Poor compliance"
"Unrooted Cutting","Netherlands",TRUE,"Reference","mchutchison","Low compliance"
"Unrooted Cutting","Netherlands",TRUE,"Reference","kurt weiss greenhouse","Low compliance"
"Unrooted Cutting","Netherlands",FALSE,"Reference","Reference","High compliance"
"Unrooted Cutting","Netherlands",FALSE,"Reference","primaflora international lp","Medium compliance"
"Unrooted Cutting","Netherlands",FALSE,"Reference","united plant growers","Medium compliance"
"Unrooted Cutting","Netherlands",FALSE,"Reference","scott valentine","Medium compliance"
"Unrooted Cutting","Netherlands",FALSE,"Reference","express seed","Low compliance"
"Unrooted Cutting","Netherlands",FALSE,"Reference","western cactus enterprises","Medium compliance"
"Unrooted Cutting","Netherlands",FALSE,"Reference","foremost foliage inc dba foremostco","Low compliance"
"Unrooted Cutting","Netherlands",FALSE,"Reference","ds cole growers","Medium compliance"
"Unrooted Cutting","Netherlands",FALSE,"Reference","fleurizon","Poor compliance"
"Unrooted Cutting","Netherlands",FALSE,"Reference","costa farms","Medium compliance"
"Unrooted Cutting","Netherlands",FALSE,"Reference","biostok","Poor compliance"
"Unrooted Cutting","Netherlands",FALSE,"Reference","gubler orchids","Poor compliance"
"Unrooted Cutting","Netherlands",FALSE,"Reference","b c amp f brokerage","Medium compliance"
"Unrooted Cutting","Netherlands",FALSE,"Reference","foremost foliage","Low compliance"
"Unrooted Cutting","Netherlands",FALSE,"Reference","green plant cuttings usa","Medium compliance"
"Unrooted Cutting","Netherlands",FALSE,"Reference","omega customs brokers","Low compliance"
"Unrooted Cutting","Netherlands",FALSE,"Reference","missing","Medium compliance"
"Unrooted Cutting","Netherlands",FALSE,"Reference","bill moore and company","Poor compliance"
"Unrooted Cutting","Netherlands",FALSE,"Reference","altman specialty plants","Low compliance"
"Unrooted Cutting","Netherlands",FALSE,"Reference","mchutchison","Medium compliance"
"Unrooted Cutting","Netherlands",FALSE,"Reference","kurt weiss greenhouse","Medium compliance"
"Unrooted Cutting","Costa Rica",TRUE,"TURRIPLANTAS SA","primaflora international lp","Poor compliance"
"Unrooted Cutting","Costa Rica",TRUE,"PRODUCTOS EL MAPACHE DE ALAJUELA","primaflora international lp","Poor compliance"
"Unrooted Cutting","Costa Rica",TRUE,"Reference","primaflora international lp","Low compliance"
"Unrooted Cutting","Costa Rica",TRUE,"PREMIUM PLANTS SA","primaflora international lp","Low compliance"
"Unrooted Cutting","Costa Rica",TRUE,"Reference","express seed","Poor compliance"
"Unrooted Cutting","Costa Rica",TRUE,"PREMIUM ORNAMENTALES","primaflora international lp","Low compliance"
"Unrooted Cutting","Costa Rica",TRUE,"Reference","Reference","Medium compliance"
"Unrooted Cutting","Costa Rica",TRUE,"ORNAMENTALES SAPO VERDE 801","foremost foliage","Poor compliance"
"Unrooted Cutting","Costa Rica",TRUE,"antho ornamentales1-7","express seed","Poor compliance"
"Unrooted Cutting","Costa Rica",TRUE,"Reference","south florida plant services","Poor compliance"
"Unrooted Cutting","Costa Rica",TRUE,"TURRIPLANTAS SA","south florida plant services","Poor compliance"
"Unrooted Cutting","Costa Rica",TRUE,"antho ornamentales1-7","florica farmsinc","Poor compliance"
"Unrooted Cutting","Costa Rica",TRUE,"Reference","costa farms","Poor compliance"
"Unrooted Cutting","Costa Rica",TRUE,"Reference","foremost foliage","Poor compliance"
"Unrooted Cutting","Costa Rica",TRUE,"ZACATE ORNAMENTAL Y DECORATIVO","foremost foliage","Poor compliance"
"Unrooted Cutting","Costa Rica",TRUE,"TURRIPLANTAS SA","excelente foliage incorporated","Poor compliance"
"Unrooted Cutting","Costa Rica",TRUE,"PREMIUM ORNAMENTALES","kurt weiss greenhouse","Poor compliance"
"Unrooted Cutting","Costa Rica",TRUE,"Reference","caribbean growers supply","Poor compliance"
"Unrooted Cutting","Costa Rica",TRUE,"Reference","fleurizon","Poor compliance"
"Unrooted Cutting","Costa Rica",TRUE,"COOPEINDIA  R.L.","costa farms","Poor compliance"
"Unrooted Cutting","Costa Rica",TRUE,"ORNAMENTALES SAPO VERDE 801","foremost foliage inc dba foremostco","Poor compliance"
"Unrooted Cutting","Costa Rica",TRUE,"Reference","foremost foliage inc dba foremostco","Poor compliance"
"Unrooted Cutting","Costa Rica",TRUE,"PRIMEROS EN FOLLAJE SA BOX#201","foremost foliage inc dba foremostco","Poor compliance"
"Unrooted Cutting","Costa Rica",TRUE,"COOPEINDIA  R.L.","foremost foliage","Poor compliance"
"Unrooted Cutting","Costa Rica",TRUE,"GEOAGRO DE COSTA RICA","Reference","Medium compliance"
"Unrooted Cutting","Costa Rica",TRUE,"SAPO VERDE 900","foremost foliage","Poor compliance"
"Unrooted Cutting","Costa Rica",TRUE,"MICRO PLANTAS","foremost foliage","Poor compliance"
"Unrooted Cutting","Costa Rica",TRUE,"PRIMEROS EN FOLLAJE SA BOX#201","foremost foliage","Poor compliance"
"Unrooted Cutting","Costa Rica",TRUE,"MICRO PLANTAS","costa farms","Poor compliance"
"Unrooted Cutting","Costa Rica",TRUE,"ZACATE ORNAMENTAL Y DECORATIVO","bay cove group","Poor compliance"
"Unrooted Cutting","Costa Rica",TRUE,"PREMIUM ORNAMENTALES","florica farmsinc","Poor compliance"
"Unrooted Cutting","Costa Rica",TRUE,"Reference","scott valentine","Poor compliance"
"Unrooted Cutting","Costa Rica",TRUE,"Reference","b c amp f brokerage","Poor compliance"
"Unrooted Cutting","Costa Rica",TRUE,"Reference","dockside management","Poor compliance"
"Unrooted Cutting","Costa Rica",TRUE,"SAPO VERDE 900","foremost foliage inc dba foremostco","Poor compliance"
"Unrooted Cutting","Costa Rica",TRUE,"Reference","green tropical plants","Poor compliance"
"Unrooted Cutting","Costa Rica",TRUE,"COOPEINDIA  R.L.","fb imports","Poor compliance"
"Unrooted Cutting","Costa Rica",TRUE,"GEOAGRO DE COSTA RICA","fb imports","Poor compliance"
"Unrooted Cutting","Costa Rica",TRUE,"Reference","fb imports","Poor compliance"
"Unrooted Cutting","Costa Rica",TRUE,"CERCA DEL PARAISO SA","b c amp f brokerage","Poor compliance"
"Unrooted Cutting","Costa Rica",TRUE,"Reference","aura botanical","Poor compliance"
"Unrooted Cutting","Costa Rica",TRUE,"CERCA DEL PARAISO SA","aura botanical","Poor compliance"
"Unrooted Cutting","Costa Rica",TRUE,"GEOAGRO DE COSTA RICA","fleurizon","Poor compliance"
"Unrooted Cutting","Costa Rica",TRUE,"PRODUCTOS EL MAPACHE DE ALAJUELA","south florida plant services","Poor compliance"
"Unrooted Cutting","Costa Rica",TRUE,"Reference","excelente foliage incorporated","Poor compliance"
"Unrooted Cutting","Costa Rica",TRUE,"Reference","florica farmsinc","Poor compliance"
"Unrooted Cutting","Costa Rica",TRUE,"CERCA DEL PARAISO SA","Reference","Poor compliance"
"Unrooted Cutting","Costa Rica",TRUE,"PREMIUM PLANTS SA","kurt weiss greenhouse","Poor compliance"
"Unrooted Cutting","Costa Rica",TRUE,"MICRO PLANTAS","foremost foliage inc dba foremostco","Poor compliance"
"Unrooted Cutting","Costa Rica",TRUE,"PREMIUM ORNAMENTALES","Reference","Low compliance"
"Unrooted Cutting","Costa Rica",TRUE,"CERCA DEL PARAISO SA","foremost foliage","Poor compliance"
"Unrooted Cutting","Costa Rica",TRUE,"COOPEINDIA  R.L.","foremost foliage inc dba foremostco","Poor compliance"
"Unrooted Cutting","Costa Rica",TRUE,"Reference","green plant cuttings usa","Poor compliance"
"Unrooted Cutting","Costa Rica",TRUE,"PREMIUM ORNAMENTALES","b c amp f brokerage","Poor compliance"
"Unrooted Cutting","Costa Rica",TRUE,"COOPEINDIA  R.L.","south florida plant services","Poor compliance"
"Unrooted Cutting","Costa Rica",TRUE,"ZACATE ORNAMENTAL Y DECORATIVO","foremost foliage inc dba foremostco","Poor compliance"
"Unrooted Cutting","Costa Rica",TRUE,"TURRIPLANTAS SA","foremost foliage inc dba foremostco","Poor compliance"
"Unrooted Cutting","Costa Rica",TRUE,"Reference","mchutchison","Poor compliance"
"Unrooted Cutting","Costa Rica",TRUE,"MICRO PLANTAS","Reference","Poor compliance"
"Unrooted Cutting","Costa Rica",TRUE,"PRODUCTOS EL MAPACHE DE ALAJUELA","plant exports","Poor compliance"
"Unrooted Cutting","Costa Rica",TRUE,"CERCA DEL PARAISO SA","south florida plant services","Poor compliance"
"Unrooted Cutting","Costa Rica",TRUE,"MICRO PLANTAS","miyar intl brokerage","Poor compliance"
"Unrooted Cutting","Costa Rica",TRUE,"CERCA DEL PARAISO SA","foremost foliage inc dba foremostco","Poor compliance"
"Unrooted Cutting","Costa Rica",TRUE,"ORNAMENTALES SAPO VERDE 801","Reference","Medium compliance"
"Unrooted Cutting","Costa Rica",TRUE,"TURRIPLANTAS SA","foremost foliage","Poor compliance"
"Unrooted Cutting","Costa Rica",TRUE,"Reference","ds cole growers","Poor compliance"
"Unrooted Cutting","Costa Rica",TRUE,"PRODUCTOS EL MAPACHE DE ALAJUELA","costa farms","Poor compliance"
"Unrooted Cutting","Costa Rica",TRUE,"CERCA DEL PARAISO SA","fb imports","Poor compliance"
"Unrooted Cutting","Costa Rica",TRUE,"LA FLORESTA ORNAMENTALES","plant exports","Poor compliance"
"Unrooted Cutting","Costa Rica",TRUE,"CERCA DEL PARAISO SA","fleurizon","Poor compliance"
"Unrooted Cutting","Costa Rica",TRUE,"CERCA DEL PARAISO SA","plant exports","Poor compliance"
"Unrooted Cutting","Costa Rica",TRUE,"PREMIUM PLANTS SA","Reference","Low compliance"
"Unrooted Cutting","Costa Rica",TRUE,"PREMIUM PLANTS SA","b c amp f brokerage","Poor compliance"
"Unrooted Cutting","Costa Rica",TRUE,"SAPO VERDE 900","Reference","Poor compliance"
"Unrooted Cutting","Costa Rica",TRUE,"Reference","plant exports","Poor compliance"
"Unrooted Cutting","Costa Rica",TRUE,"COOPEINDIA  R.L.","express seed","Poor compliance"
"Unrooted Cutting","Costa Rica",TRUE,"QUELETZU SA","foremost foliage inc dba foremostco","Poor compliance"
"Unrooted Cutting","Costa Rica",TRUE,"Guatexotic","foremost foliage","Poor compliance"
"Unrooted Cutting","Costa Rica",TRUE,"antho ornamentales1-7","foremost foliage inc dba foremostco","Poor compliance"
"Unrooted Cutting","Costa Rica",TRUE,"Reference","western cactus enterprises","Poor compliance"
"Unrooted Cutting","Costa Rica",TRUE,"Reference","altman specialty plants","Poor compliance"
"Unrooted Cutting","Costa Rica",FALSE,"TURRIPLANTAS SA","primaflora international lp","Low compliance"
"Unrooted Cutting","Costa Rica",FALSE,"PRODUCTOS EL MAPACHE DE ALAJUELA","primaflora international lp","Low compliance"
"Unrooted Cutting","Costa Rica",FALSE,"Reference","primaflora international lp","Low compliance"
"Unrooted Cutting","Costa Rica",FALSE,"PREMIUM PLANTS SA","primaflora international lp","Medium compliance"
"Unrooted Cutting","Costa Rica",FALSE,"Reference","express seed","Low compliance"
"Unrooted Cutting","Costa Rica",FALSE,"PREMIUM ORNAMENTALES","primaflora international lp","Medium compliance"
"Unrooted Cutting","Costa Rica",FALSE,"Reference","Reference","Medium compliance"
"Unrooted Cutting","Costa Rica",FALSE,"ORNAMENTALES SAPO VERDE 801","foremost foliage","Low compliance"
"Unrooted Cutting","Costa Rica",FALSE,"antho ornamentales1-7","express seed","Low compliance"
"Unrooted Cutting","Costa Rica",FALSE,"Reference","south florida plant services","Low compliance"
"Unrooted Cutting","Costa Rica",FALSE,"TURRIPLANTAS SA","south florida plant services","Low compliance"
"Unrooted Cutting","Costa Rica",FALSE,"antho ornamentales1-7","florica farmsinc","Poor compliance"
"Unrooted Cutting","Costa Rica",FALSE,"Reference","costa farms","Low compliance"
"Unrooted Cutting","Costa Rica",FALSE,"Reference","foremost foliage","Poor compliance"
"Unrooted Cutting","Costa Rica",FALSE,"ZACATE ORNAMENTAL Y DECORATIVO","foremost foliage","Poor compliance"
"Unrooted Cutting","Costa Rica",FALSE,"TURRIPLANTAS SA","excelente foliage incorporated","Poor compliance"
"Unrooted Cutting","Costa Rica",FALSE,"PREMIUM ORNAMENTALES","kurt weiss greenhouse","Medium compliance"
"Unrooted Cutting","Costa Rica",FALSE,"Reference","caribbean growers supply","Poor compliance"
"Unrooted Cutting","Costa Rica",FALSE,"Reference","fleurizon","Poor compliance"
"Unrooted Cutting","Costa Rica",FALSE,"COOPEINDIA  R.L.","costa farms","Poor compliance"
"Unrooted Cutting","Costa Rica",FALSE,"ORNAMENTALES SAPO VERDE 801","foremost foliage inc dba foremostco","Low compliance"
"Unrooted Cutting","Costa Rica",FALSE,"Reference","foremost foliage inc dba foremostco","Poor compliance"
"Unrooted Cutting","Costa Rica",FALSE,"PRIMEROS EN FOLLAJE SA BOX#201","foremost foliage inc dba foremostco","Poor compliance"
"Unrooted Cutting","Costa Rica",FALSE,"COOPEINDIA  R.L.","foremost foliage","Poor compliance"
"Unrooted Cutting","Costa Rica",FALSE,"GEOAGRO DE COSTA RICA","Reference","Medium compliance"
"Unrooted Cutting","Costa Rica",FALSE,"SAPO VERDE 900","foremost foliage","Poor compliance"
"Unrooted Cutting","Costa Rica",FALSE,"MICRO PLANTAS","foremost foliage","Poor compliance"
"Unrooted Cutting","Costa Rica",FALSE,"PRIMEROS EN FOLLAJE SA BOX#201","foremost foliage","Poor compliance"
"Unrooted Cutting","Costa Rica",FALSE,"MICRO PLANTAS","costa farms","Low compliance"
"Unrooted Cutting","Costa Rica",FALSE,"ZACATE ORNAMENTAL Y DECORATIVO","bay cove group","Poor compliance"
"Unrooted Cutting","Costa Rica",FALSE,"PREMIUM ORNAMENTALES","florica farmsinc","Poor compliance"
"Unrooted Cutting","Costa Rica",FALSE,"Reference","scott valentine","Low compliance"
"Unrooted Cutting","Costa Rica",FALSE,"Reference","b c amp f brokerage","Low compliance"
"Unrooted Cutting","Costa Rica",FALSE,"Reference","dockside management","Low compliance"
"Unrooted Cutting","Costa Rica",FALSE,"SAPO VERDE 900","foremost foliage inc dba foremostco","Poor compliance"
"Unrooted Cutting","Costa Rica",FALSE,"Reference","green tropical plants","Poor compliance"
"Unrooted Cutting","Costa Rica",FALSE,"COOPEINDIA  R.L.","fb imports","Poor compliance"
"Unrooted Cutting","Costa Rica",FALSE,"GEOAGRO DE COSTA RICA","fb imports","Poor compliance"
"Unrooted Cutting","Costa Rica",FALSE,"Reference","fb imports","Poor compliance"
"Unrooted Cutting","Costa Rica",FALSE,"CERCA DEL PARAISO SA","b c amp f brokerage","Low compliance"
"Unrooted Cutting","Costa Rica",FALSE,"Reference","aura botanical","Low compliance"
"Unrooted Cutting","Costa Rica",FALSE,"CERCA DEL PARAISO SA","aura botanical","Poor compliance"
"Unrooted Cutting","Costa Rica",FALSE,"GEOAGRO DE COSTA RICA","fleurizon","Poor compliance"
"Unrooted Cutting","Costa Rica",FALSE,"PRODUCTOS EL MAPACHE DE ALAJUELA","south florida plant services","Low compliance"
"Unrooted Cutting","Costa Rica",FALSE,"Reference","excelente foliage incorporated","Low compliance"
"Unrooted Cutting","Costa Rica",FALSE,"Reference","florica farmsinc","Poor compliance"
"Unrooted Cutting","Costa Rica",FALSE,"CERCA DEL PARAISO SA","Reference","Medium compliance"
"Unrooted Cutting","Costa Rica",FALSE,"PREMIUM PLANTS SA","kurt weiss greenhouse","Medium compliance"
"Unrooted Cutting","Costa Rica",FALSE,"MICRO PLANTAS","foremost foliage inc dba foremostco","Poor compliance"
"Unrooted Cutting","Costa Rica",FALSE,"PREMIUM ORNAMENTALES","Reference","Medium compliance"
"Unrooted Cutting","Costa Rica",FALSE,"CERCA DEL PARAISO SA","foremost foliage","Poor compliance"
"Unrooted Cutting","Costa Rica",FALSE,"COOPEINDIA  R.L.","foremost foliage inc dba foremostco","Poor compliance"
"Unrooted Cutting","Costa Rica",FALSE,"Reference","green plant cuttings usa","Low compliance"
"Unrooted Cutting","Costa Rica",FALSE,"PREMIUM ORNAMENTALES","b c amp f brokerage","Low compliance"
"Unrooted Cutting","Costa Rica",FALSE,"COOPEINDIA  R.L.","south florida plant services","Poor compliance"
"Unrooted Cutting","Costa Rica",FALSE,"ZACATE ORNAMENTAL Y DECORATIVO","foremost foliage inc dba foremostco","Poor compliance"
"Unrooted Cutting","Costa Rica",FALSE,"TURRIPLANTAS SA","foremost foliage inc dba foremostco","Poor compliance"
"Unrooted Cutting","Costa Rica",FALSE,"Reference","mchutchison","Low compliance"
"Unrooted Cutting","Costa Rica",FALSE,"MICRO PLANTAS","Reference","Medium compliance"
"Unrooted Cutting","Costa Rica",FALSE,"PRODUCTOS EL MAPACHE DE ALAJUELA","plant exports","Poor compliance"
"Unrooted Cutting","Costa Rica",FALSE,"CERCA DEL PARAISO SA","south florida plant services","Low compliance"
"Unrooted Cutting","Costa Rica",FALSE,"MICRO PLANTAS","miyar intl brokerage","Poor compliance"
"Unrooted Cutting","Costa Rica",FALSE,"CERCA DEL PARAISO SA","foremost foliage inc dba foremostco","Poor compliance"
"Unrooted Cutting","Costa Rica",FALSE,"ORNAMENTALES SAPO VERDE 801","Reference","Medium compliance"
"Unrooted Cutting","Costa Rica",FALSE,"TURRIPLANTAS SA","foremost foliage","Poor compliance"
"Unrooted Cutting","Costa Rica",FALSE,"Reference","ds cole growers","Low compliance"
"Unrooted Cutting","Costa Rica",FALSE,"PRODUCTOS EL MAPACHE DE ALAJUELA","costa farms","Low compliance"
"Unrooted Cutting","Costa Rica",FALSE,"CERCA DEL PARAISO SA","fb imports","Poor compliance"
"Unrooted Cutting","Costa Rica",FALSE,"LA FLORESTA ORNAMENTALES","plant exports","Poor compliance"
"Unrooted Cutting","Costa Rica",FALSE,"CERCA DEL PARAISO SA","fleurizon","Poor compliance"
"Unrooted Cutting","Costa Rica",FALSE,"CERCA DEL PARAISO SA","plant exports","Poor compliance"
"Unrooted Cutting","Costa Rica",FALSE,"PREMIUM PLANTS SA","Reference","Medium compliance"
"Unrooted Cutting","Costa Rica",FALSE,"PREMIUM PLANTS SA","b c amp f brokerage","Low compliance"
"Unrooted Cutting","Costa Rica",FALSE,"SAPO VERDE 900","Reference","Medium compliance"
"Unrooted Cutting","Costa Rica",FALSE,"Reference","plant exports","Poor compliance"
"Unrooted Cutting","Costa Rica",FALSE,"COOPEINDIA  R.L.","express seed","Poor compliance"
"Unrooted Cutting","Costa Rica",FALSE,"QUELETZU SA","foremost foliage inc dba foremostco","Poor compliance"
"Unrooted Cutting","Costa Rica",FALSE,"Guatexotic","foremost foliage","Poor compliance"
"Unrooted Cutting","Costa Rica",FALSE,"antho ornamentales1-7","foremost foliage inc dba foremostco","Poor compliance"
"Unrooted Cutting","Costa Rica",FALSE,"Reference","western cactus enterprises","Low compliance"
"Unrooted Cutting","Costa Rica",FALSE,"Reference","altman specialty plants","Poor compliance"
"Unrooted Cutting","Singapore",TRUE,"Oriental Aquarium","complete aquatic systems","Poor compliance"
"Unrooted Cutting","Singapore",TRUE,"Reference","ultum nature systems","Low compliance"
"Unrooted Cutting","Singapore",TRUE,"Reference","tat tristan g","Poor compliance"
"Unrooted Cutting","Singapore",TRUE,"Reference","Reference","Medium compliance"
"Unrooted Cutting","Singapore",TRUE,"Oriental Aquarium","Reference","Low compliance"
"Unrooted Cutting","Singapore",TRUE,"Reference","waterscaap pond amp aquarium plants","Poor compliance"
"Unrooted Cutting","Singapore",TRUE,"Reference","green thumb marketing","Poor compliance"
"Unrooted Cutting","Singapore",TRUE,"Oriental Aquarium","green thumb marketing","Poor compliance"
"Unrooted Cutting","Singapore",FALSE,"Oriental Aquarium","complete aquatic systems","Low compliance"
"Unrooted Cutting","Singapore",FALSE,"Reference","ultum nature systems","Poor compliance"
"Unrooted Cutting","Singapore",FALSE,"Reference","tat tristan g","Poor compliance"
"Unrooted Cutting","Singapore",FALSE,"Reference","Reference","Medium compliance"
"Unrooted Cutting","Singapore",FALSE,"Oriental Aquarium","Reference","Medium compliance"
"Unrooted Cutting","Singapore",FALSE,"Reference","waterscaap pond amp aquarium plants","Poor compliance"
"Unrooted Cutting","Singapore",FALSE,"Reference","green thumb marketing","Poor compliance"
"Unrooted Cutting","Singapore",FALSE,"Oriental Aquarium","green thumb marketing","Poor compliance"
"Unrooted Cutting","Slovakia",TRUE,"Reference","Reference","Low compliance"
"Unrooted Cutting","Slovakia",FALSE,"Reference","Reference","Medium compliance"
"Unrooted Cutting","Turkey",TRUE,"Reference","Reference","Low compliance"
"Unrooted Cutting","Turkey",TRUE,"Reference","ds cole growers","Poor compliance"
"Unrooted Cutting","Turkey",FALSE,"Reference","Reference","Medium compliance"
"Unrooted Cutting","Turkey",FALSE,"Reference","ds cole growers","Low compliance"
"Unrooted Cutting","Kenya",TRUE,"LATHYFLORA","Reference","Poor compliance"
"Unrooted Cutting","Kenya",TRUE,"LATHYFLORA","united plant growers","Poor compliance"
"Unrooted Cutting","Kenya",TRUE,"LATHYFLORA","primaflora international lp","Poor compliance"
"Unrooted Cutting","Kenya",TRUE,"Reference","Reference","Medium compliance"
"Unrooted Cutting","Kenya",TRUE,"Reference","express seed","Poor compliance"
"Unrooted Cutting","Kenya",TRUE,"LATHYFLORA","costa farms","Poor compliance"
"Unrooted Cutting","Kenya",TRUE,"LATHYFLORA","express seed","Poor compliance"
"Unrooted Cutting","Kenya",TRUE,"LATHYFLORA","western cactus enterprises","Poor compliance"
"Unrooted Cutting","Kenya",TRUE,"Reference","ds cole growers","Poor compliance"
"Unrooted Cutting","Kenya",TRUE,"Reference","altman specialty plants","Poor compliance"
"Unrooted Cutting","Kenya",TRUE,"Reference","western cactus enterprises","Poor compliance"
"Unrooted Cutting","Kenya",TRUE,"Reference","scott valentine","Poor compliance"
"Unrooted Cutting","Kenya",TRUE,"Reference","mchutchison","Poor compliance"
"Unrooted Cutting","Kenya",TRUE,"Reference","kurt weiss greenhouse","Poor compliance"
"Unrooted Cutting","Kenya",TRUE,"Reference","missing","Poor compliance"
"Unrooted Cutting","Kenya",FALSE,"LATHYFLORA","Reference","Medium compliance"
"Unrooted Cutting","Kenya",FALSE,"LATHYFLORA","united plant growers","Low compliance"
"Unrooted Cutting","Kenya",FALSE,"LATHYFLORA","primaflora international lp","Medium compliance"
"Unrooted Cutting","Kenya",FALSE,"Reference","Reference","Medium compliance"
"Unrooted Cutting","Kenya",FALSE,"Reference","express seed","Low compliance"
"Unrooted Cutting","Kenya",FALSE,"LATHYFLORA","costa farms","Low compliance"
"Unrooted Cutting","Kenya",FALSE,"LATHYFLORA","express seed","Low compliance"
"Unrooted Cutting","Kenya",FALSE,"LATHYFLORA","western cactus enterprises","Low compliance"
"Unrooted Cutting","Kenya",FALSE,"Reference","ds cole growers","Low compliance"
"Unrooted Cutting","Kenya",FALSE,"Reference","altman specialty plants","Poor compliance"
"Unrooted Cutting","Kenya",FALSE,"Reference","western cactus enterprises","Low compliance"
"Unrooted Cutting","Kenya",FALSE,"Reference","scott valentine","Low compliance"
"Unrooted Cutting","Kenya",FALSE,"Reference","mchutchison","Low compliance"
"Unrooted Cutting","Kenya",FALSE,"Reference","kurt weiss greenhouse","Medium compliance"
"Unrooted Cutting","Kenya",FALSE,"Reference","missing","Low compliance"
"Unrooted Cutting","Zimbabwe",TRUE,"Reference","western cactus enterprises","Poor compliance"
"Unrooted Cutting","Zimbabwe",TRUE,"Reference","Reference","Medium compliance"
"Unrooted Cutting","Zimbabwe",TRUE,"Reference","altman specialty plants","Poor compliance"
"Unrooted Cutting","Zimbabwe",TRUE,"Reference","express seed","Low compliance"
"Unrooted Cutting","Zimbabwe",TRUE,"Reference","costa farms","Poor compliance"
"Unrooted Cutting","Zimbabwe",TRUE,"Reference","scott valentine","Poor compliance"
"Unrooted Cutting","Zimbabwe",FALSE,"Reference","western cactus enterprises","Low compliance"
"Unrooted Cutting","Zimbabwe",FALSE,"Reference","Reference","Medium compliance"
"Unrooted Cutting","Zimbabwe",FALSE,"Reference","altman specialty plants","Low compliance"
"Unrooted Cutting","Zimbabwe",FALSE,"Reference","express seed","Low compliance"
"Unrooted Cutting","Zimbabwe",FALSE,"Reference","costa farms","Medium compliance"
"Unrooted Cutting","Zimbabwe",FALSE,"Reference","scott valentine","Medium compliance"
"Unrooted Cutting","Israel",TRUE,"Reference","Reference","Medium compliance"
"Unrooted Cutting","Israel",TRUE,"Reference","foremost foliage","Poor compliance"
"Unrooted Cutting","Israel",TRUE,"Reference","foremost foliage inc dba foremostco","Poor compliance"
"Unrooted Cutting","Israel",FALSE,"Reference","Reference","Medium compliance"
"Unrooted Cutting","Israel",FALSE,"Reference","foremost foliage","Poor compliance"
"Unrooted Cutting","Israel",FALSE,"Reference","foremost foliage inc dba foremostco","Poor compliance"
"Unrooted Cutting","France",TRUE,"Reference","Reference","Low compliance"
"Unrooted Cutting","France",TRUE,"Reference","missing","Poor compliance"
"Unrooted Cutting","France",FALSE,"Reference","Reference","Medium compliance"
"Unrooted Cutting","France",FALSE,"Reference","missing","Low compliance"
"Unrooted Cutting","North Macedonia",TRUE,"Reference","Reference","Low compliance"
"Unrooted Cutting","North Macedonia",TRUE,"Reference","missing","Poor compliance"
"Unrooted Cutting","North Macedonia",FALSE,"Reference","Reference","Medium compliance"
"Unrooted Cutting","North Macedonia",FALSE,"Reference","missing","Low compliance"
"Unrooted Cutting","Spain",TRUE,"Reference","Reference","Medium compliance"
"Unrooted Cutting","Spain",TRUE,"Reference","missing","Poor compliance"
"Unrooted Cutting","Spain",TRUE,"Reference","western cactus enterprises","Poor compliance"
"Unrooted Cutting","Spain",TRUE,"Reference","altman specialty plants","Poor compliance"
"Unrooted Cutting","Spain",TRUE,"Reference","express seed","Low compliance"
"Unrooted Cutting","Spain",FALSE,"Reference","Reference","Medium compliance"
"Unrooted Cutting","Spain",FALSE,"Reference","missing","Low compliance"
"Unrooted Cutting","Spain",FALSE,"Reference","western cactus enterprises","Low compliance"
"Unrooted Cutting","Spain",FALSE,"Reference","altman specialty plants","Low compliance"
"Unrooted Cutting","Spain",FALSE,"Reference","express seed","Low compliance"
"Unrooted Cutting","Germany",TRUE,"Reference","Reference","Medium compliance"
"Unrooted Cutting","Germany",TRUE,"Reference","express seed","Poor compliance"
"Unrooted Cutting","Germany",TRUE,"Reference","missing","Poor compliance"
"Unrooted Cutting","Germany",TRUE,"Reference","costa farms","Poor compliance"
"Unrooted Cutting","Germany",TRUE,"Reference","perfect choice","Poor compliance"
"Unrooted Cutting","Germany",TRUE,"Reference","miyar intl brokerage","Poor compliance"
"Unrooted Cutting","Germany",TRUE,"Reference","mchutchison","Poor compliance"
"Unrooted Cutting","Germany",FALSE,"Reference","Reference","Medium compliance"
"Unrooted Cutting","Germany",FALSE,"Reference","express seed","Low compliance"
"Unrooted Cutting","Germany",FALSE,"Reference","missing","Low compliance"
"Unrooted Cutting","Germany",FALSE,"Reference","costa farms","Low compliance"
"Unrooted Cutting","Germany",FALSE,"Reference","perfect choice","Poor compliance"
"Unrooted Cutting","Germany",FALSE,"Reference","miyar intl brokerage","Poor compliance"
"Unrooted Cutting","Germany",FALSE,"Reference","mchutchison","Low compliance"
"Unrooted Cutting","Madagascar",TRUE,"Reference","complete aquatic systems","Poor compliance"
"Unrooted Cutting","Madagascar",TRUE,"Reference","waterscaap pond amp aquarium plants","Poor compliance"
"Unrooted Cutting","Madagascar",TRUE,"Reference","Reference","Low compliance"
"Unrooted Cutting","Madagascar",TRUE,"Reference","miyar intl brokerage","Poor compliance"
"Unrooted Cutting","Madagascar",FALSE,"Reference","complete aquatic systems","Poor compliance"
"Unrooted Cutting","Madagascar",FALSE,"Reference","waterscaap pond amp aquarium plants","Poor compliance"
"Unrooted Cutting","Madagascar",FALSE,"Reference","Reference","Low compliance"
"Unrooted Cutting","Madagascar",FALSE,"Reference","miyar intl brokerage","Poor compliance"
"Unrooted Cutting","Brazil",TRUE,"Reference","Reference","Medium compliance"
"Unrooted Cutting","Brazil",TRUE,"Reference","costa farms","Poor compliance"
"Unrooted Cutting","Brazil",TRUE,"Reference","fleurizon","Poor compliance"
"Unrooted Cutting","Brazil",TRUE,"Reference","fb imports","Poor compliance"
"Unrooted Cutting","Brazil",TRUE,"Reference","united plant growers","Poor compliance"
"Unrooted Cutting","Brazil",TRUE,"Reference","foremost foliage inc dba foremostco","Poor compliance"
"Unrooted Cutting","Brazil",TRUE,"Reference","foremost foliage","Poor compliance"
"Unrooted Cutting","Brazil",TRUE,"Reference","express seed","Low compliance"
"Unrooted Cutting","Brazil",TRUE,"Reference","biostok","Poor compliance"
"Unrooted Cutting","Brazil",FALSE,"Reference","Reference","Medium compliance"
"Unrooted Cutting","Brazil",FALSE,"Reference","costa farms","Medium compliance"
"Unrooted Cutting","Brazil",FALSE,"Reference","fleurizon","Poor compliance"
"Unrooted Cutting","Brazil",FALSE,"Reference","fb imports","Poor compliance"
"Unrooted Cutting","Brazil",FALSE,"Reference","united plant growers","Low compliance"
"Unrooted Cutting","Brazil",FALSE,"Reference","foremost foliage inc dba foremostco","Low compliance"
"Unrooted Cutting","Brazil",FALSE,"Reference","foremost foliage","Low compliance"
"Unrooted Cutting","Brazil",FALSE,"Reference","express seed","Low compliance"
"Unrooted Cutting","Brazil",FALSE,"Reference","biostok","Poor compliance"
"Unrooted Cutting","United Kingdom of Great Britain and N. Ireland",TRUE,"Reference","Reference","Medium compliance"
"Unrooted Cutting","United Kingdom of Great Britain and N. Ireland",TRUE,"Reference","express seed","Low compliance"
"Unrooted Cutting","United Kingdom of Great Britain and N. Ireland",TRUE,"Reference","missing","Poor compliance"
"Unrooted Cutting","United Kingdom of Great Britain and N. Ireland",TRUE,"Reference","costa farms","Poor compliance"
"Unrooted Cutting","United Kingdom of Great Britain and N. Ireland",FALSE,"Reference","Reference","Medium compliance"
"Unrooted Cutting","United Kingdom of Great Britain and N. Ireland",FALSE,"Reference","express seed","Low compliance"
"Unrooted Cutting","United Kingdom of Great Britain and N. Ireland",FALSE,"Reference","missing","Medium compliance"
"Unrooted Cutting","United Kingdom of Great Britain and N. Ireland",FALSE,"Reference","costa farms","Medium compliance"
"Unrooted Cutting","Colombia",TRUE,"Reference","Reference","Medium compliance"
"Unrooted Cutting","Colombia",TRUE,"Reference","russells bromelaids","Poor compliance"
"Unrooted Cutting","Colombia",TRUE,"Reference","dockside management","Low compliance"
"Unrooted Cutting","Colombia",TRUE,"GENEROS ECUATORIANOS","Reference","Low compliance"
"Unrooted Cutting","Colombia",TRUE,"Reference","fb imports","Low compliance"
"Unrooted Cutting","Colombia",FALSE,"Reference","Reference","Medium compliance"
"Unrooted Cutting","Colombia",FALSE,"Reference","russells bromelaids","Low compliance"
"Unrooted Cutting","Colombia",FALSE,"Reference","dockside management","Medium compliance"
"Unrooted Cutting","Colombia",FALSE,"GENEROS ECUATORIANOS","Reference","Low compliance"
"Unrooted Cutting","Colombia",FALSE,"Reference","fb imports","Low compliance"
"Unrooted Cutting","Tanzania",TRUE,"Reference","Reference","Low compliance"
"Unrooted Cutting","Tanzania",TRUE,"Reference","express seed","Poor compliance"
"Unrooted Cutting","Tanzania",TRUE,"Reference","western cactus enterprises","Poor compliance"
"Unrooted Cutting","Tanzania",TRUE,"Reference","scott valentine","Poor compliance"
"Unrooted Cutting","Tanzania",TRUE,"Reference","miyar intl brokerage","Poor compliance"
"Unrooted Cutting","Tanzania",TRUE,"Reference","altman specialty plants","Poor compliance"
"Unrooted Cutting","Tanzania",TRUE,"Reference","ds cole growers","Poor compliance"
"Unrooted Cutting","Tanzania",FALSE,"Reference","Reference","Medium compliance"
"Unrooted Cutting","Tanzania",FALSE,"Reference","express seed","Poor compliance"
"Unrooted Cutting","Tanzania",FALSE,"Reference","western cactus enterprises","Poor compliance"
"Unrooted Cutting","Tanzania",FALSE,"Reference","scott valentine","Low compliance"
"Unrooted Cutting","Tanzania",FALSE,"Reference","miyar intl brokerage","Poor compliance"
"Unrooted Cutting","Tanzania",FALSE,"Reference","altman specialty plants","Poor compliance"
"Unrooted Cutting","Tanzania",FALSE,"Reference","ds cole growers","Low compliance"
"Unrooted Cutting","Czech Republic",TRUE,"Reference","missing","Poor compliance"
"Unrooted Cutting","Czech Republic",TRUE,"Reference","Reference","Medium compliance"
"Unrooted Cutting","Czech Republic",FALSE,"Reference","missing","Low compliance"
"Unrooted Cutting","Czech Republic",FALSE,"Reference","Reference","Medium compliance"
"Unrooted Cutting","New Zealand",TRUE,"Reference","Reference","Low compliance"
"Unrooted Cutting","New Zealand",TRUE,"Reference","missing","Poor compliance"
"Unrooted Cutting","New Zealand",FALSE,"Reference","Reference","Medium compliance"
"Unrooted Cutting","New Zealand",FALSE,"Reference","missing","Low compliance"
"Unrooted Cutting","Australia",TRUE,"Reference","Reference","Low compliance"
"Unrooted Cutting","Australia",TRUE,"Reference","missing","Poor compliance"
"Unrooted Cutting","Australia",TRUE,"Reference","miyar intl brokerage","Poor compliance"
"Unrooted Cutting","Australia",TRUE,"Reference","express seed","Poor compliance"
"Unrooted Cutting","Australia",FALSE,"Reference","Reference","Medium compliance"
"Unrooted Cutting","Australia",FALSE,"Reference","missing","Poor compliance"
"Unrooted Cutting","Australia",FALSE,"Reference","miyar intl brokerage","Poor compliance"
"Unrooted Cutting","Australia",FALSE,"Reference","express seed","Poor compliance"
"Unrooted Cutting","Nigeria",TRUE,"Reference","tat tristan g","Poor compliance"
"Unrooted Cutting","Nigeria",TRUE,"Reference","waterscaap pond amp aquarium plants","Poor compliance"
"Unrooted Cutting","Nigeria",TRUE,"Reference","Reference","Poor compliance"
"Unrooted Cutting","Nigeria",FALSE,"Reference","tat tristan g","Poor compliance"
"Unrooted Cutting","Nigeria",FALSE,"Reference","waterscaap pond amp aquarium plants","Poor compliance"
"Unrooted Cutting","Nigeria",FALSE,"Reference","Reference","Low compliance"
"Unrooted Cutting","Denmark",TRUE,"Reference","Reference","Low compliance"
"Unrooted Cutting","Denmark",TRUE,"Reference","costa farms","Poor compliance"
"Unrooted Cutting","Denmark",FALSE,"Reference","Reference","Low compliance"
"Unrooted Cutting","Denmark",FALSE,"Reference","costa farms","Poor compliance"
"Unrooted Cutting","Poland",TRUE,"Reference","missing","Poor compliance"
"Unrooted Cutting","Poland",TRUE,"Reference","foremost foliage inc dba foremostco","Poor compliance"
"Unrooted Cutting","Poland",TRUE,"Reference","Reference","Low compliance"
"Unrooted Cutting","Poland",TRUE,"Reference","mchutchison","Poor compliance"
"Unrooted Cutting","Poland",TRUE,"Reference","express seed","Poor compliance"
"Unrooted Cutting","Poland",TRUE,"Reference","scott valentine","Poor compliance"
"Unrooted Cutting","Poland",FALSE,"Reference","missing","Low compliance"
"Unrooted Cutting","Poland",FALSE,"Reference","foremost foliage inc dba foremostco","Poor compliance"
"Unrooted Cutting","Poland",FALSE,"Reference","Reference","Medium compliance"
"Unrooted Cutting","Poland",FALSE,"Reference","mchutchison","Low compliance"
"Unrooted Cutting","Poland",FALSE,"Reference","express seed","Low compliance"
"Unrooted Cutting","Poland",FALSE,"Reference","scott valentine","Low compliance"
"Unrooted Cutting","Ireland",TRUE,"Reference","Reference","Poor compliance"
"Unrooted Cutting","Ireland",TRUE,"Reference","foremost foliage","Poor compliance"
"Unrooted Cutting","Ireland",TRUE,"Reference","foremost foliage inc dba foremostco","Poor compliance"
"Unrooted Cutting","Ireland",FALSE,"Reference","Reference","Low compliance"
"Unrooted Cutting","Ireland",FALSE,"Reference","foremost foliage","Poor compliance"
"Unrooted Cutting","Ireland",FALSE,"Reference","foremost foliage inc dba foremostco","Poor compliance"
"Unrooted Cutting","Nicaragua",TRUE,"Reference","Reference","Medium compliance"
"Unrooted Cutting","Nicaragua",FALSE,"Reference","Reference","Medium compliance"
"Unrooted Cutting","Malaysia",TRUE,"Reference","Reference","Medium compliance"
"Unrooted Cutting","Malaysia",TRUE,"Reference","foremost foliage inc dba foremostco","Poor compliance"
"Unrooted Cutting","Malaysia",TRUE,"Reference","miyar intl brokerage","Poor compliance"
"Unrooted Cutting","Malaysia",TRUE,"Reference","foremost foliage","Poor compliance"
"Unrooted Cutting","Malaysia",TRUE,"Reference","biostok","Poor compliance"
"Unrooted Cutting","Malaysia",FALSE,"Reference","Reference","Medium compliance"
"Unrooted Cutting","Malaysia",FALSE,"Reference","foremost foliage inc dba foremostco","Poor compliance"
"Unrooted Cutting","Malaysia",FALSE,"Reference","miyar intl brokerage","Poor compliance"
"Unrooted Cutting","Malaysia",FALSE,"Reference","foremost foliage","Poor compliance"
"Unrooted Cutting","Malaysia",FALSE,"Reference","biostok","Poor compliance"
"Unrooted Cutting","Hong Kong",TRUE,"Reference","Reference","Poor compliance"
"Unrooted Cutting","Hong Kong",FALSE,"Reference","Reference","Low compliance"
"Unrooted Cutting","United States of America",TRUE,"Reference","missing","Poor compliance"
"Unrooted Cutting","United States of America",TRUE,"Reference","Reference","Low compliance"
"Unrooted Cutting","United States of America",TRUE,"Reference","foremost foliage inc dba foremostco","Poor compliance"
"Unrooted Cutting","United States of America",FALSE,"Reference","missing","Poor compliance"
"Unrooted Cutting","United States of America",FALSE,"Reference","Reference","Low compliance"
"Unrooted Cutting","United States of America",FALSE,"Reference","foremost foliage inc dba foremostco","Poor compliance"
"Unrooted Cutting","Chile",TRUE,"Reference","Reference","Low compliance"
"Unrooted Cutting","Chile",FALSE,"Reference","Reference","Medium compliance"
"Unrooted Cutting","Uganda",TRUE,"Reference","express seed","Low compliance"
"Unrooted Cutting","Uganda",TRUE,"Reference","Reference","Medium compliance"
"Unrooted Cutting","Uganda",TRUE,"Reference","costa farms","Poor compliance"
"Unrooted Cutting","Uganda",TRUE,"Reference","fleurizon","Poor compliance"
"Unrooted Cutting","Uganda",FALSE,"Reference","express seed","Low compliance"
"Unrooted Cutting","Uganda",FALSE,"Reference","Reference","Medium compliance"
"Unrooted Cutting","Uganda",FALSE,"Reference","costa farms","Medium compliance"
"Unrooted Cutting","Uganda",FALSE,"Reference","fleurizon","Poor compliance"
"Unrooted Cutting","Belgium",TRUE,"Reference","Reference","Medium compliance"
"Unrooted Cutting","Belgium",TRUE,"Reference","miyar intl brokerage","Poor compliance"
"Unrooted Cutting","Belgium",TRUE,"Reference","express seed","Low compliance"
"Unrooted Cutting","Belgium",FALSE,"Reference","Reference","Medium compliance"
"Unrooted Cutting","Belgium",FALSE,"Reference","miyar intl brokerage","Poor compliance"
"Unrooted Cutting","Belgium",FALSE,"Reference","express seed","Low compliance"
"Unrooted Cutting","Cameroon",TRUE,"Reference","Reference","Poor compliance"
"Unrooted Cutting","Cameroon",FALSE,"Reference","Reference","Low compliance"
"Unrooted Cutting","Ukraine",TRUE,"Reference","missing","Poor compliance"
"Unrooted Cutting","Ukraine",FALSE,"Reference","missing","Poor compliance"
"Unrooted Cutting","Luxembourg",TRUE,"Reference","missing","Poor compliance"
"Unrooted Cutting","Luxembourg",TRUE,"Reference","Reference","Low compliance"
"Unrooted Cutting","Luxembourg",FALSE,"Reference","missing","Low compliance"
"Unrooted Cutting","Luxembourg",FALSE,"Reference","Reference","Medium compliance"
"Unrooted Cutting","Peru",TRUE,"Reference","Reference","Medium compliance"
"Unrooted Cutting","Peru",TRUE,"ORNAMENTALES SAPO VERDE 801","foremost foliage","Poor compliance"
"Unrooted Cutting","Peru",TRUE,"Reference","miyar intl brokerage","Poor compliance"
"Unrooted Cutting","Peru",TRUE,"ORNAMENTALES SAPO VERDE 801","foremost foliage inc dba foremostco","Poor compliance"
"Unrooted Cutting","Peru",TRUE,"GENEROS ECUATORIANOS","Reference","Poor compliance"
"Unrooted Cutting","Peru",TRUE,"Reference","missing","Poor compliance"
"Unrooted Cutting","Peru",TRUE,"Reference","costa farms","Poor compliance"
"Unrooted Cutting","Peru",FALSE,"Reference","Reference","Medium compliance"
"Unrooted Cutting","Peru",FALSE,"ORNAMENTALES SAPO VERDE 801","foremost foliage","Poor compliance"
"Unrooted Cutting","Peru",FALSE,"Reference","miyar intl brokerage","Poor compliance"
"Unrooted Cutting","Peru",FALSE,"ORNAMENTALES SAPO VERDE 801","foremost foliage inc dba foremostco","Low compliance"
"Unrooted Cutting","Peru",FALSE,"GENEROS ECUATORIANOS","Reference","Poor compliance"
"Unrooted Cutting","Peru",FALSE,"Reference","missing","Low compliance"
"Unrooted Cutting","Peru",FALSE,"Reference","costa farms","Low compliance"
"Unrooted Cutting","Panama",TRUE,"Reference","Reference","Low compliance"
"Unrooted Cutting","Panama",FALSE,"Reference","Reference","Low compliance"
"Unrooted Cutting","Bulgaria",TRUE,"Reference","missing","Poor compliance"
"Unrooted Cutting","Bulgaria",FALSE,"Reference","missing","Poor compliance"
"Unrooted Cutting","Dominican Republic",TRUE,"COSTA","costa farms","Poor compliance"
"Unrooted Cutting","Dominican Republic",TRUE,"Reference","Reference","Medium compliance"
"Unrooted Cutting","Dominican Republic",TRUE,"Reference","fb imports","Poor compliance"
"Unrooted Cutting","Dominican Republic",TRUE,"Reference","costa farms","Poor compliance"
"Unrooted Cutting","Dominican Republic",FALSE,"COSTA","costa farms","Low compliance"
"Unrooted Cutting","Dominican Republic",FALSE,"Reference","Reference","Medium compliance"
"Unrooted Cutting","Dominican Republic",FALSE,"Reference","fb imports","Poor compliance"
"Unrooted Cutting","Dominican Republic",FALSE,"Reference","costa farms","Low compliance"
"Unrooted Cutting","Ecuador",TRUE,"Reference","graciana parker","Low compliance"
"Unrooted Cutting","Ecuador",TRUE,"GENEROS ECUATORIANOS","Reference","Low compliance"
"Unrooted Cutting","Ecuador",TRUE,"Reference","Reference","Medium compliance"
"Unrooted Cutting","Ecuador",TRUE,"JARDINES TERRAGARDEN","terra garden","Poor compliance"
"Unrooted Cutting","Ecuador",TRUE,"JARDINES TERRAGARDEN","Reference","Poor compliance"
"Unrooted Cutting","Ecuador",TRUE,"GENEROS ECUATORIANOS","omega customs brokers","Poor compliance"
"Unrooted Cutting","Ecuador",TRUE,"Reference","omega customs brokers","Poor compliance"
"Unrooted Cutting","Ecuador",TRUE,"Reference","missing","Poor compliance"
"Unrooted Cutting","Ecuador",FALSE,"Reference","graciana parker","Medium compliance"
"Unrooted Cutting","Ecuador",FALSE,"GENEROS ECUATORIANOS","Reference","Medium compliance"
"Unrooted Cutting","Ecuador",FALSE,"Reference","Reference","Medium compliance"
"Unrooted Cutting","Ecuador",FALSE,"JARDINES TERRAGARDEN","terra garden","Poor compliance"
"Unrooted Cutting","Ecuador",FALSE,"JARDINES TERRAGARDEN","Reference","Low compliance"
"Unrooted Cutting","Ecuador",FALSE,"GENEROS ECUATORIANOS","omega customs brokers","Low compliance"
"Unrooted Cutting","Ecuador",FALSE,"Reference","omega customs brokers","Low compliance"
"Unrooted Cutting","Ecuador",FALSE,"Reference","missing","Medium compliance"
"Unrooted Cutting","Honduras",TRUE,"AGRIGENTUM SA","Reference","Poor compliance"
"Unrooted Cutting","Honduras",TRUE,"Reference","Reference","Medium compliance"
"Unrooted Cutting","Honduras",TRUE,"Reference","costa farms","Poor compliance"
"Unrooted Cutting","Honduras",TRUE,"Reference","plant exports","Poor compliance"
"Unrooted Cutting","Honduras",TRUE,"Reference","express seed","Low compliance"
"Unrooted Cutting","Honduras",TRUE,"Reference","fleurizon","Poor compliance"
"Unrooted Cutting","Honduras",FALSE,"AGRIGENTUM SA","Reference","Medium compliance"
"Unrooted Cutting","Honduras",FALSE,"Reference","Reference","Medium compliance"
"Unrooted Cutting","Honduras",FALSE,"Reference","costa farms","Medium compliance"
"Unrooted Cutting","Honduras",FALSE,"Reference","plant exports","Poor compliance"
"Unrooted Cutting","Honduras",FALSE,"Reference","express seed","Low compliance"
"Unrooted Cutting","Honduras",FALSE,"Reference","fleurizon","Poor compliance"
"Unrooted Cutting","Guam",TRUE,"Reference","fb imports","Poor compliance"
"Unrooted Cutting","Guam",FALSE,"Reference","fb imports","Poor compliance"
"Unrooted Cutting","Mozambique",TRUE,"Reference","Reference","Poor compliance"
"Unrooted Cutting","Mozambique",FALSE,"Reference","Reference","Poor compliance"
"Unrooted Cutting","Guinea",TRUE,"Reference","green thumb marketing","Poor compliance"
"Unrooted Cutting","Guinea",FALSE,"Reference","green thumb marketing","Poor compliance"
"Unrooted Cutting","Trinidad and Tobago",TRUE,"Reference","Reference","Poor compliance"
"Unrooted Cutting","Trinidad and Tobago",FALSE,"Reference","Reference","Poor compliance"
"Unrooted Cutting","Sweden",TRUE,"Reference","Reference","Poor compliance"
"Unrooted Cutting","Sweden",FALSE,"Reference","Reference","Low compliance"
"Unrooted Cutting","Bolivia",TRUE,"Reference","Reference","Poor compliance"
"Unrooted Cutting","Bolivia",FALSE,"Reference","Reference","Poor compliance"
"Unrooted Cutting","Portugal",TRUE,"Reference","green plant cuttings usa","Poor compliance"
"Unrooted Cutting","Portugal",TRUE,"Reference","Reference","Medium compliance"
"Unrooted Cutting","Portugal",FALSE,"Reference","green plant cuttings usa","Low compliance"
"Unrooted Cutting","Portugal",FALSE,"Reference","Reference","Medium compliance"
"Unrooted Cutting","Canada",TRUE,"Reference","Reference","Low compliance"
"Unrooted Cutting","Canada",TRUE,"Reference","missing","Poor compliance"
"Unrooted Cutting","Canada",FALSE,"Reference","Reference","Medium compliance"
"Unrooted Cutting","Canada",FALSE,"Reference","missing","Poor compliance"
"Unrooted Cutting","Pakistan",TRUE,"Reference","Reference","Poor compliance"
"Unrooted Cutting","Pakistan",FALSE,"Reference","Reference","Poor compliance"
"Unrooted Cutting","Switzerland",TRUE,"Reference","Reference","Poor compliance"
"Unrooted Cutting","Switzerland",FALSE,"Reference","Reference","Low compliance"
"Unrooted Cutting","Barbados",TRUE,"Reference","Reference","Poor compliance"
"Unrooted Cutting","Barbados",FALSE,"Reference","Reference","Poor compliance"
"Unrooted Cutting","Antigua and Barbuda",TRUE,"Reference","Reference","Poor compliance"
"Unrooted Cutting","Antigua and Barbuda",FALSE,"Reference","Reference","Poor compliance"
"Unrooted Cutting","St. Lucia",TRUE,"Reference","Reference","Poor compliance"
"Unrooted Cutting","St. Lucia",FALSE,"Reference","Reference","Poor compliance"
"Unrooted Cutting","Belize",TRUE,"Reference","Reference","Poor compliance"
"Unrooted Cutting","Belize",FALSE,"Reference","Reference","Poor compliance"
"Unrooted Cutting","Ethiopia",TRUE,"Reference","Reference","Medium compliance"
"Unrooted Cutting","Ethiopia",FALSE,"Reference","Reference","Medium compliance"
"Unrooted Cutting","Nepal",TRUE,"Reference","Reference","Poor compliance"
"Unrooted Cutting","Nepal",FALSE,"Reference","Reference","Poor compliance"
"Unrooted Cutting","Senegal",TRUE,"Reference","Reference","Poor compliance"
"Unrooted Cutting","Senegal",FALSE,"Reference","Reference","Poor compliance"
"Unrooted Cutting","Gambia",TRUE,"Reference","Reference","Poor compliance"
"Unrooted Cutting","Gambia",FALSE,"Reference","Reference","Low compliance"
"Unrooted Cutting","Suriname",TRUE,"Reference","Reference","Poor compliance"
"Unrooted Cutting","Suriname",FALSE,"Reference","Reference","Poor compliance"
"Unrooted Cutting","US Virgin Islands",TRUE,"Reference","Reference","Poor compliance"
"Unrooted Cutting","US Virgin Islands",FALSE,"Reference","Reference","Low compliance"
"Rooted Cutting (including air layer)","Korea, South",TRUE,"xplant","Reference","Poor compliance"
"Rooted Cutting (including air layer)","Korea, South",TRUE,"xplant","missing","Poor compliance"
"Rooted Cutting (including air layer)","Korea, South",TRUE,"Reference","Reference","Medium compliance"
"Rooted Cutting (including air layer)","Korea, South",TRUE,"Reference","missing","Poor compliance"
"Rooted Cutting (including air layer)","Korea, South",TRUE,"Reference","western cactus enterprises","Poor compliance"
"Rooted Cutting (including air layer)","Korea, South",TRUE,"Reference","altman specialty plants","Poor compliance"
"Rooted Cutting (including air layer)","Korea, South",TRUE,"Reference","costa farms","Low compliance"
"Rooted Cutting (including air layer)","Korea, South",TRUE,"Reference","miyar intl brokerage","Poor compliance"
"Rooted Cutting (including air layer)","Korea, South",TRUE,"Reference","aksiporn saengfa","Poor compliance"
"Rooted Cutting (including air layer)","Korea, South",FALSE,"xplant","Reference","Medium compliance"
"Rooted Cutting (including air layer)","Korea, South",FALSE,"xplant","missing","Low compliance"
"Rooted Cutting (including air layer)","Korea, South",FALSE,"Reference","Reference","High compliance"
"Rooted Cutting (including air layer)","Korea, South",FALSE,"Reference","missing","Medium compliance"
"Rooted Cutting (including air layer)","Korea, South",FALSE,"Reference","western cactus enterprises","Medium compliance"
"Rooted Cutting (including air layer)","Korea, South",FALSE,"Reference","altman specialty plants","Low compliance"
"Rooted Cutting (including air layer)","Korea, South",FALSE,"Reference","costa farms","Medium compliance"
"Rooted Cutting (including air layer)","Korea, South",FALSE,"Reference","miyar intl brokerage","Low compliance"
"Rooted Cutting (including air layer)","Korea, South",FALSE,"Reference","aksiporn saengfa","Medium compliance"
"Rooted Cutting (including air layer)","Thailand",TRUE,"Reference","missing","Poor compliance"
"Rooted Cutting (including air layer)","Thailand",TRUE,"Escactus","missing","Poor compliance"
"Rooted Cutting (including air layer)","Thailand",TRUE,"Reference","Reference","Medium compliance"
"Rooted Cutting (including air layer)","Thailand",TRUE,"WALPAT AQUATIC","complete aquatic systems","Poor compliance"
"Rooted Cutting (including air layer)","Thailand",TRUE,"Reference","ultum nature systems","Medium compliance"
"Rooted Cutting (including air layer)","Thailand",TRUE,"WHITE ROSE EXPORT (THAILAND) LTD","complete aquatic systems","Poor compliance"
"Rooted Cutting (including air layer)","Thailand",TRUE,"Reference","siam flora","Low compliance"
"Rooted Cutting (including air layer)","Thailand",TRUE,"Reference","complete aquatic systems","Low compliance"
"Rooted Cutting (including air layer)","Thailand",TRUE,"Reference","tat tristan g","Poor compliance"
"Rooted Cutting (including air layer)","Thailand",TRUE,"Reference","united plant growers","Poor compliance"
"Rooted Cutting (including air layer)","Thailand",TRUE,"Natta 1565 Limited","Reference","Poor compliance"
"Rooted Cutting (including air layer)","Thailand",TRUE,"ALPINE TROPICAL PLANTS CO LTD","missing","Poor compliance"
"Rooted Cutting (including air layer)","Thailand",TRUE,"Reference","chen tian","Poor compliance"
"Rooted Cutting (including air layer)","Thailand",TRUE,"Reference","ds cole growers","Poor compliance"
"Rooted Cutting (including air layer)","Thailand",TRUE,"Reference","omega customs brokers","Poor compliance"
"Rooted Cutting (including air layer)","Thailand",TRUE,"Reference","aksiporn saengfa","Poor compliance"
"Rooted Cutting (including air layer)","Thailand",TRUE,"Kantapat Kaewpradith","Reference","Poor compliance"
"Rooted Cutting (including air layer)","Thailand",TRUE,"Escactus","Reference","Poor compliance"
"Rooted Cutting (including air layer)","Thailand",TRUE,"Reference","daniel baytosh","Poor compliance"
"Rooted Cutting (including air layer)","Thailand",TRUE,"Reference","miyar intl brokerage","Poor compliance"
"Rooted Cutting (including air layer)","Thailand",TRUE,"Bomb Takomfoo","Reference","Poor compliance"
"Rooted Cutting (including air layer)","Thailand",TRUE,"ALPINE TROPICAL PLANTS CO LTD","Reference","Poor compliance"
"Rooted Cutting (including air layer)","Thailand",TRUE,"Reference","foremost foliage inc dba foremostco","Poor compliance"
"Rooted Cutting (including air layer)","Thailand",TRUE,"Reference","fleurizon","Poor compliance"
"Rooted Cutting (including air layer)","Thailand",TRUE,"Reference","hanna gregor","Poor compliance"
"Rooted Cutting (including air layer)","Thailand",TRUE,"Reference","green plant cuttings usa","Poor compliance"
"Rooted Cutting (including air layer)","Thailand",TRUE,"GENEROS ECUATORIANOS","Reference","Poor compliance"
"Rooted Cutting (including air layer)","Thailand",TRUE,"Reference","waterscaap pond amp aquarium plants","Poor compliance"
"Rooted Cutting (including air layer)","Thailand",TRUE,"PT AQUATIC PLAN CENTRE INDONESIA","Reference","Low compliance"
"Rooted Cutting (including air layer)","Thailand",TRUE,"Reference","costa farms","Poor compliance"
"Rooted Cutting (including air layer)","Thailand",TRUE,"Reference","gubler orchids","Poor compliance"
"Rooted Cutting (including air layer)","Thailand",TRUE,"Reference","biostok","Poor compliance"
"Rooted Cutting (including air layer)","Thailand",TRUE,"Reference","perfect choice","Poor compliance"
"Rooted Cutting (including air layer)","Thailand",TRUE,"GENEROS ECUATORIANOS","hanna gregor","Poor compliance"
"Rooted Cutting (including air layer)","Thailand",TRUE,"Natta 1565 Limited","hanna gregor","Poor compliance"
"Rooted Cutting (including air layer)","Thailand",TRUE,"Reference","b c amp f brokerage","Poor compliance"
"Rooted Cutting (including air layer)","Thailand",TRUE,"Natta 1565 Limited","perfect choice","Poor compliance"
"Rooted Cutting (including air layer)","Thailand",TRUE,"Reference","foremost foliage","Poor compliance"
"Rooted Cutting (including air layer)","Thailand",TRUE,"Reference","mchutchison","Low compliance"
"Rooted Cutting (including air layer)","Thailand",TRUE,"Reference","express seed","Low compliance"
"Rooted Cutting (including air layer)","Thailand",FALSE,"Reference","missing","Medium compliance"
"Rooted Cutting (including air layer)","Thailand",FALSE,"Escactus","missing","Low compliance"
"Rooted Cutting (including air layer)","Thailand",FALSE,"Reference","Reference","Medium compliance"
"Rooted Cutting (including air layer)","Thailand",FALSE,"WALPAT AQUATIC","complete aquatic systems","Low compliance"
"Rooted Cutting (including air layer)","Thailand",FALSE,"Reference","ultum nature systems","Poor compliance"
"Rooted Cutting (including air layer)","Thailand",FALSE,"WHITE ROSE EXPORT (THAILAND) LTD","complete aquatic systems","Low compliance"
"Rooted Cutting (including air layer)","Thailand",FALSE,"Reference","siam flora","Low compliance"
"Rooted Cutting (including air layer)","Thailand",FALSE,"Reference","complete aquatic systems","Medium compliance"
"Rooted Cutting (including air layer)","Thailand",FALSE,"Reference","tat tristan g","Poor compliance"
"Rooted Cutting (including air layer)","Thailand",FALSE,"Reference","united plant growers","Low compliance"
"Rooted Cutting (including air layer)","Thailand",FALSE,"Natta 1565 Limited","Reference","Medium compliance"
"Rooted Cutting (including air layer)","Thailand",FALSE,"ALPINE TROPICAL PLANTS CO LTD","missing","Low compliance"
"Rooted Cutting (including air layer)","Thailand",FALSE,"Reference","chen tian","Poor compliance"
"Rooted Cutting (including air layer)","Thailand",FALSE,"Reference","ds cole growers","Medium compliance"
"Rooted Cutting (including air layer)","Thailand",FALSE,"Reference","omega customs brokers","Low compliance"
"Rooted Cutting (including air layer)","Thailand",FALSE,"Reference","aksiporn saengfa","Low compliance"
"Rooted Cutting (including air layer)","Thailand",FALSE,"Kantapat Kaewpradith","Reference","Medium compliance"
"Rooted Cutting (including air layer)","Thailand",FALSE,"Escactus","Reference","Medium compliance"
"Rooted Cutting (including air layer)","Thailand",FALSE,"Reference","daniel baytosh","Low compliance"
"Rooted Cutting (including air layer)","Thailand",FALSE,"Reference","miyar intl brokerage","Poor compliance"
"Rooted Cutting (including air layer)","Thailand",FALSE,"Bomb Takomfoo","Reference","Low compliance"
"Rooted Cutting (including air layer)","Thailand",FALSE,"ALPINE TROPICAL PLANTS CO LTD","Reference","Medium compliance"
"Rooted Cutting (including air layer)","Thailand",FALSE,"Reference","foremost foliage inc dba foremostco","Low compliance"
"Rooted Cutting (including air layer)","Thailand",FALSE,"Reference","fleurizon","Poor compliance"
"Rooted Cutting (including air layer)","Thailand",FALSE,"Reference","hanna gregor","Low compliance"
"Rooted Cutting (including air layer)","Thailand",FALSE,"Reference","green plant cuttings usa","Low compliance"
"Rooted Cutting (including air layer)","Thailand",FALSE,"GENEROS ECUATORIANOS","Reference","Low compliance"
"Rooted Cutting (including air layer)","Thailand",FALSE,"Reference","waterscaap pond amp aquarium plants","Poor compliance"
"Rooted Cutting (including air layer)","Thailand",FALSE,"PT AQUATIC PLAN CENTRE INDONESIA","Reference","Medium compliance"
"Rooted Cutting (including air layer)","Thailand",FALSE,"Reference","costa farms","Medium compliance"
"Rooted Cutting (including air layer)","Thailand",FALSE,"Reference","gubler orchids","Poor compliance"
"Rooted Cutting (including air layer)","Thailand",FALSE,"Reference","biostok","Poor compliance"
"Rooted Cutting (including air layer)","Thailand",FALSE,"Reference","perfect choice","Poor compliance"
"Rooted Cutting (including air layer)","Thailand",FALSE,"GENEROS ECUATORIANOS","hanna gregor","Poor compliance"
"Rooted Cutting (including air layer)","Thailand",FALSE,"Natta 1565 Limited","hanna gregor","Poor compliance"
"Rooted Cutting (including air layer)","Thailand",FALSE,"Reference","b c amp f brokerage","Low compliance"
"Rooted Cutting (including air layer)","Thailand",FALSE,"Natta 1565 Limited","perfect choice","Poor compliance"
"Rooted Cutting (including air layer)","Thailand",FALSE,"Reference","foremost foliage","Low compliance"
"Rooted Cutting (including air layer)","Thailand",FALSE,"Reference","mchutchison","Medium compliance"
"Rooted Cutting (including air layer)","Thailand",FALSE,"Reference","express seed","Low compliance"
"Rooted Cutting (including air layer)","Indonesia",TRUE,"CV Jawadipa Nusantara","Reference","Poor compliance"
"Rooted Cutting (including air layer)","Indonesia",TRUE,"Reference","Reference","Medium compliance"
"Rooted Cutting (including air layer)","Indonesia",TRUE,"Nisa Garden","Reference","Poor compliance"
"Rooted Cutting (including air layer)","Indonesia",TRUE,"CV Okanoka Multi Usaha","stephanie schouten","Poor compliance"
"Rooted Cutting (including air layer)","Indonesia",TRUE,"CV AESTETICH","Reference","Poor compliance"
"Rooted Cutting (including air layer)","Indonesia",TRUE,"Sekar Wana Jaya","joni suhartomo","Poor compliance"
"Rooted Cutting (including air layer)","Indonesia",TRUE,"CV Okanoka Multi Usaha","Reference","Poor compliance"
"Rooted Cutting (including air layer)","Indonesia",TRUE,"CV KEBUN INDAH","Reference","Poor compliance"
"Rooted Cutting (including air layer)","Indonesia",TRUE,"Sekar Wana Jaya","Reference","Poor compliance"
"Rooted Cutting (including air layer)","Indonesia",TRUE,"Reference","joni suhartomo","Poor compliance"
"Rooted Cutting (including air layer)","Indonesia",TRUE,"Sekar Wana Jaya","missing","Poor compliance"
"Rooted Cutting (including air layer)","Indonesia",TRUE,"Reference","tat tristan g","Poor compliance"
"Rooted Cutting (including air layer)","Indonesia",TRUE,"PT AQUATIC PLAN CENTRE INDONESIA","complete aquatic systems","Poor compliance"
"Rooted Cutting (including air layer)","Indonesia",TRUE,"Reference","ultum nature systems","Low compliance"
"Rooted Cutting (including air layer)","Indonesia",TRUE,"CV KEBUN INDAH","stephanie schouten","Poor compliance"
"Rooted Cutting (including air layer)","Indonesia",TRUE,"Reference","missing","Poor compliance"
"Rooted Cutting (including air layer)","Indonesia",TRUE,"Nisa Garden","missing","Poor compliance"
"Rooted Cutting (including air layer)","Indonesia",TRUE,"Reference","stephanie schouten","Poor compliance"
"Rooted Cutting (including air layer)","Indonesia",TRUE,"CV Jawadipa Nusantara","puspa ariani pande ketut","Poor compliance"
"Rooted Cutting (including air layer)","Indonesia",TRUE,"Reference","waterscaap pond amp aquarium plants","Poor compliance"
"Rooted Cutting (including air layer)","Indonesia",TRUE,"Reference","costa farms","Poor compliance"
"Rooted Cutting (including air layer)","Indonesia",TRUE,"Reference","foremost foliage","Poor compliance"
"Rooted Cutting (including air layer)","Indonesia",TRUE,"PT AQUATIC PLAN CENTRE INDONESIA","Reference","Poor compliance"
"Rooted Cutting (including air layer)","Indonesia",TRUE,"Reference","miyar intl brokerage","Poor compliance"
"Rooted Cutting (including air layer)","Indonesia",TRUE,"Reference","foremost foliage inc dba foremostco","Poor compliance"
"Rooted Cutting (including air layer)","Indonesia",TRUE,"PT AQUATIC PLAN CENTRE INDONESIA","waterscaap pond amp aquarium plants","Poor compliance"
"Rooted Cutting (including air layer)","Indonesia",TRUE,"Reference","perfect choice","Poor compliance"
"Rooted Cutting (including air layer)","Indonesia",TRUE,"CV AESTETICH","missing","Poor compliance"
"Rooted Cutting (including air layer)","Indonesia",TRUE,"CV KEBUN INDAH","missing","Poor compliance"
"Rooted Cutting (including air layer)","Indonesia",TRUE,"CV Jawadipa Nusantara","missing","Poor compliance"
"Rooted Cutting (including air layer)","Indonesia",TRUE,"Reference","biostok","Poor compliance"
"Rooted Cutting (including air layer)","Indonesia",TRUE,"CV KEBUN INDAH","hanna gregor","Poor compliance"
"Rooted Cutting (including air layer)","Indonesia",TRUE,"Nisa Garden","hanna gregor","Poor compliance"
"Rooted Cutting (including air layer)","Indonesia",TRUE,"Reference","hanna gregor","Poor compliance"
"Rooted Cutting (including air layer)","Indonesia",TRUE,"Reference","omega customs brokers","Poor compliance"
"Rooted Cutting (including air layer)","Indonesia",TRUE,"Reference","puspa ariani pande ketut","Poor compliance"
"Rooted Cutting (including air layer)","Indonesia",TRUE,"Reference","express seed","Poor compliance"
"Rooted Cutting (including air layer)","Indonesia",FALSE,"CV Jawadipa Nusantara","Reference","Low compliance"
"Rooted Cutting (including air layer)","Indonesia",FALSE,"Reference","Reference","Medium compliance"
"Rooted Cutting (including air layer)","Indonesia",FALSE,"Nisa Garden","Reference","Low compliance"
"Rooted Cutting (including air layer)","Indonesia",FALSE,"CV Okanoka Multi Usaha","stephanie schouten","Poor compliance"
"Rooted Cutting (including air layer)","Indonesia",FALSE,"CV AESTETICH","Reference","Medium compliance"
"Rooted Cutting (including air layer)","Indonesia",FALSE,"Sekar Wana Jaya","joni suhartomo","Poor compliance"
"Rooted Cutting (including air layer)","Indonesia",FALSE,"CV Okanoka Multi Usaha","Reference","Low compliance"
"Rooted Cutting (including air layer)","Indonesia",FALSE,"CV KEBUN INDAH","Reference","Poor compliance"
"Rooted Cutting (including air layer)","Indonesia",FALSE,"Sekar Wana Jaya","Reference","Low compliance"
"Rooted Cutting (including air layer)","Indonesia",FALSE,"Reference","joni suhartomo","Poor compliance"
"Rooted Cutting (including air layer)","Indonesia",FALSE,"Sekar Wana Jaya","missing","Poor compliance"
"Rooted Cutting (including air layer)","Indonesia",FALSE,"Reference","tat tristan g","Poor compliance"
"Rooted Cutting (including air layer)","Indonesia",FALSE,"PT AQUATIC PLAN CENTRE INDONESIA","complete aquatic systems","Poor compliance"
"Rooted Cutting (including air layer)","Indonesia",FALSE,"Reference","ultum nature systems","Poor compliance"
"Rooted Cutting (including air layer)","Indonesia",FALSE,"CV KEBUN INDAH","stephanie schouten","Poor compliance"
"Rooted Cutting (including air layer)","Indonesia",FALSE,"Reference","missing","Low compliance"
"Rooted Cutting (including air layer)","Indonesia",FALSE,"Nisa Garden","missing","Poor compliance"
"Rooted Cutting (including air layer)","Indonesia",FALSE,"Reference","stephanie schouten","Poor compliance"
"Rooted Cutting (including air layer)","Indonesia",FALSE,"CV Jawadipa Nusantara","puspa ariani pande ketut","Poor compliance"
"Rooted Cutting (including air layer)","Indonesia",FALSE,"Reference","waterscaap pond amp aquarium plants","Poor compliance"
"Rooted Cutting (including air layer)","Indonesia",FALSE,"Reference","costa farms","Low compliance"
"Rooted Cutting (including air layer)","Indonesia",FALSE,"Reference","foremost foliage","Poor compliance"
"Rooted Cutting (including air layer)","Indonesia",FALSE,"PT AQUATIC PLAN CENTRE INDONESIA","Reference","Medium compliance"
"Rooted Cutting (including air layer)","Indonesia",FALSE,"Reference","miyar intl brokerage","Poor compliance"
"Rooted Cutting (including air layer)","Indonesia",FALSE,"Reference","foremost foliage inc dba foremostco","Poor compliance"
"Rooted Cutting (including air layer)","Indonesia",FALSE,"PT AQUATIC PLAN CENTRE INDONESIA","waterscaap pond amp aquarium plants","Poor compliance"
"Rooted Cutting (including air layer)","Indonesia",FALSE,"Reference","perfect choice","Poor compliance"
"Rooted Cutting (including air layer)","Indonesia",FALSE,"CV AESTETICH","missing","Low compliance"
"Rooted Cutting (including air layer)","Indonesia",FALSE,"CV KEBUN INDAH","missing","Poor compliance"
"Rooted Cutting (including air layer)","Indonesia",FALSE,"CV Jawadipa Nusantara","missing","Poor compliance"
"Rooted Cutting (including air layer)","Indonesia",FALSE,"Reference","biostok","Poor compliance"
"Rooted Cutting (including air layer)","Indonesia",FALSE,"CV KEBUN INDAH","hanna gregor","Poor compliance"
"Rooted Cutting (including air layer)","Indonesia",FALSE,"Nisa Garden","hanna gregor","Poor compliance"
"Rooted Cutting (including air layer)","Indonesia",FALSE,"Reference","hanna gregor","Poor compliance"
"Rooted Cutting (including air layer)","Indonesia",FALSE,"Reference","omega customs brokers","Poor compliance"
"Rooted Cutting (including air layer)","Indonesia",FALSE,"Reference","puspa ariani pande ketut","Poor compliance"
"Rooted Cutting (including air layer)","Indonesia",FALSE,"Reference","express seed","Poor compliance"
"Rooted Cutting (including air layer)","Philippines",TRUE,"Reference","missing","Poor compliance"
"Rooted Cutting (including air layer)","Philippines",TRUE,"Reference","Reference","Medium compliance"
"Rooted Cutting (including air layer)","Philippines",TRUE,"Reference","omega customs brokers","Poor compliance"
"Rooted Cutting (including air layer)","Philippines",TRUE,"Reference","aksiporn saengfa","Poor compliance"
"Rooted Cutting (including air layer)","Philippines",FALSE,"Reference","missing","Low compliance"
"Rooted Cutting (including air layer)","Philippines",FALSE,"Reference","Reference","Medium compliance"
"Rooted Cutting (including air layer)","Philippines",FALSE,"Reference","omega customs brokers","Poor compliance"
"Rooted Cutting (including air layer)","Philippines",FALSE,"Reference","aksiporn saengfa","Low compliance"
"Rooted Cutting (including air layer)","Austria",TRUE,"Reference","missing","Poor compliance"
"Rooted Cutting (including air layer)","Austria",TRUE,"Reference","Reference","Low compliance"
"Rooted Cutting (including air layer)","Austria",FALSE,"Reference","missing","Low compliance"
"Rooted Cutting (including air layer)","Austria",FALSE,"Reference","Reference","Medium compliance"
"Rooted Cutting (including air layer)","Mexico",TRUE,"Reference","Reference","Medium compliance"
"Rooted Cutting (including air layer)","Mexico",TRUE,"Reference","scott valentine","Poor compliance"
"Rooted Cutting (including air layer)","Mexico",TRUE,"Reference","express seed","Low compliance"
"Rooted Cutting (including air layer)","Mexico",TRUE,"Reference","costa farms","Low compliance"
"Rooted Cutting (including air layer)","Mexico",TRUE,"Reference","missing","Poor compliance"
"Rooted Cutting (including air layer)","Mexico",FALSE,"Reference","Reference","High compliance"
"Rooted Cutting (including air layer)","Mexico",FALSE,"Reference","scott valentine","Medium compliance"
"Rooted Cutting (including air layer)","Mexico",FALSE,"Reference","express seed","Low compliance"
"Rooted Cutting (including air layer)","Mexico",FALSE,"Reference","costa farms","Medium compliance"
"Rooted Cutting (including air layer)","Mexico",FALSE,"Reference","missing","Medium compliance"
"Rooted Cutting (including air layer)","China",TRUE,"Reference","Reference","Medium compliance"
"Rooted Cutting (including air layer)","China",TRUE,"Reference","missing","Poor compliance"
"Rooted Cutting (including air layer)","China",TRUE,"KUNMING TAODUROU HORTICULUTURE C","mimi nursery","Poor compliance"
"Rooted Cutting (including air layer)","China",TRUE,"KUNMING TAODUROU HORTICULUTURE C","Reference","Poor compliance"
"Rooted Cutting (including air layer)","China",TRUE,"Reference","costa farms","Poor compliance"
"Rooted Cutting (including air layer)","China",TRUE,"SHANDONG HUAYUCHENG AGRICULTURAL","Reference","Poor compliance"
"Rooted Cutting (including air layer)","China",TRUE,"SHANDONG HUAYUCHENG AGRICULTURAL","mimi nursery","Poor compliance"
"Rooted Cutting (including air layer)","China",TRUE,"ZHANGZHOU BANRUO","united plant growers","Poor compliance"
"Rooted Cutting (including air layer)","China",TRUE,"Reference","chen tian","Poor compliance"
"Rooted Cutting (including air layer)","China",TRUE,"ZHANGZHOU BANRUO","foremost foliage","Poor compliance"
"Rooted Cutting (including air layer)","China",TRUE,"Reference","fleurizon","Poor compliance"
"Rooted Cutting (including air layer)","China",TRUE,"ZHANGZHOU BANRUO","Reference","Poor compliance"
"Rooted Cutting (including air layer)","China",TRUE,"Reference","united plant growers","Poor compliance"
"Rooted Cutting (including air layer)","China",TRUE,"Reference","express seed","Poor compliance"
"Rooted Cutting (including air layer)","China",TRUE,"Reference","western cactus enterprises","Poor compliance"
"Rooted Cutting (including air layer)","China",TRUE,"KUNMING TAODUROU HORTICULUTURE C","missing","Poor compliance"
"Rooted Cutting (including air layer)","China",TRUE,"Reference","complete aquatic systems","Poor compliance"
"Rooted Cutting (including air layer)","China",TRUE,"Reference","foremost foliage","Poor compliance"
"Rooted Cutting (including air layer)","China",TRUE,"Reference","mimi nursery","Low compliance"
"Rooted Cutting (including air layer)","China",TRUE,"Reference","perfect choice","Poor compliance"
"Rooted Cutting (including air layer)","China",TRUE,"Reference","green plant cuttings usa","Poor compliance"
"Rooted Cutting (including air layer)","China",TRUE,"Reference","mchutchison","Poor compliance"
"Rooted Cutting (including air layer)","China",TRUE,"ZHANGZHOU BANRUO","fleurizon","Poor compliance"
"Rooted Cutting (including air layer)","China",TRUE,"Reference","foremost foliage inc dba foremostco","Poor compliance"
"Rooted Cutting (including air layer)","China",TRUE,"Reference","biostok","Poor compliance"
"Rooted Cutting (including air layer)","China",TRUE,"ZHANGZHOU BANRUO","express seed","Poor compliance"
"Rooted Cutting (including air layer)","China",TRUE,"ZHANGZHOU BANRUO","foremost foliage inc dba foremostco","Poor compliance"
"Rooted Cutting (including air layer)","China",TRUE,"Reference","miyar intl brokerage","Poor compliance"
"Rooted Cutting (including air layer)","China",TRUE,"ZHANGZHOU BANRUO","costa farms","Poor compliance"
"Rooted Cutting (including air layer)","China",TRUE,"ZHANGZHOU BANRUO","green plant cuttings usa","Poor compliance"
"Rooted Cutting (including air layer)","China",TRUE,"Reference","omega customs brokers","Poor compliance"
"Rooted Cutting (including air layer)","China",TRUE,"Reference","altman specialty plants","Poor compliance"
"Rooted Cutting (including air layer)","China",TRUE,"Reference","scott valentine","Poor compliance"
"Rooted Cutting (including air layer)","China",TRUE,"Reference","kurt weiss greenhouse","Poor compliance"
"Rooted Cutting (including air layer)","China",TRUE,"SHANDONG HUAYUCHENG AGRICULTURAL","missing","Poor compliance"
"Rooted Cutting (including air layer)","China",FALSE,"Reference","Reference","Medium compliance"
"Rooted Cutting (including air layer)","China",FALSE,"Reference","missing","Low compliance"
"Rooted Cutting (including air layer)","China",FALSE,"KUNMING TAODUROU HORTICULUTURE C","mimi nursery","Poor compliance"
"Rooted Cutting (including air layer)","China",FALSE,"KUNMING TAODUROU HORTICULUTURE C","Reference","Low compliance"
"Rooted Cutting (including air layer)","China",FALSE,"Reference","costa farms","Low compliance"
"Rooted Cutting (including air layer)","China",FALSE,"SHANDONG HUAYUCHENG AGRICULTURAL","Reference","Medium compliance"
"Rooted Cutting (including air layer)","China",FALSE,"SHANDONG HUAYUCHENG AGRICULTURAL","mimi nursery","Poor compliance"
"Rooted Cutting (including air layer)","China",FALSE,"ZHANGZHOU BANRUO","united plant growers","Low compliance"
"Rooted Cutting (including air layer)","China",FALSE,"Reference","chen tian","Poor compliance"
"Rooted Cutting (including air layer)","China",FALSE,"ZHANGZHOU BANRUO","foremost foliage","Low compliance"
"Rooted Cutting (including air layer)","China",FALSE,"Reference","fleurizon","Poor compliance"
"Rooted Cutting (including air layer)","China",FALSE,"ZHANGZHOU BANRUO","Reference","Medium compliance"
"Rooted Cutting (including air layer)","China",FALSE,"Reference","united plant growers","Low compliance"
"Rooted Cutting (including air layer)","China",FALSE,"Reference","express seed","Low compliance"
"Rooted Cutting (including air layer)","China",FALSE,"Reference","western cactus enterprises","Low compliance"
"Rooted Cutting (including air layer)","China",FALSE,"KUNMING TAODUROU HORTICULUTURE C","missing","Low compliance"
"Rooted Cutting (including air layer)","China",FALSE,"Reference","complete aquatic systems","Low compliance"
"Rooted Cutting (including air layer)","China",FALSE,"Reference","foremost foliage","Low compliance"
"Rooted Cutting (including air layer)","China",FALSE,"Reference","mimi nursery","Low compliance"
"Rooted Cutting (including air layer)","China",FALSE,"Reference","perfect choice","Poor compliance"
"Rooted Cutting (including air layer)","China",FALSE,"Reference","green plant cuttings usa","Low compliance"
"Rooted Cutting (including air layer)","China",FALSE,"Reference","mchutchison","Low compliance"
"Rooted Cutting (including air layer)","China",FALSE,"ZHANGZHOU BANRUO","fleurizon","Poor compliance"
"Rooted Cutting (including air layer)","China",FALSE,"Reference","foremost foliage inc dba foremostco","Low compliance"
"Rooted Cutting (including air layer)","China",FALSE,"Reference","biostok","Poor compliance"
"Rooted Cutting (including air layer)","China",FALSE,"ZHANGZHOU BANRUO","express seed","Low compliance"
"Rooted Cutting (including air layer)","China",FALSE,"ZHANGZHOU BANRUO","foremost foliage inc dba foremostco","Low compliance"
"Rooted Cutting (including air layer)","China",FALSE,"Reference","miyar intl brokerage","Poor compliance"
"Rooted Cutting (including air layer)","China",FALSE,"ZHANGZHOU BANRUO","costa farms","Low compliance"
"Rooted Cutting (including air layer)","China",FALSE,"ZHANGZHOU BANRUO","green plant cuttings usa","Low compliance"
"Rooted Cutting (including air layer)","China",FALSE,"Reference","omega customs brokers","Low compliance"
"Rooted Cutting (including air layer)","China",FALSE,"Reference","altman specialty plants","Low compliance"
"Rooted Cutting (including air layer)","China",FALSE,"Reference","scott valentine","Low compliance"
"Rooted Cutting (including air layer)","China",FALSE,"Reference","kurt weiss greenhouse","Medium compliance"
"Rooted Cutting (including air layer)","China",FALSE,"SHANDONG HUAYUCHENG AGRICULTURAL","missing","Low compliance"
"Rooted Cutting (including air layer)","Taiwan",TRUE,"Reference","missing","Poor compliance"
"Rooted Cutting (including air layer)","Taiwan",TRUE,"Reference","Reference","Medium compliance"
"Rooted Cutting (including air layer)","Taiwan",TRUE,"Reference","gubler orchids","Poor compliance"
"Rooted Cutting (including air layer)","Taiwan",TRUE,"Reference","costa farms","Low compliance"
"Rooted Cutting (including air layer)","Taiwan",TRUE,"Reference","united plant growers","Poor compliance"
"Rooted Cutting (including air layer)","Taiwan",TRUE,"Reference","altman specialty plants","Poor compliance"
"Rooted Cutting (including air layer)","Taiwan",TRUE,"Reference","foremost foliage","Poor compliance"
"Rooted Cutting (including air layer)","Taiwan",TRUE,"Reference","biostok","Poor compliance"
"Rooted Cutting (including air layer)","Taiwan",TRUE,"Reference","miyar intl brokerage","Poor compliance"
"Rooted Cutting (including air layer)","Taiwan",TRUE,"Reference","perfect choice","Poor compliance"
"Rooted Cutting (including air layer)","Taiwan",TRUE,"Reference","foremost foliage inc dba foremostco","Low compliance"
"Rooted Cutting (including air layer)","Taiwan",TRUE,"Reference","omega customs brokers","Poor compliance"
"Rooted Cutting (including air layer)","Taiwan",TRUE,"Reference","b c amp f brokerage","Poor compliance"
"Rooted Cutting (including air layer)","Taiwan",TRUE,"Reference","express seed","Low compliance"
"Rooted Cutting (including air layer)","Taiwan",FALSE,"Reference","missing","Medium compliance"
"Rooted Cutting (including air layer)","Taiwan",FALSE,"Reference","Reference","High compliance"
"Rooted Cutting (including air layer)","Taiwan",FALSE,"Reference","gubler orchids","Poor compliance"
"Rooted Cutting (including air layer)","Taiwan",FALSE,"Reference","costa farms","Medium compliance"
"Rooted Cutting (including air layer)","Taiwan",FALSE,"Reference","united plant growers","Medium compliance"
"Rooted Cutting (including air layer)","Taiwan",FALSE,"Reference","altman specialty plants","Low compliance"
"Rooted Cutting (including air layer)","Taiwan",FALSE,"Reference","foremost foliage","Low compliance"
"Rooted Cutting (including air layer)","Taiwan",FALSE,"Reference","biostok","Low compliance"
"Rooted Cutting (including air layer)","Taiwan",FALSE,"Reference","miyar intl brokerage","Poor compliance"
"Rooted Cutting (including air layer)","Taiwan",FALSE,"Reference","perfect choice","Low compliance"
"Rooted Cutting (including air layer)","Taiwan",FALSE,"Reference","foremost foliage inc dba foremostco","Low compliance"
"Rooted Cutting (including air layer)","Taiwan",FALSE,"Reference","omega customs brokers","Low compliance"
"Rooted Cutting (including air layer)","Taiwan",FALSE,"Reference","b c amp f brokerage","Medium compliance"
"Rooted Cutting (including air layer)","Taiwan",FALSE,"Reference","express seed","Medium compliance"
"Rooted Cutting (including air layer)","South Africa",TRUE,"Reference","Reference","Medium compliance"
"Rooted Cutting (including air layer)","South Africa",TRUE,"Reference","missing","Poor compliance"
"Rooted Cutting (including air layer)","South Africa",TRUE,"Reference","costa farms","Poor compliance"
"Rooted Cutting (including air layer)","South Africa",TRUE,"Reference","miyar intl brokerage","Poor compliance"
"Rooted Cutting (including air layer)","South Africa",TRUE,"Reference","foremost foliage","Poor compliance"
"Rooted Cutting (including air layer)","South Africa",TRUE,"Reference","express seed","Poor compliance"
"Rooted Cutting (including air layer)","South Africa",FALSE,"Reference","Reference","Medium compliance"
"Rooted Cutting (including air layer)","South Africa",FALSE,"Reference","missing","Low compliance"
"Rooted Cutting (including air layer)","South Africa",FALSE,"Reference","costa farms","Low compliance"
"Rooted Cutting (including air layer)","South Africa",FALSE,"Reference","miyar intl brokerage","Poor compliance"
"Rooted Cutting (including air layer)","South Africa",FALSE,"Reference","foremost foliage","Poor compliance"
"Rooted Cutting (including air layer)","South Africa",FALSE,"Reference","express seed","Low compliance"
"Rooted Cutting (including air layer)","Hungary",TRUE,"Reference","Reference","Low compliance"
"Rooted Cutting (including air layer)","Hungary",TRUE,"Reference","missing","Poor compliance"
"Rooted Cutting (including air layer)","Hungary",FALSE,"Reference","Reference","Medium compliance"
"Rooted Cutting (including air layer)","Hungary",FALSE,"Reference","missing","Poor compliance"
"Rooted Cutting (including air layer)","Latvia",TRUE,"Reference","missing","Poor compliance"
"Rooted Cutting (including air layer)","Latvia",FALSE,"Reference","missing","Low compliance"
"Rooted Cutting (including air layer)","Japan",TRUE,"Reference","missing","Poor compliance"
"Rooted Cutting (including air layer)","Japan",TRUE,"Reference","Reference","Medium compliance"
"Rooted Cutting (including air layer)","Japan",TRUE,"Reference","foremost foliage","Poor compliance"
"Rooted Cutting (including air layer)","Japan",TRUE,"Reference","omega customs brokers","Poor compliance"
"Rooted Cutting (including air layer)","Japan",TRUE,"Reference","mchutchison","Poor compliance"
"Rooted Cutting (including air layer)","Japan",FALSE,"Reference","missing","Medium compliance"
"Rooted Cutting (including air layer)","Japan",FALSE,"Reference","Reference","Medium compliance"
"Rooted Cutting (including air layer)","Japan",FALSE,"Reference","foremost foliage","Low compliance"
"Rooted Cutting (including air layer)","Japan",FALSE,"Reference","omega customs brokers","Low compliance"
"Rooted Cutting (including air layer)","Japan",FALSE,"Reference","mchutchison","Low compliance"
"Rooted Cutting (including air layer)","Italy",TRUE,"Reference","Reference","Medium compliance"
"Rooted Cutting (including air layer)","Italy",TRUE,"Reference","western cactus enterprises","Poor compliance"
"Rooted Cutting (including air layer)","Italy",TRUE,"Reference","missing","Poor compliance"
"Rooted Cutting (including air layer)","Italy",TRUE,"Reference","primaflora international lp","Poor compliance"
"Rooted Cutting (including air layer)","Italy",TRUE,"Reference","costa farms","Poor compliance"
"Rooted Cutting (including air layer)","Italy",TRUE,"Reference","express seed","Poor compliance"
"Rooted Cutting (including air layer)","Italy",TRUE,"Reference","ds cole growers","Poor compliance"
"Rooted Cutting (including air layer)","Italy",FALSE,"Reference","Reference","Medium compliance"
"Rooted Cutting (including air layer)","Italy",FALSE,"Reference","western cactus enterprises","Low compliance"
"Rooted Cutting (including air layer)","Italy",FALSE,"Reference","missing","Low compliance"
"Rooted Cutting (including air layer)","Italy",FALSE,"Reference","primaflora international lp","Low compliance"
"Rooted Cutting (including air layer)","Italy",FALSE,"Reference","costa farms","Low compliance"
"Rooted Cutting (including air layer)","Italy",FALSE,"Reference","express seed","Poor compliance"
"Rooted Cutting (including air layer)","Italy",FALSE,"Reference","ds cole growers","Low compliance"
"Rooted Cutting (including air layer)","El Salvador",TRUE,"Reference","Reference","Medium compliance"
"Rooted Cutting (including air layer)","El Salvador",TRUE,"Reference","primaflora international lp","Low compliance"
"Rooted Cutting (including air layer)","El Salvador",TRUE,"Reference","foremost foliage inc dba foremostco","Poor compliance"
"Rooted Cutting (including air layer)","El Salvador",TRUE,"Reference","foremost foliage","Poor compliance"
"Rooted Cutting (including air layer)","El Salvador",FALSE,"Reference","Reference","Medium compliance"
"Rooted Cutting (including air layer)","El Salvador",FALSE,"Reference","primaflora international lp","Medium compliance"
"Rooted Cutting (including air layer)","El Salvador",FALSE,"Reference","foremost foliage inc dba foremostco","Low compliance"
"Rooted Cutting (including air layer)","El Salvador",FALSE,"Reference","foremost foliage","Low compliance"
"Rooted Cutting (including air layer)","India",TRUE,"Reference","Reference","Medium compliance"
"Rooted Cutting (including air layer)","India",TRUE,"Reference","bill moore and company","Poor compliance"
"Rooted Cutting (including air layer)","India",TRUE,"Reference","fleurizon","Poor compliance"
"Rooted Cutting (including air layer)","India",TRUE,"TROPICA NURSERY","foremost foliage inc dba foremostco","Poor compliance"
"Rooted Cutting (including air layer)","India",TRUE,"TROPICA NURSERY","fleurizon","Poor compliance"
"Rooted Cutting (including air layer)","India",TRUE,"TROPICA NURSERY","bill moore and company","Poor compliance"
"Rooted Cutting (including air layer)","India",TRUE,"Reference","foremost foliage inc dba foremostco","Low compliance"
"Rooted Cutting (including air layer)","India",TRUE,"TROPICA NURSERY","express seed","Poor compliance"
"Rooted Cutting (including air layer)","India",TRUE,"Reference","mchutchison","Low compliance"
"Rooted Cutting (including air layer)","India",TRUE,"TROPICA NURSERY","scott valentine","Poor compliance"
"Rooted Cutting (including air layer)","India",TRUE,"Reference","costa farms","Low compliance"
"Rooted Cutting (including air layer)","India",TRUE,"Reference","foremost foliage","Poor compliance"
"Rooted Cutting (including air layer)","India",TRUE,"Reference","express seed","Low compliance"
"Rooted Cutting (including air layer)","India",TRUE,"Reference","kurt weiss greenhouse","Low compliance"
"Rooted Cutting (including air layer)","India",FALSE,"Reference","Reference","High compliance"
"Rooted Cutting (including air layer)","India",FALSE,"Reference","bill moore and company","Low compliance"
"Rooted Cutting (including air layer)","India",FALSE,"Reference","fleurizon","Low compliance"
"Rooted Cutting (including air layer)","India",FALSE,"TROPICA NURSERY","foremost foliage inc dba foremostco","Poor compliance"
"Rooted Cutting (including air layer)","India",FALSE,"TROPICA NURSERY","fleurizon","Poor compliance"
"Rooted Cutting (including air layer)","India",FALSE,"TROPICA NURSERY","bill moore and company","Poor compliance"
"Rooted Cutting (including air layer)","India",FALSE,"Reference","foremost foliage inc dba foremostco","Low compliance"
"Rooted Cutting (including air layer)","India",FALSE,"TROPICA NURSERY","express seed","Low compliance"
"Rooted Cutting (including air layer)","India",FALSE,"Reference","mchutchison","Medium compliance"
"Rooted Cutting (including air layer)","India",FALSE,"TROPICA NURSERY","scott valentine","Low compliance"
"Rooted Cutting (including air layer)","India",FALSE,"Reference","costa farms","Medium compliance"
"Rooted Cutting (including air layer)","India",FALSE,"Reference","foremost foliage","Low compliance"
"Rooted Cutting (including air layer)","India",FALSE,"Reference","express seed","Medium compliance"
"Rooted Cutting (including air layer)","India",FALSE,"Reference","kurt weiss greenhouse","Medium compliance"
"Rooted Cutting (including air layer)","Viet Nam",TRUE,"Reference","Reference","Medium compliance"
"Rooted Cutting (including air layer)","Viet Nam",TRUE,"Reference","scott valentine","Poor compliance"
"Rooted Cutting (including air layer)","Viet Nam",TRUE,"Reference","costa farms","Low compliance"
"Rooted Cutting (including air layer)","Viet Nam",TRUE,"Reference","perfect choice","Poor compliance"
"Rooted Cutting (including air layer)","Viet Nam",TRUE,"Reference","miyar intl brokerage","Poor compliance"
"Rooted Cutting (including air layer)","Viet Nam",TRUE,"Reference","express seed","Low compliance"
"Rooted Cutting (including air layer)","Viet Nam",TRUE,"Reference","missing","Poor compliance"
"Rooted Cutting (including air layer)","Viet Nam",FALSE,"Reference","Reference","Medium compliance"
"Rooted Cutting (including air layer)","Viet Nam",FALSE,"Reference","scott valentine","Medium compliance"
"Rooted Cutting (including air layer)","Viet Nam",FALSE,"Reference","costa farms","Medium compliance"
"Rooted Cutting (including air layer)","Viet Nam",FALSE,"Reference","perfect choice","Poor compliance"
"Rooted Cutting (including air layer)","Viet Nam",FALSE,"Reference","miyar intl brokerage","Poor compliance"
"Rooted Cutting (including air layer)","Viet Nam",FALSE,"Reference","express seed","Low compliance"
"Rooted Cutting (including air layer)","Viet Nam",FALSE,"Reference","missing","Medium compliance"
"Rooted Cutting (including air layer)","Guatemala",TRUE,"INVERSIONES AGROCOMERCIALE","Reference","Low compliance"
"Rooted Cutting (including air layer)","Guatemala",TRUE,"IVAGRO SA","primaflora international lp","Low compliance"
"Rooted Cutting (including air layer)","Guatemala",TRUE,"LA FLORESTA ORNAMENTALES","primaflora international lp","Poor compliance"
"Rooted Cutting (including air layer)","Guatemala",TRUE,"Reference","Reference","Medium compliance"
"Rooted Cutting (including air layer)","Guatemala",TRUE,"Reference","primaflora international lp","Low compliance"
"Rooted Cutting (including air layer)","Guatemala",TRUE,"QUELETZU SA","primaflora international lp","Low compliance"
"Rooted Cutting (including air layer)","Guatemala",TRUE,"TUCAN EXPORT","primaflora international lp","Poor compliance"
"Rooted Cutting (including air layer)","Guatemala",TRUE,"IVAGRO SA","Reference","Medium compliance"
"Rooted Cutting (including air layer)","Guatemala",TRUE,"Reference","altman specialty plants","Poor compliance"
"Rooted Cutting (including air layer)","Guatemala",TRUE,"Guatexotic","primaflora international lp","Poor compliance"
"Rooted Cutting (including air layer)","Guatemala",TRUE,"Reference","western cactus enterprises","Poor compliance"
"Rooted Cutting (including air layer)","Guatemala",TRUE,"TUCAN EXPORT","Reference","Poor compliance"
"Rooted Cutting (including air layer)","Guatemala",TRUE,"IVAGRO SA","foremost foliage inc dba foremostco","Poor compliance"
"Rooted Cutting (including air layer)","Guatemala",TRUE,"LA FLORESTA ORNAMENTALES","foremost foliage inc dba foremostco","Poor compliance"
"Rooted Cutting (including air layer)","Guatemala",TRUE,"Reference","foremost foliage inc dba foremostco","Poor compliance"
"Rooted Cutting (including air layer)","Guatemala",TRUE,"IVAGRO SA","florica farmsinc","Poor compliance"
"Rooted Cutting (including air layer)","Guatemala",TRUE,"LA FLORESTA ORNAMENTALES","south florida plant services","Poor compliance"
"Rooted Cutting (including air layer)","Guatemala",TRUE,"Reference","south florida plant services","Poor compliance"
"Rooted Cutting (including air layer)","Guatemala",TRUE,"Guatexotic","fb imports","Poor compliance"
"Rooted Cutting (including air layer)","Guatemala",TRUE,"IVAGRO SA","fb imports","Poor compliance"
"Rooted Cutting (including air layer)","Guatemala",TRUE,"Reference","fb imports","Poor compliance"
"Rooted Cutting (including air layer)","Guatemala",TRUE,"INVERSIONES LUA SA","scott valentine","Poor compliance"
"Rooted Cutting (including air layer)","Guatemala",TRUE,"Reference","costa farms","Poor compliance"
"Rooted Cutting (including air layer)","Guatemala",TRUE,"INVERSIONES LUA SA","costa farms","Poor compliance"
"Rooted Cutting (including air layer)","Guatemala",TRUE,"TUCAN EXPORT","b c amp f brokerage","Poor compliance"
"Rooted Cutting (including air layer)","Guatemala",TRUE,"PLANTEXPO","jurakan usainc","Low compliance"
"Rooted Cutting (including air layer)","Guatemala",TRUE,"Reference","foremost foliage","Poor compliance"
"Rooted Cutting (including air layer)","Guatemala",TRUE,"AGRO KOMPASS S A","foremost foliage","Poor compliance"
"Rooted Cutting (including air layer)","Guatemala",TRUE,"IVAGRO SA","foremost foliage","Poor compliance"
"Rooted Cutting (including air layer)","Guatemala",TRUE,"QUELETZU SA","foremost foliage","Poor compliance"
"Rooted Cutting (including air layer)","Guatemala",TRUE,"Los Pinos Poptum","foremost foliage","Poor compliance"
"Rooted Cutting (including air layer)","Guatemala",TRUE,"AGRO KOMPASS S A","jurakan usainc","Poor compliance"
"Rooted Cutting (including air layer)","Guatemala",TRUE,"LA FLORESTA ORNAMENTALES","costa farms","Poor compliance"
"Rooted Cutting (including air layer)","Guatemala",TRUE,"LA FLORESTA ORNAMENTALES","florica farmsinc","Poor compliance"
"Rooted Cutting (including air layer)","Guatemala",TRUE,"IVAGRO SA","south florida plant services","Poor compliance"
"Rooted Cutting (including air layer)","Guatemala",TRUE,"IVAGRO SA","plant exports","Poor compliance"
"Rooted Cutting (including air layer)","Guatemala",TRUE,"Guatexotic","Reference","Low compliance"
"Rooted Cutting (including air layer)","Guatemala",TRUE,"Plant Investments","scott valentine","Poor compliance"
"Rooted Cutting (including air layer)","Guatemala",TRUE,"Reference","fleurizon","Poor compliance"
"Rooted Cutting (including air layer)","Guatemala",TRUE,"Reference","russells bromelaids","Poor compliance"
"Rooted Cutting (including air layer)","Guatemala",TRUE,"TUCAN EXPORT","russells bromelaids","Poor compliance"
"Rooted Cutting (including air layer)","Guatemala",TRUE,"Reference","florica farmsinc","Poor compliance"
"Rooted Cutting (including air layer)","Guatemala",TRUE,"Corporacion Bonanza","florica farmsinc","Poor compliance"
"Rooted Cutting (including air layer)","Guatemala",TRUE,"Los Pinos Poptum","foremost foliage inc dba foremostco","Poor compliance"
"Rooted Cutting (including air layer)","Guatemala",TRUE,"QUELETZU SA","foremost foliage inc dba foremostco","Poor compliance"
"Rooted Cutting (including air layer)","Guatemala",TRUE,"LA FLORESTA ORNAMENTALES","Reference","Poor compliance"
"Rooted Cutting (including air layer)","Guatemala",TRUE,"Corporacion Bonanza","costa farms","Poor compliance"
"Rooted Cutting (including air layer)","Guatemala",TRUE,"Reference","jurakan usainc","Low compliance"
"Rooted Cutting (including air layer)","Guatemala",TRUE,"Corporacion Bonanza","Reference","Poor compliance"
"Rooted Cutting (including air layer)","Guatemala",TRUE,"Los Pinos Poptum","plant exports","Poor compliance"
"Rooted Cutting (including air layer)","Guatemala",TRUE,"Plant Investments","express seed","Poor compliance"
"Rooted Cutting (including air layer)","Guatemala",TRUE,"TUCAN EXPORT","fb imports","Poor compliance"
"Rooted Cutting (including air layer)","Guatemala",TRUE,"Plant Investments","mchutchison","Poor compliance"
"Rooted Cutting (including air layer)","Guatemala",TRUE,"Reference","dockside management","Low compliance"
"Rooted Cutting (including air layer)","Guatemala",TRUE,"INVERSIONES LUA SA","plant exports","Poor compliance"
"Rooted Cutting (including air layer)","Guatemala",TRUE,"Plant Investments","foremost foliage inc dba foremostco","Poor compliance"
"Rooted Cutting (including air layer)","Guatemala",TRUE,"INVERSIONES AGROCOMERCIALE","fb imports","Poor compliance"
"Rooted Cutting (including air layer)","Guatemala",TRUE,"Reference","plant exports","Poor compliance"
"Rooted Cutting (including air layer)","Guatemala",TRUE,"INVERSIONES LUA SA","Reference","Low compliance"
"Rooted Cutting (including air layer)","Guatemala",TRUE,"LA FLORESTA ORNAMENTALES","mchutchison","Poor compliance"
"Rooted Cutting (including air layer)","Guatemala",TRUE,"QUELETZU SA","Reference","Low compliance"
"Rooted Cutting (including air layer)","Guatemala",TRUE,"COSTA","costa farms","Poor compliance"
"Rooted Cutting (including air layer)","Guatemala",TRUE,"Los Pinos Poptum","Reference","Poor compliance"
"Rooted Cutting (including air layer)","Guatemala",TRUE,"QUELETZU SA","south florida plant services","Poor compliance"
"Rooted Cutting (including air layer)","Guatemala",TRUE,"Reference","ds cole growers","Poor compliance"
"Rooted Cutting (including air layer)","Guatemala",TRUE,"IVAGRO SA","scott valentine","Poor compliance"
"Rooted Cutting (including air layer)","Guatemala",TRUE,"PRODUCTOS EL MAPACHE DE ALAJUELA","plant exports","Poor compliance"
"Rooted Cutting (including air layer)","Guatemala",TRUE,"QUELETZU SA","fb imports","Poor compliance"
"Rooted Cutting (including air layer)","Guatemala",TRUE,"Reference","mchutchison","Low compliance"
"Rooted Cutting (including air layer)","Guatemala",TRUE,"INVERSIONES AGROCOMERCIALE","foremost foliage inc dba foremostco","Poor compliance"
"Rooted Cutting (including air layer)","Guatemala",TRUE,"LA FLORESTA ORNAMENTALES","plant exports","Poor compliance"
"Rooted Cutting (including air layer)","Guatemala",TRUE,"IVAGRO SA","costa farms","Poor compliance"
"Rooted Cutting (including air layer)","Guatemala",TRUE,"Reference","aura botanical","Poor compliance"
"Rooted Cutting (including air layer)","Guatemala",TRUE,"INVERSIONES AGROCOMERCIALE","costa farms","Poor compliance"
"Rooted Cutting (including air layer)","Guatemala",TRUE,"Guatexotic","foremost foliage inc dba foremostco","Poor compliance"
"Rooted Cutting (including air layer)","Guatemala",TRUE,"AGRO KOMPASS S A","foremost foliage inc dba foremostco","Poor compliance"
"Rooted Cutting (including air layer)","Guatemala",TRUE,"LA FLORESTA ORNAMENTALES","foremost foliage","Poor compliance"
"Rooted Cutting (including air layer)","Guatemala",TRUE,"QUELETZU SA","florica farmsinc","Poor compliance"
"Rooted Cutting (including air layer)","Guatemala",TRUE,"Guatexotic","costa farms","Poor compliance"
"Rooted Cutting (including air layer)","Guatemala",TRUE,"INVERSIONES LUA SA","fb imports","Poor compliance"
"Rooted Cutting (including air layer)","Guatemala",TRUE,"INVERSIONES AGROCOMERCIALE","florica farmsinc","Poor compliance"
"Rooted Cutting (including air layer)","Guatemala",TRUE,"Reference","express seed","Low compliance"
"Rooted Cutting (including air layer)","Guatemala",TRUE,"INVERSIONES AGROCOMERCIALE","foremost foliage","Poor compliance"
"Rooted Cutting (including air layer)","Guatemala",TRUE,"CERCA DEL PARAISO SA","Reference","Poor compliance"
"Rooted Cutting (including air layer)","Guatemala",TRUE,"IVAGRO SA","express seed","Poor compliance"
"Rooted Cutting (including air layer)","Guatemala",TRUE,"INVERSIONES LUA SA","express seed","Poor compliance"
"Rooted Cutting (including air layer)","Guatemala",TRUE,"Plant Investments","florica farmsinc","Poor compliance"
"Rooted Cutting (including air layer)","Guatemala",TRUE,"Reference","scott valentine","Poor compliance"
"Rooted Cutting (including air layer)","Guatemala",TRUE,"Reference","missing","Poor compliance"
"Rooted Cutting (including air layer)","Guatemala",FALSE,"INVERSIONES AGROCOMERCIALE","Reference","Medium compliance"
"Rooted Cutting (including air layer)","Guatemala",FALSE,"IVAGRO SA","primaflora international lp","Medium compliance"
"Rooted Cutting (including air layer)","Guatemala",FALSE,"LA FLORESTA ORNAMENTALES","primaflora international lp","Low compliance"
"Rooted Cutting (including air layer)","Guatemala",FALSE,"Reference","Reference","High compliance"
"Rooted Cutting (including air layer)","Guatemala",FALSE,"Reference","primaflora international lp","Medium compliance"
"Rooted Cutting (including air layer)","Guatemala",FALSE,"QUELETZU SA","primaflora international lp","Medium compliance"
"Rooted Cutting (including air layer)","Guatemala",FALSE,"TUCAN EXPORT","primaflora international lp","Low compliance"
"Rooted Cutting (including air layer)","Guatemala",FALSE,"IVAGRO SA","Reference","Medium compliance"
"Rooted Cutting (including air layer)","Guatemala",FALSE,"Reference","altman specialty plants","Low compliance"
"Rooted Cutting (including air layer)","Guatemala",FALSE,"Guatexotic","primaflora international lp","Medium compliance"
"Rooted Cutting (including air layer)","Guatemala",FALSE,"Reference","western cactus enterprises","Medium compliance"
"Rooted Cutting (including air layer)","Guatemala",FALSE,"TUCAN EXPORT","Reference","Medium compliance"
"Rooted Cutting (including air layer)","Guatemala",FALSE,"IVAGRO SA","foremost foliage inc dba foremostco","Low compliance"
"Rooted Cutting (including air layer)","Guatemala",FALSE,"LA FLORESTA ORNAMENTALES","foremost foliage inc dba foremostco","Poor compliance"
"Rooted Cutting (including air layer)","Guatemala",FALSE,"Reference","foremost foliage inc dba foremostco","Low compliance"
"Rooted Cutting (including air layer)","Guatemala",FALSE,"IVAGRO SA","florica farmsinc","Low compliance"
"Rooted Cutting (including air layer)","Guatemala",FALSE,"LA FLORESTA ORNAMENTALES","south florida plant services","Low compliance"
"Rooted Cutting (including air layer)","Guatemala",FALSE,"Reference","south florida plant services","Medium compliance"
"Rooted Cutting (including air layer)","Guatemala",FALSE,"Guatexotic","fb imports","Poor compliance"
"Rooted Cutting (including air layer)","Guatemala",FALSE,"IVAGRO SA","fb imports","Poor compliance"
"Rooted Cutting (including air layer)","Guatemala",FALSE,"Reference","fb imports","Poor compliance"
"Rooted Cutting (including air layer)","Guatemala",FALSE,"INVERSIONES LUA SA","scott valentine","Low compliance"
"Rooted Cutting (including air layer)","Guatemala",FALSE,"Reference","costa farms","Medium compliance"
"Rooted Cutting (including air layer)","Guatemala",FALSE,"INVERSIONES LUA SA","costa farms","Low compliance"
"Rooted Cutting (including air layer)","Guatemala",FALSE,"TUCAN EXPORT","b c amp f brokerage","Low compliance"
"Rooted Cutting (including air layer)","Guatemala",FALSE,"PLANTEXPO","jurakan usainc","Medium compliance"
"Rooted Cutting (including air layer)","Guatemala",FALSE,"Reference","foremost foliage","Low compliance"
"Rooted Cutting (including air layer)","Guatemala",FALSE,"AGRO KOMPASS S A","foremost foliage","Low compliance"
"Rooted Cutting (including air layer)","Guatemala",FALSE,"IVAGRO SA","foremost foliage","Low compliance"
"Rooted Cutting (including air layer)","Guatemala",FALSE,"QUELETZU SA","foremost foliage","Low compliance"
"Rooted Cutting (including air layer)","Guatemala",FALSE,"Los Pinos Poptum","foremost foliage","Poor compliance"
"Rooted Cutting (including air layer)","Guatemala",FALSE,"AGRO KOMPASS S A","jurakan usainc","Medium compliance"
"Rooted Cutting (including air layer)","Guatemala",FALSE,"LA FLORESTA ORNAMENTALES","costa farms","Low compliance"
"Rooted Cutting (including air layer)","Guatemala",FALSE,"LA FLORESTA ORNAMENTALES","florica farmsinc","Poor compliance"
"Rooted Cutting (including air layer)","Guatemala",FALSE,"IVAGRO SA","south florida plant services","Medium compliance"
"Rooted Cutting (including air layer)","Guatemala",FALSE,"IVAGRO SA","plant exports","Poor compliance"
"Rooted Cutting (including air layer)","Guatemala",FALSE,"Guatexotic","Reference","Medium compliance"
"Rooted Cutting (including air layer)","Guatemala",FALSE,"Plant Investments","scott valentine","Poor compliance"
"Rooted Cutting (including air layer)","Guatemala",FALSE,"Reference","fleurizon","Poor compliance"
"Rooted Cutting (including air layer)","Guatemala",FALSE,"Reference","russells bromelaids","Poor compliance"
"Rooted Cutting (including air layer)","Guatemala",FALSE,"TUCAN EXPORT","russells bromelaids","Poor compliance"
"Rooted Cutting (including air layer)","Guatemala",FALSE,"Reference","florica farmsinc","Low compliance"
"Rooted Cutting (including air layer)","Guatemala",FALSE,"Corporacion Bonanza","florica farmsinc","Poor compliance"
"Rooted Cutting (including air layer)","Guatemala",FALSE,"Los Pinos Poptum","foremost foliage inc dba foremostco","Low compliance"
"Rooted Cutting (including air layer)","Guatemala",FALSE,"QUELETZU SA","foremost foliage inc dba foremostco","Low compliance"
"Rooted Cutting (including air layer)","Guatemala",FALSE,"LA FLORESTA ORNAMENTALES","Reference","Medium compliance"
"Rooted Cutting (including air layer)","Guatemala",FALSE,"Corporacion Bonanza","costa farms","Low compliance"
"Rooted Cutting (including air layer)","Guatemala",FALSE,"Reference","jurakan usainc","Medium compliance"
"Rooted Cutting (including air layer)","Guatemala",FALSE,"Corporacion Bonanza","Reference","Medium compliance"
"Rooted Cutting (including air layer)","Guatemala",FALSE,"Los Pinos Poptum","plant exports","Poor compliance"
"Rooted Cutting (including air layer)","Guatemala",FALSE,"Plant Investments","express seed","Poor compliance"
"Rooted Cutting (including air layer)","Guatemala",FALSE,"TUCAN EXPORT","fb imports","Poor compliance"
"Rooted Cutting (including air layer)","Guatemala",FALSE,"Plant Investments","mchutchison","Poor compliance"
"Rooted Cutting (including air layer)","Guatemala",FALSE,"Reference","dockside management","Medium compliance"
"Rooted Cutting (including air layer)","Guatemala",FALSE,"INVERSIONES LUA SA","plant exports","Poor compliance"
"Rooted Cutting (including air layer)","Guatemala",FALSE,"Plant Investments","foremost foliage inc dba foremostco","Poor compliance"
"Rooted Cutting (including air layer)","Guatemala",FALSE,"INVERSIONES AGROCOMERCIALE","fb imports","Poor compliance"
"Rooted Cutting (including air layer)","Guatemala",FALSE,"Reference","plant exports","Poor compliance"
"Rooted Cutting (including air layer)","Guatemala",FALSE,"INVERSIONES LUA SA","Reference","Medium compliance"
"Rooted Cutting (including air layer)","Guatemala",FALSE,"LA FLORESTA ORNAMENTALES","mchutchison","Low compliance"
"Rooted Cutting (including air layer)","Guatemala",FALSE,"QUELETZU SA","Reference","Medium compliance"
"Rooted Cutting (including air layer)","Guatemala",FALSE,"COSTA","costa farms","Medium compliance"
"Rooted Cutting (including air layer)","Guatemala",FALSE,"Los Pinos Poptum","Reference","Medium compliance"
"Rooted Cutting (including air layer)","Guatemala",FALSE,"QUELETZU SA","south florida plant services","Low compliance"
"Rooted Cutting (including air layer)","Guatemala",FALSE,"Reference","ds cole growers","Medium compliance"
"Rooted Cutting (including air layer)","Guatemala",FALSE,"IVAGRO SA","scott valentine","Medium compliance"
"Rooted Cutting (including air layer)","Guatemala",FALSE,"PRODUCTOS EL MAPACHE DE ALAJUELA","plant exports","Poor compliance"
"Rooted Cutting (including air layer)","Guatemala",FALSE,"QUELETZU SA","fb imports","Poor compliance"
"Rooted Cutting (including air layer)","Guatemala",FALSE,"Reference","mchutchison","Medium compliance"
"Rooted Cutting (including air layer)","Guatemala",FALSE,"INVERSIONES AGROCOMERCIALE","foremost foliage inc dba foremostco","Poor compliance"
"Rooted Cutting (including air layer)","Guatemala",FALSE,"LA FLORESTA ORNAMENTALES","plant exports","Poor compliance"
"Rooted Cutting (including air layer)","Guatemala",FALSE,"IVAGRO SA","costa farms","Medium compliance"
"Rooted Cutting (including air layer)","Guatemala",FALSE,"Reference","aura botanical","Medium compliance"
"Rooted Cutting (including air layer)","Guatemala",FALSE,"INVERSIONES AGROCOMERCIALE","costa farms","Low compliance"
"Rooted Cutting (including air layer)","Guatemala",FALSE,"Guatexotic","foremost foliage inc dba foremostco","Low compliance"
"Rooted Cutting (including air layer)","Guatemala",FALSE,"AGRO KOMPASS S A","foremost foliage inc dba foremostco","Low compliance"
"Rooted Cutting (including air layer)","Guatemala",FALSE,"LA FLORESTA ORNAMENTALES","foremost foliage","Poor compliance"
"Rooted Cutting (including air layer)","Guatemala",FALSE,"QUELETZU SA","florica farmsinc","Poor compliance"
"Rooted Cutting (including air layer)","Guatemala",FALSE,"Guatexotic","costa farms","Medium compliance"
"Rooted Cutting (including air layer)","Guatemala",FALSE,"INVERSIONES LUA SA","fb imports","Poor compliance"
"Rooted Cutting (including air layer)","Guatemala",FALSE,"INVERSIONES AGROCOMERCIALE","florica farmsinc","Low compliance"
"Rooted Cutting (including air layer)","Guatemala",FALSE,"Reference","express seed","Low compliance"
"Rooted Cutting (including air layer)","Guatemala",FALSE,"INVERSIONES AGROCOMERCIALE","foremost foliage","Poor compliance"
"Rooted Cutting (including air layer)","Guatemala",FALSE,"CERCA DEL PARAISO SA","Reference","Medium compliance"
"Rooted Cutting (including air layer)","Guatemala",FALSE,"IVAGRO SA","express seed","Low compliance"
"Rooted Cutting (including air layer)","Guatemala",FALSE,"INVERSIONES LUA SA","express seed","Low compliance"
"Rooted Cutting (including air layer)","Guatemala",FALSE,"Plant Investments","florica farmsinc","Poor compliance"
"Rooted Cutting (including air layer)","Guatemala",FALSE,"Reference","scott valentine","Medium compliance"
"Rooted Cutting (including air layer)","Guatemala",FALSE,"Reference","missing","Medium compliance"
"Rooted Cutting (including air layer)","Sri Lanka",TRUE,"Reference","Reference","Medium compliance"
"Rooted Cutting (including air layer)","Sri Lanka",TRUE,"Reference","complete aquatic systems","Low compliance"
"Rooted Cutting (including air layer)","Sri Lanka",TRUE,"Reference","costa farms","Poor compliance"
"Rooted Cutting (including air layer)","Sri Lanka",TRUE,"Reference","fleurizon","Poor compliance"
"Rooted Cutting (including air layer)","Sri Lanka",TRUE,"Reference","mchutchison","Low compliance"
"Rooted Cutting (including air layer)","Sri Lanka",TRUE,"Reference","biostok","Poor compliance"
"Rooted Cutting (including air layer)","Sri Lanka",TRUE,"Reference","green thumb marketing","Poor compliance"
"Rooted Cutting (including air layer)","Sri Lanka",FALSE,"Reference","Reference","Medium compliance"
"Rooted Cutting (including air layer)","Sri Lanka",FALSE,"Reference","complete aquatic systems","Low compliance"
"Rooted Cutting (including air layer)","Sri Lanka",FALSE,"Reference","costa farms","Medium compliance"
"Rooted Cutting (including air layer)","Sri Lanka",FALSE,"Reference","fleurizon","Poor compliance"
"Rooted Cutting (including air layer)","Sri Lanka",FALSE,"Reference","mchutchison","Medium compliance"
"Rooted Cutting (including air layer)","Sri Lanka",FALSE,"Reference","biostok","Poor compliance"
"Rooted Cutting (including air layer)","Sri Lanka",FALSE,"Reference","green thumb marketing","Poor compliance"
"Rooted Cutting (including air layer)","Netherlands",TRUE,"Reference","Reference","Medium compliance"
"Rooted Cutting (including air layer)","Netherlands",TRUE,"Reference","primaflora international lp","Medium compliance"
"Rooted Cutting (including air layer)","Netherlands",TRUE,"Reference","united plant growers","Poor compliance"
"Rooted Cutting (including air layer)","Netherlands",TRUE,"Reference","scott valentine","Poor compliance"
"Rooted Cutting (including air layer)","Netherlands",TRUE,"Reference","express seed","Low compliance"
"Rooted Cutting (including air layer)","Netherlands",TRUE,"Reference","western cactus enterprises","Poor compliance"
"Rooted Cutting (including air layer)","Netherlands",TRUE,"Reference","foremost foliage inc dba foremostco","Poor compliance"
"Rooted Cutting (including air layer)","Netherlands",TRUE,"Reference","ds cole growers","Low compliance"
"Rooted Cutting (including air layer)","Netherlands",TRUE,"Reference","fleurizon","Poor compliance"
"Rooted Cutting (including air layer)","Netherlands",TRUE,"Reference","costa farms","Poor compliance"
"Rooted Cutting (including air layer)","Netherlands",TRUE,"Reference","biostok","Poor compliance"
"Rooted Cutting (including air layer)","Netherlands",TRUE,"Reference","gubler orchids","Poor compliance"
"Rooted Cutting (including air layer)","Netherlands",TRUE,"Reference","b c amp f brokerage","Poor compliance"
"Rooted Cutting (including air layer)","Netherlands",TRUE,"Reference","foremost foliage","Poor compliance"
"Rooted Cutting (including air layer)","Netherlands",TRUE,"Reference","green plant cuttings usa","Poor compliance"
"Rooted Cutting (including air layer)","Netherlands",TRUE,"Reference","omega customs brokers","Poor compliance"
"Rooted Cutting (including air layer)","Netherlands",TRUE,"Reference","missing","Poor compliance"
"Rooted Cutting (including air layer)","Netherlands",TRUE,"Reference","bill moore and company","Poor compliance"
"Rooted Cutting (including air layer)","Netherlands",TRUE,"Reference","altman specialty plants","Poor compliance"
"Rooted Cutting (including air layer)","Netherlands",TRUE,"Reference","mchutchison","Low compliance"
"Rooted Cutting (including air layer)","Netherlands",TRUE,"Reference","kurt weiss greenhouse","Low compliance"
"Rooted Cutting (including air layer)","Netherlands",FALSE,"Reference","Reference","High compliance"
"Rooted Cutting (including air layer)","Netherlands",FALSE,"Reference","primaflora international lp","Medium compliance"
"Rooted Cutting (including air layer)","Netherlands",FALSE,"Reference","united plant growers","Medium compliance"
"Rooted Cutting (including air layer)","Netherlands",FALSE,"Reference","scott valentine","Medium compliance"
"Rooted Cutting (including air layer)","Netherlands",FALSE,"Reference","express seed","Low compliance"
"Rooted Cutting (including air layer)","Netherlands",FALSE,"Reference","western cactus enterprises","Medium compliance"
"Rooted Cutting (including air layer)","Netherlands",FALSE,"Reference","foremost foliage inc dba foremostco","Low compliance"
"Rooted Cutting (including air layer)","Netherlands",FALSE,"Reference","ds cole growers","Medium compliance"
"Rooted Cutting (including air layer)","Netherlands",FALSE,"Reference","fleurizon","Poor compliance"
"Rooted Cutting (including air layer)","Netherlands",FALSE,"Reference","costa farms","Medium compliance"
"Rooted Cutting (including air layer)","Netherlands",FALSE,"Reference","biostok","Poor compliance"
"Rooted Cutting (including air layer)","Netherlands",FALSE,"Reference","gubler orchids","Poor compliance"
"Rooted Cutting (including air layer)","Netherlands",FALSE,"Reference","b c amp f brokerage","Medium compliance"
"Rooted Cutting (including air layer)","Netherlands",FALSE,"Reference","foremost foliage","Low compliance"
"Rooted Cutting (including air layer)","Netherlands",FALSE,"Reference","green plant cuttings usa","Medium compliance"
"Rooted Cutting (including air layer)","Netherlands",FALSE,"Reference","omega customs brokers","Low compliance"
"Rooted Cutting (including air layer)","Netherlands",FALSE,"Reference","missing","Medium compliance"
"Rooted Cutting (including air layer)","Netherlands",FALSE,"Reference","bill moore and company","Poor compliance"
"Rooted Cutting (including air layer)","Netherlands",FALSE,"Reference","altman specialty plants","Low compliance"
"Rooted Cutting (including air layer)","Netherlands",FALSE,"Reference","mchutchison","Medium compliance"
"Rooted Cutting (including air layer)","Netherlands",FALSE,"Reference","kurt weiss greenhouse","Medium compliance"
"Rooted Cutting (including air layer)","Costa Rica",TRUE,"TURRIPLANTAS SA","primaflora international lp","Poor compliance"
"Rooted Cutting (including air layer)","Costa Rica",TRUE,"PRODUCTOS EL MAPACHE DE ALAJUELA","primaflora international lp","Poor compliance"
"Rooted Cutting (including air layer)","Costa Rica",TRUE,"Reference","primaflora international lp","Low compliance"
"Rooted Cutting (including air layer)","Costa Rica",TRUE,"PREMIUM PLANTS SA","primaflora international lp","Low compliance"
"Rooted Cutting (including air layer)","Costa Rica",TRUE,"Reference","express seed","Poor compliance"
"Rooted Cutting (including air layer)","Costa Rica",TRUE,"PREMIUM ORNAMENTALES","primaflora international lp","Low compliance"
"Rooted Cutting (including air layer)","Costa Rica",TRUE,"Reference","Reference","Medium compliance"
"Rooted Cutting (including air layer)","Costa Rica",TRUE,"ORNAMENTALES SAPO VERDE 801","foremost foliage","Poor compliance"
"Rooted Cutting (including air layer)","Costa Rica",TRUE,"antho ornamentales1-7","express seed","Poor compliance"
"Rooted Cutting (including air layer)","Costa Rica",TRUE,"Reference","south florida plant services","Poor compliance"
"Rooted Cutting (including air layer)","Costa Rica",TRUE,"TURRIPLANTAS SA","south florida plant services","Poor compliance"
"Rooted Cutting (including air layer)","Costa Rica",TRUE,"antho ornamentales1-7","florica farmsinc","Poor compliance"
"Rooted Cutting (including air layer)","Costa Rica",TRUE,"Reference","costa farms","Poor compliance"
"Rooted Cutting (including air layer)","Costa Rica",TRUE,"Reference","foremost foliage","Poor compliance"
"Rooted Cutting (including air layer)","Costa Rica",TRUE,"ZACATE ORNAMENTAL Y DECORATIVO","foremost foliage","Poor compliance"
"Rooted Cutting (including air layer)","Costa Rica",TRUE,"TURRIPLANTAS SA","excelente foliage incorporated","Poor compliance"
"Rooted Cutting (including air layer)","Costa Rica",TRUE,"PREMIUM ORNAMENTALES","kurt weiss greenhouse","Poor compliance"
"Rooted Cutting (including air layer)","Costa Rica",TRUE,"Reference","caribbean growers supply","Poor compliance"
"Rooted Cutting (including air layer)","Costa Rica",TRUE,"Reference","fleurizon","Poor compliance"
"Rooted Cutting (including air layer)","Costa Rica",TRUE,"COOPEINDIA  R.L.","costa farms","Poor compliance"
"Rooted Cutting (including air layer)","Costa Rica",TRUE,"ORNAMENTALES SAPO VERDE 801","foremost foliage inc dba foremostco","Poor compliance"
"Rooted Cutting (including air layer)","Costa Rica",TRUE,"Reference","foremost foliage inc dba foremostco","Poor compliance"
"Rooted Cutting (including air layer)","Costa Rica",TRUE,"PRIMEROS EN FOLLAJE SA BOX#201","foremost foliage inc dba foremostco","Poor compliance"
"Rooted Cutting (including air layer)","Costa Rica",TRUE,"COOPEINDIA  R.L.","foremost foliage","Poor compliance"
"Rooted Cutting (including air layer)","Costa Rica",TRUE,"GEOAGRO DE COSTA RICA","Reference","Medium compliance"
"Rooted Cutting (including air layer)","Costa Rica",TRUE,"SAPO VERDE 900","foremost foliage","Poor compliance"
"Rooted Cutting (including air layer)","Costa Rica",TRUE,"MICRO PLANTAS","foremost foliage","Poor compliance"
"Rooted Cutting (including air layer)","Costa Rica",TRUE,"PRIMEROS EN FOLLAJE SA BOX#201","foremost foliage","Poor compliance"
"Rooted Cutting (including air layer)","Costa Rica",TRUE,"MICRO PLANTAS","costa farms","Poor compliance"
"Rooted Cutting (including air layer)","Costa Rica",TRUE,"ZACATE ORNAMENTAL Y DECORATIVO","bay cove group","Poor compliance"
"Rooted Cutting (including air layer)","Costa Rica",TRUE,"PREMIUM ORNAMENTALES","florica farmsinc","Poor compliance"
"Rooted Cutting (including air layer)","Costa Rica",TRUE,"Reference","scott valentine","Poor compliance"
"Rooted Cutting (including air layer)","Costa Rica",TRUE,"Reference","b c amp f brokerage","Poor compliance"
"Rooted Cutting (including air layer)","Costa Rica",TRUE,"Reference","dockside management","Poor compliance"
"Rooted Cutting (including air layer)","Costa Rica",TRUE,"SAPO VERDE 900","foremost foliage inc dba foremostco","Poor compliance"
"Rooted Cutting (including air layer)","Costa Rica",TRUE,"Reference","green tropical plants","Poor compliance"
"Rooted Cutting (including air layer)","Costa Rica",TRUE,"COOPEINDIA  R.L.","fb imports","Poor compliance"
"Rooted Cutting (including air layer)","Costa Rica",TRUE,"GEOAGRO DE COSTA RICA","fb imports","Poor compliance"
"Rooted Cutting (including air layer)","Costa Rica",TRUE,"Reference","fb imports","Poor compliance"
"Rooted Cutting (including air layer)","Costa Rica",TRUE,"CERCA DEL PARAISO SA","b c amp f brokerage","Poor compliance"
"Rooted Cutting (including air layer)","Costa Rica",TRUE,"Reference","aura botanical","Poor compliance"
"Rooted Cutting (including air layer)","Costa Rica",TRUE,"CERCA DEL PARAISO SA","aura botanical","Poor compliance"
"Rooted Cutting (including air layer)","Costa Rica",TRUE,"GEOAGRO DE COSTA RICA","fleurizon","Poor compliance"
"Rooted Cutting (including air layer)","Costa Rica",TRUE,"PRODUCTOS EL MAPACHE DE ALAJUELA","south florida plant services","Poor compliance"
"Rooted Cutting (including air layer)","Costa Rica",TRUE,"Reference","excelente foliage incorporated","Poor compliance"
"Rooted Cutting (including air layer)","Costa Rica",TRUE,"Reference","florica farmsinc","Poor compliance"
"Rooted Cutting (including air layer)","Costa Rica",TRUE,"CERCA DEL PARAISO SA","Reference","Poor compliance"
"Rooted Cutting (including air layer)","Costa Rica",TRUE,"PREMIUM PLANTS SA","kurt weiss greenhouse","Poor compliance"
"Rooted Cutting (including air layer)","Costa Rica",TRUE,"MICRO PLANTAS","foremost foliage inc dba foremostco","Poor compliance"
"Rooted Cutting (including air layer)","Costa Rica",TRUE,"PREMIUM ORNAMENTALES","Reference","Low compliance"
"Rooted Cutting (including air layer)","Costa Rica",TRUE,"CERCA DEL PARAISO SA","foremost foliage","Poor compliance"
"Rooted Cutting (including air layer)","Costa Rica",TRUE,"COOPEINDIA  R.L.","foremost foliage inc dba foremostco","Poor compliance"
"Rooted Cutting (including air layer)","Costa Rica",TRUE,"Reference","green plant cuttings usa","Poor compliance"
"Rooted Cutting (including air layer)","Costa Rica",TRUE,"PREMIUM ORNAMENTALES","b c amp f brokerage","Poor compliance"
"Rooted Cutting (including air layer)","Costa Rica",TRUE,"COOPEINDIA  R.L.","south florida plant services","Poor compliance"
"Rooted Cutting (including air layer)","Costa Rica",TRUE,"ZACATE ORNAMENTAL Y DECORATIVO","foremost foliage inc dba foremostco","Poor compliance"
"Rooted Cutting (including air layer)","Costa Rica",TRUE,"TURRIPLANTAS SA","foremost foliage inc dba foremostco","Poor compliance"
"Rooted Cutting (including air layer)","Costa Rica",TRUE,"Reference","mchutchison","Poor compliance"
"Rooted Cutting (including air layer)","Costa Rica",TRUE,"MICRO PLANTAS","Reference","Poor compliance"
"Rooted Cutting (including air layer)","Costa Rica",TRUE,"PRODUCTOS EL MAPACHE DE ALAJUELA","plant exports","Poor compliance"
"Rooted Cutting (including air layer)","Costa Rica",TRUE,"CERCA DEL PARAISO SA","south florida plant services","Poor compliance"
"Rooted Cutting (including air layer)","Costa Rica",TRUE,"MICRO PLANTAS","miyar intl brokerage","Poor compliance"
"Rooted Cutting (including air layer)","Costa Rica",TRUE,"CERCA DEL PARAISO SA","foremost foliage inc dba foremostco","Poor compliance"
"Rooted Cutting (including air layer)","Costa Rica",TRUE,"ORNAMENTALES SAPO VERDE 801","Reference","Medium compliance"
"Rooted Cutting (including air layer)","Costa Rica",TRUE,"TURRIPLANTAS SA","foremost foliage","Poor compliance"
"Rooted Cutting (including air layer)","Costa Rica",TRUE,"Reference","ds cole growers","Poor compliance"
"Rooted Cutting (including air layer)","Costa Rica",TRUE,"PRODUCTOS EL MAPACHE DE ALAJUELA","costa farms","Poor compliance"
"Rooted Cutting (including air layer)","Costa Rica",TRUE,"CERCA DEL PARAISO SA","fb imports","Poor compliance"
"Rooted Cutting (including air layer)","Costa Rica",TRUE,"LA FLORESTA ORNAMENTALES","plant exports","Poor compliance"
"Rooted Cutting (including air layer)","Costa Rica",TRUE,"CERCA DEL PARAISO SA","fleurizon","Poor compliance"
"Rooted Cutting (including air layer)","Costa Rica",TRUE,"CERCA DEL PARAISO SA","plant exports","Poor compliance"
"Rooted Cutting (including air layer)","Costa Rica",TRUE,"PREMIUM PLANTS SA","Reference","Low compliance"
"Rooted Cutting (including air layer)","Costa Rica",TRUE,"PREMIUM PLANTS SA","b c amp f brokerage","Poor compliance"
"Rooted Cutting (including air layer)","Costa Rica",TRUE,"SAPO VERDE 900","Reference","Poor compliance"
"Rooted Cutting (including air layer)","Costa Rica",TRUE,"Reference","plant exports","Poor compliance"
"Rooted Cutting (including air layer)","Costa Rica",TRUE,"COOPEINDIA  R.L.","express seed","Poor compliance"
"Rooted Cutting (including air layer)","Costa Rica",TRUE,"QUELETZU SA","foremost foliage inc dba foremostco","Poor compliance"
"Rooted Cutting (including air layer)","Costa Rica",TRUE,"Guatexotic","foremost foliage","Poor compliance"
"Rooted Cutting (including air layer)","Costa Rica",TRUE,"antho ornamentales1-7","foremost foliage inc dba foremostco","Poor compliance"
"Rooted Cutting (including air layer)","Costa Rica",TRUE,"Reference","western cactus enterprises","Poor compliance"
"Rooted Cutting (including air layer)","Costa Rica",TRUE,"Reference","altman specialty plants","Poor compliance"
"Rooted Cutting (including air layer)","Costa Rica",FALSE,"TURRIPLANTAS SA","primaflora international lp","Low compliance"
"Rooted Cutting (including air layer)","Costa Rica",FALSE,"PRODUCTOS EL MAPACHE DE ALAJUELA","primaflora international lp","Low compliance"
"Rooted Cutting (including air layer)","Costa Rica",FALSE,"Reference","primaflora international lp","Medium compliance"
"Rooted Cutting (including air layer)","Costa Rica",FALSE,"PREMIUM PLANTS SA","primaflora international lp","Medium compliance"
"Rooted Cutting (including air layer)","Costa Rica",FALSE,"Reference","express seed","Low compliance"
"Rooted Cutting (including air layer)","Costa Rica",FALSE,"PREMIUM ORNAMENTALES","primaflora international lp","Medium compliance"
"Rooted Cutting (including air layer)","Costa Rica",FALSE,"Reference","Reference","Medium compliance"
"Rooted Cutting (including air layer)","Costa Rica",FALSE,"ORNAMENTALES SAPO VERDE 801","foremost foliage","Low compliance"
"Rooted Cutting (including air layer)","Costa Rica",FALSE,"antho ornamentales1-7","express seed","Low compliance"
"Rooted Cutting (including air layer)","Costa Rica",FALSE,"Reference","south florida plant services","Low compliance"
"Rooted Cutting (including air layer)","Costa Rica",FALSE,"TURRIPLANTAS SA","south florida plant services","Low compliance"
"Rooted Cutting (including air layer)","Costa Rica",FALSE,"antho ornamentales1-7","florica farmsinc","Low compliance"
"Rooted Cutting (including air layer)","Costa Rica",FALSE,"Reference","costa farms","Low compliance"
"Rooted Cutting (including air layer)","Costa Rica",FALSE,"Reference","foremost foliage","Poor compliance"
"Rooted Cutting (including air layer)","Costa Rica",FALSE,"ZACATE ORNAMENTAL Y DECORATIVO","foremost foliage","Poor compliance"
"Rooted Cutting (including air layer)","Costa Rica",FALSE,"TURRIPLANTAS SA","excelente foliage incorporated","Poor compliance"
"Rooted Cutting (including air layer)","Costa Rica",FALSE,"PREMIUM ORNAMENTALES","kurt weiss greenhouse","Medium compliance"
"Rooted Cutting (including air layer)","Costa Rica",FALSE,"Reference","caribbean growers supply","Poor compliance"
"Rooted Cutting (including air layer)","Costa Rica",FALSE,"Reference","fleurizon","Poor compliance"
"Rooted Cutting (including air layer)","Costa Rica",FALSE,"COOPEINDIA  R.L.","costa farms","Poor compliance"
"Rooted Cutting (including air layer)","Costa Rica",FALSE,"ORNAMENTALES SAPO VERDE 801","foremost foliage inc dba foremostco","Low compliance"
"Rooted Cutting (including air layer)","Costa Rica",FALSE,"Reference","foremost foliage inc dba foremostco","Low compliance"
"Rooted Cutting (including air layer)","Costa Rica",FALSE,"PRIMEROS EN FOLLAJE SA BOX#201","foremost foliage inc dba foremostco","Poor compliance"
"Rooted Cutting (including air layer)","Costa Rica",FALSE,"COOPEINDIA  R.L.","foremost foliage","Poor compliance"
"Rooted Cutting (including air layer)","Costa Rica",FALSE,"GEOAGRO DE COSTA RICA","Reference","Medium compliance"
"Rooted Cutting (including air layer)","Costa Rica",FALSE,"SAPO VERDE 900","foremost foliage","Poor compliance"
"Rooted Cutting (including air layer)","Costa Rica",FALSE,"MICRO PLANTAS","foremost foliage","Poor compliance"
"Rooted Cutting (including air layer)","Costa Rica",FALSE,"PRIMEROS EN FOLLAJE SA BOX#201","foremost foliage","Poor compliance"
"Rooted Cutting (including air layer)","Costa Rica",FALSE,"MICRO PLANTAS","costa farms","Low compliance"
"Rooted Cutting (including air layer)","Costa Rica",FALSE,"ZACATE ORNAMENTAL Y DECORATIVO","bay cove group","Poor compliance"
"Rooted Cutting (including air layer)","Costa Rica",FALSE,"PREMIUM ORNAMENTALES","florica farmsinc","Low compliance"
"Rooted Cutting (including air layer)","Costa Rica",FALSE,"Reference","scott valentine","Low compliance"
"Rooted Cutting (including air layer)","Costa Rica",FALSE,"Reference","b c amp f brokerage","Low compliance"
"Rooted Cutting (including air layer)","Costa Rica",FALSE,"Reference","dockside management","Low compliance"
"Rooted Cutting (including air layer)","Costa Rica",FALSE,"SAPO VERDE 900","foremost foliage inc dba foremostco","Poor compliance"
"Rooted Cutting (including air layer)","Costa Rica",FALSE,"Reference","green tropical plants","Poor compliance"
"Rooted Cutting (including air layer)","Costa Rica",FALSE,"COOPEINDIA  R.L.","fb imports","Poor compliance"
"Rooted Cutting (including air layer)","Costa Rica",FALSE,"GEOAGRO DE COSTA RICA","fb imports","Poor compliance"
"Rooted Cutting (including air layer)","Costa Rica",FALSE,"Reference","fb imports","Poor compliance"
"Rooted Cutting (including air layer)","Costa Rica",FALSE,"CERCA DEL PARAISO SA","b c amp f brokerage","Low compliance"
"Rooted Cutting (including air layer)","Costa Rica",FALSE,"Reference","aura botanical","Low compliance"
"Rooted Cutting (including air layer)","Costa Rica",FALSE,"CERCA DEL PARAISO SA","aura botanical","Low compliance"
"Rooted Cutting (including air layer)","Costa Rica",FALSE,"GEOAGRO DE COSTA RICA","fleurizon","Poor compliance"
"Rooted Cutting (including air layer)","Costa Rica",FALSE,"PRODUCTOS EL MAPACHE DE ALAJUELA","south florida plant services","Low compliance"
"Rooted Cutting (including air layer)","Costa Rica",FALSE,"Reference","excelente foliage incorporated","Low compliance"
"Rooted Cutting (including air layer)","Costa Rica",FALSE,"Reference","florica farmsinc","Poor compliance"
"Rooted Cutting (including air layer)","Costa Rica",FALSE,"CERCA DEL PARAISO SA","Reference","Medium compliance"
"Rooted Cutting (including air layer)","Costa Rica",FALSE,"PREMIUM PLANTS SA","kurt weiss greenhouse","Medium compliance"
"Rooted Cutting (including air layer)","Costa Rica",FALSE,"MICRO PLANTAS","foremost foliage inc dba foremostco","Poor compliance"
"Rooted Cutting (including air layer)","Costa Rica",FALSE,"PREMIUM ORNAMENTALES","Reference","Medium compliance"
"Rooted Cutting (including air layer)","Costa Rica",FALSE,"CERCA DEL PARAISO SA","foremost foliage","Poor compliance"
"Rooted Cutting (including air layer)","Costa Rica",FALSE,"COOPEINDIA  R.L.","foremost foliage inc dba foremostco","Poor compliance"
"Rooted Cutting (including air layer)","Costa Rica",FALSE,"Reference","green plant cuttings usa","Low compliance"
"Rooted Cutting (including air layer)","Costa Rica",FALSE,"PREMIUM ORNAMENTALES","b c amp f brokerage","Low compliance"
"Rooted Cutting (including air layer)","Costa Rica",FALSE,"COOPEINDIA  R.L.","south florida plant services","Poor compliance"
"Rooted Cutting (including air layer)","Costa Rica",FALSE,"ZACATE ORNAMENTAL Y DECORATIVO","foremost foliage inc dba foremostco","Poor compliance"
"Rooted Cutting (including air layer)","Costa Rica",FALSE,"TURRIPLANTAS SA","foremost foliage inc dba foremostco","Poor compliance"
"Rooted Cutting (including air layer)","Costa Rica",FALSE,"Reference","mchutchison","Low compliance"
"Rooted Cutting (including air layer)","Costa Rica",FALSE,"MICRO PLANTAS","Reference","Medium compliance"
"Rooted Cutting (including air layer)","Costa Rica",FALSE,"PRODUCTOS EL MAPACHE DE ALAJUELA","plant exports","Poor compliance"
"Rooted Cutting (including air layer)","Costa Rica",FALSE,"CERCA DEL PARAISO SA","south florida plant services","Low compliance"
"Rooted Cutting (including air layer)","Costa Rica",FALSE,"MICRO PLANTAS","miyar intl brokerage","Poor compliance"
"Rooted Cutting (including air layer)","Costa Rica",FALSE,"CERCA DEL PARAISO SA","foremost foliage inc dba foremostco","Poor compliance"
"Rooted Cutting (including air layer)","Costa Rica",FALSE,"ORNAMENTALES SAPO VERDE 801","Reference","Medium compliance"
"Rooted Cutting (including air layer)","Costa Rica",FALSE,"TURRIPLANTAS SA","foremost foliage","Poor compliance"
"Rooted Cutting (including air layer)","Costa Rica",FALSE,"Reference","ds cole growers","Low compliance"
"Rooted Cutting (including air layer)","Costa Rica",FALSE,"PRODUCTOS EL MAPACHE DE ALAJUELA","costa farms","Low compliance"
"Rooted Cutting (including air layer)","Costa Rica",FALSE,"CERCA DEL PARAISO SA","fb imports","Poor compliance"
"Rooted Cutting (including air layer)","Costa Rica",FALSE,"LA FLORESTA ORNAMENTALES","plant exports","Poor compliance"
"Rooted Cutting (including air layer)","Costa Rica",FALSE,"CERCA DEL PARAISO SA","fleurizon","Poor compliance"
"Rooted Cutting (including air layer)","Costa Rica",FALSE,"CERCA DEL PARAISO SA","plant exports","Poor compliance"
"Rooted Cutting (including air layer)","Costa Rica",FALSE,"PREMIUM PLANTS SA","Reference","Medium compliance"
"Rooted Cutting (including air layer)","Costa Rica",FALSE,"PREMIUM PLANTS SA","b c amp f brokerage","Low compliance"
"Rooted Cutting (including air layer)","Costa Rica",FALSE,"SAPO VERDE 900","Reference","Medium compliance"
"Rooted Cutting (including air layer)","Costa Rica",FALSE,"Reference","plant exports","Poor compliance"
"Rooted Cutting (including air layer)","Costa Rica",FALSE,"COOPEINDIA  R.L.","express seed","Poor compliance"
"Rooted Cutting (including air layer)","Costa Rica",FALSE,"QUELETZU SA","foremost foliage inc dba foremostco","Poor compliance"
"Rooted Cutting (including air layer)","Costa Rica",FALSE,"Guatexotic","foremost foliage","Poor compliance"
"Rooted Cutting (including air layer)","Costa Rica",FALSE,"antho ornamentales1-7","foremost foliage inc dba foremostco","Low compliance"
"Rooted Cutting (including air layer)","Costa Rica",FALSE,"Reference","western cactus enterprises","Low compliance"
"Rooted Cutting (including air layer)","Costa Rica",FALSE,"Reference","altman specialty plants","Low compliance"
"Rooted Cutting (including air layer)","Singapore",TRUE,"Oriental Aquarium","complete aquatic systems","Poor compliance"
"Rooted Cutting (including air layer)","Singapore",TRUE,"Reference","ultum nature systems","Low compliance"
"Rooted Cutting (including air layer)","Singapore",TRUE,"Reference","tat tristan g","Poor compliance"
"Rooted Cutting (including air layer)","Singapore",TRUE,"Reference","Reference","Medium compliance"
"Rooted Cutting (including air layer)","Singapore",TRUE,"Oriental Aquarium","Reference","Low compliance"
"Rooted Cutting (including air layer)","Singapore",TRUE,"Reference","waterscaap pond amp aquarium plants","Poor compliance"
"Rooted Cutting (including air layer)","Singapore",TRUE,"Reference","green thumb marketing","Poor compliance"
"Rooted Cutting (including air layer)","Singapore",TRUE,"Oriental Aquarium","green thumb marketing","Poor compliance"
"Rooted Cutting (including air layer)","Singapore",FALSE,"Oriental Aquarium","complete aquatic systems","Low compliance"
"Rooted Cutting (including air layer)","Singapore",FALSE,"Reference","ultum nature systems","Poor compliance"
"Rooted Cutting (including air layer)","Singapore",FALSE,"Reference","tat tristan g","Poor compliance"
"Rooted Cutting (including air layer)","Singapore",FALSE,"Reference","Reference","Medium compliance"
"Rooted Cutting (including air layer)","Singapore",FALSE,"Oriental Aquarium","Reference","Medium compliance"
"Rooted Cutting (including air layer)","Singapore",FALSE,"Reference","waterscaap pond amp aquarium plants","Poor compliance"
"Rooted Cutting (including air layer)","Singapore",FALSE,"Reference","green thumb marketing","Poor compliance"
"Rooted Cutting (including air layer)","Singapore",FALSE,"Oriental Aquarium","green thumb marketing","Poor compliance"
"Rooted Cutting (including air layer)","Slovakia",TRUE,"Reference","Reference","Low compliance"
"Rooted Cutting (including air layer)","Slovakia",FALSE,"Reference","Reference","Medium compliance"
"Rooted Cutting (including air layer)","Turkey",TRUE,"Reference","Reference","Medium compliance"
"Rooted Cutting (including air layer)","Turkey",TRUE,"Reference","ds cole growers","Poor compliance"
"Rooted Cutting (including air layer)","Turkey",FALSE,"Reference","Reference","Medium compliance"
"Rooted Cutting (including air layer)","Turkey",FALSE,"Reference","ds cole growers","Low compliance"
"Rooted Cutting (including air layer)","Kenya",TRUE,"LATHYFLORA","Reference","Low compliance"
"Rooted Cutting (including air layer)","Kenya",TRUE,"LATHYFLORA","united plant growers","Poor compliance"
"Rooted Cutting (including air layer)","Kenya",TRUE,"LATHYFLORA","primaflora international lp","Poor compliance"
"Rooted Cutting (including air layer)","Kenya",TRUE,"Reference","Reference","Medium compliance"
"Rooted Cutting (including air layer)","Kenya",TRUE,"Reference","express seed","Poor compliance"
"Rooted Cutting (including air layer)","Kenya",TRUE,"LATHYFLORA","costa farms","Poor compliance"
"Rooted Cutting (including air layer)","Kenya",TRUE,"LATHYFLORA","express seed","Poor compliance"
"Rooted Cutting (including air layer)","Kenya",TRUE,"LATHYFLORA","western cactus enterprises","Poor compliance"
"Rooted Cutting (including air layer)","Kenya",TRUE,"Reference","ds cole growers","Poor compliance"
"Rooted Cutting (including air layer)","Kenya",TRUE,"Reference","altman specialty plants","Poor compliance"
"Rooted Cutting (including air layer)","Kenya",TRUE,"Reference","western cactus enterprises","Poor compliance"
"Rooted Cutting (including air layer)","Kenya",TRUE,"Reference","scott valentine","Poor compliance"
"Rooted Cutting (including air layer)","Kenya",TRUE,"Reference","mchutchison","Poor compliance"
"Rooted Cutting (including air layer)","Kenya",TRUE,"Reference","kurt weiss greenhouse","Poor compliance"
"Rooted Cutting (including air layer)","Kenya",TRUE,"Reference","missing","Poor compliance"
"Rooted Cutting (including air layer)","Kenya",FALSE,"LATHYFLORA","Reference","Medium compliance"
"Rooted Cutting (including air layer)","Kenya",FALSE,"LATHYFLORA","united plant growers","Low compliance"
"Rooted Cutting (including air layer)","Kenya",FALSE,"LATHYFLORA","primaflora international lp","Medium compliance"
"Rooted Cutting (including air layer)","Kenya",FALSE,"Reference","Reference","Medium compliance"
"Rooted Cutting (including air layer)","Kenya",FALSE,"Reference","express seed","Low compliance"
"Rooted Cutting (including air layer)","Kenya",FALSE,"LATHYFLORA","costa farms","Low compliance"
"Rooted Cutting (including air layer)","Kenya",FALSE,"LATHYFLORA","express seed","Low compliance"
"Rooted Cutting (including air layer)","Kenya",FALSE,"LATHYFLORA","western cactus enterprises","Low compliance"
"Rooted Cutting (including air layer)","Kenya",FALSE,"Reference","ds cole growers","Low compliance"
"Rooted Cutting (including air layer)","Kenya",FALSE,"Reference","altman specialty plants","Low compliance"
"Rooted Cutting (including air layer)","Kenya",FALSE,"Reference","western cactus enterprises","Low compliance"
"Rooted Cutting (including air layer)","Kenya",FALSE,"Reference","scott valentine","Low compliance"
"Rooted Cutting (including air layer)","Kenya",FALSE,"Reference","mchutchison","Low compliance"
"Rooted Cutting (including air layer)","Kenya",FALSE,"Reference","kurt weiss greenhouse","Medium compliance"
"Rooted Cutting (including air layer)","Kenya",FALSE,"Reference","missing","Low compliance"
"Rooted Cutting (including air layer)","Zimbabwe",TRUE,"Reference","western cactus enterprises","Poor compliance"
"Rooted Cutting (including air layer)","Zimbabwe",TRUE,"Reference","Reference","Medium compliance"
"Rooted Cutting (including air layer)","Zimbabwe",TRUE,"Reference","altman specialty plants","Poor compliance"
"Rooted Cutting (including air layer)","Zimbabwe",TRUE,"Reference","express seed","Low compliance"
"Rooted Cutting (including air layer)","Zimbabwe",TRUE,"Reference","costa farms","Poor compliance"
"Rooted Cutting (including air layer)","Zimbabwe",TRUE,"Reference","scott valentine","Poor compliance"
"Rooted Cutting (including air layer)","Zimbabwe",FALSE,"Reference","western cactus enterprises","Medium compliance"
"Rooted Cutting (including air layer)","Zimbabwe",FALSE,"Reference","Reference","Medium compliance"
"Rooted Cutting (including air layer)","Zimbabwe",FALSE,"Reference","altman specialty plants","Low compliance"
"Rooted Cutting (including air layer)","Zimbabwe",FALSE,"Reference","express seed","Low compliance"
"Rooted Cutting (including air layer)","Zimbabwe",FALSE,"Reference","costa farms","Medium compliance"
"Rooted Cutting (including air layer)","Zimbabwe",FALSE,"Reference","scott valentine","Medium compliance"
"Rooted Cutting (including air layer)","Israel",TRUE,"Reference","Reference","Medium compliance"
"Rooted Cutting (including air layer)","Israel",TRUE,"Reference","foremost foliage","Poor compliance"
"Rooted Cutting (including air layer)","Israel",TRUE,"Reference","foremost foliage inc dba foremostco","Poor compliance"
"Rooted Cutting (including air layer)","Israel",FALSE,"Reference","Reference","Medium compliance"
"Rooted Cutting (including air layer)","Israel",FALSE,"Reference","foremost foliage","Low compliance"
"Rooted Cutting (including air layer)","Israel",FALSE,"Reference","foremost foliage inc dba foremostco","Low compliance"
"Rooted Cutting (including air layer)","France",TRUE,"Reference","Reference","Low compliance"
"Rooted Cutting (including air layer)","France",TRUE,"Reference","missing","Poor compliance"
"Rooted Cutting (including air layer)","France",FALSE,"Reference","Reference","Medium compliance"
"Rooted Cutting (including air layer)","France",FALSE,"Reference","missing","Low compliance"
"Rooted Cutting (including air layer)","North Macedonia",TRUE,"Reference","Reference","Low compliance"
"Rooted Cutting (including air layer)","North Macedonia",TRUE,"Reference","missing","Poor compliance"
"Rooted Cutting (including air layer)","North Macedonia",FALSE,"Reference","Reference","Medium compliance"
"Rooted Cutting (including air layer)","North Macedonia",FALSE,"Reference","missing","Medium compliance"
"Rooted Cutting (including air layer)","Spain",TRUE,"Reference","Reference","Medium compliance"
"Rooted Cutting (including air layer)","Spain",TRUE,"Reference","missing","Poor compliance"
"Rooted Cutting (including air layer)","Spain",TRUE,"Reference","western cactus enterprises","Poor compliance"
"Rooted Cutting (including air layer)","Spain",TRUE,"Reference","altman specialty plants","Poor compliance"
"Rooted Cutting (including air layer)","Spain",TRUE,"Reference","express seed","Low compliance"
"Rooted Cutting (including air layer)","Spain",FALSE,"Reference","Reference","Medium compliance"
"Rooted Cutting (including air layer)","Spain",FALSE,"Reference","missing","Medium compliance"
"Rooted Cutting (including air layer)","Spain",FALSE,"Reference","western cactus enterprises","Medium compliance"
"Rooted Cutting (including air layer)","Spain",FALSE,"Reference","altman specialty plants","Low compliance"
"Rooted Cutting (including air layer)","Spain",FALSE,"Reference","express seed","Low compliance"
"Rooted Cutting (including air layer)","Germany",TRUE,"Reference","Reference","Medium compliance"
"Rooted Cutting (including air layer)","Germany",TRUE,"Reference","express seed","Poor compliance"
"Rooted Cutting (including air layer)","Germany",TRUE,"Reference","missing","Poor compliance"
"Rooted Cutting (including air layer)","Germany",TRUE,"Reference","costa farms","Poor compliance"
"Rooted Cutting (including air layer)","Germany",TRUE,"Reference","perfect choice","Poor compliance"
"Rooted Cutting (including air layer)","Germany",TRUE,"Reference","miyar intl brokerage","Poor compliance"
"Rooted Cutting (including air layer)","Germany",TRUE,"Reference","mchutchison","Poor compliance"
"Rooted Cutting (including air layer)","Germany",FALSE,"Reference","Reference","Medium compliance"
"Rooted Cutting (including air layer)","Germany",FALSE,"Reference","express seed","Low compliance"
"Rooted Cutting (including air layer)","Germany",FALSE,"Reference","missing","Low compliance"
"Rooted Cutting (including air layer)","Germany",FALSE,"Reference","costa farms","Low compliance"
"Rooted Cutting (including air layer)","Germany",FALSE,"Reference","perfect choice","Poor compliance"
"Rooted Cutting (including air layer)","Germany",FALSE,"Reference","miyar intl brokerage","Poor compliance"
"Rooted Cutting (including air layer)","Germany",FALSE,"Reference","mchutchison","Low compliance"
"Rooted Cutting (including air layer)","Madagascar",TRUE,"Reference","complete aquatic systems","Poor compliance"
"Rooted Cutting (including air layer)","Madagascar",TRUE,"Reference","waterscaap pond amp aquarium plants","Poor compliance"
"Rooted Cutting (including air layer)","Madagascar",TRUE,"Reference","Reference","Low compliance"
"Rooted Cutting (including air layer)","Madagascar",TRUE,"Reference","miyar intl brokerage","Poor compliance"
"Rooted Cutting (including air layer)","Madagascar",FALSE,"Reference","complete aquatic systems","Poor compliance"
"Rooted Cutting (including air layer)","Madagascar",FALSE,"Reference","waterscaap pond amp aquarium plants","Poor compliance"
"Rooted Cutting (including air layer)","Madagascar",FALSE,"Reference","Reference","Low compliance"
"Rooted Cutting (including air layer)","Madagascar",FALSE,"Reference","miyar intl brokerage","Poor compliance"
"Rooted Cutting (including air layer)","Brazil",TRUE,"Reference","Reference","Medium compliance"
"Rooted Cutting (including air layer)","Brazil",TRUE,"Reference","costa farms","Poor compliance"
"Rooted Cutting (including air layer)","Brazil",TRUE,"Reference","fleurizon","Poor compliance"
"Rooted Cutting (including air layer)","Brazil",TRUE,"Reference","fb imports","Poor compliance"
"Rooted Cutting (including air layer)","Brazil",TRUE,"Reference","united plant growers","Poor compliance"
"Rooted Cutting (including air layer)","Brazil",TRUE,"Reference","foremost foliage inc dba foremostco","Poor compliance"
"Rooted Cutting (including air layer)","Brazil",TRUE,"Reference","foremost foliage","Poor compliance"
"Rooted Cutting (including air layer)","Brazil",TRUE,"Reference","express seed","Low compliance"
"Rooted Cutting (including air layer)","Brazil",TRUE,"Reference","biostok","Poor compliance"
"Rooted Cutting (including air layer)","Brazil",FALSE,"Reference","Reference","Medium compliance"
"Rooted Cutting (including air layer)","Brazil",FALSE,"Reference","costa farms","Medium compliance"
"Rooted Cutting (including air layer)","Brazil",FALSE,"Reference","fleurizon","Poor compliance"
"Rooted Cutting (including air layer)","Brazil",FALSE,"Reference","fb imports","Poor compliance"
"Rooted Cutting (including air layer)","Brazil",FALSE,"Reference","united plant growers","Medium compliance"
"Rooted Cutting (including air layer)","Brazil",FALSE,"Reference","foremost foliage inc dba foremostco","Low compliance"
"Rooted Cutting (including air layer)","Brazil",FALSE,"Reference","foremost foliage","Low compliance"
"Rooted Cutting (including air layer)","Brazil",FALSE,"Reference","express seed","Low compliance"
"Rooted Cutting (including air layer)","Brazil",FALSE,"Reference","biostok","Poor compliance"
"Rooted Cutting (including air layer)","United Kingdom of Great Britain and N. Ireland",TRUE,"Reference","Reference","Medium compliance"
"Rooted Cutting (including air layer)","United Kingdom of Great Britain and N. Ireland",TRUE,"Reference","express seed","Low compliance"
"Rooted Cutting (including air layer)","United Kingdom of Great Britain and N. Ireland",TRUE,"Reference","missing","Poor compliance"
"Rooted Cutting (including air layer)","United Kingdom of Great Britain and N. Ireland",TRUE,"Reference","costa farms","Poor compliance"
"Rooted Cutting (including air layer)","United Kingdom of Great Britain and N. Ireland",FALSE,"Reference","Reference","Medium compliance"
"Rooted Cutting (including air layer)","United Kingdom of Great Britain and N. Ireland",FALSE,"Reference","express seed","Low compliance"
"Rooted Cutting (including air layer)","United Kingdom of Great Britain and N. Ireland",FALSE,"Reference","missing","Medium compliance"
"Rooted Cutting (including air layer)","United Kingdom of Great Britain and N. Ireland",FALSE,"Reference","costa farms","Medium compliance"
"Rooted Cutting (including air layer)","Colombia",TRUE,"Reference","Reference","Medium compliance"
"Rooted Cutting (including air layer)","Colombia",TRUE,"Reference","russells bromelaids","Poor compliance"
"Rooted Cutting (including air layer)","Colombia",TRUE,"Reference","dockside management","Low compliance"
"Rooted Cutting (including air layer)","Colombia",TRUE,"GENEROS ECUATORIANOS","Reference","Low compliance"
"Rooted Cutting (including air layer)","Colombia",TRUE,"Reference","fb imports","Low compliance"
"Rooted Cutting (including air layer)","Colombia",FALSE,"Reference","Reference","High compliance"
"Rooted Cutting (including air layer)","Colombia",FALSE,"Reference","russells bromelaids","Low compliance"
"Rooted Cutting (including air layer)","Colombia",FALSE,"Reference","dockside management","Medium compliance"
"Rooted Cutting (including air layer)","Colombia",FALSE,"GENEROS ECUATORIANOS","Reference","Medium compliance"
"Rooted Cutting (including air layer)","Colombia",FALSE,"Reference","fb imports","Low compliance"
"Rooted Cutting (including air layer)","Tanzania",TRUE,"Reference","Reference","Medium compliance"
"Rooted Cutting (including air layer)","Tanzania",TRUE,"Reference","express seed","Poor compliance"
"Rooted Cutting (including air layer)","Tanzania",TRUE,"Reference","western cactus enterprises","Poor compliance"
"Rooted Cutting (including air layer)","Tanzania",TRUE,"Reference","scott valentine","Poor compliance"
"Rooted Cutting (including air layer)","Tanzania",TRUE,"Reference","miyar intl brokerage","Poor compliance"
"Rooted Cutting (including air layer)","Tanzania",TRUE,"Reference","altman specialty plants","Poor compliance"
"Rooted Cutting (including air layer)","Tanzania",TRUE,"Reference","ds cole growers","Poor compliance"
"Rooted Cutting (including air layer)","Tanzania",FALSE,"Reference","Reference","Medium compliance"
"Rooted Cutting (including air layer)","Tanzania",FALSE,"Reference","express seed","Poor compliance"
"Rooted Cutting (including air layer)","Tanzania",FALSE,"Reference","western cactus enterprises","Poor compliance"
"Rooted Cutting (including air layer)","Tanzania",FALSE,"Reference","scott valentine","Low compliance"
"Rooted Cutting (including air layer)","Tanzania",FALSE,"Reference","miyar intl brokerage","Poor compliance"
"Rooted Cutting (including air layer)","Tanzania",FALSE,"Reference","altman specialty plants","Poor compliance"
"Rooted Cutting (including air layer)","Tanzania",FALSE,"Reference","ds cole growers","Low compliance"
"Rooted Cutting (including air layer)","Czech Republic",TRUE,"Reference","missing","Poor compliance"
"Rooted Cutting (including air layer)","Czech Republic",TRUE,"Reference","Reference","Medium compliance"
"Rooted Cutting (including air layer)","Czech Republic",FALSE,"Reference","missing","Low compliance"
"Rooted Cutting (including air layer)","Czech Republic",FALSE,"Reference","Reference","Medium compliance"
"Rooted Cutting (including air layer)","New Zealand",TRUE,"Reference","Reference","Low compliance"
"Rooted Cutting (including air layer)","New Zealand",TRUE,"Reference","missing","Poor compliance"
"Rooted Cutting (including air layer)","New Zealand",FALSE,"Reference","Reference","Medium compliance"
"Rooted Cutting (including air layer)","New Zealand",FALSE,"Reference","missing","Low compliance"
"Rooted Cutting (including air layer)","Australia",TRUE,"Reference","Reference","Low compliance"
"Rooted Cutting (including air layer)","Australia",TRUE,"Reference","missing","Poor compliance"
"Rooted Cutting (including air layer)","Australia",TRUE,"Reference","miyar intl brokerage","Poor compliance"
"Rooted Cutting (including air layer)","Australia",TRUE,"Reference","express seed","Poor compliance"
"Rooted Cutting (including air layer)","Australia",FALSE,"Reference","Reference","Medium compliance"
"Rooted Cutting (including air layer)","Australia",FALSE,"Reference","missing","Low compliance"
"Rooted Cutting (including air layer)","Australia",FALSE,"Reference","miyar intl brokerage","Poor compliance"
"Rooted Cutting (including air layer)","Australia",FALSE,"Reference","express seed","Poor compliance"
"Rooted Cutting (including air layer)","Nigeria",TRUE,"Reference","tat tristan g","Poor compliance"
"Rooted Cutting (including air layer)","Nigeria",TRUE,"Reference","waterscaap pond amp aquarium plants","Poor compliance"
"Rooted Cutting (including air layer)","Nigeria",TRUE,"Reference","Reference","Poor compliance"
"Rooted Cutting (including air layer)","Nigeria",FALSE,"Reference","tat tristan g","Poor compliance"
"Rooted Cutting (including air layer)","Nigeria",FALSE,"Reference","waterscaap pond amp aquarium plants","Poor compliance"
"Rooted Cutting (including air layer)","Nigeria",FALSE,"Reference","Reference","Low compliance"
"Rooted Cutting (including air layer)","Denmark",TRUE,"Reference","Reference","Low compliance"
"Rooted Cutting (including air layer)","Denmark",TRUE,"Reference","costa farms","Poor compliance"
"Rooted Cutting (including air layer)","Denmark",FALSE,"Reference","Reference","Low compliance"
"Rooted Cutting (including air layer)","Denmark",FALSE,"Reference","costa farms","Poor compliance"
"Rooted Cutting (including air layer)","Poland",TRUE,"Reference","missing","Poor compliance"
"Rooted Cutting (including air layer)","Poland",TRUE,"Reference","foremost foliage inc dba foremostco","Poor compliance"
"Rooted Cutting (including air layer)","Poland",TRUE,"Reference","Reference","Medium compliance"
"Rooted Cutting (including air layer)","Poland",TRUE,"Reference","mchutchison","Poor compliance"
"Rooted Cutting (including air layer)","Poland",TRUE,"Reference","express seed","Poor compliance"
"Rooted Cutting (including air layer)","Poland",TRUE,"Reference","scott valentine","Poor compliance"
"Rooted Cutting (including air layer)","Poland",FALSE,"Reference","missing","Low compliance"
"Rooted Cutting (including air layer)","Poland",FALSE,"Reference","foremost foliage inc dba foremostco","Poor compliance"
"Rooted Cutting (including air layer)","Poland",FALSE,"Reference","Reference","Medium compliance"
"Rooted Cutting (including air layer)","Poland",FALSE,"Reference","mchutchison","Low compliance"
"Rooted Cutting (including air layer)","Poland",FALSE,"Reference","express seed","Low compliance"
"Rooted Cutting (including air layer)","Poland",FALSE,"Reference","scott valentine","Low compliance"
"Rooted Cutting (including air layer)","Ireland",TRUE,"Reference","Reference","Poor compliance"
"Rooted Cutting (including air layer)","Ireland",TRUE,"Reference","foremost foliage","Poor compliance"
"Rooted Cutting (including air layer)","Ireland",TRUE,"Reference","foremost foliage inc dba foremostco","Poor compliance"
"Rooted Cutting (including air layer)","Ireland",FALSE,"Reference","Reference","Low compliance"
"Rooted Cutting (including air layer)","Ireland",FALSE,"Reference","foremost foliage","Poor compliance"
"Rooted Cutting (including air layer)","Ireland",FALSE,"Reference","foremost foliage inc dba foremostco","Poor compliance"
"Rooted Cutting (including air layer)","Nicaragua",TRUE,"Reference","Reference","Medium compliance"
"Rooted Cutting (including air layer)","Nicaragua",FALSE,"Reference","Reference","Medium compliance"
"Rooted Cutting (including air layer)","Malaysia",TRUE,"Reference","Reference","Medium compliance"
"Rooted Cutting (including air layer)","Malaysia",TRUE,"Reference","foremost foliage inc dba foremostco","Poor compliance"
"Rooted Cutting (including air layer)","Malaysia",TRUE,"Reference","miyar intl brokerage","Poor compliance"
"Rooted Cutting (including air layer)","Malaysia",TRUE,"Reference","foremost foliage","Poor compliance"
"Rooted Cutting (including air layer)","Malaysia",TRUE,"Reference","biostok","Poor compliance"
"Rooted Cutting (including air layer)","Malaysia",FALSE,"Reference","Reference","Medium compliance"
"Rooted Cutting (including air layer)","Malaysia",FALSE,"Reference","foremost foliage inc dba foremostco","Poor compliance"
"Rooted Cutting (including air layer)","Malaysia",FALSE,"Reference","miyar intl brokerage","Poor compliance"
"Rooted Cutting (including air layer)","Malaysia",FALSE,"Reference","foremost foliage","Low compliance"
"Rooted Cutting (including air layer)","Malaysia",FALSE,"Reference","biostok","Poor compliance"
"Rooted Cutting (including air layer)","Hong Kong",TRUE,"Reference","Reference","Poor compliance"
"Rooted Cutting (including air layer)","Hong Kong",FALSE,"Reference","Reference","Low compliance"
"Rooted Cutting (including air layer)","United States of America",TRUE,"Reference","missing","Poor compliance"
"Rooted Cutting (including air layer)","United States of America",TRUE,"Reference","Reference","Low compliance"
"Rooted Cutting (including air layer)","United States of America",TRUE,"Reference","foremost foliage inc dba foremostco","Poor compliance"
"Rooted Cutting (including air layer)","United States of America",FALSE,"Reference","missing","Poor compliance"
"Rooted Cutting (including air layer)","United States of America",FALSE,"Reference","Reference","Low compliance"
"Rooted Cutting (including air layer)","United States of America",FALSE,"Reference","foremost foliage inc dba foremostco","Poor compliance"
"Rooted Cutting (including air layer)","Chile",TRUE,"Reference","Reference","Low compliance"
"Rooted Cutting (including air layer)","Chile",FALSE,"Reference","Reference","Medium compliance"
"Rooted Cutting (including air layer)","Uganda",TRUE,"Reference","express seed","Low compliance"
"Rooted Cutting (including air layer)","Uganda",TRUE,"Reference","Reference","Medium compliance"
"Rooted Cutting (including air layer)","Uganda",TRUE,"Reference","costa farms","Poor compliance"
"Rooted Cutting (including air layer)","Uganda",TRUE,"Reference","fleurizon","Poor compliance"
"Rooted Cutting (including air layer)","Uganda",FALSE,"Reference","express seed","Low compliance"
"Rooted Cutting (including air layer)","Uganda",FALSE,"Reference","Reference","Medium compliance"
"Rooted Cutting (including air layer)","Uganda",FALSE,"Reference","costa farms","Medium compliance"
"Rooted Cutting (including air layer)","Uganda",FALSE,"Reference","fleurizon","Poor compliance"
"Rooted Cutting (including air layer)","Belgium",TRUE,"Reference","Reference","Medium compliance"
"Rooted Cutting (including air layer)","Belgium",TRUE,"Reference","miyar intl brokerage","Poor compliance"
"Rooted Cutting (including air layer)","Belgium",TRUE,"Reference","express seed","Low compliance"
"Rooted Cutting (including air layer)","Belgium",FALSE,"Reference","Reference","Medium compliance"
"Rooted Cutting (including air layer)","Belgium",FALSE,"Reference","miyar intl brokerage","Poor compliance"
"Rooted Cutting (including air layer)","Belgium",FALSE,"Reference","express seed","Low compliance"
"Rooted Cutting (including air layer)","Cameroon",TRUE,"Reference","Reference","Poor compliance"
"Rooted Cutting (including air layer)","Cameroon",FALSE,"Reference","Reference","Low compliance"
"Rooted Cutting (including air layer)","Ukraine",TRUE,"Reference","missing","Poor compliance"
"Rooted Cutting (including air layer)","Ukraine",FALSE,"Reference","missing","Low compliance"
"Rooted Cutting (including air layer)","Luxembourg",TRUE,"Reference","missing","Poor compliance"
"Rooted Cutting (including air layer)","Luxembourg",TRUE,"Reference","Reference","Low compliance"
"Rooted Cutting (including air layer)","Luxembourg",FALSE,"Reference","missing","Low compliance"
"Rooted Cutting (including air layer)","Luxembourg",FALSE,"Reference","Reference","Medium compliance"
"Rooted Cutting (including air layer)","Peru",TRUE,"Reference","Reference","Medium compliance"
"Rooted Cutting (including air layer)","Peru",TRUE,"ORNAMENTALES SAPO VERDE 801","foremost foliage","Poor compliance"
"Rooted Cutting (including air layer)","Peru",TRUE,"Reference","miyar intl brokerage","Poor compliance"
"Rooted Cutting (including air layer)","Peru",TRUE,"ORNAMENTALES SAPO VERDE 801","foremost foliage inc dba foremostco","Poor compliance"
"Rooted Cutting (including air layer)","Peru",TRUE,"GENEROS ECUATORIANOS","Reference","Poor compliance"
"Rooted Cutting (including air layer)","Peru",TRUE,"Reference","missing","Poor compliance"
"Rooted Cutting (including air layer)","Peru",TRUE,"Reference","costa farms","Poor compliance"
"Rooted Cutting (including air layer)","Peru",FALSE,"Reference","Reference","Medium compliance"
"Rooted Cutting (including air layer)","Peru",FALSE,"ORNAMENTALES SAPO VERDE 801","foremost foliage","Low compliance"
"Rooted Cutting (including air layer)","Peru",FALSE,"Reference","miyar intl brokerage","Poor compliance"
"Rooted Cutting (including air layer)","Peru",FALSE,"ORNAMENTALES SAPO VERDE 801","foremost foliage inc dba foremostco","Low compliance"
"Rooted Cutting (including air layer)","Peru",FALSE,"GENEROS ECUATORIANOS","Reference","Low compliance"
"Rooted Cutting (including air layer)","Peru",FALSE,"Reference","missing","Low compliance"
"Rooted Cutting (including air layer)","Peru",FALSE,"Reference","costa farms","Low compliance"
"Rooted Cutting (including air layer)","Panama",TRUE,"Reference","Reference","Low compliance"
"Rooted Cutting (including air layer)","Panama",FALSE,"Reference","Reference","Low compliance"
"Rooted Cutting (including air layer)","Bulgaria",TRUE,"Reference","missing","Poor compliance"
"Rooted Cutting (including air layer)","Bulgaria",FALSE,"Reference","missing","Poor compliance"
"Rooted Cutting (including air layer)","Dominican Republic",TRUE,"COSTA","costa farms","Poor compliance"
"Rooted Cutting (including air layer)","Dominican Republic",TRUE,"Reference","Reference","Medium compliance"
"Rooted Cutting (including air layer)","Dominican Republic",TRUE,"Reference","fb imports","Poor compliance"
"Rooted Cutting (including air layer)","Dominican Republic",TRUE,"Reference","costa farms","Poor compliance"
"Rooted Cutting (including air layer)","Dominican Republic",FALSE,"COSTA","costa farms","Low compliance"
"Rooted Cutting (including air layer)","Dominican Republic",FALSE,"Reference","Reference","Medium compliance"
"Rooted Cutting (including air layer)","Dominican Republic",FALSE,"Reference","fb imports","Poor compliance"
"Rooted Cutting (including air layer)","Dominican Republic",FALSE,"Reference","costa farms","Low compliance"
"Rooted Cutting (including air layer)","Ecuador",TRUE,"Reference","graciana parker","Low compliance"
"Rooted Cutting (including air layer)","Ecuador",TRUE,"GENEROS ECUATORIANOS","Reference","Low compliance"
"Rooted Cutting (including air layer)","Ecuador",TRUE,"Reference","Reference","Medium compliance"
"Rooted Cutting (including air layer)","Ecuador",TRUE,"JARDINES TERRAGARDEN","terra garden","Poor compliance"
"Rooted Cutting (including air layer)","Ecuador",TRUE,"JARDINES TERRAGARDEN","Reference","Poor compliance"
"Rooted Cutting (including air layer)","Ecuador",TRUE,"GENEROS ECUATORIANOS","omega customs brokers","Poor compliance"
"Rooted Cutting (including air layer)","Ecuador",TRUE,"Reference","omega customs brokers","Poor compliance"
"Rooted Cutting (including air layer)","Ecuador",TRUE,"Reference","missing","Poor compliance"
"Rooted Cutting (including air layer)","Ecuador",FALSE,"Reference","graciana parker","Medium compliance"
"Rooted Cutting (including air layer)","Ecuador",FALSE,"GENEROS ECUATORIANOS","Reference","Medium compliance"
"Rooted Cutting (including air layer)","Ecuador",FALSE,"Reference","Reference","Medium compliance"
"Rooted Cutting (including air layer)","Ecuador",FALSE,"JARDINES TERRAGARDEN","terra garden","Poor compliance"
"Rooted Cutting (including air layer)","Ecuador",FALSE,"JARDINES TERRAGARDEN","Reference","Low compliance"
"Rooted Cutting (including air layer)","Ecuador",FALSE,"GENEROS ECUATORIANOS","omega customs brokers","Low compliance"
"Rooted Cutting (including air layer)","Ecuador",FALSE,"Reference","omega customs brokers","Medium compliance"
"Rooted Cutting (including air layer)","Ecuador",FALSE,"Reference","missing","Medium compliance"
"Rooted Cutting (including air layer)","Honduras",TRUE,"AGRIGENTUM SA","Reference","Poor compliance"
"Rooted Cutting (including air layer)","Honduras",TRUE,"Reference","Reference","Medium compliance"
"Rooted Cutting (including air layer)","Honduras",TRUE,"Reference","costa farms","Poor compliance"
"Rooted Cutting (including air layer)","Honduras",TRUE,"Reference","plant exports","Poor compliance"
"Rooted Cutting (including air layer)","Honduras",TRUE,"Reference","express seed","Low compliance"
"Rooted Cutting (including air layer)","Honduras",TRUE,"Reference","fleurizon","Poor compliance"
"Rooted Cutting (including air layer)","Honduras",FALSE,"AGRIGENTUM SA","Reference","Medium compliance"
"Rooted Cutting (including air layer)","Honduras",FALSE,"Reference","Reference","Medium compliance"
"Rooted Cutting (including air layer)","Honduras",FALSE,"Reference","costa farms","Medium compliance"
"Rooted Cutting (including air layer)","Honduras",FALSE,"Reference","plant exports","Low compliance"
"Rooted Cutting (including air layer)","Honduras",FALSE,"Reference","express seed","Low compliance"
"Rooted Cutting (including air layer)","Honduras",FALSE,"Reference","fleurizon","Poor compliance"
"Rooted Cutting (including air layer)","Guam",TRUE,"Reference","fb imports","Poor compliance"
"Rooted Cutting (including air layer)","Guam",FALSE,"Reference","fb imports","Poor compliance"
"Rooted Cutting (including air layer)","Mozambique",TRUE,"Reference","Reference","Poor compliance"
"Rooted Cutting (including air layer)","Mozambique",FALSE,"Reference","Reference","Low compliance"
"Rooted Cutting (including air layer)","Guinea",TRUE,"Reference","green thumb marketing","Poor compliance"
"Rooted Cutting (including air layer)","Guinea",FALSE,"Reference","green thumb marketing","Poor compliance"
"Rooted Cutting (including air layer)","Trinidad and Tobago",TRUE,"Reference","Reference","Poor compliance"
"Rooted Cutting (including air layer)","Trinidad and Tobago",FALSE,"Reference","Reference","Low compliance"
"Rooted Cutting (including air layer)","Sweden",TRUE,"Reference","Reference","Low compliance"
"Rooted Cutting (including air layer)","Sweden",FALSE,"Reference","Reference","Low compliance"
"Rooted Cutting (including air layer)","Bolivia",TRUE,"Reference","Reference","Poor compliance"
"Rooted Cutting (including air layer)","Bolivia",FALSE,"Reference","Reference","Low compliance"
"Rooted Cutting (including air layer)","Portugal",TRUE,"Reference","green plant cuttings usa","Poor compliance"
"Rooted Cutting (including air layer)","Portugal",TRUE,"Reference","Reference","Medium compliance"
"Rooted Cutting (including air layer)","Portugal",FALSE,"Reference","green plant cuttings usa","Low compliance"
"Rooted Cutting (including air layer)","Portugal",FALSE,"Reference","Reference","Medium compliance"
"Rooted Cutting (including air layer)","Canada",TRUE,"Reference","Reference","Low compliance"
"Rooted Cutting (including air layer)","Canada",TRUE,"Reference","missing","Poor compliance"
"Rooted Cutting (including air layer)","Canada",FALSE,"Reference","Reference","Medium compliance"
"Rooted Cutting (including air layer)","Canada",FALSE,"Reference","missing","Low compliance"
"Rooted Cutting (including air layer)","Pakistan",TRUE,"Reference","Reference","Poor compliance"
"Rooted Cutting (including air layer)","Pakistan",FALSE,"Reference","Reference","Poor compliance"
"Rooted Cutting (including air layer)","Switzerland",TRUE,"Reference","Reference","Poor compliance"
"Rooted Cutting (including air layer)","Switzerland",FALSE,"Reference","Reference","Low compliance"
"Rooted Cutting (including air layer)","Barbados",TRUE,"Reference","Reference","Poor compliance"
"Rooted Cutting (including air layer)","Barbados",FALSE,"Reference","Reference","Poor compliance"
"Rooted Cutting (including air layer)","Antigua and Barbuda",TRUE,"Reference","Reference","Poor compliance"
"Rooted Cutting (including air layer)","Antigua and Barbuda",FALSE,"Reference","Reference","Poor compliance"
"Rooted Cutting (including air layer)","St. Lucia",TRUE,"Reference","Reference","Poor compliance"
"Rooted Cutting (including air layer)","St. Lucia",FALSE,"Reference","Reference","Poor compliance"
"Rooted Cutting (including air layer)","Belize",TRUE,"Reference","Reference","Poor compliance"
"Rooted Cutting (including air layer)","Belize",FALSE,"Reference","Reference","Low compliance"
"Rooted Cutting (including air layer)","Ethiopia",TRUE,"Reference","Reference","Medium compliance"
"Rooted Cutting (including air layer)","Ethiopia",FALSE,"Reference","Reference","Medium compliance"
"Rooted Cutting (including air layer)","Nepal",TRUE,"Reference","Reference","Poor compliance"
"Rooted Cutting (including air layer)","Nepal",FALSE,"Reference","Reference","Poor compliance"
"Rooted Cutting (including air layer)","Senegal",TRUE,"Reference","Reference","Poor compliance"
"Rooted Cutting (including air layer)","Senegal",FALSE,"Reference","Reference","Low compliance"
"Rooted Cutting (including air layer)","Gambia",TRUE,"Reference","Reference","Poor compliance"
"Rooted Cutting (including air layer)","Gambia",FALSE,"Reference","Reference","Low compliance"
"Rooted Cutting (including air layer)","Suriname",TRUE,"Reference","Reference","Poor compliance"
"Rooted Cutting (including air layer)","Suriname",FALSE,"Reference","Reference","Low compliance"
"Rooted Cutting (including air layer)","US Virgin Islands",TRUE,"Reference","Reference","Poor compliance"
"Rooted Cutting (including air layer)","US Virgin Islands",FALSE,"Reference","Reference","Low compliance"
"Budwood/Graftwood (scion)","Korea, South",TRUE,"xplant","Reference","Poor compliance"
"Budwood/Graftwood (scion)","Korea, South",TRUE,"xplant","missing","Poor compliance"
"Budwood/Graftwood (scion)","Korea, South",TRUE,"Reference","Reference","Medium compliance"
"Budwood/Graftwood (scion)","Korea, South",TRUE,"Reference","missing","Poor compliance"
"Budwood/Graftwood (scion)","Korea, South",TRUE,"Reference","western cactus enterprises","Poor compliance"
"Budwood/Graftwood (scion)","Korea, South",TRUE,"Reference","altman specialty plants","Poor compliance"
"Budwood/Graftwood (scion)","Korea, South",TRUE,"Reference","costa farms","Poor compliance"
"Budwood/Graftwood (scion)","Korea, South",TRUE,"Reference","miyar intl brokerage","Poor compliance"
"Budwood/Graftwood (scion)","Korea, South",TRUE,"Reference","aksiporn saengfa","Poor compliance"
"Budwood/Graftwood (scion)","Korea, South",FALSE,"xplant","Reference","Medium compliance"
"Budwood/Graftwood (scion)","Korea, South",FALSE,"xplant","missing","Low compliance"
"Budwood/Graftwood (scion)","Korea, South",FALSE,"Reference","Reference","Medium compliance"
"Budwood/Graftwood (scion)","Korea, South",FALSE,"Reference","missing","Medium compliance"
"Budwood/Graftwood (scion)","Korea, South",FALSE,"Reference","western cactus enterprises","Medium compliance"
"Budwood/Graftwood (scion)","Korea, South",FALSE,"Reference","altman specialty plants","Low compliance"
"Budwood/Graftwood (scion)","Korea, South",FALSE,"Reference","costa farms","Medium compliance"
"Budwood/Graftwood (scion)","Korea, South",FALSE,"Reference","miyar intl brokerage","Poor compliance"
"Budwood/Graftwood (scion)","Korea, South",FALSE,"Reference","aksiporn saengfa","Medium compliance"
"Budwood/Graftwood (scion)","Thailand",TRUE,"Reference","missing","Poor compliance"
"Budwood/Graftwood (scion)","Thailand",TRUE,"Escactus","missing","Poor compliance"
"Budwood/Graftwood (scion)","Thailand",TRUE,"Reference","Reference","Medium compliance"
"Budwood/Graftwood (scion)","Thailand",TRUE,"WALPAT AQUATIC","complete aquatic systems","Poor compliance"
"Budwood/Graftwood (scion)","Thailand",TRUE,"Reference","ultum nature systems","Low compliance"
"Budwood/Graftwood (scion)","Thailand",TRUE,"WHITE ROSE EXPORT (THAILAND) LTD","complete aquatic systems","Poor compliance"
"Budwood/Graftwood (scion)","Thailand",TRUE,"Reference","siam flora","Poor compliance"
"Budwood/Graftwood (scion)","Thailand",TRUE,"Reference","complete aquatic systems","Poor compliance"
"Budwood/Graftwood (scion)","Thailand",TRUE,"Reference","tat tristan g","Poor compliance"
"Budwood/Graftwood (scion)","Thailand",TRUE,"Reference","united plant growers","Poor compliance"
"Budwood/Graftwood (scion)","Thailand",TRUE,"Natta 1565 Limited","Reference","Poor compliance"
"Budwood/Graftwood (scion)","Thailand",TRUE,"ALPINE TROPICAL PLANTS CO LTD","missing","Poor compliance"
"Budwood/Graftwood (scion)","Thailand",TRUE,"Reference","chen tian","Poor compliance"
"Budwood/Graftwood (scion)","Thailand",TRUE,"Reference","ds cole growers","Poor compliance"
"Budwood/Graftwood (scion)","Thailand",TRUE,"Reference","omega customs brokers","Poor compliance"
"Budwood/Graftwood (scion)","Thailand",TRUE,"Reference","aksiporn saengfa","Poor compliance"
"Budwood/Graftwood (scion)","Thailand",TRUE,"Kantapat Kaewpradith","Reference","Poor compliance"
"Budwood/Graftwood (scion)","Thailand",TRUE,"Escactus","Reference","Poor compliance"
"Budwood/Graftwood (scion)","Thailand",TRUE,"Reference","daniel baytosh","Poor compliance"
"Budwood/Graftwood (scion)","Thailand",TRUE,"Reference","miyar intl brokerage","Poor compliance"
"Budwood/Graftwood (scion)","Thailand",TRUE,"Bomb Takomfoo","Reference","Poor compliance"
"Budwood/Graftwood (scion)","Thailand",TRUE,"ALPINE TROPICAL PLANTS CO LTD","Reference","Poor compliance"
"Budwood/Graftwood (scion)","Thailand",TRUE,"Reference","foremost foliage inc dba foremostco","Poor compliance"
"Budwood/Graftwood (scion)","Thailand",TRUE,"Reference","fleurizon","Poor compliance"
"Budwood/Graftwood (scion)","Thailand",TRUE,"Reference","hanna gregor","Poor compliance"
"Budwood/Graftwood (scion)","Thailand",TRUE,"Reference","green plant cuttings usa","Poor compliance"
"Budwood/Graftwood (scion)","Thailand",TRUE,"GENEROS ECUATORIANOS","Reference","Poor compliance"
"Budwood/Graftwood (scion)","Thailand",TRUE,"Reference","waterscaap pond amp aquarium plants","Poor compliance"
"Budwood/Graftwood (scion)","Thailand",TRUE,"PT AQUATIC PLAN CENTRE INDONESIA","Reference","Low compliance"
"Budwood/Graftwood (scion)","Thailand",TRUE,"Reference","costa farms","Poor compliance"
"Budwood/Graftwood (scion)","Thailand",TRUE,"Reference","gubler orchids","Poor compliance"
"Budwood/Graftwood (scion)","Thailand",TRUE,"Reference","biostok","Poor compliance"
"Budwood/Graftwood (scion)","Thailand",TRUE,"Reference","perfect choice","Poor compliance"
"Budwood/Graftwood (scion)","Thailand",TRUE,"GENEROS ECUATORIANOS","hanna gregor","Poor compliance"
"Budwood/Graftwood (scion)","Thailand",TRUE,"Natta 1565 Limited","hanna gregor","Poor compliance"
"Budwood/Graftwood (scion)","Thailand",TRUE,"Reference","b c amp f brokerage","Poor compliance"
"Budwood/Graftwood (scion)","Thailand",TRUE,"Natta 1565 Limited","perfect choice","Poor compliance"
"Budwood/Graftwood (scion)","Thailand",TRUE,"Reference","foremost foliage","Poor compliance"
"Budwood/Graftwood (scion)","Thailand",TRUE,"Reference","mchutchison","Poor compliance"
"Budwood/Graftwood (scion)","Thailand",TRUE,"Reference","express seed","Poor compliance"
"Budwood/Graftwood (scion)","Thailand",FALSE,"Reference","missing","Low compliance"
"Budwood/Graftwood (scion)","Thailand",FALSE,"Escactus","missing","Low compliance"
"Budwood/Graftwood (scion)","Thailand",FALSE,"Reference","Reference","Medium compliance"
"Budwood/Graftwood (scion)","Thailand",FALSE,"WALPAT AQUATIC","complete aquatic systems","Poor compliance"
"Budwood/Graftwood (scion)","Thailand",FALSE,"Reference","ultum nature systems","Poor compliance"
"Budwood/Graftwood (scion)","Thailand",FALSE,"WHITE ROSE EXPORT (THAILAND) LTD","complete aquatic systems","Low compliance"
"Budwood/Graftwood (scion)","Thailand",FALSE,"Reference","siam flora","Low compliance"
"Budwood/Graftwood (scion)","Thailand",FALSE,"Reference","complete aquatic systems","Low compliance"
"Budwood/Graftwood (scion)","Thailand",FALSE,"Reference","tat tristan g","Poor compliance"
"Budwood/Graftwood (scion)","Thailand",FALSE,"Reference","united plant growers","Low compliance"
"Budwood/Graftwood (scion)","Thailand",FALSE,"Natta 1565 Limited","Reference","Low compliance"
"Budwood/Graftwood (scion)","Thailand",FALSE,"ALPINE TROPICAL PLANTS CO LTD","missing","Poor compliance"
"Budwood/Graftwood (scion)","Thailand",FALSE,"Reference","chen tian","Poor compliance"
"Budwood/Graftwood (scion)","Thailand",FALSE,"Reference","ds cole growers","Low compliance"
"Budwood/Graftwood (scion)","Thailand",FALSE,"Reference","omega customs brokers","Poor compliance"
"Budwood/Graftwood (scion)","Thailand",FALSE,"Reference","aksiporn saengfa","Low compliance"
"Budwood/Graftwood (scion)","Thailand",FALSE,"Kantapat Kaewpradith","Reference","Low compliance"
"Budwood/Graftwood (scion)","Thailand",FALSE,"Escactus","Reference","Low compliance"
"Budwood/Graftwood (scion)","Thailand",FALSE,"Reference","daniel baytosh","Low compliance"
"Budwood/Graftwood (scion)","Thailand",FALSE,"Reference","miyar intl brokerage","Poor compliance"
"Budwood/Graftwood (scion)","Thailand",FALSE,"Bomb Takomfoo","Reference","Poor compliance"
"Budwood/Graftwood (scion)","Thailand",FALSE,"ALPINE TROPICAL PLANTS CO LTD","Reference","Low compliance"
"Budwood/Graftwood (scion)","Thailand",FALSE,"Reference","foremost foliage inc dba foremostco","Poor compliance"
"Budwood/Graftwood (scion)","Thailand",FALSE,"Reference","fleurizon","Poor compliance"
"Budwood/Graftwood (scion)","Thailand",FALSE,"Reference","hanna gregor","Poor compliance"
"Budwood/Graftwood (scion)","Thailand",FALSE,"Reference","green plant cuttings usa","Low compliance"
"Budwood/Graftwood (scion)","Thailand",FALSE,"GENEROS ECUATORIANOS","Reference","Poor compliance"
"Budwood/Graftwood (scion)","Thailand",FALSE,"Reference","waterscaap pond amp aquarium plants","Poor compliance"
"Budwood/Graftwood (scion)","Thailand",FALSE,"PT AQUATIC PLAN CENTRE INDONESIA","Reference","Medium compliance"
"Budwood/Graftwood (scion)","Thailand",FALSE,"Reference","costa farms","Low compliance"
"Budwood/Graftwood (scion)","Thailand",FALSE,"Reference","gubler orchids","Poor compliance"
"Budwood/Graftwood (scion)","Thailand",FALSE,"Reference","biostok","Poor compliance"
"Budwood/Graftwood (scion)","Thailand",FALSE,"Reference","perfect choice","Poor compliance"
"Budwood/Graftwood (scion)","Thailand",FALSE,"GENEROS ECUATORIANOS","hanna gregor","Poor compliance"
"Budwood/Graftwood (scion)","Thailand",FALSE,"Natta 1565 Limited","hanna gregor","Poor compliance"
"Budwood/Graftwood (scion)","Thailand",FALSE,"Reference","b c amp f brokerage","Low compliance"
"Budwood/Graftwood (scion)","Thailand",FALSE,"Natta 1565 Limited","perfect choice","Poor compliance"
"Budwood/Graftwood (scion)","Thailand",FALSE,"Reference","foremost foliage","Poor compliance"
"Budwood/Graftwood (scion)","Thailand",FALSE,"Reference","mchutchison","Low compliance"
"Budwood/Graftwood (scion)","Thailand",FALSE,"Reference","express seed","Low compliance"
"Budwood/Graftwood (scion)","Indonesia",TRUE,"CV Jawadipa Nusantara","Reference","Poor compliance"
"Budwood/Graftwood (scion)","Indonesia",TRUE,"Reference","Reference","Low compliance"
"Budwood/Graftwood (scion)","Indonesia",TRUE,"Nisa Garden","Reference","Poor compliance"
"Budwood/Graftwood (scion)","Indonesia",TRUE,"CV Okanoka Multi Usaha","stephanie schouten","Poor compliance"
"Budwood/Graftwood (scion)","Indonesia",TRUE,"CV AESTETICH","Reference","Poor compliance"
"Budwood/Graftwood (scion)","Indonesia",TRUE,"Sekar Wana Jaya","joni suhartomo","Poor compliance"
"Budwood/Graftwood (scion)","Indonesia",TRUE,"CV Okanoka Multi Usaha","Reference","Poor compliance"
"Budwood/Graftwood (scion)","Indonesia",TRUE,"CV KEBUN INDAH","Reference","Poor compliance"
"Budwood/Graftwood (scion)","Indonesia",TRUE,"Sekar Wana Jaya","Reference","Poor compliance"
"Budwood/Graftwood (scion)","Indonesia",TRUE,"Reference","joni suhartomo","Poor compliance"
"Budwood/Graftwood (scion)","Indonesia",TRUE,"Sekar Wana Jaya","missing","Poor compliance"
"Budwood/Graftwood (scion)","Indonesia",TRUE,"Reference","tat tristan g","Poor compliance"
"Budwood/Graftwood (scion)","Indonesia",TRUE,"PT AQUATIC PLAN CENTRE INDONESIA","complete aquatic systems","Poor compliance"
"Budwood/Graftwood (scion)","Indonesia",TRUE,"Reference","ultum nature systems","Poor compliance"
"Budwood/Graftwood (scion)","Indonesia",TRUE,"CV KEBUN INDAH","stephanie schouten","Poor compliance"
"Budwood/Graftwood (scion)","Indonesia",TRUE,"Reference","missing","Poor compliance"
"Budwood/Graftwood (scion)","Indonesia",TRUE,"Nisa Garden","missing","Poor compliance"
"Budwood/Graftwood (scion)","Indonesia",TRUE,"Reference","stephanie schouten","Poor compliance"
"Budwood/Graftwood (scion)","Indonesia",TRUE,"CV Jawadipa Nusantara","puspa ariani pande ketut","Poor compliance"
"Budwood/Graftwood (scion)","Indonesia",TRUE,"Reference","waterscaap pond amp aquarium plants","Poor compliance"
"Budwood/Graftwood (scion)","Indonesia",TRUE,"Reference","costa farms","Poor compliance"
"Budwood/Graftwood (scion)","Indonesia",TRUE,"Reference","foremost foliage","Poor compliance"
"Budwood/Graftwood (scion)","Indonesia",TRUE,"PT AQUATIC PLAN CENTRE INDONESIA","Reference","Poor compliance"
"Budwood/Graftwood (scion)","Indonesia",TRUE,"Reference","miyar intl brokerage","Poor compliance"
"Budwood/Graftwood (scion)","Indonesia",TRUE,"Reference","foremost foliage inc dba foremostco","Poor compliance"
"Budwood/Graftwood (scion)","Indonesia",TRUE,"PT AQUATIC PLAN CENTRE INDONESIA","waterscaap pond amp aquarium plants","Poor compliance"
"Budwood/Graftwood (scion)","Indonesia",TRUE,"Reference","perfect choice","Poor compliance"
"Budwood/Graftwood (scion)","Indonesia",TRUE,"CV AESTETICH","missing","Poor compliance"
"Budwood/Graftwood (scion)","Indonesia",TRUE,"CV KEBUN INDAH","missing","Poor compliance"
"Budwood/Graftwood (scion)","Indonesia",TRUE,"CV Jawadipa Nusantara","missing","Poor compliance"
"Budwood/Graftwood (scion)","Indonesia",TRUE,"Reference","biostok","Poor compliance"
"Budwood/Graftwood (scion)","Indonesia",TRUE,"CV KEBUN INDAH","hanna gregor","Poor compliance"
"Budwood/Graftwood (scion)","Indonesia",TRUE,"Nisa Garden","hanna gregor","Poor compliance"
"Budwood/Graftwood (scion)","Indonesia",TRUE,"Reference","hanna gregor","Poor compliance"
"Budwood/Graftwood (scion)","Indonesia",TRUE,"Reference","omega customs brokers","Poor compliance"
"Budwood/Graftwood (scion)","Indonesia",TRUE,"Reference","puspa ariani pande ketut","Poor compliance"
"Budwood/Graftwood (scion)","Indonesia",TRUE,"Reference","express seed","Poor compliance"
"Budwood/Graftwood (scion)","Indonesia",FALSE,"CV Jawadipa Nusantara","Reference","Poor compliance"
"Budwood/Graftwood (scion)","Indonesia",FALSE,"Reference","Reference","Medium compliance"
"Budwood/Graftwood (scion)","Indonesia",FALSE,"Nisa Garden","Reference","Poor compliance"
"Budwood/Graftwood (scion)","Indonesia",FALSE,"CV Okanoka Multi Usaha","stephanie schouten","Poor compliance"
"Budwood/Graftwood (scion)","Indonesia",FALSE,"CV AESTETICH","Reference","Low compliance"
"Budwood/Graftwood (scion)","Indonesia",FALSE,"Sekar Wana Jaya","joni suhartomo","Poor compliance"
"Budwood/Graftwood (scion)","Indonesia",FALSE,"CV Okanoka Multi Usaha","Reference","Poor compliance"
"Budwood/Graftwood (scion)","Indonesia",FALSE,"CV KEBUN INDAH","Reference","Poor compliance"
"Budwood/Graftwood (scion)","Indonesia",FALSE,"Sekar Wana Jaya","Reference","Poor compliance"
"Budwood/Graftwood (scion)","Indonesia",FALSE,"Reference","joni suhartomo","Poor compliance"
"Budwood/Graftwood (scion)","Indonesia",FALSE,"Sekar Wana Jaya","missing","Poor compliance"
"Budwood/Graftwood (scion)","Indonesia",FALSE,"Reference","tat tristan g","Poor compliance"
"Budwood/Graftwood (scion)","Indonesia",FALSE,"PT AQUATIC PLAN CENTRE INDONESIA","complete aquatic systems","Poor compliance"
"Budwood/Graftwood (scion)","Indonesia",FALSE,"Reference","ultum nature systems","Poor compliance"
"Budwood/Graftwood (scion)","Indonesia",FALSE,"CV KEBUN INDAH","stephanie schouten","Poor compliance"
"Budwood/Graftwood (scion)","Indonesia",FALSE,"Reference","missing","Poor compliance"
"Budwood/Graftwood (scion)","Indonesia",FALSE,"Nisa Garden","missing","Poor compliance"
"Budwood/Graftwood (scion)","Indonesia",FALSE,"Reference","stephanie schouten","Poor compliance"
"Budwood/Graftwood (scion)","Indonesia",FALSE,"CV Jawadipa Nusantara","puspa ariani pande ketut","Poor compliance"
"Budwood/Graftwood (scion)","Indonesia",FALSE,"Reference","waterscaap pond amp aquarium plants","Poor compliance"
"Budwood/Graftwood (scion)","Indonesia",FALSE,"Reference","costa farms","Poor compliance"
"Budwood/Graftwood (scion)","Indonesia",FALSE,"Reference","foremost foliage","Poor compliance"
"Budwood/Graftwood (scion)","Indonesia",FALSE,"PT AQUATIC PLAN CENTRE INDONESIA","Reference","Low compliance"
"Budwood/Graftwood (scion)","Indonesia",FALSE,"Reference","miyar intl brokerage","Poor compliance"
"Budwood/Graftwood (scion)","Indonesia",FALSE,"Reference","foremost foliage inc dba foremostco","Poor compliance"
"Budwood/Graftwood (scion)","Indonesia",FALSE,"PT AQUATIC PLAN CENTRE INDONESIA","waterscaap pond amp aquarium plants","Poor compliance"
"Budwood/Graftwood (scion)","Indonesia",FALSE,"Reference","perfect choice","Poor compliance"
"Budwood/Graftwood (scion)","Indonesia",FALSE,"CV AESTETICH","missing","Poor compliance"
"Budwood/Graftwood (scion)","Indonesia",FALSE,"CV KEBUN INDAH","missing","Poor compliance"
"Budwood/Graftwood (scion)","Indonesia",FALSE,"CV Jawadipa Nusantara","missing","Poor compliance"
"Budwood/Graftwood (scion)","Indonesia",FALSE,"Reference","biostok","Poor compliance"
"Budwood/Graftwood (scion)","Indonesia",FALSE,"CV KEBUN INDAH","hanna gregor","Poor compliance"
"Budwood/Graftwood (scion)","Indonesia",FALSE,"Nisa Garden","hanna gregor","Poor compliance"
"Budwood/Graftwood (scion)","Indonesia",FALSE,"Reference","hanna gregor","Poor compliance"
"Budwood/Graftwood (scion)","Indonesia",FALSE,"Reference","omega customs brokers","Poor compliance"
"Budwood/Graftwood (scion)","Indonesia",FALSE,"Reference","puspa ariani pande ketut","Poor compliance"
"Budwood/Graftwood (scion)","Indonesia",FALSE,"Reference","express seed","Poor compliance"
"Budwood/Graftwood (scion)","Philippines",TRUE,"Reference","missing","Poor compliance"
"Budwood/Graftwood (scion)","Philippines",TRUE,"Reference","Reference","Low compliance"
"Budwood/Graftwood (scion)","Philippines",TRUE,"Reference","omega customs brokers","Poor compliance"
"Budwood/Graftwood (scion)","Philippines",TRUE,"Reference","aksiporn saengfa","Poor compliance"
"Budwood/Graftwood (scion)","Philippines",FALSE,"Reference","missing","Poor compliance"
"Budwood/Graftwood (scion)","Philippines",FALSE,"Reference","Reference","Medium compliance"
"Budwood/Graftwood (scion)","Philippines",FALSE,"Reference","omega customs brokers","Poor compliance"
"Budwood/Graftwood (scion)","Philippines",FALSE,"Reference","aksiporn saengfa","Poor compliance"
"Budwood/Graftwood (scion)","Austria",TRUE,"Reference","missing","Poor compliance"
"Budwood/Graftwood (scion)","Austria",TRUE,"Reference","Reference","Low compliance"
"Budwood/Graftwood (scion)","Austria",FALSE,"Reference","missing","Low compliance"
"Budwood/Graftwood (scion)","Austria",FALSE,"Reference","Reference","Low compliance"
"Budwood/Graftwood (scion)","Mexico",TRUE,"Reference","Reference","Medium compliance"
"Budwood/Graftwood (scion)","Mexico",TRUE,"Reference","scott valentine","Poor compliance"
"Budwood/Graftwood (scion)","Mexico",TRUE,"Reference","express seed","Poor compliance"
"Budwood/Graftwood (scion)","Mexico",TRUE,"Reference","costa farms","Poor compliance"
"Budwood/Graftwood (scion)","Mexico",TRUE,"Reference","missing","Poor compliance"
"Budwood/Graftwood (scion)","Mexico",FALSE,"Reference","Reference","Medium compliance"
"Budwood/Graftwood (scion)","Mexico",FALSE,"Reference","scott valentine","Low compliance"
"Budwood/Graftwood (scion)","Mexico",FALSE,"Reference","express seed","Low compliance"
"Budwood/Graftwood (scion)","Mexico",FALSE,"Reference","costa farms","Low compliance"
"Budwood/Graftwood (scion)","Mexico",FALSE,"Reference","missing","Low compliance"
"Budwood/Graftwood (scion)","China",TRUE,"Reference","Reference","Medium compliance"
"Budwood/Graftwood (scion)","China",TRUE,"Reference","missing","Poor compliance"
"Budwood/Graftwood (scion)","China",TRUE,"KUNMING TAODUROU HORTICULUTURE C","mimi nursery","Poor compliance"
"Budwood/Graftwood (scion)","China",TRUE,"KUNMING TAODUROU HORTICULUTURE C","Reference","Poor compliance"
"Budwood/Graftwood (scion)","China",TRUE,"Reference","costa farms","Poor compliance"
"Budwood/Graftwood (scion)","China",TRUE,"SHANDONG HUAYUCHENG AGRICULTURAL","Reference","Poor compliance"
"Budwood/Graftwood (scion)","China",TRUE,"SHANDONG HUAYUCHENG AGRICULTURAL","mimi nursery","Poor compliance"
"Budwood/Graftwood (scion)","China",TRUE,"ZHANGZHOU BANRUO","united plant growers","Poor compliance"
"Budwood/Graftwood (scion)","China",TRUE,"Reference","chen tian","Poor compliance"
"Budwood/Graftwood (scion)","China",TRUE,"ZHANGZHOU BANRUO","foremost foliage","Poor compliance"
"Budwood/Graftwood (scion)","China",TRUE,"Reference","fleurizon","Poor compliance"
"Budwood/Graftwood (scion)","China",TRUE,"ZHANGZHOU BANRUO","Reference","Poor compliance"
"Budwood/Graftwood (scion)","China",TRUE,"Reference","united plant growers","Poor compliance"
"Budwood/Graftwood (scion)","China",TRUE,"Reference","express seed","Poor compliance"
"Budwood/Graftwood (scion)","China",TRUE,"Reference","western cactus enterprises","Poor compliance"
"Budwood/Graftwood (scion)","China",TRUE,"KUNMING TAODUROU HORTICULUTURE C","missing","Poor compliance"
"Budwood/Graftwood (scion)","China",TRUE,"Reference","complete aquatic systems","Poor compliance"
"Budwood/Graftwood (scion)","China",TRUE,"Reference","foremost foliage","Poor compliance"
"Budwood/Graftwood (scion)","China",TRUE,"Reference","mimi nursery","Low compliance"
"Budwood/Graftwood (scion)","China",TRUE,"Reference","perfect choice","Poor compliance"
"Budwood/Graftwood (scion)","China",TRUE,"Reference","green plant cuttings usa","Poor compliance"
"Budwood/Graftwood (scion)","China",TRUE,"Reference","mchutchison","Poor compliance"
"Budwood/Graftwood (scion)","China",TRUE,"ZHANGZHOU BANRUO","fleurizon","Poor compliance"
"Budwood/Graftwood (scion)","China",TRUE,"Reference","foremost foliage inc dba foremostco","Poor compliance"
"Budwood/Graftwood (scion)","China",TRUE,"Reference","biostok","Poor compliance"
"Budwood/Graftwood (scion)","China",TRUE,"ZHANGZHOU BANRUO","express seed","Poor compliance"
"Budwood/Graftwood (scion)","China",TRUE,"ZHANGZHOU BANRUO","foremost foliage inc dba foremostco","Poor compliance"
"Budwood/Graftwood (scion)","China",TRUE,"Reference","miyar intl brokerage","Poor compliance"
"Budwood/Graftwood (scion)","China",TRUE,"ZHANGZHOU BANRUO","costa farms","Poor compliance"
"Budwood/Graftwood (scion)","China",TRUE,"ZHANGZHOU BANRUO","green plant cuttings usa","Poor compliance"
"Budwood/Graftwood (scion)","China",TRUE,"Reference","omega customs brokers","Poor compliance"
"Budwood/Graftwood (scion)","China",TRUE,"Reference","altman specialty plants","Poor compliance"
"Budwood/Graftwood (scion)","China",TRUE,"Reference","scott valentine","Poor compliance"
"Budwood/Graftwood (scion)","China",TRUE,"Reference","kurt weiss greenhouse","Poor compliance"
"Budwood/Graftwood (scion)","China",TRUE,"SHANDONG HUAYUCHENG AGRICULTURAL","missing","Poor compliance"
"Budwood/Graftwood (scion)","China",FALSE,"Reference","Reference","Medium compliance"
"Budwood/Graftwood (scion)","China",FALSE,"Reference","missing","Low compliance"
"Budwood/Graftwood (scion)","China",FALSE,"KUNMING TAODUROU HORTICULUTURE C","mimi nursery","Poor compliance"
"Budwood/Graftwood (scion)","China",FALSE,"KUNMING TAODUROU HORTICULUTURE C","Reference","Low compliance"
"Budwood/Graftwood (scion)","China",FALSE,"Reference","costa farms","Low compliance"
"Budwood/Graftwood (scion)","China",FALSE,"SHANDONG HUAYUCHENG AGRICULTURAL","Reference","Low compliance"
"Budwood/Graftwood (scion)","China",FALSE,"SHANDONG HUAYUCHENG AGRICULTURAL","mimi nursery","Poor compliance"
"Budwood/Graftwood (scion)","China",FALSE,"ZHANGZHOU BANRUO","united plant growers","Low compliance"
"Budwood/Graftwood (scion)","China",FALSE,"Reference","chen tian","Poor compliance"
"Budwood/Graftwood (scion)","China",FALSE,"ZHANGZHOU BANRUO","foremost foliage","Poor compliance"
"Budwood/Graftwood (scion)","China",FALSE,"Reference","fleurizon","Poor compliance"
"Budwood/Graftwood (scion)","China",FALSE,"ZHANGZHOU BANRUO","Reference","Medium compliance"
"Budwood/Graftwood (scion)","China",FALSE,"Reference","united plant growers","Low compliance"
"Budwood/Graftwood (scion)","China",FALSE,"Reference","express seed","Poor compliance"
"Budwood/Graftwood (scion)","China",FALSE,"Reference","western cactus enterprises","Low compliance"
"Budwood/Graftwood (scion)","China",FALSE,"KUNMING TAODUROU HORTICULUTURE C","missing","Poor compliance"
"Budwood/Graftwood (scion)","China",FALSE,"Reference","complete aquatic systems","Low compliance"
"Budwood/Graftwood (scion)","China",FALSE,"Reference","foremost foliage","Poor compliance"
"Budwood/Graftwood (scion)","China",FALSE,"Reference","mimi nursery","Low compliance"
"Budwood/Graftwood (scion)","China",FALSE,"Reference","perfect choice","Poor compliance"
"Budwood/Graftwood (scion)","China",FALSE,"Reference","green plant cuttings usa","Low compliance"
"Budwood/Graftwood (scion)","China",FALSE,"Reference","mchutchison","Low compliance"
"Budwood/Graftwood (scion)","China",FALSE,"ZHANGZHOU BANRUO","fleurizon","Poor compliance"
"Budwood/Graftwood (scion)","China",FALSE,"Reference","foremost foliage inc dba foremostco","Poor compliance"
"Budwood/Graftwood (scion)","China",FALSE,"Reference","biostok","Poor compliance"
"Budwood/Graftwood (scion)","China",FALSE,"ZHANGZHOU BANRUO","express seed","Poor compliance"
"Budwood/Graftwood (scion)","China",FALSE,"ZHANGZHOU BANRUO","foremost foliage inc dba foremostco","Poor compliance"
"Budwood/Graftwood (scion)","China",FALSE,"Reference","miyar intl brokerage","Poor compliance"
"Budwood/Graftwood (scion)","China",FALSE,"ZHANGZHOU BANRUO","costa farms","Low compliance"
"Budwood/Graftwood (scion)","China",FALSE,"ZHANGZHOU BANRUO","green plant cuttings usa","Poor compliance"
"Budwood/Graftwood (scion)","China",FALSE,"Reference","omega customs brokers","Poor compliance"
"Budwood/Graftwood (scion)","China",FALSE,"Reference","altman specialty plants","Poor compliance"
"Budwood/Graftwood (scion)","China",FALSE,"Reference","scott valentine","Low compliance"
"Budwood/Graftwood (scion)","China",FALSE,"Reference","kurt weiss greenhouse","Medium compliance"
"Budwood/Graftwood (scion)","China",FALSE,"SHANDONG HUAYUCHENG AGRICULTURAL","missing","Poor compliance"
"Budwood/Graftwood (scion)","Taiwan",TRUE,"Reference","missing","Poor compliance"
"Budwood/Graftwood (scion)","Taiwan",TRUE,"Reference","Reference","Medium compliance"
"Budwood/Graftwood (scion)","Taiwan",TRUE,"Reference","gubler orchids","Poor compliance"
"Budwood/Graftwood (scion)","Taiwan",TRUE,"Reference","costa farms","Poor compliance"
"Budwood/Graftwood (scion)","Taiwan",TRUE,"Reference","united plant growers","Poor compliance"
"Budwood/Graftwood (scion)","Taiwan",TRUE,"Reference","altman specialty plants","Poor compliance"
"Budwood/Graftwood (scion)","Taiwan",TRUE,"Reference","foremost foliage","Poor compliance"
"Budwood/Graftwood (scion)","Taiwan",TRUE,"Reference","biostok","Poor compliance"
"Budwood/Graftwood (scion)","Taiwan",TRUE,"Reference","miyar intl brokerage","Poor compliance"
"Budwood/Graftwood (scion)","Taiwan",TRUE,"Reference","perfect choice","Poor compliance"
"Budwood/Graftwood (scion)","Taiwan",TRUE,"Reference","foremost foliage inc dba foremostco","Poor compliance"
"Budwood/Graftwood (scion)","Taiwan",TRUE,"Reference","omega customs brokers","Poor compliance"
"Budwood/Graftwood (scion)","Taiwan",TRUE,"Reference","b c amp f brokerage","Poor compliance"
"Budwood/Graftwood (scion)","Taiwan",TRUE,"Reference","express seed","Low compliance"
"Budwood/Graftwood (scion)","Taiwan",FALSE,"Reference","missing","Medium compliance"
"Budwood/Graftwood (scion)","Taiwan",FALSE,"Reference","Reference","Medium compliance"
"Budwood/Graftwood (scion)","Taiwan",FALSE,"Reference","gubler orchids","Poor compliance"
"Budwood/Graftwood (scion)","Taiwan",FALSE,"Reference","costa farms","Medium compliance"
"Budwood/Graftwood (scion)","Taiwan",FALSE,"Reference","united plant growers","Low compliance"
"Budwood/Graftwood (scion)","Taiwan",FALSE,"Reference","altman specialty plants","Low compliance"
"Budwood/Graftwood (scion)","Taiwan",FALSE,"Reference","foremost foliage","Low compliance"
"Budwood/Graftwood (scion)","Taiwan",FALSE,"Reference","biostok","Poor compliance"
"Budwood/Graftwood (scion)","Taiwan",FALSE,"Reference","miyar intl brokerage","Poor compliance"
"Budwood/Graftwood (scion)","Taiwan",FALSE,"Reference","perfect choice","Poor compliance"
"Budwood/Graftwood (scion)","Taiwan",FALSE,"Reference","foremost foliage inc dba foremostco","Low compliance"
"Budwood/Graftwood (scion)","Taiwan",FALSE,"Reference","omega customs brokers","Low compliance"
"Budwood/Graftwood (scion)","Taiwan",FALSE,"Reference","b c amp f brokerage","Medium compliance"
"Budwood/Graftwood (scion)","Taiwan",FALSE,"Reference","express seed","Low compliance"
"Budwood/Graftwood (scion)","South Africa",TRUE,"Reference","Reference","Low compliance"
"Budwood/Graftwood (scion)","South Africa",TRUE,"Reference","missing","Poor compliance"
"Budwood/Graftwood (scion)","South Africa",TRUE,"Reference","costa farms","Poor compliance"
"Budwood/Graftwood (scion)","South Africa",TRUE,"Reference","miyar intl brokerage","Poor compliance"
"Budwood/Graftwood (scion)","South Africa",TRUE,"Reference","foremost foliage","Poor compliance"
"Budwood/Graftwood (scion)","South Africa",TRUE,"Reference","express seed","Poor compliance"
"Budwood/Graftwood (scion)","South Africa",FALSE,"Reference","Reference","Medium compliance"
"Budwood/Graftwood (scion)","South Africa",FALSE,"Reference","missing","Low compliance"
"Budwood/Graftwood (scion)","South Africa",FALSE,"Reference","costa farms","Low compliance"
"Budwood/Graftwood (scion)","South Africa",FALSE,"Reference","miyar intl brokerage","Poor compliance"
"Budwood/Graftwood (scion)","South Africa",FALSE,"Reference","foremost foliage","Poor compliance"
"Budwood/Graftwood (scion)","South Africa",FALSE,"Reference","express seed","Poor compliance"
"Budwood/Graftwood (scion)","Hungary",TRUE,"Reference","Reference","Poor compliance"
"Budwood/Graftwood (scion)","Hungary",TRUE,"Reference","missing","Poor compliance"
"Budwood/Graftwood (scion)","Hungary",FALSE,"Reference","Reference","Low compliance"
"Budwood/Graftwood (scion)","Hungary",FALSE,"Reference","missing","Poor compliance"
"Budwood/Graftwood (scion)","Latvia",TRUE,"Reference","missing","Poor compliance"
"Budwood/Graftwood (scion)","Latvia",FALSE,"Reference","missing","Low compliance"
"Budwood/Graftwood (scion)","Japan",TRUE,"Reference","missing","Poor compliance"
"Budwood/Graftwood (scion)","Japan",TRUE,"Reference","Reference","Medium compliance"
"Budwood/Graftwood (scion)","Japan",TRUE,"Reference","foremost foliage","Poor compliance"
"Budwood/Graftwood (scion)","Japan",TRUE,"Reference","omega customs brokers","Poor compliance"
"Budwood/Graftwood (scion)","Japan",TRUE,"Reference","mchutchison","Poor compliance"
"Budwood/Graftwood (scion)","Japan",FALSE,"Reference","missing","Low compliance"
"Budwood/Graftwood (scion)","Japan",FALSE,"Reference","Reference","Medium compliance"
"Budwood/Graftwood (scion)","Japan",FALSE,"Reference","foremost foliage","Poor compliance"
"Budwood/Graftwood (scion)","Japan",FALSE,"Reference","omega customs brokers","Poor compliance"
"Budwood/Graftwood (scion)","Japan",FALSE,"Reference","mchutchison","Low compliance"
"Budwood/Graftwood (scion)","Italy",TRUE,"Reference","Reference","Low compliance"
"Budwood/Graftwood (scion)","Italy",TRUE,"Reference","western cactus enterprises","Poor compliance"
"Budwood/Graftwood (scion)","Italy",TRUE,"Reference","missing","Poor compliance"
"Budwood/Graftwood (scion)","Italy",TRUE,"Reference","primaflora international lp","Poor compliance"
"Budwood/Graftwood (scion)","Italy",TRUE,"Reference","costa farms","Poor compliance"
"Budwood/Graftwood (scion)","Italy",TRUE,"Reference","express seed","Poor compliance"
"Budwood/Graftwood (scion)","Italy",TRUE,"Reference","ds cole growers","Poor compliance"
"Budwood/Graftwood (scion)","Italy",FALSE,"Reference","Reference","Medium compliance"
"Budwood/Graftwood (scion)","Italy",FALSE,"Reference","western cactus enterprises","Poor compliance"
"Budwood/Graftwood (scion)","Italy",FALSE,"Reference","missing","Poor compliance"
"Budwood/Graftwood (scion)","Italy",FALSE,"Reference","primaflora international lp","Low compliance"
"Budwood/Graftwood (scion)","Italy",FALSE,"Reference","costa farms","Poor compliance"
"Budwood/Graftwood (scion)","Italy",FALSE,"Reference","express seed","Poor compliance"
"Budwood/Graftwood (scion)","Italy",FALSE,"Reference","ds cole growers","Poor compliance"
"Budwood/Graftwood (scion)","El Salvador",TRUE,"Reference","Reference","Medium compliance"
"Budwood/Graftwood (scion)","El Salvador",TRUE,"Reference","primaflora international lp","Low compliance"
"Budwood/Graftwood (scion)","El Salvador",TRUE,"Reference","foremost foliage inc dba foremostco","Poor compliance"
"Budwood/Graftwood (scion)","El Salvador",TRUE,"Reference","foremost foliage","Poor compliance"
"Budwood/Graftwood (scion)","El Salvador",FALSE,"Reference","Reference","Medium compliance"
"Budwood/Graftwood (scion)","El Salvador",FALSE,"Reference","primaflora international lp","Low compliance"
"Budwood/Graftwood (scion)","El Salvador",FALSE,"Reference","foremost foliage inc dba foremostco","Low compliance"
"Budwood/Graftwood (scion)","El Salvador",FALSE,"Reference","foremost foliage","Poor compliance"
"Budwood/Graftwood (scion)","India",TRUE,"Reference","Reference","Medium compliance"
"Budwood/Graftwood (scion)","India",TRUE,"Reference","bill moore and company","Poor compliance"
"Budwood/Graftwood (scion)","India",TRUE,"Reference","fleurizon","Poor compliance"
"Budwood/Graftwood (scion)","India",TRUE,"TROPICA NURSERY","foremost foliage inc dba foremostco","Poor compliance"
"Budwood/Graftwood (scion)","India",TRUE,"TROPICA NURSERY","fleurizon","Poor compliance"
"Budwood/Graftwood (scion)","India",TRUE,"TROPICA NURSERY","bill moore and company","Poor compliance"
"Budwood/Graftwood (scion)","India",TRUE,"Reference","foremost foliage inc dba foremostco","Poor compliance"
"Budwood/Graftwood (scion)","India",TRUE,"TROPICA NURSERY","express seed","Poor compliance"
"Budwood/Graftwood (scion)","India",TRUE,"Reference","mchutchison","Low compliance"
"Budwood/Graftwood (scion)","India",TRUE,"TROPICA NURSERY","scott valentine","Poor compliance"
"Budwood/Graftwood (scion)","India",TRUE,"Reference","costa farms","Poor compliance"
"Budwood/Graftwood (scion)","India",TRUE,"Reference","foremost foliage","Poor compliance"
"Budwood/Graftwood (scion)","India",TRUE,"Reference","express seed","Low compliance"
"Budwood/Graftwood (scion)","India",TRUE,"Reference","kurt weiss greenhouse","Low compliance"
"Budwood/Graftwood (scion)","India",FALSE,"Reference","Reference","Medium compliance"
"Budwood/Graftwood (scion)","India",FALSE,"Reference","bill moore and company","Poor compliance"
"Budwood/Graftwood (scion)","India",FALSE,"Reference","fleurizon","Poor compliance"
"Budwood/Graftwood (scion)","India",FALSE,"TROPICA NURSERY","foremost foliage inc dba foremostco","Poor compliance"
"Budwood/Graftwood (scion)","India",FALSE,"TROPICA NURSERY","fleurizon","Poor compliance"
"Budwood/Graftwood (scion)","India",FALSE,"TROPICA NURSERY","bill moore and company","Poor compliance"
"Budwood/Graftwood (scion)","India",FALSE,"Reference","foremost foliage inc dba foremostco","Low compliance"
"Budwood/Graftwood (scion)","India",FALSE,"TROPICA NURSERY","express seed","Poor compliance"
"Budwood/Graftwood (scion)","India",FALSE,"Reference","mchutchison","Medium compliance"
"Budwood/Graftwood (scion)","India",FALSE,"TROPICA NURSERY","scott valentine","Low compliance"
"Budwood/Graftwood (scion)","India",FALSE,"Reference","costa farms","Medium compliance"
"Budwood/Graftwood (scion)","India",FALSE,"Reference","foremost foliage","Low compliance"
"Budwood/Graftwood (scion)","India",FALSE,"Reference","express seed","Low compliance"
"Budwood/Graftwood (scion)","India",FALSE,"Reference","kurt weiss greenhouse","Medium compliance"
"Budwood/Graftwood (scion)","Viet Nam",TRUE,"Reference","Reference","Medium compliance"
"Budwood/Graftwood (scion)","Viet Nam",TRUE,"Reference","scott valentine","Poor compliance"
"Budwood/Graftwood (scion)","Viet Nam",TRUE,"Reference","costa farms","Poor compliance"
"Budwood/Graftwood (scion)","Viet Nam",TRUE,"Reference","perfect choice","Poor compliance"
"Budwood/Graftwood (scion)","Viet Nam",TRUE,"Reference","miyar intl brokerage","Poor compliance"
"Budwood/Graftwood (scion)","Viet Nam",TRUE,"Reference","express seed","Poor compliance"
"Budwood/Graftwood (scion)","Viet Nam",TRUE,"Reference","missing","Poor compliance"
"Budwood/Graftwood (scion)","Viet Nam",FALSE,"Reference","Reference","Medium compliance"
"Budwood/Graftwood (scion)","Viet Nam",FALSE,"Reference","scott valentine","Medium compliance"
"Budwood/Graftwood (scion)","Viet Nam",FALSE,"Reference","costa farms","Medium compliance"
"Budwood/Graftwood (scion)","Viet Nam",FALSE,"Reference","perfect choice","Poor compliance"
"Budwood/Graftwood (scion)","Viet Nam",FALSE,"Reference","miyar intl brokerage","Poor compliance"
"Budwood/Graftwood (scion)","Viet Nam",FALSE,"Reference","express seed","Low compliance"
"Budwood/Graftwood (scion)","Viet Nam",FALSE,"Reference","missing","Low compliance"
"Budwood/Graftwood (scion)","Guatemala",TRUE,"INVERSIONES AGROCOMERCIALE","Reference","Poor compliance"
"Budwood/Graftwood (scion)","Guatemala",TRUE,"IVAGRO SA","primaflora international lp","Low compliance"
"Budwood/Graftwood (scion)","Guatemala",TRUE,"LA FLORESTA ORNAMENTALES","primaflora international lp","Poor compliance"
"Budwood/Graftwood (scion)","Guatemala",TRUE,"Reference","Reference","Medium compliance"
"Budwood/Graftwood (scion)","Guatemala",TRUE,"Reference","primaflora international lp","Low compliance"
"Budwood/Graftwood (scion)","Guatemala",TRUE,"QUELETZU SA","primaflora international lp","Low compliance"
"Budwood/Graftwood (scion)","Guatemala",TRUE,"TUCAN EXPORT","primaflora international lp","Poor compliance"
"Budwood/Graftwood (scion)","Guatemala",TRUE,"IVAGRO SA","Reference","Medium compliance"
"Budwood/Graftwood (scion)","Guatemala",TRUE,"Reference","altman specialty plants","Poor compliance"
"Budwood/Graftwood (scion)","Guatemala",TRUE,"Guatexotic","primaflora international lp","Poor compliance"
"Budwood/Graftwood (scion)","Guatemala",TRUE,"Reference","western cactus enterprises","Poor compliance"
"Budwood/Graftwood (scion)","Guatemala",TRUE,"TUCAN EXPORT","Reference","Poor compliance"
"Budwood/Graftwood (scion)","Guatemala",TRUE,"IVAGRO SA","foremost foliage inc dba foremostco","Poor compliance"
"Budwood/Graftwood (scion)","Guatemala",TRUE,"LA FLORESTA ORNAMENTALES","foremost foliage inc dba foremostco","Poor compliance"
"Budwood/Graftwood (scion)","Guatemala",TRUE,"Reference","foremost foliage inc dba foremostco","Poor compliance"
"Budwood/Graftwood (scion)","Guatemala",TRUE,"IVAGRO SA","florica farmsinc","Poor compliance"
"Budwood/Graftwood (scion)","Guatemala",TRUE,"LA FLORESTA ORNAMENTALES","south florida plant services","Poor compliance"
"Budwood/Graftwood (scion)","Guatemala",TRUE,"Reference","south florida plant services","Poor compliance"
"Budwood/Graftwood (scion)","Guatemala",TRUE,"Guatexotic","fb imports","Poor compliance"
"Budwood/Graftwood (scion)","Guatemala",TRUE,"IVAGRO SA","fb imports","Poor compliance"
"Budwood/Graftwood (scion)","Guatemala",TRUE,"Reference","fb imports","Poor compliance"
"Budwood/Graftwood (scion)","Guatemala",TRUE,"INVERSIONES LUA SA","scott valentine","Poor compliance"
"Budwood/Graftwood (scion)","Guatemala",TRUE,"Reference","costa farms","Poor compliance"
"Budwood/Graftwood (scion)","Guatemala",TRUE,"INVERSIONES LUA SA","costa farms","Poor compliance"
"Budwood/Graftwood (scion)","Guatemala",TRUE,"TUCAN EXPORT","b c amp f brokerage","Poor compliance"
"Budwood/Graftwood (scion)","Guatemala",TRUE,"PLANTEXPO","jurakan usainc","Poor compliance"
"Budwood/Graftwood (scion)","Guatemala",TRUE,"Reference","foremost foliage","Poor compliance"
"Budwood/Graftwood (scion)","Guatemala",TRUE,"AGRO KOMPASS S A","foremost foliage","Poor compliance"
"Budwood/Graftwood (scion)","Guatemala",TRUE,"IVAGRO SA","foremost foliage","Poor compliance"
"Budwood/Graftwood (scion)","Guatemala",TRUE,"QUELETZU SA","foremost foliage","Poor compliance"
"Budwood/Graftwood (scion)","Guatemala",TRUE,"Los Pinos Poptum","foremost foliage","Poor compliance"
"Budwood/Graftwood (scion)","Guatemala",TRUE,"AGRO KOMPASS S A","jurakan usainc","Poor compliance"
"Budwood/Graftwood (scion)","Guatemala",TRUE,"LA FLORESTA ORNAMENTALES","costa farms","Poor compliance"
"Budwood/Graftwood (scion)","Guatemala",TRUE,"LA FLORESTA ORNAMENTALES","florica farmsinc","Poor compliance"
"Budwood/Graftwood (scion)","Guatemala",TRUE,"IVAGRO SA","south florida plant services","Poor compliance"
"Budwood/Graftwood (scion)","Guatemala",TRUE,"IVAGRO SA","plant exports","Poor compliance"
"Budwood/Graftwood (scion)","Guatemala",TRUE,"Guatexotic","Reference","Poor compliance"
"Budwood/Graftwood (scion)","Guatemala",TRUE,"Plant Investments","scott valentine","Poor compliance"
"Budwood/Graftwood (scion)","Guatemala",TRUE,"Reference","fleurizon","Poor compliance"
"Budwood/Graftwood (scion)","Guatemala",TRUE,"Reference","russells bromelaids","Poor compliance"
"Budwood/Graftwood (scion)","Guatemala",TRUE,"TUCAN EXPORT","russells bromelaids","Poor compliance"
"Budwood/Graftwood (scion)","Guatemala",TRUE,"Reference","florica farmsinc","Poor compliance"
"Budwood/Graftwood (scion)","Guatemala",TRUE,"Corporacion Bonanza","florica farmsinc","Poor compliance"
"Budwood/Graftwood (scion)","Guatemala",TRUE,"Los Pinos Poptum","foremost foliage inc dba foremostco","Poor compliance"
"Budwood/Graftwood (scion)","Guatemala",TRUE,"QUELETZU SA","foremost foliage inc dba foremostco","Poor compliance"
"Budwood/Graftwood (scion)","Guatemala",TRUE,"LA FLORESTA ORNAMENTALES","Reference","Poor compliance"
"Budwood/Graftwood (scion)","Guatemala",TRUE,"Corporacion Bonanza","costa farms","Poor compliance"
"Budwood/Graftwood (scion)","Guatemala",TRUE,"Reference","jurakan usainc","Poor compliance"
"Budwood/Graftwood (scion)","Guatemala",TRUE,"Corporacion Bonanza","Reference","Poor compliance"
"Budwood/Graftwood (scion)","Guatemala",TRUE,"Los Pinos Poptum","plant exports","Poor compliance"
"Budwood/Graftwood (scion)","Guatemala",TRUE,"Plant Investments","express seed","Poor compliance"
"Budwood/Graftwood (scion)","Guatemala",TRUE,"TUCAN EXPORT","fb imports","Poor compliance"
"Budwood/Graftwood (scion)","Guatemala",TRUE,"Plant Investments","mchutchison","Poor compliance"
"Budwood/Graftwood (scion)","Guatemala",TRUE,"Reference","dockside management","Poor compliance"
"Budwood/Graftwood (scion)","Guatemala",TRUE,"INVERSIONES LUA SA","plant exports","Poor compliance"
"Budwood/Graftwood (scion)","Guatemala",TRUE,"Plant Investments","foremost foliage inc dba foremostco","Poor compliance"
"Budwood/Graftwood (scion)","Guatemala",TRUE,"INVERSIONES AGROCOMERCIALE","fb imports","Poor compliance"
"Budwood/Graftwood (scion)","Guatemala",TRUE,"Reference","plant exports","Poor compliance"
"Budwood/Graftwood (scion)","Guatemala",TRUE,"INVERSIONES LUA SA","Reference","Poor compliance"
"Budwood/Graftwood (scion)","Guatemala",TRUE,"LA FLORESTA ORNAMENTALES","mchutchison","Poor compliance"
"Budwood/Graftwood (scion)","Guatemala",TRUE,"QUELETZU SA","Reference","Low compliance"
"Budwood/Graftwood (scion)","Guatemala",TRUE,"COSTA","costa farms","Poor compliance"
"Budwood/Graftwood (scion)","Guatemala",TRUE,"Los Pinos Poptum","Reference","Poor compliance"
"Budwood/Graftwood (scion)","Guatemala",TRUE,"QUELETZU SA","south florida plant services","Poor compliance"
"Budwood/Graftwood (scion)","Guatemala",TRUE,"Reference","ds cole growers","Poor compliance"
"Budwood/Graftwood (scion)","Guatemala",TRUE,"IVAGRO SA","scott valentine","Poor compliance"
"Budwood/Graftwood (scion)","Guatemala",TRUE,"PRODUCTOS EL MAPACHE DE ALAJUELA","plant exports","Poor compliance"
"Budwood/Graftwood (scion)","Guatemala",TRUE,"QUELETZU SA","fb imports","Poor compliance"
"Budwood/Graftwood (scion)","Guatemala",TRUE,"Reference","mchutchison","Poor compliance"
"Budwood/Graftwood (scion)","Guatemala",TRUE,"INVERSIONES AGROCOMERCIALE","foremost foliage inc dba foremostco","Poor compliance"
"Budwood/Graftwood (scion)","Guatemala",TRUE,"LA FLORESTA ORNAMENTALES","plant exports","Poor compliance"
"Budwood/Graftwood (scion)","Guatemala",TRUE,"IVAGRO SA","costa farms","Poor compliance"
"Budwood/Graftwood (scion)","Guatemala",TRUE,"Reference","aura botanical","Poor compliance"
"Budwood/Graftwood (scion)","Guatemala",TRUE,"INVERSIONES AGROCOMERCIALE","costa farms","Poor compliance"
"Budwood/Graftwood (scion)","Guatemala",TRUE,"Guatexotic","foremost foliage inc dba foremostco","Poor compliance"
"Budwood/Graftwood (scion)","Guatemala",TRUE,"AGRO KOMPASS S A","foremost foliage inc dba foremostco","Poor compliance"
"Budwood/Graftwood (scion)","Guatemala",TRUE,"LA FLORESTA ORNAMENTALES","foremost foliage","Poor compliance"
"Budwood/Graftwood (scion)","Guatemala",TRUE,"QUELETZU SA","florica farmsinc","Poor compliance"
"Budwood/Graftwood (scion)","Guatemala",TRUE,"Guatexotic","costa farms","Poor compliance"
"Budwood/Graftwood (scion)","Guatemala",TRUE,"INVERSIONES LUA SA","fb imports","Poor compliance"
"Budwood/Graftwood (scion)","Guatemala",TRUE,"INVERSIONES AGROCOMERCIALE","florica farmsinc","Poor compliance"
"Budwood/Graftwood (scion)","Guatemala",TRUE,"Reference","express seed","Poor compliance"
"Budwood/Graftwood (scion)","Guatemala",TRUE,"INVERSIONES AGROCOMERCIALE","foremost foliage","Poor compliance"
"Budwood/Graftwood (scion)","Guatemala",TRUE,"CERCA DEL PARAISO SA","Reference","Poor compliance"
"Budwood/Graftwood (scion)","Guatemala",TRUE,"IVAGRO SA","express seed","Poor compliance"
"Budwood/Graftwood (scion)","Guatemala",TRUE,"INVERSIONES LUA SA","express seed","Poor compliance"
"Budwood/Graftwood (scion)","Guatemala",TRUE,"Plant Investments","florica farmsinc","Poor compliance"
"Budwood/Graftwood (scion)","Guatemala",TRUE,"Reference","scott valentine","Poor compliance"
"Budwood/Graftwood (scion)","Guatemala",TRUE,"Reference","missing","Poor compliance"
"Budwood/Graftwood (scion)","Guatemala",FALSE,"INVERSIONES AGROCOMERCIALE","Reference","Medium compliance"
"Budwood/Graftwood (scion)","Guatemala",FALSE,"IVAGRO SA","primaflora international lp","Low compliance"
"Budwood/Graftwood (scion)","Guatemala",FALSE,"LA FLORESTA ORNAMENTALES","primaflora international lp","Low compliance"
"Budwood/Graftwood (scion)","Guatemala",FALSE,"Reference","Reference","Medium compliance"
"Budwood/Graftwood (scion)","Guatemala",FALSE,"Reference","primaflora international lp","Medium compliance"
"Budwood/Graftwood (scion)","Guatemala",FALSE,"QUELETZU SA","primaflora international lp","Low compliance"
"Budwood/Graftwood (scion)","Guatemala",FALSE,"TUCAN EXPORT","primaflora international lp","Low compliance"
"Budwood/Graftwood (scion)","Guatemala",FALSE,"IVAGRO SA","Reference","Medium compliance"
"Budwood/Graftwood (scion)","Guatemala",FALSE,"Reference","altman specialty plants","Low compliance"
"Budwood/Graftwood (scion)","Guatemala",FALSE,"Guatexotic","primaflora international lp","Medium compliance"
"Budwood/Graftwood (scion)","Guatemala",FALSE,"Reference","western cactus enterprises","Low compliance"
"Budwood/Graftwood (scion)","Guatemala",FALSE,"TUCAN EXPORT","Reference","Medium compliance"
"Budwood/Graftwood (scion)","Guatemala",FALSE,"IVAGRO SA","foremost foliage inc dba foremostco","Poor compliance"
"Budwood/Graftwood (scion)","Guatemala",FALSE,"LA FLORESTA ORNAMENTALES","foremost foliage inc dba foremostco","Poor compliance"
"Budwood/Graftwood (scion)","Guatemala",FALSE,"Reference","foremost foliage inc dba foremostco","Low compliance"
"Budwood/Graftwood (scion)","Guatemala",FALSE,"IVAGRO SA","florica farmsinc","Poor compliance"
"Budwood/Graftwood (scion)","Guatemala",FALSE,"LA FLORESTA ORNAMENTALES","south florida plant services","Low compliance"
"Budwood/Graftwood (scion)","Guatemala",FALSE,"Reference","south florida plant services","Low compliance"
"Budwood/Graftwood (scion)","Guatemala",FALSE,"Guatexotic","fb imports","Poor compliance"
"Budwood/Graftwood (scion)","Guatemala",FALSE,"IVAGRO SA","fb imports","Poor compliance"
"Budwood/Graftwood (scion)","Guatemala",FALSE,"Reference","fb imports","Poor compliance"
"Budwood/Graftwood (scion)","Guatemala",FALSE,"INVERSIONES LUA SA","scott valentine","Low compliance"
"Budwood/Graftwood (scion)","Guatemala",FALSE,"Reference","costa farms","Low compliance"
"Budwood/Graftwood (scion)","Guatemala",FALSE,"INVERSIONES LUA SA","costa farms","Low compliance"
"Budwood/Graftwood (scion)","Guatemala",FALSE,"TUCAN EXPORT","b c amp f brokerage","Low compliance"
"Budwood/Graftwood (scion)","Guatemala",FALSE,"PLANTEXPO","jurakan usainc","Low compliance"
"Budwood/Graftwood (scion)","Guatemala",FALSE,"Reference","foremost foliage","Poor compliance"
"Budwood/Graftwood (scion)","Guatemala",FALSE,"AGRO KOMPASS S A","foremost foliage","Poor compliance"
"Budwood/Graftwood (scion)","Guatemala",FALSE,"IVAGRO SA","foremost foliage","Poor compliance"
"Budwood/Graftwood (scion)","Guatemala",FALSE,"QUELETZU SA","foremost foliage","Poor compliance"
"Budwood/Graftwood (scion)","Guatemala",FALSE,"Los Pinos Poptum","foremost foliage","Poor compliance"
"Budwood/Graftwood (scion)","Guatemala",FALSE,"AGRO KOMPASS S A","jurakan usainc","Low compliance"
"Budwood/Graftwood (scion)","Guatemala",FALSE,"LA FLORESTA ORNAMENTALES","costa farms","Low compliance"
"Budwood/Graftwood (scion)","Guatemala",FALSE,"LA FLORESTA ORNAMENTALES","florica farmsinc","Poor compliance"
"Budwood/Graftwood (scion)","Guatemala",FALSE,"IVAGRO SA","south florida plant services","Low compliance"
"Budwood/Graftwood (scion)","Guatemala",FALSE,"IVAGRO SA","plant exports","Poor compliance"
"Budwood/Graftwood (scion)","Guatemala",FALSE,"Guatexotic","Reference","Medium compliance"
"Budwood/Graftwood (scion)","Guatemala",FALSE,"Plant Investments","scott valentine","Poor compliance"
"Budwood/Graftwood (scion)","Guatemala",FALSE,"Reference","fleurizon","Poor compliance"
"Budwood/Graftwood (scion)","Guatemala",FALSE,"Reference","russells bromelaids","Poor compliance"
"Budwood/Graftwood (scion)","Guatemala",FALSE,"TUCAN EXPORT","russells bromelaids","Poor compliance"
"Budwood/Graftwood (scion)","Guatemala",FALSE,"Reference","florica farmsinc","Poor compliance"
"Budwood/Graftwood (scion)","Guatemala",FALSE,"Corporacion Bonanza","florica farmsinc","Poor compliance"
"Budwood/Graftwood (scion)","Guatemala",FALSE,"Los Pinos Poptum","foremost foliage inc dba foremostco","Poor compliance"
"Budwood/Graftwood (scion)","Guatemala",FALSE,"QUELETZU SA","foremost foliage inc dba foremostco","Poor compliance"
"Budwood/Graftwood (scion)","Guatemala",FALSE,"LA FLORESTA ORNAMENTALES","Reference","Medium compliance"
"Budwood/Graftwood (scion)","Guatemala",FALSE,"Corporacion Bonanza","costa farms","Poor compliance"
"Budwood/Graftwood (scion)","Guatemala",FALSE,"Reference","jurakan usainc","Low compliance"
"Budwood/Graftwood (scion)","Guatemala",FALSE,"Corporacion Bonanza","Reference","Medium compliance"
"Budwood/Graftwood (scion)","Guatemala",FALSE,"Los Pinos Poptum","plant exports","Poor compliance"
"Budwood/Graftwood (scion)","Guatemala",FALSE,"Plant Investments","express seed","Poor compliance"
"Budwood/Graftwood (scion)","Guatemala",FALSE,"TUCAN EXPORT","fb imports","Poor compliance"
"Budwood/Graftwood (scion)","Guatemala",FALSE,"Plant Investments","mchutchison","Poor compliance"
"Budwood/Graftwood (scion)","Guatemala",FALSE,"Reference","dockside management","Low compliance"
"Budwood/Graftwood (scion)","Guatemala",FALSE,"INVERSIONES LUA SA","plant exports","Poor compliance"
"Budwood/Graftwood (scion)","Guatemala",FALSE,"Plant Investments","foremost foliage inc dba foremostco","Poor compliance"
"Budwood/Graftwood (scion)","Guatemala",FALSE,"INVERSIONES AGROCOMERCIALE","fb imports","Poor compliance"
"Budwood/Graftwood (scion)","Guatemala",FALSE,"Reference","plant exports","Poor compliance"
"Budwood/Graftwood (scion)","Guatemala",FALSE,"INVERSIONES LUA SA","Reference","Medium compliance"
"Budwood/Graftwood (scion)","Guatemala",FALSE,"LA FLORESTA ORNAMENTALES","mchutchison","Poor compliance"
"Budwood/Graftwood (scion)","Guatemala",FALSE,"QUELETZU SA","Reference","Medium compliance"
"Budwood/Graftwood (scion)","Guatemala",FALSE,"COSTA","costa farms","Low compliance"
"Budwood/Graftwood (scion)","Guatemala",FALSE,"Los Pinos Poptum","Reference","Medium compliance"
"Budwood/Graftwood (scion)","Guatemala",FALSE,"QUELETZU SA","south florida plant services","Low compliance"
"Budwood/Graftwood (scion)","Guatemala",FALSE,"Reference","ds cole growers","Low compliance"
"Budwood/Graftwood (scion)","Guatemala",FALSE,"IVAGRO SA","scott valentine","Low compliance"
"Budwood/Graftwood (scion)","Guatemala",FALSE,"PRODUCTOS EL MAPACHE DE ALAJUELA","plant exports","Poor compliance"
"Budwood/Graftwood (scion)","Guatemala",FALSE,"QUELETZU SA","fb imports","Poor compliance"
"Budwood/Graftwood (scion)","Guatemala",FALSE,"Reference","mchutchison","Low compliance"
"Budwood/Graftwood (scion)","Guatemala",FALSE,"INVERSIONES AGROCOMERCIALE","foremost foliage inc dba foremostco","Poor compliance"
"Budwood/Graftwood (scion)","Guatemala",FALSE,"LA FLORESTA ORNAMENTALES","plant exports","Poor compliance"
"Budwood/Graftwood (scion)","Guatemala",FALSE,"IVAGRO SA","costa farms","Low compliance"
"Budwood/Graftwood (scion)","Guatemala",FALSE,"Reference","aura botanical","Low compliance"
"Budwood/Graftwood (scion)","Guatemala",FALSE,"INVERSIONES AGROCOMERCIALE","costa farms","Low compliance"
"Budwood/Graftwood (scion)","Guatemala",FALSE,"Guatexotic","foremost foliage inc dba foremostco","Low compliance"
"Budwood/Graftwood (scion)","Guatemala",FALSE,"AGRO KOMPASS S A","foremost foliage inc dba foremostco","Poor compliance"
"Budwood/Graftwood (scion)","Guatemala",FALSE,"LA FLORESTA ORNAMENTALES","foremost foliage","Poor compliance"
"Budwood/Graftwood (scion)","Guatemala",FALSE,"QUELETZU SA","florica farmsinc","Poor compliance"
"Budwood/Graftwood (scion)","Guatemala",FALSE,"Guatexotic","costa farms","Medium compliance"
"Budwood/Graftwood (scion)","Guatemala",FALSE,"INVERSIONES LUA SA","fb imports","Poor compliance"
"Budwood/Graftwood (scion)","Guatemala",FALSE,"INVERSIONES AGROCOMERCIALE","florica farmsinc","Poor compliance"
"Budwood/Graftwood (scion)","Guatemala",FALSE,"Reference","express seed","Low compliance"
"Budwood/Graftwood (scion)","Guatemala",FALSE,"INVERSIONES AGROCOMERCIALE","foremost foliage","Poor compliance"
"Budwood/Graftwood (scion)","Guatemala",FALSE,"CERCA DEL PARAISO SA","Reference","Medium compliance"
"Budwood/Graftwood (scion)","Guatemala",FALSE,"IVAGRO SA","express seed","Low compliance"
"Budwood/Graftwood (scion)","Guatemala",FALSE,"INVERSIONES LUA SA","express seed","Poor compliance"
"Budwood/Graftwood (scion)","Guatemala",FALSE,"Plant Investments","florica farmsinc","Poor compliance"
"Budwood/Graftwood (scion)","Guatemala",FALSE,"Reference","scott valentine","Low compliance"
"Budwood/Graftwood (scion)","Guatemala",FALSE,"Reference","missing","Low compliance"
"Budwood/Graftwood (scion)","Sri Lanka",TRUE,"Reference","Reference","Medium compliance"
"Budwood/Graftwood (scion)","Sri Lanka",TRUE,"Reference","complete aquatic systems","Poor compliance"
"Budwood/Graftwood (scion)","Sri Lanka",TRUE,"Reference","costa farms","Poor compliance"
"Budwood/Graftwood (scion)","Sri Lanka",TRUE,"Reference","fleurizon","Poor compliance"
"Budwood/Graftwood (scion)","Sri Lanka",TRUE,"Reference","mchutchison","Poor compliance"
"Budwood/Graftwood (scion)","Sri Lanka",TRUE,"Reference","biostok","Poor compliance"
"Budwood/Graftwood (scion)","Sri Lanka",TRUE,"Reference","green thumb marketing","Poor compliance"
"Budwood/Graftwood (scion)","Sri Lanka",FALSE,"Reference","Reference","Medium compliance"
"Budwood/Graftwood (scion)","Sri Lanka",FALSE,"Reference","complete aquatic systems","Low compliance"
"Budwood/Graftwood (scion)","Sri Lanka",FALSE,"Reference","costa farms","Low compliance"
"Budwood/Graftwood (scion)","Sri Lanka",FALSE,"Reference","fleurizon","Poor compliance"
"Budwood/Graftwood (scion)","Sri Lanka",FALSE,"Reference","mchutchison","Low compliance"
"Budwood/Graftwood (scion)","Sri Lanka",FALSE,"Reference","biostok","Poor compliance"
"Budwood/Graftwood (scion)","Sri Lanka",FALSE,"Reference","green thumb marketing","Poor compliance"
"Budwood/Graftwood (scion)","Netherlands",TRUE,"Reference","Reference","Medium compliance"
"Budwood/Graftwood (scion)","Netherlands",TRUE,"Reference","primaflora international lp","Low compliance"
"Budwood/Graftwood (scion)","Netherlands",TRUE,"Reference","united plant growers","Poor compliance"
"Budwood/Graftwood (scion)","Netherlands",TRUE,"Reference","scott valentine","Poor compliance"
"Budwood/Graftwood (scion)","Netherlands",TRUE,"Reference","express seed","Poor compliance"
"Budwood/Graftwood (scion)","Netherlands",TRUE,"Reference","western cactus enterprises","Poor compliance"
"Budwood/Graftwood (scion)","Netherlands",TRUE,"Reference","foremost foliage inc dba foremostco","Poor compliance"
"Budwood/Graftwood (scion)","Netherlands",TRUE,"Reference","ds cole growers","Poor compliance"
"Budwood/Graftwood (scion)","Netherlands",TRUE,"Reference","fleurizon","Poor compliance"
"Budwood/Graftwood (scion)","Netherlands",TRUE,"Reference","costa farms","Poor compliance"
"Budwood/Graftwood (scion)","Netherlands",TRUE,"Reference","biostok","Poor compliance"
"Budwood/Graftwood (scion)","Netherlands",TRUE,"Reference","gubler orchids","Poor compliance"
"Budwood/Graftwood (scion)","Netherlands",TRUE,"Reference","b c amp f brokerage","Poor compliance"
"Budwood/Graftwood (scion)","Netherlands",TRUE,"Reference","foremost foliage","Poor compliance"
"Budwood/Graftwood (scion)","Netherlands",TRUE,"Reference","green plant cuttings usa","Poor compliance"
"Budwood/Graftwood (scion)","Netherlands",TRUE,"Reference","omega customs brokers","Poor compliance"
"Budwood/Graftwood (scion)","Netherlands",TRUE,"Reference","missing","Poor compliance"
"Budwood/Graftwood (scion)","Netherlands",TRUE,"Reference","bill moore and company","Poor compliance"
"Budwood/Graftwood (scion)","Netherlands",TRUE,"Reference","altman specialty plants","Poor compliance"
"Budwood/Graftwood (scion)","Netherlands",TRUE,"Reference","mchutchison","Poor compliance"
"Budwood/Graftwood (scion)","Netherlands",TRUE,"Reference","kurt weiss greenhouse","Poor compliance"
"Budwood/Graftwood (scion)","Netherlands",FALSE,"Reference","Reference","Medium compliance"
"Budwood/Graftwood (scion)","Netherlands",FALSE,"Reference","primaflora international lp","Medium compliance"
"Budwood/Graftwood (scion)","Netherlands",FALSE,"Reference","united plant growers","Low compliance"
"Budwood/Graftwood (scion)","Netherlands",FALSE,"Reference","scott valentine","Medium compliance"
"Budwood/Graftwood (scion)","Netherlands",FALSE,"Reference","express seed","Low compliance"
"Budwood/Graftwood (scion)","Netherlands",FALSE,"Reference","western cactus enterprises","Low compliance"
"Budwood/Graftwood (scion)","Netherlands",FALSE,"Reference","foremost foliage inc dba foremostco","Low compliance"
"Budwood/Graftwood (scion)","Netherlands",FALSE,"Reference","ds cole growers","Low compliance"
"Budwood/Graftwood (scion)","Netherlands",FALSE,"Reference","fleurizon","Poor compliance"
"Budwood/Graftwood (scion)","Netherlands",FALSE,"Reference","costa farms","Low compliance"
"Budwood/Graftwood (scion)","Netherlands",FALSE,"Reference","biostok","Poor compliance"
"Budwood/Graftwood (scion)","Netherlands",FALSE,"Reference","gubler orchids","Poor compliance"
"Budwood/Graftwood (scion)","Netherlands",FALSE,"Reference","b c amp f brokerage","Low compliance"
"Budwood/Graftwood (scion)","Netherlands",FALSE,"Reference","foremost foliage","Low compliance"
"Budwood/Graftwood (scion)","Netherlands",FALSE,"Reference","green plant cuttings usa","Low compliance"
"Budwood/Graftwood (scion)","Netherlands",FALSE,"Reference","omega customs brokers","Low compliance"
"Budwood/Graftwood (scion)","Netherlands",FALSE,"Reference","missing","Low compliance"
"Budwood/Graftwood (scion)","Netherlands",FALSE,"Reference","bill moore and company","Poor compliance"
"Budwood/Graftwood (scion)","Netherlands",FALSE,"Reference","altman specialty plants","Low compliance"
"Budwood/Graftwood (scion)","Netherlands",FALSE,"Reference","mchutchison","Low compliance"
"Budwood/Graftwood (scion)","Netherlands",FALSE,"Reference","kurt weiss greenhouse","Medium compliance"
"Budwood/Graftwood (scion)","Costa Rica",TRUE,"TURRIPLANTAS SA","primaflora international lp","Poor compliance"
"Budwood/Graftwood (scion)","Costa Rica",TRUE,"PRODUCTOS EL MAPACHE DE ALAJUELA","primaflora international lp","Poor compliance"
"Budwood/Graftwood (scion)","Costa Rica",TRUE,"Reference","primaflora international lp","Poor compliance"
"Budwood/Graftwood (scion)","Costa Rica",TRUE,"PREMIUM PLANTS SA","primaflora international lp","Poor compliance"
"Budwood/Graftwood (scion)","Costa Rica",TRUE,"Reference","express seed","Poor compliance"
"Budwood/Graftwood (scion)","Costa Rica",TRUE,"PREMIUM ORNAMENTALES","primaflora international lp","Low compliance"
"Budwood/Graftwood (scion)","Costa Rica",TRUE,"Reference","Reference","Medium compliance"
"Budwood/Graftwood (scion)","Costa Rica",TRUE,"ORNAMENTALES SAPO VERDE 801","foremost foliage","Poor compliance"
"Budwood/Graftwood (scion)","Costa Rica",TRUE,"antho ornamentales1-7","express seed","Poor compliance"
"Budwood/Graftwood (scion)","Costa Rica",TRUE,"Reference","south florida plant services","Poor compliance"
"Budwood/Graftwood (scion)","Costa Rica",TRUE,"TURRIPLANTAS SA","south florida plant services","Poor compliance"
"Budwood/Graftwood (scion)","Costa Rica",TRUE,"antho ornamentales1-7","florica farmsinc","Poor compliance"
"Budwood/Graftwood (scion)","Costa Rica",TRUE,"Reference","costa farms","Poor compliance"
"Budwood/Graftwood (scion)","Costa Rica",TRUE,"Reference","foremost foliage","Poor compliance"
"Budwood/Graftwood (scion)","Costa Rica",TRUE,"ZACATE ORNAMENTAL Y DECORATIVO","foremost foliage","Poor compliance"
"Budwood/Graftwood (scion)","Costa Rica",TRUE,"TURRIPLANTAS SA","excelente foliage incorporated","Poor compliance"
"Budwood/Graftwood (scion)","Costa Rica",TRUE,"PREMIUM ORNAMENTALES","kurt weiss greenhouse","Poor compliance"
"Budwood/Graftwood (scion)","Costa Rica",TRUE,"Reference","caribbean growers supply","Poor compliance"
"Budwood/Graftwood (scion)","Costa Rica",TRUE,"Reference","fleurizon","Poor compliance"
"Budwood/Graftwood (scion)","Costa Rica",TRUE,"COOPEINDIA  R.L.","costa farms","Poor compliance"
"Budwood/Graftwood (scion)","Costa Rica",TRUE,"ORNAMENTALES SAPO VERDE 801","foremost foliage inc dba foremostco","Poor compliance"
"Budwood/Graftwood (scion)","Costa Rica",TRUE,"Reference","foremost foliage inc dba foremostco","Poor compliance"
"Budwood/Graftwood (scion)","Costa Rica",TRUE,"PRIMEROS EN FOLLAJE SA BOX#201","foremost foliage inc dba foremostco","Poor compliance"
"Budwood/Graftwood (scion)","Costa Rica",TRUE,"COOPEINDIA  R.L.","foremost foliage","Poor compliance"
"Budwood/Graftwood (scion)","Costa Rica",TRUE,"GEOAGRO DE COSTA RICA","Reference","Low compliance"
"Budwood/Graftwood (scion)","Costa Rica",TRUE,"SAPO VERDE 900","foremost foliage","Poor compliance"
"Budwood/Graftwood (scion)","Costa Rica",TRUE,"MICRO PLANTAS","foremost foliage","Poor compliance"
"Budwood/Graftwood (scion)","Costa Rica",TRUE,"PRIMEROS EN FOLLAJE SA BOX#201","foremost foliage","Poor compliance"
"Budwood/Graftwood (scion)","Costa Rica",TRUE,"MICRO PLANTAS","costa farms","Poor compliance"
"Budwood/Graftwood (scion)","Costa Rica",TRUE,"ZACATE ORNAMENTAL Y DECORATIVO","bay cove group","Poor compliance"
"Budwood/Graftwood (scion)","Costa Rica",TRUE,"PREMIUM ORNAMENTALES","florica farmsinc","Poor compliance"
"Budwood/Graftwood (scion)","Costa Rica",TRUE,"Reference","scott valentine","Poor compliance"
"Budwood/Graftwood (scion)","Costa Rica",TRUE,"Reference","b c amp f brokerage","Poor compliance"
"Budwood/Graftwood (scion)","Costa Rica",TRUE,"Reference","dockside management","Poor compliance"
"Budwood/Graftwood (scion)","Costa Rica",TRUE,"SAPO VERDE 900","foremost foliage inc dba foremostco","Poor compliance"
"Budwood/Graftwood (scion)","Costa Rica",TRUE,"Reference","green tropical plants","Poor compliance"
"Budwood/Graftwood (scion)","Costa Rica",TRUE,"COOPEINDIA  R.L.","fb imports","Poor compliance"
"Budwood/Graftwood (scion)","Costa Rica",TRUE,"GEOAGRO DE COSTA RICA","fb imports","Poor compliance"
"Budwood/Graftwood (scion)","Costa Rica",TRUE,"Reference","fb imports","Poor compliance"
"Budwood/Graftwood (scion)","Costa Rica",TRUE,"CERCA DEL PARAISO SA","b c amp f brokerage","Poor compliance"
"Budwood/Graftwood (scion)","Costa Rica",TRUE,"Reference","aura botanical","Poor compliance"
"Budwood/Graftwood (scion)","Costa Rica",TRUE,"CERCA DEL PARAISO SA","aura botanical","Poor compliance"
"Budwood/Graftwood (scion)","Costa Rica",TRUE,"GEOAGRO DE COSTA RICA","fleurizon","Poor compliance"
"Budwood/Graftwood (scion)","Costa Rica",TRUE,"PRODUCTOS EL MAPACHE DE ALAJUELA","south florida plant services","Poor compliance"
"Budwood/Graftwood (scion)","Costa Rica",TRUE,"Reference","excelente foliage incorporated","Poor compliance"
"Budwood/Graftwood (scion)","Costa Rica",TRUE,"Reference","florica farmsinc","Poor compliance"
"Budwood/Graftwood (scion)","Costa Rica",TRUE,"CERCA DEL PARAISO SA","Reference","Poor compliance"
"Budwood/Graftwood (scion)","Costa Rica",TRUE,"PREMIUM PLANTS SA","kurt weiss greenhouse","Poor compliance"
"Budwood/Graftwood (scion)","Costa Rica",TRUE,"MICRO PLANTAS","foremost foliage inc dba foremostco","Poor compliance"
"Budwood/Graftwood (scion)","Costa Rica",TRUE,"PREMIUM ORNAMENTALES","Reference","Low compliance"
"Budwood/Graftwood (scion)","Costa Rica",TRUE,"CERCA DEL PARAISO SA","foremost foliage","Poor compliance"
"Budwood/Graftwood (scion)","Costa Rica",TRUE,"COOPEINDIA  R.L.","foremost foliage inc dba foremostco","Poor compliance"
"Budwood/Graftwood (scion)","Costa Rica",TRUE,"Reference","green plant cuttings usa","Poor compliance"
"Budwood/Graftwood (scion)","Costa Rica",TRUE,"PREMIUM ORNAMENTALES","b c amp f brokerage","Poor compliance"
"Budwood/Graftwood (scion)","Costa Rica",TRUE,"COOPEINDIA  R.L.","south florida plant services","Poor compliance"
"Budwood/Graftwood (scion)","Costa Rica",TRUE,"ZACATE ORNAMENTAL Y DECORATIVO","foremost foliage inc dba foremostco","Poor compliance"
"Budwood/Graftwood (scion)","Costa Rica",TRUE,"TURRIPLANTAS SA","foremost foliage inc dba foremostco","Poor compliance"
"Budwood/Graftwood (scion)","Costa Rica",TRUE,"Reference","mchutchison","Poor compliance"
"Budwood/Graftwood (scion)","Costa Rica",TRUE,"MICRO PLANTAS","Reference","Poor compliance"
"Budwood/Graftwood (scion)","Costa Rica",TRUE,"PRODUCTOS EL MAPACHE DE ALAJUELA","plant exports","Poor compliance"
"Budwood/Graftwood (scion)","Costa Rica",TRUE,"CERCA DEL PARAISO SA","south florida plant services","Poor compliance"
"Budwood/Graftwood (scion)","Costa Rica",TRUE,"MICRO PLANTAS","miyar intl brokerage","Poor compliance"
"Budwood/Graftwood (scion)","Costa Rica",TRUE,"CERCA DEL PARAISO SA","foremost foliage inc dba foremostco","Poor compliance"
"Budwood/Graftwood (scion)","Costa Rica",TRUE,"ORNAMENTALES SAPO VERDE 801","Reference","Low compliance"
"Budwood/Graftwood (scion)","Costa Rica",TRUE,"TURRIPLANTAS SA","foremost foliage","Poor compliance"
"Budwood/Graftwood (scion)","Costa Rica",TRUE,"Reference","ds cole growers","Poor compliance"
"Budwood/Graftwood (scion)","Costa Rica",TRUE,"PRODUCTOS EL MAPACHE DE ALAJUELA","costa farms","Poor compliance"
"Budwood/Graftwood (scion)","Costa Rica",TRUE,"CERCA DEL PARAISO SA","fb imports","Poor compliance"
"Budwood/Graftwood (scion)","Costa Rica",TRUE,"LA FLORESTA ORNAMENTALES","plant exports","Poor compliance"
"Budwood/Graftwood (scion)","Costa Rica",TRUE,"CERCA DEL PARAISO SA","fleurizon","Poor compliance"
"Budwood/Graftwood (scion)","Costa Rica",TRUE,"CERCA DEL PARAISO SA","plant exports","Poor compliance"
"Budwood/Graftwood (scion)","Costa Rica",TRUE,"PREMIUM PLANTS SA","Reference","Poor compliance"
"Budwood/Graftwood (scion)","Costa Rica",TRUE,"PREMIUM PLANTS SA","b c amp f brokerage","Poor compliance"
"Budwood/Graftwood (scion)","Costa Rica",TRUE,"SAPO VERDE 900","Reference","Poor compliance"
"Budwood/Graftwood (scion)","Costa Rica",TRUE,"Reference","plant exports","Poor compliance"
"Budwood/Graftwood (scion)","Costa Rica",TRUE,"COOPEINDIA  R.L.","express seed","Poor compliance"
"Budwood/Graftwood (scion)","Costa Rica",TRUE,"QUELETZU SA","foremost foliage inc dba foremostco","Poor compliance"
"Budwood/Graftwood (scion)","Costa Rica",TRUE,"Guatexotic","foremost foliage","Poor compliance"
"Budwood/Graftwood (scion)","Costa Rica",TRUE,"antho ornamentales1-7","foremost foliage inc dba foremostco","Poor compliance"
"Budwood/Graftwood (scion)","Costa Rica",TRUE,"Reference","western cactus enterprises","Poor compliance"
"Budwood/Graftwood (scion)","Costa Rica",TRUE,"Reference","altman specialty plants","Poor compliance"
"Budwood/Graftwood (scion)","Costa Rica",FALSE,"TURRIPLANTAS SA","primaflora international lp","Low compliance"
"Budwood/Graftwood (scion)","Costa Rica",FALSE,"PRODUCTOS EL MAPACHE DE ALAJUELA","primaflora international lp","Low compliance"
"Budwood/Graftwood (scion)","Costa Rica",FALSE,"Reference","primaflora international lp","Low compliance"
"Budwood/Graftwood (scion)","Costa Rica",FALSE,"PREMIUM PLANTS SA","primaflora international lp","Low compliance"
"Budwood/Graftwood (scion)","Costa Rica",FALSE,"Reference","express seed","Poor compliance"
"Budwood/Graftwood (scion)","Costa Rica",FALSE,"PREMIUM ORNAMENTALES","primaflora international lp","Low compliance"
"Budwood/Graftwood (scion)","Costa Rica",FALSE,"Reference","Reference","Medium compliance"
"Budwood/Graftwood (scion)","Costa Rica",FALSE,"ORNAMENTALES SAPO VERDE 801","foremost foliage","Poor compliance"
"Budwood/Graftwood (scion)","Costa Rica",FALSE,"antho ornamentales1-7","express seed","Poor compliance"
"Budwood/Graftwood (scion)","Costa Rica",FALSE,"Reference","south florida plant services","Low compliance"
"Budwood/Graftwood (scion)","Costa Rica",FALSE,"TURRIPLANTAS SA","south florida plant services","Poor compliance"
"Budwood/Graftwood (scion)","Costa Rica",FALSE,"antho ornamentales1-7","florica farmsinc","Poor compliance"
"Budwood/Graftwood (scion)","Costa Rica",FALSE,"Reference","costa farms","Low compliance"
"Budwood/Graftwood (scion)","Costa Rica",FALSE,"Reference","foremost foliage","Poor compliance"
"Budwood/Graftwood (scion)","Costa Rica",FALSE,"ZACATE ORNAMENTAL Y DECORATIVO","foremost foliage","Poor compliance"
"Budwood/Graftwood (scion)","Costa Rica",FALSE,"TURRIPLANTAS SA","excelente foliage incorporated","Poor compliance"
"Budwood/Graftwood (scion)","Costa Rica",FALSE,"PREMIUM ORNAMENTALES","kurt weiss greenhouse","Medium compliance"
"Budwood/Graftwood (scion)","Costa Rica",FALSE,"Reference","caribbean growers supply","Poor compliance"
"Budwood/Graftwood (scion)","Costa Rica",FALSE,"Reference","fleurizon","Poor compliance"
"Budwood/Graftwood (scion)","Costa Rica",FALSE,"COOPEINDIA  R.L.","costa farms","Poor compliance"
"Budwood/Graftwood (scion)","Costa Rica",FALSE,"ORNAMENTALES SAPO VERDE 801","foremost foliage inc dba foremostco","Poor compliance"
"Budwood/Graftwood (scion)","Costa Rica",FALSE,"Reference","foremost foliage inc dba foremostco","Poor compliance"
"Budwood/Graftwood (scion)","Costa Rica",FALSE,"PRIMEROS EN FOLLAJE SA BOX#201","foremost foliage inc dba foremostco","Poor compliance"
"Budwood/Graftwood (scion)","Costa Rica",FALSE,"COOPEINDIA  R.L.","foremost foliage","Poor compliance"
"Budwood/Graftwood (scion)","Costa Rica",FALSE,"GEOAGRO DE COSTA RICA","Reference","Medium compliance"
"Budwood/Graftwood (scion)","Costa Rica",FALSE,"SAPO VERDE 900","foremost foliage","Poor compliance"
"Budwood/Graftwood (scion)","Costa Rica",FALSE,"MICRO PLANTAS","foremost foliage","Poor compliance"
"Budwood/Graftwood (scion)","Costa Rica",FALSE,"PRIMEROS EN FOLLAJE SA BOX#201","foremost foliage","Poor compliance"
"Budwood/Graftwood (scion)","Costa Rica",FALSE,"MICRO PLANTAS","costa farms","Poor compliance"
"Budwood/Graftwood (scion)","Costa Rica",FALSE,"ZACATE ORNAMENTAL Y DECORATIVO","bay cove group","Poor compliance"
"Budwood/Graftwood (scion)","Costa Rica",FALSE,"PREMIUM ORNAMENTALES","florica farmsinc","Poor compliance"
"Budwood/Graftwood (scion)","Costa Rica",FALSE,"Reference","scott valentine","Low compliance"
"Budwood/Graftwood (scion)","Costa Rica",FALSE,"Reference","b c amp f brokerage","Low compliance"
"Budwood/Graftwood (scion)","Costa Rica",FALSE,"Reference","dockside management","Low compliance"
"Budwood/Graftwood (scion)","Costa Rica",FALSE,"SAPO VERDE 900","foremost foliage inc dba foremostco","Poor compliance"
"Budwood/Graftwood (scion)","Costa Rica",FALSE,"Reference","green tropical plants","Poor compliance"
"Budwood/Graftwood (scion)","Costa Rica",FALSE,"COOPEINDIA  R.L.","fb imports","Poor compliance"
"Budwood/Graftwood (scion)","Costa Rica",FALSE,"GEOAGRO DE COSTA RICA","fb imports","Poor compliance"
"Budwood/Graftwood (scion)","Costa Rica",FALSE,"Reference","fb imports","Poor compliance"
"Budwood/Graftwood (scion)","Costa Rica",FALSE,"CERCA DEL PARAISO SA","b c amp f brokerage","Poor compliance"
"Budwood/Graftwood (scion)","Costa Rica",FALSE,"Reference","aura botanical","Low compliance"
"Budwood/Graftwood (scion)","Costa Rica",FALSE,"CERCA DEL PARAISO SA","aura botanical","Poor compliance"
"Budwood/Graftwood (scion)","Costa Rica",FALSE,"GEOAGRO DE COSTA RICA","fleurizon","Poor compliance"
"Budwood/Graftwood (scion)","Costa Rica",FALSE,"PRODUCTOS EL MAPACHE DE ALAJUELA","south florida plant services","Poor compliance"
"Budwood/Graftwood (scion)","Costa Rica",FALSE,"Reference","excelente foliage incorporated","Poor compliance"
"Budwood/Graftwood (scion)","Costa Rica",FALSE,"Reference","florica farmsinc","Poor compliance"
"Budwood/Graftwood (scion)","Costa Rica",FALSE,"CERCA DEL PARAISO SA","Reference","Medium compliance"
"Budwood/Graftwood (scion)","Costa Rica",FALSE,"PREMIUM PLANTS SA","kurt weiss greenhouse","Medium compliance"
"Budwood/Graftwood (scion)","Costa Rica",FALSE,"MICRO PLANTAS","foremost foliage inc dba foremostco","Poor compliance"
"Budwood/Graftwood (scion)","Costa Rica",FALSE,"PREMIUM ORNAMENTALES","Reference","Medium compliance"
"Budwood/Graftwood (scion)","Costa Rica",FALSE,"CERCA DEL PARAISO SA","foremost foliage","Poor compliance"
"Budwood/Graftwood (scion)","Costa Rica",FALSE,"COOPEINDIA  R.L.","foremost foliage inc dba foremostco","Poor compliance"
"Budwood/Graftwood (scion)","Costa Rica",FALSE,"Reference","green plant cuttings usa","Poor compliance"
"Budwood/Graftwood (scion)","Costa Rica",FALSE,"PREMIUM ORNAMENTALES","b c amp f brokerage","Low compliance"
"Budwood/Graftwood (scion)","Costa Rica",FALSE,"COOPEINDIA  R.L.","south florida plant services","Poor compliance"
"Budwood/Graftwood (scion)","Costa Rica",FALSE,"ZACATE ORNAMENTAL Y DECORATIVO","foremost foliage inc dba foremostco","Poor compliance"
"Budwood/Graftwood (scion)","Costa Rica",FALSE,"TURRIPLANTAS SA","foremost foliage inc dba foremostco","Poor compliance"
"Budwood/Graftwood (scion)","Costa Rica",FALSE,"Reference","mchutchison","Low compliance"
"Budwood/Graftwood (scion)","Costa Rica",FALSE,"MICRO PLANTAS","Reference","Low compliance"
"Budwood/Graftwood (scion)","Costa Rica",FALSE,"PRODUCTOS EL MAPACHE DE ALAJUELA","plant exports","Poor compliance"
"Budwood/Graftwood (scion)","Costa Rica",FALSE,"CERCA DEL PARAISO SA","south florida plant services","Poor compliance"
"Budwood/Graftwood (scion)","Costa Rica",FALSE,"MICRO PLANTAS","miyar intl brokerage","Poor compliance"
"Budwood/Graftwood (scion)","Costa Rica",FALSE,"CERCA DEL PARAISO SA","foremost foliage inc dba foremostco","Poor compliance"
"Budwood/Graftwood (scion)","Costa Rica",FALSE,"ORNAMENTALES SAPO VERDE 801","Reference","Medium compliance"
"Budwood/Graftwood (scion)","Costa Rica",FALSE,"TURRIPLANTAS SA","foremost foliage","Poor compliance"
"Budwood/Graftwood (scion)","Costa Rica",FALSE,"Reference","ds cole growers","Low compliance"
"Budwood/Graftwood (scion)","Costa Rica",FALSE,"PRODUCTOS EL MAPACHE DE ALAJUELA","costa farms","Poor compliance"
"Budwood/Graftwood (scion)","Costa Rica",FALSE,"CERCA DEL PARAISO SA","fb imports","Poor compliance"
"Budwood/Graftwood (scion)","Costa Rica",FALSE,"LA FLORESTA ORNAMENTALES","plant exports","Poor compliance"
"Budwood/Graftwood (scion)","Costa Rica",FALSE,"CERCA DEL PARAISO SA","fleurizon","Poor compliance"
"Budwood/Graftwood (scion)","Costa Rica",FALSE,"CERCA DEL PARAISO SA","plant exports","Poor compliance"
"Budwood/Graftwood (scion)","Costa Rica",FALSE,"PREMIUM PLANTS SA","Reference","Medium compliance"
"Budwood/Graftwood (scion)","Costa Rica",FALSE,"PREMIUM PLANTS SA","b c amp f brokerage","Low compliance"
"Budwood/Graftwood (scion)","Costa Rica",FALSE,"SAPO VERDE 900","Reference","Low compliance"
"Budwood/Graftwood (scion)","Costa Rica",FALSE,"Reference","plant exports","Poor compliance"
"Budwood/Graftwood (scion)","Costa Rica",FALSE,"COOPEINDIA  R.L.","express seed","Poor compliance"
"Budwood/Graftwood (scion)","Costa Rica",FALSE,"QUELETZU SA","foremost foliage inc dba foremostco","Poor compliance"
"Budwood/Graftwood (scion)","Costa Rica",FALSE,"Guatexotic","foremost foliage","Poor compliance"
"Budwood/Graftwood (scion)","Costa Rica",FALSE,"antho ornamentales1-7","foremost foliage inc dba foremostco","Poor compliance"
"Budwood/Graftwood (scion)","Costa Rica",FALSE,"Reference","western cactus enterprises","Low compliance"
"Budwood/Graftwood (scion)","Costa Rica",FALSE,"Reference","altman specialty plants","Poor compliance"
"Budwood/Graftwood (scion)","Singapore",TRUE,"Oriental Aquarium","complete aquatic systems","Poor compliance"
"Budwood/Graftwood (scion)","Singapore",TRUE,"Reference","ultum nature systems","Low compliance"
"Budwood/Graftwood (scion)","Singapore",TRUE,"Reference","tat tristan g","Poor compliance"
"Budwood/Graftwood (scion)","Singapore",TRUE,"Reference","Reference","Low compliance"
"Budwood/Graftwood (scion)","Singapore",TRUE,"Oriental Aquarium","Reference","Low compliance"
"Budwood/Graftwood (scion)","Singapore",TRUE,"Reference","waterscaap pond amp aquarium plants","Poor compliance"
"Budwood/Graftwood (scion)","Singapore",TRUE,"Reference","green thumb marketing","Poor compliance"
"Budwood/Graftwood (scion)","Singapore",TRUE,"Oriental Aquarium","green thumb marketing","Poor compliance"
"Budwood/Graftwood (scion)","Singapore",FALSE,"Oriental Aquarium","complete aquatic systems","Low compliance"
"Budwood/Graftwood (scion)","Singapore",FALSE,"Reference","ultum nature systems","Poor compliance"
"Budwood/Graftwood (scion)","Singapore",FALSE,"Reference","tat tristan g","Poor compliance"
"Budwood/Graftwood (scion)","Singapore",FALSE,"Reference","Reference","Medium compliance"
"Budwood/Graftwood (scion)","Singapore",FALSE,"Oriental Aquarium","Reference","Medium compliance"
"Budwood/Graftwood (scion)","Singapore",FALSE,"Reference","waterscaap pond amp aquarium plants","Poor compliance"
"Budwood/Graftwood (scion)","Singapore",FALSE,"Reference","green thumb marketing","Poor compliance"
"Budwood/Graftwood (scion)","Singapore",FALSE,"Oriental Aquarium","green thumb marketing","Poor compliance"
"Budwood/Graftwood (scion)","Slovakia",TRUE,"Reference","Reference","Poor compliance"
"Budwood/Graftwood (scion)","Slovakia",FALSE,"Reference","Reference","Low compliance"
"Budwood/Graftwood (scion)","Turkey",TRUE,"Reference","Reference","Low compliance"
"Budwood/Graftwood (scion)","Turkey",TRUE,"Reference","ds cole growers","Poor compliance"
"Budwood/Graftwood (scion)","Turkey",FALSE,"Reference","Reference","Medium compliance"
"Budwood/Graftwood (scion)","Turkey",FALSE,"Reference","ds cole growers","Low compliance"
"Budwood/Graftwood (scion)","Kenya",TRUE,"LATHYFLORA","Reference","Poor compliance"
"Budwood/Graftwood (scion)","Kenya",TRUE,"LATHYFLORA","united plant growers","Poor compliance"
"Budwood/Graftwood (scion)","Kenya",TRUE,"LATHYFLORA","primaflora international lp","Poor compliance"
"Budwood/Graftwood (scion)","Kenya",TRUE,"Reference","Reference","Medium compliance"
"Budwood/Graftwood (scion)","Kenya",TRUE,"Reference","express seed","Poor compliance"
"Budwood/Graftwood (scion)","Kenya",TRUE,"LATHYFLORA","costa farms","Poor compliance"
"Budwood/Graftwood (scion)","Kenya",TRUE,"LATHYFLORA","express seed","Poor compliance"
"Budwood/Graftwood (scion)","Kenya",TRUE,"LATHYFLORA","western cactus enterprises","Poor compliance"
"Budwood/Graftwood (scion)","Kenya",TRUE,"Reference","ds cole growers","Poor compliance"
"Budwood/Graftwood (scion)","Kenya",TRUE,"Reference","altman specialty plants","Poor compliance"
"Budwood/Graftwood (scion)","Kenya",TRUE,"Reference","western cactus enterprises","Poor compliance"
"Budwood/Graftwood (scion)","Kenya",TRUE,"Reference","scott valentine","Poor compliance"
"Budwood/Graftwood (scion)","Kenya",TRUE,"Reference","mchutchison","Poor compliance"
"Budwood/Graftwood (scion)","Kenya",TRUE,"Reference","kurt weiss greenhouse","Poor compliance"
"Budwood/Graftwood (scion)","Kenya",TRUE,"Reference","missing","Poor compliance"
"Budwood/Graftwood (scion)","Kenya",FALSE,"LATHYFLORA","Reference","Medium compliance"
"Budwood/Graftwood (scion)","Kenya",FALSE,"LATHYFLORA","united plant growers","Low compliance"
"Budwood/Graftwood (scion)","Kenya",FALSE,"LATHYFLORA","primaflora international lp","Low compliance"
"Budwood/Graftwood (scion)","Kenya",FALSE,"Reference","Reference","Medium compliance"
"Budwood/Graftwood (scion)","Kenya",FALSE,"Reference","express seed","Poor compliance"
"Budwood/Graftwood (scion)","Kenya",FALSE,"LATHYFLORA","costa farms","Low compliance"
"Budwood/Graftwood (scion)","Kenya",FALSE,"LATHYFLORA","express seed","Low compliance"
"Budwood/Graftwood (scion)","Kenya",FALSE,"LATHYFLORA","western cactus enterprises","Low compliance"
"Budwood/Graftwood (scion)","Kenya",FALSE,"Reference","ds cole growers","Low compliance"
"Budwood/Graftwood (scion)","Kenya",FALSE,"Reference","altman specialty plants","Poor compliance"
"Budwood/Graftwood (scion)","Kenya",FALSE,"Reference","western cactus enterprises","Low compliance"
"Budwood/Graftwood (scion)","Kenya",FALSE,"Reference","scott valentine","Low compliance"
"Budwood/Graftwood (scion)","Kenya",FALSE,"Reference","mchutchison","Low compliance"
"Budwood/Graftwood (scion)","Kenya",FALSE,"Reference","kurt weiss greenhouse","Low compliance"
"Budwood/Graftwood (scion)","Kenya",FALSE,"Reference","missing","Low compliance"
"Budwood/Graftwood (scion)","Zimbabwe",TRUE,"Reference","western cactus enterprises","Poor compliance"
"Budwood/Graftwood (scion)","Zimbabwe",TRUE,"Reference","Reference","Medium compliance"
"Budwood/Graftwood (scion)","Zimbabwe",TRUE,"Reference","altman specialty plants","Poor compliance"
"Budwood/Graftwood (scion)","Zimbabwe",TRUE,"Reference","express seed","Poor compliance"
"Budwood/Graftwood (scion)","Zimbabwe",TRUE,"Reference","costa farms","Poor compliance"
"Budwood/Graftwood (scion)","Zimbabwe",TRUE,"Reference","scott valentine","Poor compliance"
"Budwood/Graftwood (scion)","Zimbabwe",FALSE,"Reference","western cactus enterprises","Low compliance"
"Budwood/Graftwood (scion)","Zimbabwe",FALSE,"Reference","Reference","Medium compliance"
"Budwood/Graftwood (scion)","Zimbabwe",FALSE,"Reference","altman specialty plants","Poor compliance"
"Budwood/Graftwood (scion)","Zimbabwe",FALSE,"Reference","express seed","Low compliance"
"Budwood/Graftwood (scion)","Zimbabwe",FALSE,"Reference","costa farms","Low compliance"
"Budwood/Graftwood (scion)","Zimbabwe",FALSE,"Reference","scott valentine","Low compliance"
"Budwood/Graftwood (scion)","Israel",TRUE,"Reference","Reference","Medium compliance"
"Budwood/Graftwood (scion)","Israel",TRUE,"Reference","foremost foliage","Poor compliance"
"Budwood/Graftwood (scion)","Israel",TRUE,"Reference","foremost foliage inc dba foremostco","Poor compliance"
"Budwood/Graftwood (scion)","Israel",FALSE,"Reference","Reference","Medium compliance"
"Budwood/Graftwood (scion)","Israel",FALSE,"Reference","foremost foliage","Poor compliance"
"Budwood/Graftwood (scion)","Israel",FALSE,"Reference","foremost foliage inc dba foremostco","Poor compliance"
"Budwood/Graftwood (scion)","France",TRUE,"Reference","Reference","Low compliance"
"Budwood/Graftwood (scion)","France",TRUE,"Reference","missing","Poor compliance"
"Budwood/Graftwood (scion)","France",FALSE,"Reference","Reference","Medium compliance"
"Budwood/Graftwood (scion)","France",FALSE,"Reference","missing","Poor compliance"
"Budwood/Graftwood (scion)","North Macedonia",TRUE,"Reference","Reference","Low compliance"
"Budwood/Graftwood (scion)","North Macedonia",TRUE,"Reference","missing","Poor compliance"
"Budwood/Graftwood (scion)","North Macedonia",FALSE,"Reference","Reference","Medium compliance"
"Budwood/Graftwood (scion)","North Macedonia",FALSE,"Reference","missing","Low compliance"
"Budwood/Graftwood (scion)","Spain",TRUE,"Reference","Reference","Medium compliance"
"Budwood/Graftwood (scion)","Spain",TRUE,"Reference","missing","Poor compliance"
"Budwood/Graftwood (scion)","Spain",TRUE,"Reference","western cactus enterprises","Poor compliance"
"Budwood/Graftwood (scion)","Spain",TRUE,"Reference","altman specialty plants","Poor compliance"
"Budwood/Graftwood (scion)","Spain",TRUE,"Reference","express seed","Poor compliance"
"Budwood/Graftwood (scion)","Spain",FALSE,"Reference","Reference","Medium compliance"
"Budwood/Graftwood (scion)","Spain",FALSE,"Reference","missing","Low compliance"
"Budwood/Graftwood (scion)","Spain",FALSE,"Reference","western cactus enterprises","Low compliance"
"Budwood/Graftwood (scion)","Spain",FALSE,"Reference","altman specialty plants","Poor compliance"
"Budwood/Graftwood (scion)","Spain",FALSE,"Reference","express seed","Low compliance"
"Budwood/Graftwood (scion)","Germany",TRUE,"Reference","Reference","Medium compliance"
"Budwood/Graftwood (scion)","Germany",TRUE,"Reference","express seed","Poor compliance"
"Budwood/Graftwood (scion)","Germany",TRUE,"Reference","missing","Poor compliance"
"Budwood/Graftwood (scion)","Germany",TRUE,"Reference","costa farms","Poor compliance"
"Budwood/Graftwood (scion)","Germany",TRUE,"Reference","perfect choice","Poor compliance"
"Budwood/Graftwood (scion)","Germany",TRUE,"Reference","miyar intl brokerage","Poor compliance"
"Budwood/Graftwood (scion)","Germany",TRUE,"Reference","mchutchison","Poor compliance"
"Budwood/Graftwood (scion)","Germany",FALSE,"Reference","Reference","Medium compliance"
"Budwood/Graftwood (scion)","Germany",FALSE,"Reference","express seed","Low compliance"
"Budwood/Graftwood (scion)","Germany",FALSE,"Reference","missing","Low compliance"
"Budwood/Graftwood (scion)","Germany",FALSE,"Reference","costa farms","Low compliance"
"Budwood/Graftwood (scion)","Germany",FALSE,"Reference","perfect choice","Poor compliance"
"Budwood/Graftwood (scion)","Germany",FALSE,"Reference","miyar intl brokerage","Poor compliance"
"Budwood/Graftwood (scion)","Germany",FALSE,"Reference","mchutchison","Low compliance"
"Budwood/Graftwood (scion)","Madagascar",TRUE,"Reference","complete aquatic systems","Poor compliance"
"Budwood/Graftwood (scion)","Madagascar",TRUE,"Reference","waterscaap pond amp aquarium plants","Poor compliance"
"Budwood/Graftwood (scion)","Madagascar",TRUE,"Reference","Reference","Poor compliance"
"Budwood/Graftwood (scion)","Madagascar",TRUE,"Reference","miyar intl brokerage","Poor compliance"
"Budwood/Graftwood (scion)","Madagascar",FALSE,"Reference","complete aquatic systems","Poor compliance"
"Budwood/Graftwood (scion)","Madagascar",FALSE,"Reference","waterscaap pond amp aquarium plants","Poor compliance"
"Budwood/Graftwood (scion)","Madagascar",FALSE,"Reference","Reference","Low compliance"
"Budwood/Graftwood (scion)","Madagascar",FALSE,"Reference","miyar intl brokerage","Poor compliance"
"Budwood/Graftwood (scion)","Brazil",TRUE,"Reference","Reference","Medium compliance"
"Budwood/Graftwood (scion)","Brazil",TRUE,"Reference","costa farms","Poor compliance"
"Budwood/Graftwood (scion)","Brazil",TRUE,"Reference","fleurizon","Poor compliance"
"Budwood/Graftwood (scion)","Brazil",TRUE,"Reference","fb imports","Poor compliance"
"Budwood/Graftwood (scion)","Brazil",TRUE,"Reference","united plant growers","Poor compliance"
"Budwood/Graftwood (scion)","Brazil",TRUE,"Reference","foremost foliage inc dba foremostco","Poor compliance"
"Budwood/Graftwood (scion)","Brazil",TRUE,"Reference","foremost foliage","Poor compliance"
"Budwood/Graftwood (scion)","Brazil",TRUE,"Reference","express seed","Poor compliance"
"Budwood/Graftwood (scion)","Brazil",TRUE,"Reference","biostok","Poor compliance"
"Budwood/Graftwood (scion)","Brazil",FALSE,"Reference","Reference","Medium compliance"
"Budwood/Graftwood (scion)","Brazil",FALSE,"Reference","costa farms","Low compliance"
"Budwood/Graftwood (scion)","Brazil",FALSE,"Reference","fleurizon","Poor compliance"
"Budwood/Graftwood (scion)","Brazil",FALSE,"Reference","fb imports","Poor compliance"
"Budwood/Graftwood (scion)","Brazil",FALSE,"Reference","united plant growers","Low compliance"
"Budwood/Graftwood (scion)","Brazil",FALSE,"Reference","foremost foliage inc dba foremostco","Poor compliance"
"Budwood/Graftwood (scion)","Brazil",FALSE,"Reference","foremost foliage","Poor compliance"
"Budwood/Graftwood (scion)","Brazil",FALSE,"Reference","express seed","Low compliance"
"Budwood/Graftwood (scion)","Brazil",FALSE,"Reference","biostok","Poor compliance"
"Budwood/Graftwood (scion)","United Kingdom of Great Britain and N. Ireland",TRUE,"Reference","Reference","Medium compliance"
"Budwood/Graftwood (scion)","United Kingdom of Great Britain and N. Ireland",TRUE,"Reference","express seed","Poor compliance"
"Budwood/Graftwood (scion)","United Kingdom of Great Britain and N. Ireland",TRUE,"Reference","missing","Poor compliance"
"Budwood/Graftwood (scion)","United Kingdom of Great Britain and N. Ireland",TRUE,"Reference","costa farms","Poor compliance"
"Budwood/Graftwood (scion)","United Kingdom of Great Britain and N. Ireland",FALSE,"Reference","Reference","Medium compliance"
"Budwood/Graftwood (scion)","United Kingdom of Great Britain and N. Ireland",FALSE,"Reference","express seed","Low compliance"
"Budwood/Graftwood (scion)","United Kingdom of Great Britain and N. Ireland",FALSE,"Reference","missing","Low compliance"
"Budwood/Graftwood (scion)","United Kingdom of Great Britain and N. Ireland",FALSE,"Reference","costa farms","Low compliance"
"Budwood/Graftwood (scion)","Colombia",TRUE,"Reference","Reference","Medium compliance"
"Budwood/Graftwood (scion)","Colombia",TRUE,"Reference","russells bromelaids","Poor compliance"
"Budwood/Graftwood (scion)","Colombia",TRUE,"Reference","dockside management","Low compliance"
"Budwood/Graftwood (scion)","Colombia",TRUE,"GENEROS ECUATORIANOS","Reference","Low compliance"
"Budwood/Graftwood (scion)","Colombia",TRUE,"Reference","fb imports","Poor compliance"
"Budwood/Graftwood (scion)","Colombia",FALSE,"Reference","Reference","Medium compliance"
"Budwood/Graftwood (scion)","Colombia",FALSE,"Reference","russells bromelaids","Poor compliance"
"Budwood/Graftwood (scion)","Colombia",FALSE,"Reference","dockside management","Medium compliance"
"Budwood/Graftwood (scion)","Colombia",FALSE,"GENEROS ECUATORIANOS","Reference","Low compliance"
"Budwood/Graftwood (scion)","Colombia",FALSE,"Reference","fb imports","Poor compliance"
"Budwood/Graftwood (scion)","Tanzania",TRUE,"Reference","Reference","Low compliance"
"Budwood/Graftwood (scion)","Tanzania",TRUE,"Reference","express seed","Poor compliance"
"Budwood/Graftwood (scion)","Tanzania",TRUE,"Reference","western cactus enterprises","Poor compliance"
"Budwood/Graftwood (scion)","Tanzania",TRUE,"Reference","scott valentine","Poor compliance"
"Budwood/Graftwood (scion)","Tanzania",TRUE,"Reference","miyar intl brokerage","Poor compliance"
"Budwood/Graftwood (scion)","Tanzania",TRUE,"Reference","altman specialty plants","Poor compliance"
"Budwood/Graftwood (scion)","Tanzania",TRUE,"Reference","ds cole growers","Poor compliance"
"Budwood/Graftwood (scion)","Tanzania",FALSE,"Reference","Reference","Medium compliance"
"Budwood/Graftwood (scion)","Tanzania",FALSE,"Reference","express seed","Poor compliance"
"Budwood/Graftwood (scion)","Tanzania",FALSE,"Reference","western cactus enterprises","Poor compliance"
"Budwood/Graftwood (scion)","Tanzania",FALSE,"Reference","scott valentine","Poor compliance"
"Budwood/Graftwood (scion)","Tanzania",FALSE,"Reference","miyar intl brokerage","Poor compliance"
"Budwood/Graftwood (scion)","Tanzania",FALSE,"Reference","altman specialty plants","Poor compliance"
"Budwood/Graftwood (scion)","Tanzania",FALSE,"Reference","ds cole growers","Poor compliance"
"Budwood/Graftwood (scion)","Czech Republic",TRUE,"Reference","missing","Poor compliance"
"Budwood/Graftwood (scion)","Czech Republic",TRUE,"Reference","Reference","Low compliance"
"Budwood/Graftwood (scion)","Czech Republic",FALSE,"Reference","missing","Low compliance"
"Budwood/Graftwood (scion)","Czech Republic",FALSE,"Reference","Reference","Medium compliance"
"Budwood/Graftwood (scion)","New Zealand",TRUE,"Reference","Reference","Low compliance"
"Budwood/Graftwood (scion)","New Zealand",TRUE,"Reference","missing","Poor compliance"
"Budwood/Graftwood (scion)","New Zealand",FALSE,"Reference","Reference","Low compliance"
"Budwood/Graftwood (scion)","New Zealand",FALSE,"Reference","missing","Poor compliance"
"Budwood/Graftwood (scion)","Australia",TRUE,"Reference","Reference","Low compliance"
"Budwood/Graftwood (scion)","Australia",TRUE,"Reference","missing","Poor compliance"
"Budwood/Graftwood (scion)","Australia",TRUE,"Reference","miyar intl brokerage","Poor compliance"
"Budwood/Graftwood (scion)","Australia",TRUE,"Reference","express seed","Poor compliance"
"Budwood/Graftwood (scion)","Australia",FALSE,"Reference","Reference","Medium compliance"
"Budwood/Graftwood (scion)","Australia",FALSE,"Reference","missing","Poor compliance"
"Budwood/Graftwood (scion)","Australia",FALSE,"Reference","miyar intl brokerage","Poor compliance"
"Budwood/Graftwood (scion)","Australia",FALSE,"Reference","express seed","Poor compliance"
"Budwood/Graftwood (scion)","Nigeria",TRUE,"Reference","tat tristan g","Poor compliance"
"Budwood/Graftwood (scion)","Nigeria",TRUE,"Reference","waterscaap pond amp aquarium plants","Poor compliance"
"Budwood/Graftwood (scion)","Nigeria",TRUE,"Reference","Reference","Poor compliance"
"Budwood/Graftwood (scion)","Nigeria",FALSE,"Reference","tat tristan g","Poor compliance"
"Budwood/Graftwood (scion)","Nigeria",FALSE,"Reference","waterscaap pond amp aquarium plants","Poor compliance"
"Budwood/Graftwood (scion)","Nigeria",FALSE,"Reference","Reference","Low compliance"
"Budwood/Graftwood (scion)","Denmark",TRUE,"Reference","Reference","Poor compliance"
"Budwood/Graftwood (scion)","Denmark",TRUE,"Reference","costa farms","Poor compliance"
"Budwood/Graftwood (scion)","Denmark",FALSE,"Reference","Reference","Low compliance"
"Budwood/Graftwood (scion)","Denmark",FALSE,"Reference","costa farms","Poor compliance"
"Budwood/Graftwood (scion)","Poland",TRUE,"Reference","missing","Poor compliance"
"Budwood/Graftwood (scion)","Poland",TRUE,"Reference","foremost foliage inc dba foremostco","Poor compliance"
"Budwood/Graftwood (scion)","Poland",TRUE,"Reference","Reference","Low compliance"
"Budwood/Graftwood (scion)","Poland",TRUE,"Reference","mchutchison","Poor compliance"
"Budwood/Graftwood (scion)","Poland",TRUE,"Reference","express seed","Poor compliance"
"Budwood/Graftwood (scion)","Poland",TRUE,"Reference","scott valentine","Poor compliance"
"Budwood/Graftwood (scion)","Poland",FALSE,"Reference","missing","Low compliance"
"Budwood/Graftwood (scion)","Poland",FALSE,"Reference","foremost foliage inc dba foremostco","Poor compliance"
"Budwood/Graftwood (scion)","Poland",FALSE,"Reference","Reference","Medium compliance"
"Budwood/Graftwood (scion)","Poland",FALSE,"Reference","mchutchison","Low compliance"
"Budwood/Graftwood (scion)","Poland",FALSE,"Reference","express seed","Poor compliance"
"Budwood/Graftwood (scion)","Poland",FALSE,"Reference","scott valentine","Low compliance"
"Budwood/Graftwood (scion)","Ireland",TRUE,"Reference","Reference","Poor compliance"
"Budwood/Graftwood (scion)","Ireland",TRUE,"Reference","foremost foliage","Poor compliance"
"Budwood/Graftwood (scion)","Ireland",TRUE,"Reference","foremost foliage inc dba foremostco","Poor compliance"
"Budwood/Graftwood (scion)","Ireland",FALSE,"Reference","Reference","Poor compliance"
"Budwood/Graftwood (scion)","Ireland",FALSE,"Reference","foremost foliage","Poor compliance"
"Budwood/Graftwood (scion)","Ireland",FALSE,"Reference","foremost foliage inc dba foremostco","Poor compliance"
"Budwood/Graftwood (scion)","Nicaragua",TRUE,"Reference","Reference","Medium compliance"
"Budwood/Graftwood (scion)","Nicaragua",FALSE,"Reference","Reference","Medium compliance"
"Budwood/Graftwood (scion)","Malaysia",TRUE,"Reference","Reference","Low compliance"
"Budwood/Graftwood (scion)","Malaysia",TRUE,"Reference","foremost foliage inc dba foremostco","Poor compliance"
"Budwood/Graftwood (scion)","Malaysia",TRUE,"Reference","miyar intl brokerage","Poor compliance"
"Budwood/Graftwood (scion)","Malaysia",TRUE,"Reference","foremost foliage","Poor compliance"
"Budwood/Graftwood (scion)","Malaysia",TRUE,"Reference","biostok","Poor compliance"
"Budwood/Graftwood (scion)","Malaysia",FALSE,"Reference","Reference","Medium compliance"
"Budwood/Graftwood (scion)","Malaysia",FALSE,"Reference","foremost foliage inc dba foremostco","Poor compliance"
"Budwood/Graftwood (scion)","Malaysia",FALSE,"Reference","miyar intl brokerage","Poor compliance"
"Budwood/Graftwood (scion)","Malaysia",FALSE,"Reference","foremost foliage","Poor compliance"
"Budwood/Graftwood (scion)","Malaysia",FALSE,"Reference","biostok","Poor compliance"
"Budwood/Graftwood (scion)","Hong Kong",TRUE,"Reference","Reference","Poor compliance"
"Budwood/Graftwood (scion)","Hong Kong",FALSE,"Reference","Reference","Low compliance"
"Budwood/Graftwood (scion)","United States of America",TRUE,"Reference","missing","Poor compliance"
"Budwood/Graftwood (scion)","United States of America",TRUE,"Reference","Reference","Poor compliance"
"Budwood/Graftwood (scion)","United States of America",TRUE,"Reference","foremost foliage inc dba foremostco","Poor compliance"
"Budwood/Graftwood (scion)","United States of America",FALSE,"Reference","missing","Poor compliance"
"Budwood/Graftwood (scion)","United States of America",FALSE,"Reference","Reference","Low compliance"
"Budwood/Graftwood (scion)","United States of America",FALSE,"Reference","foremost foliage inc dba foremostco","Poor compliance"
"Budwood/Graftwood (scion)","Chile",TRUE,"Reference","Reference","Low compliance"
"Budwood/Graftwood (scion)","Chile",FALSE,"Reference","Reference","Low compliance"
"Budwood/Graftwood (scion)","Uganda",TRUE,"Reference","express seed","Poor compliance"
"Budwood/Graftwood (scion)","Uganda",TRUE,"Reference","Reference","Medium compliance"
"Budwood/Graftwood (scion)","Uganda",TRUE,"Reference","costa farms","Poor compliance"
"Budwood/Graftwood (scion)","Uganda",TRUE,"Reference","fleurizon","Poor compliance"
"Budwood/Graftwood (scion)","Uganda",FALSE,"Reference","express seed","Low compliance"
"Budwood/Graftwood (scion)","Uganda",FALSE,"Reference","Reference","Medium compliance"
"Budwood/Graftwood (scion)","Uganda",FALSE,"Reference","costa farms","Low compliance"
"Budwood/Graftwood (scion)","Uganda",FALSE,"Reference","fleurizon","Poor compliance"
"Budwood/Graftwood (scion)","Belgium",TRUE,"Reference","Reference","Low compliance"
"Budwood/Graftwood (scion)","Belgium",TRUE,"Reference","miyar intl brokerage","Poor compliance"
"Budwood/Graftwood (scion)","Belgium",TRUE,"Reference","express seed","Low compliance"
"Budwood/Graftwood (scion)","Belgium",FALSE,"Reference","Reference","Medium compliance"
"Budwood/Graftwood (scion)","Belgium",FALSE,"Reference","miyar intl brokerage","Poor compliance"
"Budwood/Graftwood (scion)","Belgium",FALSE,"Reference","express seed","Low compliance"
"Budwood/Graftwood (scion)","Cameroon",TRUE,"Reference","Reference","Poor compliance"
"Budwood/Graftwood (scion)","Cameroon",FALSE,"Reference","Reference","Low compliance"
"Budwood/Graftwood (scion)","Ukraine",TRUE,"Reference","missing","Poor compliance"
"Budwood/Graftwood (scion)","Ukraine",FALSE,"Reference","missing","Poor compliance"
"Budwood/Graftwood (scion)","Luxembourg",TRUE,"Reference","missing","Poor compliance"
"Budwood/Graftwood (scion)","Luxembourg",TRUE,"Reference","Reference","Low compliance"
"Budwood/Graftwood (scion)","Luxembourg",FALSE,"Reference","missing","Poor compliance"
"Budwood/Graftwood (scion)","Luxembourg",FALSE,"Reference","Reference","Medium compliance"
"Budwood/Graftwood (scion)","Peru",TRUE,"Reference","Reference","Low compliance"
"Budwood/Graftwood (scion)","Peru",TRUE,"ORNAMENTALES SAPO VERDE 801","foremost foliage","Poor compliance"
"Budwood/Graftwood (scion)","Peru",TRUE,"Reference","miyar intl brokerage","Poor compliance"
"Budwood/Graftwood (scion)","Peru",TRUE,"ORNAMENTALES SAPO VERDE 801","foremost foliage inc dba foremostco","Poor compliance"
"Budwood/Graftwood (scion)","Peru",TRUE,"GENEROS ECUATORIANOS","Reference","Poor compliance"
"Budwood/Graftwood (scion)","Peru",TRUE,"Reference","missing","Poor compliance"
"Budwood/Graftwood (scion)","Peru",TRUE,"Reference","costa farms","Poor compliance"
"Budwood/Graftwood (scion)","Peru",FALSE,"Reference","Reference","Medium compliance"
"Budwood/Graftwood (scion)","Peru",FALSE,"ORNAMENTALES SAPO VERDE 801","foremost foliage","Poor compliance"
"Budwood/Graftwood (scion)","Peru",FALSE,"Reference","miyar intl brokerage","Poor compliance"
"Budwood/Graftwood (scion)","Peru",FALSE,"ORNAMENTALES SAPO VERDE 801","foremost foliage inc dba foremostco","Poor compliance"
"Budwood/Graftwood (scion)","Peru",FALSE,"GENEROS ECUATORIANOS","Reference","Poor compliance"
"Budwood/Graftwood (scion)","Peru",FALSE,"Reference","missing","Low compliance"
"Budwood/Graftwood (scion)","Peru",FALSE,"Reference","costa farms","Low compliance"
"Budwood/Graftwood (scion)","Panama",TRUE,"Reference","Reference","Poor compliance"
"Budwood/Graftwood (scion)","Panama",FALSE,"Reference","Reference","Low compliance"
"Budwood/Graftwood (scion)","Bulgaria",TRUE,"Reference","missing","Poor compliance"
"Budwood/Graftwood (scion)","Bulgaria",FALSE,"Reference","missing","Poor compliance"
"Budwood/Graftwood (scion)","Dominican Republic",TRUE,"COSTA","costa farms","Poor compliance"
"Budwood/Graftwood (scion)","Dominican Republic",TRUE,"Reference","Reference","Low compliance"
"Budwood/Graftwood (scion)","Dominican Republic",TRUE,"Reference","fb imports","Poor compliance"
"Budwood/Graftwood (scion)","Dominican Republic",TRUE,"Reference","costa farms","Poor compliance"
"Budwood/Graftwood (scion)","Dominican Republic",FALSE,"COSTA","costa farms","Low compliance"
"Budwood/Graftwood (scion)","Dominican Republic",FALSE,"Reference","Reference","Medium compliance"
"Budwood/Graftwood (scion)","Dominican Republic",FALSE,"Reference","fb imports","Poor compliance"
"Budwood/Graftwood (scion)","Dominican Republic",FALSE,"Reference","costa farms","Low compliance"
"Budwood/Graftwood (scion)","Ecuador",TRUE,"Reference","graciana parker","Poor compliance"
"Budwood/Graftwood (scion)","Ecuador",TRUE,"GENEROS ECUATORIANOS","Reference","Low compliance"
"Budwood/Graftwood (scion)","Ecuador",TRUE,"Reference","Reference","Medium compliance"
"Budwood/Graftwood (scion)","Ecuador",TRUE,"JARDINES TERRAGARDEN","terra garden","Poor compliance"
"Budwood/Graftwood (scion)","Ecuador",TRUE,"JARDINES TERRAGARDEN","Reference","Poor compliance"
"Budwood/Graftwood (scion)","Ecuador",TRUE,"GENEROS ECUATORIANOS","omega customs brokers","Poor compliance"
"Budwood/Graftwood (scion)","Ecuador",TRUE,"Reference","omega customs brokers","Poor compliance"
"Budwood/Graftwood (scion)","Ecuador",TRUE,"Reference","missing","Poor compliance"
"Budwood/Graftwood (scion)","Ecuador",FALSE,"Reference","graciana parker","Medium compliance"
"Budwood/Graftwood (scion)","Ecuador",FALSE,"GENEROS ECUATORIANOS","Reference","Low compliance"
"Budwood/Graftwood (scion)","Ecuador",FALSE,"Reference","Reference","Medium compliance"
"Budwood/Graftwood (scion)","Ecuador",FALSE,"JARDINES TERRAGARDEN","terra garden","Poor compliance"
"Budwood/Graftwood (scion)","Ecuador",FALSE,"JARDINES TERRAGARDEN","Reference","Low compliance"
"Budwood/Graftwood (scion)","Ecuador",FALSE,"GENEROS ECUATORIANOS","omega customs brokers","Poor compliance"
"Budwood/Graftwood (scion)","Ecuador",FALSE,"Reference","omega customs brokers","Low compliance"
"Budwood/Graftwood (scion)","Ecuador",FALSE,"Reference","missing","Medium compliance"
"Budwood/Graftwood (scion)","Honduras",TRUE,"AGRIGENTUM SA","Reference","Poor compliance"
"Budwood/Graftwood (scion)","Honduras",TRUE,"Reference","Reference","Medium compliance"
"Budwood/Graftwood (scion)","Honduras",TRUE,"Reference","costa farms","Poor compliance"
"Budwood/Graftwood (scion)","Honduras",TRUE,"Reference","plant exports","Poor compliance"
"Budwood/Graftwood (scion)","Honduras",TRUE,"Reference","express seed","Poor compliance"
"Budwood/Graftwood (scion)","Honduras",TRUE,"Reference","fleurizon","Poor compliance"
"Budwood/Graftwood (scion)","Honduras",FALSE,"AGRIGENTUM SA","Reference","Medium compliance"
"Budwood/Graftwood (scion)","Honduras",FALSE,"Reference","Reference","Medium compliance"
"Budwood/Graftwood (scion)","Honduras",FALSE,"Reference","costa farms","Low compliance"
"Budwood/Graftwood (scion)","Honduras",FALSE,"Reference","plant exports","Poor compliance"
"Budwood/Graftwood (scion)","Honduras",FALSE,"Reference","express seed","Low compliance"
"Budwood/Graftwood (scion)","Honduras",FALSE,"Reference","fleurizon","Poor compliance"
"Budwood/Graftwood (scion)","Guam",TRUE,"Reference","fb imports","Poor compliance"
"Budwood/Graftwood (scion)","Guam",FALSE,"Reference","fb imports","Poor compliance"
"Budwood/Graftwood (scion)","Mozambique",TRUE,"Reference","Reference","Poor compliance"
"Budwood/Graftwood (scion)","Mozambique",FALSE,"Reference","Reference","Poor compliance"
"Budwood/Graftwood (scion)","Guinea",TRUE,"Reference","green thumb marketing","Poor compliance"
"Budwood/Graftwood (scion)","Guinea",FALSE,"Reference","green thumb marketing","Poor compliance"
"Budwood/Graftwood (scion)","Trinidad and Tobago",TRUE,"Reference","Reference","Poor compliance"
"Budwood/Graftwood (scion)","Trinidad and Tobago",FALSE,"Reference","Reference","Poor compliance"
"Budwood/Graftwood (scion)","Sweden",TRUE,"Reference","Reference","Poor compliance"
"Budwood/Graftwood (scion)","Sweden",FALSE,"Reference","Reference","Low compliance"
"Budwood/Graftwood (scion)","Bolivia",TRUE,"Reference","Reference","Poor compliance"
"Budwood/Graftwood (scion)","Bolivia",FALSE,"Reference","Reference","Poor compliance"
"Budwood/Graftwood (scion)","Portugal",TRUE,"Reference","green plant cuttings usa","Poor compliance"
"Budwood/Graftwood (scion)","Portugal",TRUE,"Reference","Reference","Low compliance"
"Budwood/Graftwood (scion)","Portugal",FALSE,"Reference","green plant cuttings usa","Low compliance"
"Budwood/Graftwood (scion)","Portugal",FALSE,"Reference","Reference","Medium compliance"
"Budwood/Graftwood (scion)","Canada",TRUE,"Reference","Reference","Low compliance"
"Budwood/Graftwood (scion)","Canada",TRUE,"Reference","missing","Poor compliance"
"Budwood/Graftwood (scion)","Canada",FALSE,"Reference","Reference","Low compliance"
"Budwood/Graftwood (scion)","Canada",FALSE,"Reference","missing","Poor compliance"
"Budwood/Graftwood (scion)","Pakistan",TRUE,"Reference","Reference","Poor compliance"
"Budwood/Graftwood (scion)","Pakistan",FALSE,"Reference","Reference","Poor compliance"
"Budwood/Graftwood (scion)","Switzerland",TRUE,"Reference","Reference","Poor compliance"
"Budwood/Graftwood (scion)","Switzerland",FALSE,"Reference","Reference","Poor compliance"
"Budwood/Graftwood (scion)","Barbados",TRUE,"Reference","Reference","Poor compliance"
"Budwood/Graftwood (scion)","Barbados",FALSE,"Reference","Reference","Poor compliance"
"Budwood/Graftwood (scion)","Antigua and Barbuda",TRUE,"Reference","Reference","Poor compliance"
"Budwood/Graftwood (scion)","Antigua and Barbuda",FALSE,"Reference","Reference","Poor compliance"
"Budwood/Graftwood (scion)","St. Lucia",TRUE,"Reference","Reference","Poor compliance"
"Budwood/Graftwood (scion)","St. Lucia",FALSE,"Reference","Reference","Poor compliance"
"Budwood/Graftwood (scion)","Belize",TRUE,"Reference","Reference","Poor compliance"
"Budwood/Graftwood (scion)","Belize",FALSE,"Reference","Reference","Poor compliance"
"Budwood/Graftwood (scion)","Ethiopia",TRUE,"Reference","Reference","Medium compliance"
"Budwood/Graftwood (scion)","Ethiopia",FALSE,"Reference","Reference","Medium compliance"
"Budwood/Graftwood (scion)","Nepal",TRUE,"Reference","Reference","Poor compliance"
"Budwood/Graftwood (scion)","Nepal",FALSE,"Reference","Reference","Poor compliance"
"Budwood/Graftwood (scion)","Senegal",TRUE,"Reference","Reference","Poor compliance"
"Budwood/Graftwood (scion)","Senegal",FALSE,"Reference","Reference","Poor compliance"
"Budwood/Graftwood (scion)","Gambia",TRUE,"Reference","Reference","Poor compliance"
"Budwood/Graftwood (scion)","Gambia",FALSE,"Reference","Reference","Poor compliance"
"Budwood/Graftwood (scion)","Suriname",TRUE,"Reference","Reference","Poor compliance"
"Budwood/Graftwood (scion)","Suriname",FALSE,"Reference","Reference","Poor compliance"
"Budwood/Graftwood (scion)","US Virgin Islands",TRUE,"Reference","Reference","Poor compliance"
"Budwood/Graftwood (scion)","US Virgin Islands",FALSE,"Reference","Reference","Poor compliance"
