INSPECTION_ID,INSPECTION_NUMBER,INSPECTION_LOCATION_ID,INSPECTION_LOCATION_NAME,INSPECTION_LOCATION_STATE_CODE,CATEGORY,SUBCATEGORY,PATHWAY_ID,PATHWAY,ID,COUNTRY_OF_ORIGIN_ID,COUNTRY_OF_ORIGIN_NAME,PROPAGATIVE_MATERIAL_TYPE_ID,PROPAGATIVE_MATERIAL_TYPE,PRODUCER_ID,PRODUCER_NAME,TOTAL_SAMPLING_UNITS,TOTAL_PLANT_QUANTITY,SUBMITTED_DATETIME,REMARKS,CONFIDENCE_LEVEL,RISK_RATING,DETECTION_LEVEL,REQUIRED_NUMBER_OF_BOXES,PULL_NUMBERS,IS_CERTIFIED_OFFSHORE_GREENHOUSE,IS_ACTIVE,CREATED_BY_USER_ID,CREATED_BY_USER_FIRST_NAME,CREATED_BY_USER_MIDDLE_NAME,CREATED_BY_USER_LAST_NAME,CREATED_DATETIME,MODIFIED_BY_USER_ID,MODIFIED_BY_USER_FIRST_NAME,MODIFIED_BY_USER_MIDDLE_NAME,MODIFIED_BY_USER_LAST_NAME,MODIFIED_DATETIME,remarks2,pack_plant
1,1,,Miami PIS,,,,,Airport - Aircraft - Cargo - PIS,,,Costa Rica,,Rooted Plant (including grafted),,INNOVAPLANT DE COSTA RICA,8,31708,,,,,,6,,,,,,,,,,,,,,,
1,1,,Miami PIS,,,,,Maritime Port - Vessel - Cargo - PIS,,,Costa Rica,,Unrooted Cutting,,Vita Farms 3301,56,61,,,,,,14,,,,,,,,,,,,,,,
1,1,,Miami PIS,,,,,Airport - Aircraft - Cargo - PIS,,,Brazil,,Rooted Plant (including grafted),,INNOVAPLANT DE COSTA RICA,306,12404,,,,,,17,,,,,,,,,,,,,,,
1,1,,JFK PIS,,,,,Maritime Port - Vessel - Cargo - PIS,,,Guatemala,,Rooted Cutting (including air layer),,ZHAANGZHOU RICH LINK TRADING,30,6219,,,,,,13,,,,,,,,,,,,,,,
1,1,,Los Angeles PIS,,,,,Airport - Aircraft - Cargo - PIS,,,Costa Rica,,Rooted Plant (including grafted),,PRODUCTOS VALPARAISO 01,21,98,,,,,,27,,,,,,,,,,,,,,,
1,1,,Miami PIS,,,,,Maritime Port - Vessel - Cargo - PIS,,,India,,Unrooted Cutting,,Not Selected,0,33,,,,,,9,,,,,,,,,,,,,,,
1,1,,Los Angeles PIS,,,,,Airport - Aircraft - Cargo - PIS,,,Costa Rica,,Unrooted Cutting,,COSTA FARMS,12,82608,,,,,,3,,,,,,,,,,,,,,,
1,1,,Miami PIS,,,,,Airport - Aircraft - Cargo - PIS,,,Portugal,,Unrooted Plant,,ANNIA FUENTES Box 01-05,2,438,,,,,,5,,,,,,,,,,,,,,,
1,1,,Los Angeles PIS,,,,,Airport - Aircraft - Cargo - PIS,,,Thailand,,Rooted Plant (including grafted),,COOPERATIVA AGRICOLA REGIONAL,1,113,,,,,,22,,,,,,,,,,,,,,,
1,1,,Los Angeles PIS,,,,,Land Border - Truck - Cargo - PIS,,,Netherlands,,Unrooted Cutting,,Vita Farms Box 8501-8511,0,4,,,,,,21,,,,,,,,,,,,,,,
1,1,,Miami PIS,,,,,Maritime Port - Vessel - Cargo - PIS,,,Dominican Republic,,Unrooted Cutting,,PLANTEXPO,0,186,,,,,,18,,,,,,,,,,,,,,,
1,1,,Linden PIS,,,,,Airport - Aircraft - Cargo - PIS,,,Mexico,,Unrooted Cutting,,IVAGRO SA,6,229,,,,,,18,,,,,,,,,,,,,,,
1,1,,Linden PIS,,,,,Airport - Aircraft - Cargo - PIS,,,Guatemala,,Unrooted Cutting,,"LUCHA  ORNAMENTAL,Box101-107",1,387,,,,,,28,,,,,,,,,,,,,,,
1,1,,Los Angeles PIS,,,,,Airport - Aircraft - Cargo - PIS,,,Netherlands,,Unrooted Cutting,,TROPICA DEL ATLANTICO,9,3160,,,,,,3,,,,,,,,,,,,,,,
1,1,,Miami PIS,,,,,Airport - Aircraft - Cargo - PIS,,,Spain,,Rooted Plant (including grafted),,Ornamentales Sapo Verde Box 6201-6202,70,1264,,,,,,17,,,,,,,,,,,,,,,
1,1,,Beltsville PIS,,,,,Airport - Aircraft - Cargo - PIS,,,Costa Rica,,Unrooted Plant,,DONGGUAN AGRISTAR BIOTECHNOLOGY CO,644,25057,,,,,,8,,,,,,,,,,,,,,,
1,1,,Miami PIS,,,,,Airport - Aircraft - Cargo - PIS,,,Mexico,,Unrooted Cutting,,M & M Productores 1,6,19220,,,,,,27,,,,,,,,,,,,,,,
1,1,,Linden PIS,,,,,Airport - Aircraft - Cargo - PIS,,,Guatemala,,Rooted Plant (including grafted),,"AGRO KOMPASS,SOCIEDAD ANONIMA",2,4,,,,,,26,,,,,,,,,,,,,,,
1,1,,Miami PIS,,,,,Airport - Aircraft - Cargo - PIS,,,Viet Nam,,Unrooted Cutting,,KAPOK PLANTS S A,0,429,,,,,,20,,,,,,,,,,,,,,,
1,1,,Miami PIS,,,,,Airport - Aircraft - Cargo - PIS,,,Viet Nam,,Unrooted Cutting,,ORCHIDS DOMINICANA SA,0,63529,,,,,,1,,,,,,,,,,,,,,,
1,1,,Miami PIS,,,,,Airport - Aircraft - Cargo - PIS,,,Costa Rica,,Meristem or Callus Tissue Culture (micropropagated/in vitro culture),,"ZHONGSHAN BRIGHTEN FLORICULTURE CO., LTD",78,119127,,,,,,28,,,,,,,,,,,,,,,
1,1,,Miami PIS,,,,,Airport - Aircraft - Cargo - PIS,,,Guatemala,,Meristem or Callus Tissue Culture (micropropagated/in vitro culture),,"FIDES GUATEMALA, S.A.",0,780,,,,,,20,,,,,,,,,,,,,,,
1,1,,Miami PIS,,,,,Airport - Aircraft - Cargo - PIS,,,Mexico,,Rooted Plant (including grafted),,SAN TAI INTL TRADING NETWORK COM,3,11406,,,,,,20,,,,,,,,,,,,,,,
1,1,,Miami PIS,,,,,Airport - Aircraft - Cargo - PIS,,,Thailand,,Rooted Cutting (including air layer),,PT ALCHEMIE BERKA,9,20494,,,,,,20,,,,,,,,,,,,,,,
1,1,,Atlanta PIS,,,,,Airport - Aircraft - Cargo - PIS,,,Kenya,,Rooted Plant (including grafted),,LIVE WITH PLANTS,54,4456,,,,,,22,,,,,,,,,,,,,,,
2,2,,Miami PIS,,,,,Airport - Aircraft - Cargo - PIS,,,China,,Unrooted Cutting,,INVERSIONES PALMETO LTDA,0,174,,,,,,25,,,,,,,,,,,,,,,
2,2,,Miami PIS,,,,,Airport - Aircraft - Cargo - PIS,,,Netherlands,,Meristem or Callus Tissue Culture (micropropagated/in vitro culture),,ORNAMENTALES SAPO VERDE 201,1,2977,,,,,,15,,,,,,,,,,,,,,,
2,2,,Atlanta PIS,,,,,Airport - Aircraft - Cargo - PIS,,,Kenya,,Unrooted Cutting,,FLORAMO S.A,3,104,,,,,,11,,,,,,,,,,,,,,,
2,2,,Los Angeles PIS,,,,,Airport - Aircraft - Cargo - PIS,,,Guatemala,,Unrooted Cutting,,RED FOX LAS MERCEDES S.A.,1,1558,,,,,,22,,,,,,,,,,,,,,,
2,2,,Atlanta PIS,,,,,Airport - Aircraft - Cargo - PIS,,,Taiwan,,Unrooted Cutting,,INNOVAPLANT DE COSTA RICA,14,521,,,,,,18,,,,,,,,,,,,,,,
2,2,,Atlanta PIS,,,,,Land Border - Truck - Cargo - PIS,,,Honduras,,Rooted Plant (including grafted),,COSTA FAMRS LLC,146,77238,,,,,,26,,,,,,,,,,,,,,,
2,2,,Honolulu PIS,,,,,Airport - Aircraft - Cargo - PIS,,,Guatemala,,Unrooted Cutting,,LA FLOR EXOTICA DEL CARIBE BULLIS S.A.,20,1381,,,,,,21,,,,,,,,,,,,,,,
2,2,,Atlanta PIS,,,,,Airport - Aircraft - Cargo - PIS,,,Guatemala,,Unrooted Cutting,,INNOVA PLANT DE COSTA RICA SA,2,36179,,,,,,18,,,,,,,,,,,,,,,
2,2,,Los Angeles PIS,,,,,Airport - Aircraft - Cargo - PIS,,,Portugal,,Rooted Cutting (including air layer),,LA FLORESTA ORNAMENTALES S.A.,3,3408,,,,,,3,,,,,,,,,,,,,,,
2,2,,Miami PIS,,,,,Airport - Aircraft - Cargo - PIS,,,Thailand,,Meristem or Callus Tissue Culture (micropropagated/in vitro culture),,Not Selected,9,44197,,,,,,28,,,,,,,,,,,,,,,
2,2,,Miami PIS,,,,,Airport - Aircraft - Cargo - PIS,,,Nicaragua,,Rooted Plant (including grafted),,SOUTHERN INT'L DEVELOPMENT (SID)CO.,61,15233,,,,,,5,,,,,,,,,,,,,,,
2,2,,Miami PIS,,,,,Maritime Port - Vessel - Cargo - PIS,,,Guatemala,,Unrooted Plant,,Not Selected,49,7412,,,,,,6,,,,,,,,,,,,,,,
2,2,,Miami PIS,,,,,Airport - Aircraft - Cargo - PIS,,,Guatemala,,Unrooted Cutting,,"LAS PALMAS, S DE R.L",103,105,,,,,,8,,,,,,,,,,,,,,,
2,2,,Miami PIS,,,,,Airport - Aircraft - Cargo - PIS,,,Guatemala,,Rooted Plant (including grafted),,ARCO IRIS DEL CARIBE SA,1,18,,,,,,9,,,,,,,,,,,,,,,
2,2,,Miami PIS,,,,,Airport - Aircraft - Cargo - PIS,,,Guatemala,,Rooted Plant (including grafted),,INNOVAPLANT DE COSTA RICA,28,51484,,,,,,25,,,,,,,,,,,,,,,
2,2,,Miami PIS,,,,,Airport - Aircraft - Cargo - PIS,,,Thailand,,Unrooted Cutting,,YOUNG HOME ORCHID CO LTD,2,5844,,,,,,23,,,,,,,,,,,,,,,
2,2,,JFK PIS,,,,,Airport - Aircraft - Express Carrier - PIS,,,Guatemala,,Unrooted Cutting,,GUANGZHOU XINHE AGRICULTURAL DEVELO,4,5722,,,,,,17,,,,,,,,,,,,,,,
2,2,,Miami PIS,,,,,Airport - Aircraft - Cargo - PIS,,,Taiwan,,Unrooted Cutting,,INNOVAPLANT DE COSTA RICA,74,4984,,,,,,15,,,,,,,,,,,,,,,
2,2,,Atlanta PIS,,,,,Airport - Aircraft - Cargo - PIS,,,Philippines,,Meristem or Callus Tissue Culture (micropropagated/in vitro culture),,FLORICULTURA Y COMPANIA LTDA,53,90106,,,,,,22,,,,,,,,,,,,,,,
2,2,,Miami PIS,,,,,Airport - Aircraft - Cargo - PIS,,,Indonesia,,Rooted Plant (including grafted),,TURRIPALTAS S.A.box 01-23,10,2596,,,,,,25,,,,,,,,,,,,,,,
2,2,,Miami PIS,,,,,Airport - Aircraft - Cargo - PIS,,,China,,"Root cutting, crown, or clump, Tuberous Root",,CORPORACION BONANZA BOX 1 - 16,99,144567,,,,,,6,,,,,,,,,,,,,,,
2,2,,Miami PIS,,,,,Airport - Aircraft - Cargo - PIS,,,Guatemala,,Unrooted Cutting,,RED ROSE HOLLAND EXPORT CO  LTD,63,411039,,,,,,26,,,,,,,,,,,,,,,
2,2,,Miami PIS,,,,,Airport - Aircraft - Cargo - PIS,,,China,,Unrooted Cutting,,Not Selected,1,13,,,,,,16,,,,,,,,,,,,,,,
2,2,,Miami PIS,,,,,Land Border - Truck - Cargo - PIS,,,Taiwan,,Unrooted Cutting,,LA FLOR EXOTICA DEL CARIBE BULLIS S.A,21,407,,,,,,5,,,,,,,,,,,,,,,
2,2,,Miami PIS,,,,,Airport - Aircraft - Cargo - PIS,,,India,,Unrooted Plant,,Not Selected,69,21836,,,,,,9,,,,,,,,,,,,,,,
3,3,,Los Angeles PIS,,,,,Airport - Aircraft - Cargo - PIS,,,Guatemala,,Meristem or Callus Tissue Culture (micropropagated/in vitro culture),,Ornamentales Sapo Verde 9001,0,29,,,,,,11,,,,,,,,,,,,,,,
3,3,,Miami PIS,,,,,Airport - Aircraft - Cargo - PIS,,,Japan,,Rooted Plant (including grafted),,BEAUTY LINE GUATEMALA,99,38655,,,,,,2,,,,,,,,,,,,,,,
3,3,,Los Angeles PIS,,,,,Airport - Aircraft - Cargo - PIS,,,Germany,,Rooted Plant (including grafted),,LATHYFLORA (KENYA) LIMITED,85,1274,,,,,,4,,,,,,,,,,,,,,,
3,3,,Miami PIS,,,,,Maritime Port - Vessel - Cargo - PIS,,,Peru,,Unrooted Cutting,,VIVERO INTERNACIONAL S.A. DE C.V.,1,1859,,,,,,22,,,,,,,,,,,,,,,
3,3,,San Francisco PIS,,,,,Airport - Aircraft - Cargo - PIS,,,Thailand,,Meristem or Callus Tissue Culture (micropropagated/in vitro culture),,INVITRO INTERNATIONAL PVT LTD.,0,19163,,,,,,2,,,,,,,,,,,,,,,
3,3,,Guam PIS,,,,,Airport - Aircraft - Cargo - PIS,,,Guatemala,,Unrooted Cutting,,AGROPECUARIA HERMANOS PACHECO S,6,18469,,,,,,14,,,,,,,,,,,,,,,
3,3,,Houston PIS,,,,,Airport - Aircraft - Cargo - PIS,,,"Korea, South",,Rooted Plant (including grafted),,Not Selected,12,26745,,,,,,18,,,,,,,,,,,,,,,
3,3,,Miami PIS,,,,,Airport - Aircraft - Cargo - PIS,,,Taiwan,,Rooted Cutting (including air layer),,Soloverde Limitada,1,656,,,,,,26,,,,,,,,,,,,,,,
3,3,,Los Angeles PIS,,,,,Airport - Aircraft - Cargo - PIS,,,Costa Rica,,Unrooted Plant,,EXPORTACIONES DE PRODUCTOS GUATEMAL,102,380596,,,,,,15,,,,,,,,,,,,,,,
3,3,,Miami PIS,,,,,Airport - Aircraft - Cargo - PIS,,,Germany,,Unrooted Cutting,,Soloverde Limitada,4,54982,,,,,,2,,,,,,,,,,,,,,,
3,3,,Miami PIS,,,,,Airport - Aircraft - Cargo - PIS,,,Thailand,,Unrooted Cutting,,GEKKO ENTERPRISE,3,797,,,,,,1,,,,,,,,,,,,,,,
3,3,,Miami PIS,,,,,Airport - Aircraft - Cargo - PIS,,,Thailand,,Unrooted Plant,,KAPOK PLANTAS,1,10558,,,,,,4,,,,,,,,,,,,,,,
3,3,,Miami PIS,,,,,Maritime Port - Vessel - Cargo - PIS,,,Guatemala,,Rooted Plant (including grafted),,COSTA FARMS DOM,1,26,,,,,,25,,,,,,,,,,,,,,,
3,3,,Atlanta PIS,,,,,Airport - Aircraft - Cargo - PIS,,,Guatemala,,Rooted Cutting (including air layer),,LUCHA ORNAMENTAL S.A. DRACAENA,28,8429,,,,,,23,,,,,,,,,,,,,,,
3,3,,Atlanta PIS,,,,,Airport - Aircraft - Cargo - PIS,,,Costa Rica,,Unrooted Cutting,,DARWIN COLOMBIA S.A.S,24,64628,,,,,,4,,,,,,,,,,,,,,,
3,3,,Los Angeles PIS,,,,,Maritime Port - Vessel - Cargo - PIS,,,Costa Rica,,Unrooted Cutting,,INNOVAPLANT DE COSTA RICA,5,362,,,,,,20,,,,,,,,,,,,,,,
3,3,,Atlanta PIS,,,,,Airport - Aircraft - Cargo - PIS,,,India,,Rooted Plant (including grafted),,EDEN GARDEN FOR EXOTIC,16,872,,,,,,8,,,,,,,,,,,,,,,
3,3,,Miami PIS,,,,,Airport - Aircraft - Cargo - PIS,,,Kenya,,Rooted Plant (including grafted),,FERTIPLANT B V,16,427,,,,,,23,,,,,,,,,,,,,,,
3,3,,Linden PIS,,,,,Airport - Aircraft - Cargo - PIS,,,Thailand,,Unrooted Cutting,,Anita Salazar Avila,5,15237,,,,,,19,,,,,,,,,,,,,,,
3,3,,Los Indios PIS,,,,,Airport - Aircraft - Cargo - PIS,,,China,,Unrooted Cutting,,BEAUTY LINE GUATEMALA SA,103,11909,,,,,,21,,,,,,,,,,,,,,,
3,3,,Los Angeles PIS,,,,,Airport - Aircraft - Cargo - PIS,,,China,,Rooted Plant (including grafted),,LAS LIMAS S A,120,15174,,,,,,5,,,,,,,,,,,,,,,
3,3,,Miami PIS,,,,,Airport - Aircraft - Cargo - PIS,,,Netherlands,,Unrooted Cutting,,INNOVAPLANT DE COSTA RICA,14,6640,,,,,,11,,,,,,,,,,,,,,,
3,3,,Los Angeles PIS,,,,,Airport - Aircraft - Cargo - PIS,,,Costa Rica,,Unrooted Cutting,,Ornamentales Sapo Verde 501,2,42,,,,,,3,,,,,,,,,,,,,,,
3,3,,Linden PIS,,,,,Airport - Aircraft - Cargo - PIS,,,Costa Rica,,Rooted Plant (including grafted),,CV KEBUN MAJU BERSAMA,0,7,,,,,,27,,,,,,,,,,,,,,,
3,3,,Miami PIS,,,,,Maritime Port - Vessel - Cargo - PIS,,,Nicaragua,,Budwood/Graftwood (scion),,SUANJAIRAK ORCHID,1,28,,,,,,18,,,,,,,,,,,,,,,
4,4,,Miami PIS,,,,,Airport - Aircraft - Cargo - PIS,,,Zimbabwe,,"Bulb, Corm, Rhizome, Tuberous Stem",,INNOVA PLANT DE COSTA RICA SA,29,2358,,,,,,14,,,,,,,,,,,,,,,
4,4,,Miami PIS,,,,,Airport - Aircraft - Cargo - PIS,,,Costa Rica,,Unrooted Cutting,,Not Selected,1,3699,,,,,,12,,,,,,,,,,,,,,,
4,4,,Miami PIS,,,,,Airport - Aircraft - Cargo - PIS,,,Bulgaria,,Rooted Plant (including grafted),,MICROPLANTAS S.A.,0,4356,,,,,,26,,,,,,,,,,,,,,,
4,4,,Los Angeles PIS,,,,,Airport - Aircraft - Cargo - PIS,,,Netherlands,,Unrooted Cutting,,INNOVA PLANT DE COSTA RICA SA,4,1418,,,,,,11,,,,,,,,,,,,,,,
4,4,,JFK PIS,,,,,Airport - Aircraft - Cargo - PIS,,,China,,Rooted Plant (including grafted),,AMORNTHEP DAENGNOI,2,1294,,,,,,27,,,,,,,,,,,,,,,
4,4,,Los Angeles PIS,,,,,Airport - Aircraft - Cargo - PIS,,,Uganda,,Rooted Cutting (including air layer),,TIGRA VERDE S.A.,0,393,,,,,,19,,,,,,,,,,,,,,,
4,4,,Linden PIS,,,,,Airport - Aircraft - Cargo - PIS,,,Mexico,,Rooted Plant (including grafted),,Vita Farms BOX 1301-1387,3,5594,,,,,,20,,,,,,,,,,,,,,,
4,4,,Linden PIS,,,,,Airport - Aircraft - Cargo - PIS,,,Costa Rica,,Rooted Plant (including grafted),,GUATEXOTIC,23,321,,,,,,28,,,,,,,,,,,,,,,
4,4,,Miami PIS,,,,,Airport - Aircraft - Cargo - PIS,,,China,,Rooted Plant (including grafted),,Mr. Wirote Makmoon,5,93789,,,,,,10,,,,,,,,,,,,,,,
4,4,,Miami PIS,,,,,Airport - Aircraft - Cargo - PIS,,,Brazil,,Meristem or Callus Tissue Culture (micropropagated/in vitro culture),,VITA  FARM Box 1501,19,342342,,,,,,18,,,,,,,,,,,,,,,
4,4,,Miami PIS,,,,,Airport - Aircraft - Cargo - PIS,,,Tanzania,,Unrooted Cutting,,"ORNAMENTALES SAPO VERDE S A, BOX 6201-6202",1,896,,,,,,26,,,,,,,,,,,,,,,
4,4,,Miami PIS,,,,,Airport - Aircraft - Cargo - PIS,,,Viet Nam,,Unrooted Cutting,,GEOAGRO DE COSTA RICA,0,47,,,,,,9,,,,,,,,,,,,,,,
4,4,,Atlanta PIS,,,,,Airport - Aircraft - Cargo - PIS,,,Costa Rica,,Unrooted Cutting,,TUCAN EXPORTERS,1,14850,,,,,,26,,,,,,,,,,,,,,,
4,4,,Atlanta PIS,,,,,Airport - Aircraft - Cargo - PIS,,,Guatemala,,Meristem or Callus Tissue Culture (micropropagated/in vitro culture),,Annia Mayela Fuentes Martinez,5,8114,,,,,,3,,,,,,,,,,,,,,,
4,4,,Los Angeles PIS,,,,,Airport - Aircraft - Cargo - PIS,,,Mexico,,Unrooted Plant,,"Wilberth Gonzalez Villegas, S.A.",3,14431,,,,,,23,,,,,,,,,,,,,,,
4,4,,Atlanta PIS,,,,,Airport - Aircraft - Cargo - PIS,,,Costa Rica,,Unrooted Cutting,,Same as Shipper,1,253,,,,,,15,,,,,,,,,,,,,,,
4,4,,Los Angeles PIS,,,,,Airport - Aircraft - Cargo - PIS,,,Guatemala,,Unrooted Plant,,Same as Shipper,31,127,,,,,,23,,,,,,,,,,,,,,,
4,4,,Miami PIS,,,,,Airport - Aircraft - Cargo - PIS,,,Uganda,,Unrooted Cutting,,Costa Farms LLC,1,1282,,,,,,1,,,,,,,,,,,,,,,
4,4,,JFK PIS,,,,,Airport - Aircraft - Cargo - PIS,,,Netherlands,,Unrooted Plant,,DARWIN COLOMBIA S.A.S,1,953,,,,,,23,,,,,,,,,,,,,,,
4,4,,Linden PIS,,,,,Airport - Aircraft - Cargo - PIS,,,Zimbabwe,,Rooted Plant (including grafted),,QUEEN TARIM SANAYI VE TIC,22,1875,,,,,,6,,,,,,,,,,,,,,,
4,4,,Los Angeles PIS,,,,,Airport - Aircraft - Cargo - PIS,,,China,,Unrooted Plant,,FLOWER AGRONEGOCIOS-EIRELI,57,37741,,,,,,24,,,,,,,,,,,,,,,
4,4,,Seattle PIS,,,,,Airport - Aircraft - Cargo - PIS,,,Netherlands,,Unrooted Plant,,Eva and M CO LTD,83,5137,,,,,,27,,,,,,,,,,,,,,,
4,4,,Los Angeles PIS,,,,,Maritime Port - Vessel - Cargo - PIS,,,Thailand,,Unrooted Cutting,,Same as Shipper,0,1858,,,,,,21,,,,,,,,,,,,,,,
4,4,,Atlanta PIS,,,,,Maritime Port - Vessel - Cargo - PIS,,,Thailand,,Unrooted Cutting,,ORNAMENTALES DE CONCEPCION S.A.,0,1,,,,,,27,,,,,,,,,,,,,,,
4,4,,Miami PIS,,,,,Airport - Aircraft - Cargo - PIS,,,Costa Rica,,Meristem or Callus Tissue Culture (micropropagated/in vitro culture),,SAPO VERDE BOX 1001,4,1412,,,,,,27,,,,,,,,,,,,,,,
5,5,,Miami PIS,,,,,Airport - Aircraft - Cargo - PIS,,,Viet Nam,,Unrooted Cutting,,"Growth Revolution Co., Ltd.",0,26548,,,,,,21,,,,,,,,,,,,,,,
5,5,,Atlanta PIS,,,,,Airport - Aircraft - Cargo - PIS,,,Belgium,,Unrooted Cutting,,HFT SEED SERVICES SA,62,1608,,,,,,20,,,,,,,,,,,,,,,
5,5,,JFK PIS,,,,,Airport - Aircraft - Cargo - PIS,,,Mexico,,Rooted Plant (including grafted),,ORNAMENTALES DE ALTURA SA,17,506,,,,,,19,,,,,,,,,,,,,,,
5,5,,Miami PIS,,,,,Airport - Aircraft - Cargo - PIS,,,Colombia,,Unrooted Cutting,,Vita Fams Box 1601,1,644,,,,,,16,,,,,,,,,,,,,,,
5,5,,Los Angeles PIS,,,,,Airport - Aircraft - Cargo - PIS,,,Costa Rica,,Rooted Plant (including grafted),,BLOOMSPOT,0,12403,,,,,,23,,,,,,,,,,,,,,,
5,5,,Atlanta PIS,,,,,Airport - Aircraft - Cargo - PIS,,,Tanzania,,Rooted Plant (including grafted),,Sawitree Kyriakides,0,1,,,,,,25,,,,,,,,,,,,,,,
5,5,,Miami PIS,,,,,Airport - Aircraft - Cargo - PIS,,,Guatemala,,Rooted Plant (including grafted),,SHENZHEN ZHIZE WEISI SUPPLY,4,102,,,,,,12,,,,,,,,,,,,,,,
5,5,,Atlanta PIS,,,,,Airport - Aircraft - Cargo - PIS,,,Costa Rica,,Unrooted Cutting,,CV  GREEN TROPICAL,26,29702,,,,,,19,,,,,,,,,,,,,,,
5,5,,Atlanta PIS,,,,,Airport - Aircraft - Cargo - PIS,,,Taiwan,,Unrooted Cutting,,LAS LIMAS,24,27674,,,,,,10,,,,,,,,,,,,,,,
5,5,,Los Angeles PIS,,,,,Airport - Aircraft - Express Carrier - PIS,,,El Salvador,,Rooted Plant (including grafted),,LAS LIMAS S A,1,2359,,,,,,19,,,,,,,,,,,,,,,
5,5,,Atlanta PIS,,,,,Airport - Aircraft - Cargo - PIS,,,Thailand,,Rooted Plant (including grafted),,GEKKO ENTERPRISE,1,19,,,,,,7,,,,,,,,,,,,,,,
5,5,,Miami PIS,,,,,Airport - Aircraft - Cargo - PIS,,,Guatemala,,Meristem or Callus Tissue Culture (micropropagated/in vitro culture),,ORNAMENTALES SAPO VERDE BOX 601-605,0,14,,,,,,24,,,,,,,,,,,,,,,
5,5,,Miami PIS,,,,,Airport - Aircraft - Cargo - PIS,,,Italy,,Rooted Plant (including grafted),,Not Selected,28,196731,,,,,,13,,,,,,,,,,,,,,,
5,5,,Los Angeles PIS,,,,,Airport - Aircraft - Cargo - PIS,,,Kenya,,Rooted Plant (including grafted),,Costa Farms LLC,10,1388,,,,,,16,,,,,,,,,,,,,,,
5,5,,Los Angeles PIS,,,,,Airport - Aircraft - Cargo - PIS,,,Uganda,,Rooted Plant (including grafted),,Same as Shipper,1,8202,,,,,,12,,,,,,,,,,,,,,,
5,5,,Miami PIS,,,,,Maritime Port - Vessel - Cargo - PIS,,,Guatemala,,Rooted Plant (including grafted),,TUCAN EXPORTERS,0,9006,,,,,,25,,,,,,,,,,,,,,,
5,5,,Atlanta PIS,,,,,Airport - Aircraft - Cargo - PIS,,,Thailand,,Rooted Plant (including grafted),,ZHANGZHOU RICH-LINK TRADING CO.LTD.,0,85,,,,,,14,,,,,,,,,,,,,,,
5,5,,Linden PIS,,,,,Airport - Aircraft - Cargo - PIS,,,Nicaragua,,Rooted Plant (including grafted),,VITA FARMS 7301,3,227,,,,,,9,,,,,,,,,,,,,,,
5,5,,Los Angeles PIS,,,,,Airport - Aircraft - Cargo - PIS,,,Guatemala,,Meristem or Callus Tissue Culture (micropropagated/in vitro culture),,VITA FARM5501-5665,25,14848,,,,,,2,,,,,,,,,,,,,,,
5,5,,Atlanta PIS,,,,,Airport - Aircraft - Cargo - PIS,,,Uganda,,Unrooted Plant,,EXP. DE ORNAMENTALES BOX 201-310,27,4553,,,,,,13,,,,,,,,,,,,,,,
5,5,,Miami PIS,,,,,Airport - Aircraft - Cargo - PIS,,,Guatemala,,Unrooted Cutting,,COOPERATIVA AGRICOLA REGIONAL DE Box 25-27,5,15600,,,,,,25,,,,,,,,,,,,,,,
5,5,,Miami PIS,,,,,Maritime Port - Vessel - Cargo - PIS,,,Kenya,,Unrooted Cutting,,KAPOK PLANTS S.A,11,24037,,,,,,9,,,,,,,,,,,,,,,
5,5,,Miami PIS,,,,,Airport - Aircraft - Cargo - PIS,,,Nicaragua,,Meristem or Callus Tissue Culture (micropropagated/in vitro culture),,CACTUSINTER CO LTD,10,219,,,,,,22,,,,,,,,,,,,,,,
5,5,,Miami PIS,,,,,Airport - Aircraft - Cargo - PIS,,,Indonesia,,Rooted Plant (including grafted),,ORNAMENTALES JIMENEZ ,8,336,,,,,,24,,,,,,,,,,,,,,,
5,5,,Atlanta PIS,,,,,Airport - Aircraft - Cargo - PIS,,,"Korea, South",,"Root cutting, crown, or clump, Tuberous Root",,VITA FARMS Box# 1301-1328,3,640,,,,,,24,,,,,,,,,,,,,,,
6,6,,Atlanta PIS,,,,,Airport - Aircraft - Cargo - PIS,,,Kenya,,Unrooted Cutting,,UBONRAT NURSERY LTD,15602,5287,,,,,,26,,,,,,,,,,,,,,,
6,6,,Carolina PIS,,,,,Airport - Aircraft - Cargo - PIS,,,Mexico,,Unrooted Cutting,,INNOVA PLANT DE COSTA RICA SA,38,35091,,,,,,11,,,,,,,,,,,,,,,
6,6,,Miami PIS,,,,,Airport - Aircraft - Cargo - PIS,,,China,,Unrooted Plant,,LAS LIMAS S A,1,8872,,,,,,25,,,,,,,,,,,,,,,
6,6,,Miami PIS,,,,,Maritime Port - Vessel - Cargo - PIS,,,Costa Rica,,Unrooted Cutting,,INVERSIONES PALMETO LTDA,8,55934,,,,,,2,,,,,,,,,,,,,,,
6,6,,Los Angeles PIS,,,,,Airport - Aircraft - Cargo - PIS,,,El Salvador,,Unrooted Cutting,,IVAGRO S.A. BOX 1-46,9,26091,,,,,,13,,,,,,,,,,,,,,,
6,6,,Miami PIS,,,,,Airport - Aircraft - Cargo - PIS,,,Guatemala,,Unrooted Cutting,,KAPOK PLANTS S.A,1,24583,,,,,,9,,,,,,,,,,,,,,,
6,6,,Miami PIS,,,,,Airport - Aircraft - Express Carrier - PIS,,,Guatemala,,Rooted Plant (including grafted),,VITA FARMS Box 401-456,2,31804,,,,,,9,,,,,,,,,,,,,,,
6,6,,Los Angeles PIS,,,,,Airport - Aircraft - Cargo - PIS,,,Mexico,,Unrooted Cutting,,DALAT HASFARM CO LTD,19,27208,,,,,,24,,,,,,,,,,,,,,,
6,6,,Atlanta PIS,,,,,Airport - Aircraft - Cargo - PIS,,,South Africa,,Unrooted Plant,,"FUJIAN LINGBO IMP.AND EXP.CO.,LTD",49,46098,,,,,,1,,,,,,,,,,,,,,,
6,6,,Atlanta PIS,,,,,Maritime Port - Vessel - Cargo - PIS,,,Netherlands,,Unrooted Cutting,,SUWICHA TUR AM,5,3861,,,,,,25,,,,,,,,,,,,,,,
6,6,,Atlanta PIS,,,,,Airport - Aircraft - Mail - PIS Mail,,,Mexico,,Unrooted Cutting,,RED FOX LAS MERCEDES,121,267607,,,,,,4,,,,,,,,,,,,,,,
6,6,,Los Angeles PIS,,,,,Airport - Aircraft - Cargo - PIS,,,Netherlands,,Rooted Cutting (including air layer),,Monchai Dejsungkranont,2,25037,,,,,,25,,,,,,,,,,,,,,,
6,6,,Linden PIS,,,,,Airport - Aircraft - Cargo - PIS,,,Spain,,Rooted Plant (including grafted),,INVERSIONES LUA S.A 1-80,101,132383,,,,,,24,,,,,,,,,,,,,,,
6,6,,Miami PIS,,,,,Airport - Aircraft - Cargo - PIS,,,South Africa,,Unrooted Cutting,,MR. NITITII PAHTITAMMAVAID,4,17001,,,,,,17,,,,,,,,,,,,,,,
6,6,,Atlanta PIS,,,,,Airport - Aircraft - Cargo - PIS,,,China,,Unrooted Cutting,,CHOM ORCHIDS,1,20,,,,,,21,,,,,,,,,,,,,,,
6,6,,Miami PIS,,,,,Airport - Aircraft - Cargo - PIS,,,Japan,,Unrooted Cutting,,INNOVAPLANT DE COSTA RICA,2,37744,,,,,,21,,,,,,,,,,,,,,,
6,6,,Los Angeles PIS,,,,,Airport - Aircraft - Cargo - PIS,,,Portugal,,Rooted Plant (including grafted),,Anita Salazar Avila,7,1963,,,,,,19,,,,,,,,,,,,,,,
6,6,,Miami PIS,,,,,Maritime Port - Vessel - Cargo - PIS,,,Kenya,,Unrooted Cutting,,LATHYFLORA KENYA LTD,0,82,,,,,,25,,,,,,,,,,,,,,,
6,6,,Miami PIS,,,,,Airport - Aircraft - Cargo - PIS,,,Thailand,,Meristem or Callus Tissue Culture (micropropagated/in vitro culture),,CORPORACION BONANZA S.A,0,2029,,,,,,4,,,,,,,,,,,,,,,
6,6,,Atlanta PIS,,,,,Maritime Port - Vessel - Cargo - PIS,,,Indonesia,,Rooted Plant (including grafted),,Not Selected,15,60,,,,,,15,,,,,,,,,,,,,,,
6,6,,JFK PIS,,,,,Airport - Aircraft - Cargo - PIS,,,Viet Nam,,Budwood/Graftwood (scion),,SONGPON LEAWPAIROJ,24,109662,,,,,,10,,,,,,,,,,,,,,,
6,6,,Miami PIS,,,,,Airport - Aircraft - Express Carrier - PIS,,,China,,Unrooted Plant,,GENEROS ECUATORIANOS,1,54,,,,,,19,,,,,,,,,,,,,,,
6,6,,Miami PIS,,,,,Airport - Aircraft - Cargo - PIS,,,Guatemala,,Unrooted Cutting,,Same as Shipper,9,254,,,,,,7,,,,,,,,,,,,,,,
6,6,,Atlanta PIS,,,,,Airport - Aircraft - Cargo - PIS,,,China,,Unrooted Plant,,INVITRO INTERNATIONA P LTD,2,2061,,,,,,1,,,,,,,,,,,,,,,
6,6,,Miami PIS,,,,,Airport - Aircraft - Cargo - PIS,,,Costa Rica,,Rooted Plant (including grafted),,GEOAGRO DE COSTA RICA,28,21454,,,,,,1,,,,,,,,,,,,,,,
7,7,,San Francisco PIS,,,,,Airport - Aircraft - Cargo - PIS,,,Kenya,,Rooted Plant (including grafted),,VITA FARMS BOXES 008-041,139,46206,,,,,,2,,,,,,,,,,,,,,,
7,7,,Los Angeles PIS,,,,,Airport - Aircraft - Cargo - PIS,,,Guatemala,,Unrooted Cutting,,Costa Farms LLC,4,8584,,,,,,25,,,,,,,,,,,,,,,
7,7,,Miami PIS,,,,,Maritime Port - Vessel - Cargo - PIS,,,Thailand,,Rooted Plant (including grafted),,QUELETZU S.A.,1,1927,,,,,,6,,,,,,,,,,,,,,,
7,7,,Los Angeles PIS,,,,,Airport - Aircraft - Cargo - PIS,,,India,,Unrooted Cutting,,COOPEINDIA R.L. BOX 37-57 ,6,1660,,,,,,25,,,,,,,,,,,,,,,
7,7,,Miami PIS,,,,,Airport - Aircraft - Cargo - PIS,,,Mexico,,Unrooted Cutting,,DUMMEN GMBH &AMP;CO.KG,7,1155,,,,,,23,,,,,,,,,,,,,,,
7,7,,Miami PIS,,,,,Land Border - Truck - Cargo - PIS,,,Mexico,,Rooted Plant (including grafted),,Not Selected,0,4932,,,,,,16,,,,,,,,,,,,,,,
7,7,,Linden PIS,,,,,Airport - Aircraft - Cargo - PIS,,,Indonesia,,Meristem or Callus Tissue Culture (micropropagated/in vitro culture),,INNOVAPLANT DE COSTA RICA,0,13,,,,,,27,,,,,,,,,,,,,,,
7,7,,Miami PIS,,,,,Airport - Aircraft - Cargo - PIS,,,Costa Rica,,Rooted Plant (including grafted),,"Cactus Inter Co., LTD",10,9616,,,,,,4,,,,,,,,,,,,,,,
7,7,,Miami PIS,,,,,Airport - Aircraft - Cargo - PIS,,,India,,Meristem or Callus Tissue Culture (micropropagated/in vitro culture),,Same as Shipper,0,12917,,,,,,21,,,,,,,,,,,,,,,
7,7,,Miami PIS,,,,,Maritime Port - Vessel - Cargo - PIS,,,Costa Rica,,Rooted Plant (including grafted),,INNOVAPLANT DE COSTA RICA,1,431,,,,,,15,,,,,,,,,,,,,,,
7,7,,Miami PIS,,,,,Airport - Aircraft - Cargo - PIS,,,Mexico,,Unrooted Plant,,ANNIA FUENTES Box 101-103,63,184534,,,,,,8,,,,,,,,,,,,,,,
7,7,,Linden PIS,,,,,Airport - Aircraft - Cargo - PIS,,,Thailand,,Unrooted Cutting,,INNOVAPLANT DE COSTA RICA,36,152685,,,,,,26,,,,,,,,,,,,,,,
7,7,,Miami PIS,,,,,Airport - Aircraft - Cargo - PIS,,,Mexico,,Unrooted Cutting,,TROPICA DEL ATLANTICO,0,25,,,,,,27,,,,,,,,,,,,,,,
7,7,,Miami PIS,,,,,Maritime Port - Vessel - Cargo - PIS,,,Nicaragua,,Unrooted Cutting,,SERANDIB HORTICULTURE TECHNOLGIES P,51,57658,,,,,,2,,,,,,,,,,,,,,,
7,7,,Houston PIS,,,,,Airport - Aircraft - Cargo - PIS,,,Thailand,,Rooted Cutting (including air layer),,KAPOK PLANTAS SA,2,5188,,,,,,11,,,,,,,,,,,,,,,
7,7,,Miami PIS,,,,,Airport - Aircraft - Cargo - PIS,,,Mexico,,Meristem or Callus Tissue Culture (micropropagated/in vitro culture),,BEAUTY LINE GUATEMALA,4,837,,,,,,20,,,,,,,,,,,,,,,
7,7,,Miami PIS,,,,,Airport - Aircraft - Cargo - PIS,,,Costa Rica,,Unrooted Cutting,,INVERSIONES LUA S.A 1-80,4,3412,,,,,,10,,,,,,,,,,,,,,,
7,7,,JFK PIS,,,,,Airport - Aircraft - Cargo - PIS,,,Guatemala,,Rooted Plant (including grafted),,TUCAN EXPORTERS,1,844,,,,,,2,,,,,,,,,,,,,,,
7,7,,JFK PIS,,,,,Airport - Aircraft - Cargo - PIS,,,Thailand,,Rooted Cutting (including air layer),,Not Selected,44,5793,,,,,,24,,,,,,,,,,,,,,,
7,7,,Miami PIS,,,,,Airport - Aircraft - Cargo - PIS,,,Costa Rica,,Rooted Plant (including grafted),,AGROINDUSTRIALES CHORTI,2,222,,,,,,10,,,,,,,,,,,,,,,
7,7,,Miami PIS,,,,,Airport - Aircraft - Cargo - PIS,,,Germany,,Rooted Plant (including grafted),,INNOVAPLANT DE COSTA RICA,13,2086,,,,,,28,,,,,,,,,,,,,,,
7,7,,Miami PIS,,,,,Airport - Aircraft - Cargo - PIS,,,Thailand,,Rooted Plant (including grafted),,AGROINDUSTRIALES CHORTI,16,5097,,,,,,22,,,,,,,,,,,,,,,
7,7,,Houston PIS,,,,,Airport - Aircraft - Cargo - PIS,,,Dominican Republic,,Budwood/Graftwood (scion),,Jungle Jack's Thailand Ltd.,1,48,,,,,,26,,,,,,,,,,,,,,,
7,7,,Miami PIS,,,,,Airport - Aircraft - Cargo - PIS,,,Poland,,Rooted Plant (including grafted),,SHENZHEN ZHIZE WEISI SUPPLY CHAIN,1,120,,,,,,23,,,,,,,,,,,,,,,
7,7,,Linden PIS,,,,,Airport - Aircraft - Cargo - PIS,,,China,,Unrooted Cutting,,ZIMFLORA PVT LTD,8,9238,,,,,,19,,,,,,,,,,,,,,,
8,8,,Miami PIS,,,,,Airport - Aircraft - Cargo - PIS,,,Costa Rica,,Unrooted Cutting,,VITA  FARM Box 1501,0,5,,,,,,21,,,,,,,,,,,,,,,
8,8,,Atlanta PIS,,,,,Airport - Aircraft - Cargo - PIS,,,Israel,,Rooted Plant (including grafted),,TUCAN EXPORTERS,1,8,,,,,,23,,,,,,,,,,,,,,,
8,8,,Miami PIS,,,,,Airport - Aircraft - Cargo - PIS,,,Slovakia,,Unrooted Cutting,,CUNA DE RAICES ECOLOGICAS COSTAR,30,2992,,,,,,16,,,,,,,,,,,,,,,
8,8,,Miami PIS,,,,,Airport - Aircraft - Cargo - PIS,,,Guatemala,,Rooted Plant (including grafted),,Mr. Monchai Dejsungkranont,1,335,,,,,,22,,,,,,,,,,,,,,,
8,8,,Miami PIS,,,,,Airport - Aircraft - Cargo - PIS,,,Guatemala,,Rooted Plant (including grafted),,LAS LIMAS,11,4855,,,,,,13,,,,,,,,,,,,,,,
8,8,,Miami PIS,,,,,Airport - Aircraft - Cargo - PIS,,,China,,Unrooted Cutting,,BEAUTY LINE GUATEMALA,24,454,,,,,,27,,,,,,,,,,,,,,,
8,8,,Miami PIS,,,,,Airport - Aircraft - Cargo - PIS,,,Costa Rica,,Rooted Plant (including grafted),,ORQUIDEAS DEL VALLE S.A.S.,44,204644,,,,,,15,,,,,,,,,,,,,,,
8,8,,Miami PIS,,,,,Airport - Aircraft - Cargo - PIS,,,Poland,,Rooted Plant (including grafted),,Same as Shipper,801,562,,,,,,18,,,,,,,,,,,,,,,
8,8,,Miami PIS,,,,,Airport - Aircraft - Cargo - PIS,,,Kenya,,Meristem or Callus Tissue Culture (micropropagated/in vitro culture),,BEAUTY LINE GUATEMALA,17,11942,,,,,,14,,,,,,,,,,,,,,,
8,8,,Miami PIS,,,,,Airport - Aircraft - Cargo - PIS,,,Costa Rica,,Unrooted Cutting,,ZACATE ORNAMENTAL Y DECORATIVO S,1,814,,,,,,24,,,,,,,,,,,,,,,
8,8,,Atlanta PIS,,,,,Maritime Port - Vessel - Cargo - PIS,,,Ethiopia,,Unrooted Cutting,,Costa Farms LLC,1,934,,,,,,25,,,,,,,,,,,,,,,
8,8,,Atlanta PIS,,,,,Airport - Aircraft - Cargo - PIS,,,Mexico,,"Bulb, Corm, Rhizome, Tuberous Stem",,Not Selected,44,57824,,,,,,19,,,,,,,,,,,,,,,
8,8,,Beltsville PIS,,,,,Airport - Aircraft - Cargo - PIS,,,China,,Rooted Cutting (including air layer),,EDEN GARDEN FOR EXOTIC,0,473,,,,,,8,,,,,,,,,,,,,,,
8,8,,Miami PIS,,,,,Airport - Aircraft - Cargo - PIS,,,Guatemala,,Rooted Plant (including grafted),,INDUSTRIAS AGRICOLAS 23-32,1,130,,,,,,14,,,,,,,,,,,,,,,
8,8,,Miami PIS,,,,,Airport - Aircraft - Cargo - PIS,,,Guatemala,,Unrooted Cutting,,Mr. Nattapong Monghpech,0,6,,,,,,2,,,,,,,,,,,,,,,
8,8,,Miami PIS,,,,,Airport - Aircraft - Cargo - PIS,,,Guatemala,,Meristem or Callus Tissue Culture (micropropagated/in vitro culture),,IZUCAR HORTICULTURAL/ YECAFLORA,6,35967,,,,,,18,,,,,,,,,,,,,,,
8,8,,Miami PIS,,,,,Airport - Aircraft - Cargo - PIS,,,Ecuador,,Unrooted Cutting,,Not Selected,2,88,,,,,,12,,,,,,,,,,,,,,,
8,8,,Atlanta PIS,,,,,Airport - Aircraft - Cargo - PIS,,,Dominican Republic,,Rooted Plant (including grafted),,ORNAMENTAL DE SAPO Verde  031-039,2,40048,,,,,,5,,,,,,,,,,,,,,,
8,8,,Los Angeles PIS,,,,,Airport - Aircraft - Cargo - PIS,,,Uganda,,Rooted Plant (including grafted),,"HUANG,WEI-HSUN",51,82046,,,,,,22,,,,,,,,,,,,,,,
8,8,,Linden PIS,,,,,Airport - Aircraft - Cargo - PIS,,,China,,Unrooted Cutting,,Agropecuaria Marso Sociedad Anonima,0,40,,,,,,27,,,,,,,,,,,,,,,
8,8,,Los Angeles PIS,,,,,Airport - Aircraft - Cargo - PIS,,,Guatemala,,"Root cutting, crown, or clump, Tuberous Root",,ORNAMENTALES DE SAPO VERDE 900-945,1,822,,,,,,21,,,,,,,,,,,,,,,
8,8,,JFK PIS,,,,,Maritime Port - Vessel - Cargo - PIS,,,Netherlands,,Rooted Plant (including grafted),,TIGRA VERDE S.A.,37,1022,,,,,,25,,,,,,,,,,,,,,,
8,8,,Houston PIS,,,,,Airport - Aircraft - Cargo - PIS,,,El Salvador,,Rooted Cutting (including air layer),,Not Selected,0,797,,,,,,28,,,,,,,,,,,,,,,
8,8,,Miami PIS,,,,,Maritime Port - Vessel - Cargo - PIS,,,Costa Rica,,Meristem or Callus Tissue Culture (micropropagated/in vitro culture),,PT FLORION,0,44,,,,,,4,,,,,,,,,,,,,,,
8,8,,Miami PIS,,,,,Airport - Aircraft - Cargo - PIS,,,Mexico,,Rooted Cutting (including air layer),,"ALL GREENS COSTA RICA, S.A.",1,2603,,,,,,7,,,,,,,,,,,,,,,
9,9,,Miami PIS,,,,,Airport - Aircraft - Cargo - PIS,,,Guatemala,,Unrooted Cutting,,VITA Farms Box 2301-2339,6,446,,,,,,16,,,,,,,,,,,,,,,
9,9,,Miami PIS,,,,,Maritime Port - Vessel - Cargo - PIS,,,Netherlands,,Unrooted Plant,,VITA FARMS S.A 2301-2340,300,4403,,,,,,9,,,,,,,,,,,,,,,
9,9,,Miami PIS,,,,,Airport - Aircraft - Cargo - PIS,,,Viet Nam,,Rooted Plant (including grafted),,Not Selected,16,148,,,,,,27,,,,,,,,,,,,,,,
9,9,,Miami PIS,,,,,Maritime Port - Vessel - Cargo - PIS,,,Indonesia,,Unrooted Cutting,,Same as Shipper,4,2178,,,,,,20,,,,,,,,,,,,,,,
9,9,,Miami PIS,,,,,Airport - Aircraft - Cargo - PIS,,,Costa Rica,,Unrooted Cutting,,TROPICAL NURSERY PVT,47,59523,,,,,,12,,,,,,,,,,,,,,,
9,9,,Miami PIS,,,,,Airport - Aircraft - Cargo - PIS,,,China,,Unrooted Cutting,,COSTA FARMS,26,55948,,,,,,25,,,,,,,,,,,,,,,
9,9,,Miami PIS,,,,,Airport - Aircraft - Cargo - PIS,,,Costa Rica,,Unrooted Cutting,,Not Selected,20,21601,,,,,,2,,,,,,,,,,,,,,,
9,9,,Miami PIS,,,,,Airport - Aircraft - Cargo - PIS,,,India,,Unrooted Cutting,,INNOVAPLANT DE COSTA RICA,2,27425,,,,,,4,,,,,,,,,,,,,,,
9,9,,JFK PIS,,,,,Airport - Aircraft - Cargo - PIS,,,Thailand,,Rooted Plant (including grafted),,INNOVAPLANT DE COSTA RICA,4,822,,,,,,5,,,,,,,,,,,,,,,
9,9,,Miami PIS,,,,,Airport - Aircraft - Cargo - PIS,,,Thailand,,Unrooted Plant,,ORNAMENTALES SAPO VERDE Box 8001-8009,2,1772,,,,,,19,,,,,,,,,,,,,,,
9,9,,Miami PIS,,,,,Airport - Aircraft - Cargo - PIS,,,Nicaragua,,Meristem or Callus Tissue Culture (micropropagated/in vitro culture),,XL BLOOM YOUNGPLANTS VOF,17,39167,,,,,,27,,,,,,,,,,,,,,,
9,9,,Los Angeles PIS,,,,,Maritime Port - Vessel - Cargo - PIS,,,"Korea, South",,Unrooted Cutting,,Vita Farms 2301,1,4884,,,,,,1,,,,,,,,,,,,,,,
9,9,,Miami PIS,,,,,Airport - Aircraft - Cargo - PIS,,,Costa Rica,,Rooted Plant (including grafted),,Cerca del Paraiso 101-103,232,514012,,,,,,17,,,,,,,,,,,,,,,
9,9,,Miami PIS,,,,,Airport - Aircraft - Cargo - PIS,,,Costa Rica,,Meristem or Callus Tissue Culture (micropropagated/in vitro culture),,BEAUTY LINE GUATEMALA,27,573,,,,,,18,,,,,,,,,,,,,,,
9,9,,Honolulu PIS,,,,,Airport - Aircraft - Cargo - PIS,,,Indonesia,,Unrooted Cutting,,BEAUTY LINE GUATEMALA,2,868,,,,,,15,,,,,,,,,,,,,,,
9,9,,Los Angeles PIS,,,,,Airport - Aircraft - Cargo - PIS,,,"Korea, South",,Unrooted Cutting,,RED FOX LAS MERCEDES,23,341,,,,,,18,,,,,,,,,,,,,,,
9,9,,Miami PIS,,,,,Land Border - Truck - Cargo - PIS,,,Taiwan,,Unrooted Plant,,SAPO VERDE 9001,36,97199,,,,,,25,,,,,,,,,,,,,,,
9,9,,Miami PIS,,,,,Airport - Aircraft - Cargo - PIS,,,Kenya,,"Root cutting, crown, or clump, Tuberous Root",,CERCA DEL PARAISO SA 101,24,7556,,,,,,12,,,,,,,,,,,,,,,
9,9,,Los Angeles PIS,,,,,Airport - Aircraft - Cargo - PIS,,,Costa Rica,,Unrooted Cutting,,CERCA DEL PARAISO S.A.,5,11706,,,,,,12,,,,,,,,,,,,,,,
9,9,,Los Angeles PIS,,,,,Airport - Aircraft - Cargo - PIS,,,China,,Rooted Plant (including grafted),,INNOVAPLANT DE COSTA RICA,28,4482,,,,,,17,,,,,,,,,,,,,,,
9,9,,Houston PIS,,,,,Airport - Aircraft - Cargo - PIS,,,Costa Rica,,Rooted Plant (including grafted),,GREEN PLANT CUTTINGS,0,822,,,,,,23,,,,,,,,,,,,,,,
9,9,,Miami PIS,,,,,Airport - Aircraft - Cargo - PIS,,,India,,Rooted Plant (including grafted),,FERTIPLANT BV.,15,21776,,,,,,6,,,,,,,,,,,,,,,
9,9,,Los Angeles PIS,,,,,Airport - Aircraft - Cargo - PIS,,,Mexico,,Unrooted Cutting,,TUCAN EXPORTERS,53,208339,,,,,,20,,,,,,,,,,,,,,,
9,9,,Miami PIS,,,,,Airport - Aircraft - Express Carrier - PIS,,,Thailand,,Unrooted Plant,,"FOSHAN SANSHUI YOUNGPLANTS CO.,LTD",3,6550,,,,,,21,,,,,,,,,,,,,,,
9,9,,Linden PIS,,,,,Airport - Aircraft - Cargo - PIS,,,Costa Rica,,Meristem or Callus Tissue Culture (micropropagated/in vitro culture),,KULTANA ORCHIDS,13,16079,,,,,,21,,,,,,,,,,,,,,,
10,10,,Linden PIS,,,,,Maritime Port - Vessel - Cargo - PIS,,,Indonesia,,Rooted Cutting (including air layer),,LA FLORESTA ORNAMENTALES S.A.,51,236658,,,,,,11,,,,,,,,,,,,,,,
10,10,,Miami PIS,,,,,Airport - Aircraft - Cargo - PIS,,,Costa Rica,,Rooted Plant (including grafted),,TER LAAK AMERICAS SOCIEDAD ANONI,12,1155,,,,,,15,,,,,,,,,,,,,,,
10,10,,Miami PIS,,,,,Airport - Aircraft - Cargo - PIS,,,Costa Rica,,Unrooted Plant,,BLOOMSPOT,3,2081,,,,,,16,,,,,,,,,,,,,,,
10,10,,Miami PIS,,,,,Airport - Aircraft - Cargo - PIS,,,Mexico,,Meristem or Callus Tissue Culture (micropropagated/in vitro culture),,"HUTA GREEN CO., LTD",31,86881,,,,,,2,,,,,,,,,,,,,,,
10,10,,Miami PIS,,,,,Maritime Port - Vessel - Cargo - PIS,,,Brazil,,Unrooted Cutting,,Not Selected,3,39,,,,,,15,,,,,,,,,,,,,,,
10,10,,Miami PIS,,,,,Maritime Port - Vessel - Cargo - PIS,,,Taiwan,,Rooted Plant (including grafted),,LA FLOR EXOTICA DEL CARIBE BULLIS SA,4,8516,,,,,,12,,,,,,,,,,,,,,,
10,10,,Miami PIS,,,,,Airport - Aircraft - Express Carrier - PIS,,,Mexico,,Unrooted Cutting,,DARWIN COLOMBIA S.A.S,0,406,,,,,,3,,,,,,,,,,,,,,,
10,10,,Miami PIS,,,,,Maritime Port - Vessel - Cargo - PIS,,,Guatemala,,Unrooted Cutting,,INNOVA PLANT DE COSTA RICA SA,33,109690,,,,,,7,,,,,,,,,,,,,,,
10,10,,Miami PIS,,,,,Airport - Aircraft - Cargo - PIS,,,Malaysia,,Rooted Plant (including grafted),,ORNAMENTALES SAPO VERDE BOX 601-605,208,6144,,,,,,17,,,,,,,,,,,,,,,
10,10,,Los Angeles PIS,,,,,Airport - Aircraft - Cargo - PIS,,,Costa Rica,,Unrooted Plant,,Ornamentales Sapo Verde 2601,50,137183,,,,,,17,,,,,,,,,,,,,,,
10,10,,Miami PIS,,,,,Airport - Aircraft - Cargo - PIS,,,Guatemala,,Unrooted Cutting,,NOVA CANE COSTA RICA S.A,3,1081,,,,,,6,,,,,,,,,,,,,,,
10,10,,Miami PIS,,,,,Airport - Aircraft - Cargo - PIS,,,Guatemala,,Unrooted Cutting,,Mr.Bomb Takomfoo,29,90925,,,,,,6,,,,,,,,,,,,,,,
10,10,,Linden PIS,,,,,Airport - Aircraft - Cargo - PIS,,,Japan,,Rooted Plant (including grafted),,FLORAPANT SA DE CV,74,326630,,,,,,1,,,,,,,,,,,,,,,
10,10,,Orlando PIS,,,,,Airport - Aircraft - Cargo - PIS,,,Mexico,,Unrooted Cutting,,Same as Shipper,3,42361,,,,,,10,,,,,,,,,,,,,,,
10,10,,Honolulu PIS,,,,,Airport - Aircraft - Cargo - PIS,,,Guatemala,,Meristem or Callus Tissue Culture (micropropagated/in vitro culture),,MYM PRODUCTORES S.A,20,9137,,,,,,11,,,,,,,,,,,,,,,
10,10,,Miami PIS,,,,,Airport - Aircraft - Cargo - PIS,,,South Africa,,Unrooted Cutting,,Ornamentales Campos y Solís R.L.,3,41336,,,,,,23,,,,,,,,,,,,,,,
10,10,,Miami PIS,,,,,Maritime Port - Vessel - Cargo - PIS,,,Dominican Republic,,Unrooted Plant,,GUATEXOTIC,12,53536,,,,,,2,,,,,,,,,,,,,,,
10,10,,Miami PIS,,,,,Airport - Aircraft - Cargo - PIS,,,Dominican Republic,,Rooted Plant (including grafted),,Ornamentales Sapo Verde Box 1301-1310,82,146801,,,,,,16,,,,,,,,,,,,,,,
10,10,,Los Indios PIS,,,,,Airport - Aircraft - Cargo - PIS,,,Indonesia,,Rooted Plant (including grafted),,LUCHA ORNAMENTAL S.A.102-102,54,211276,,,,,,7,,,,,,,,,,,,,,,
10,10,,Miami PIS,,,,,Airport - Aircraft - Cargo - PIS,,,Costa Rica,,Unrooted Plant,,LATTHYFLORA KENYA LTD,55,26771,,,,,,19,,,,,,,,,,,,,,,
10,10,,Miami PIS,,,,,Airport - Aircraft - Cargo - PIS,,,Guatemala,,Meristem or Callus Tissue Culture (micropropagated/in vitro culture),,SAVANNA FLOWERS,0,2704,,,,,,2,,,,,,,,,,,,,,,
10,10,,Miami PIS,,,,,Airport - Aircraft - Cargo - PIS,,,Costa Rica,,Unrooted Plant,,TUCAN EXPORTERS,21,277509,,,,,,5,,,,,,,,,,,,,,,
10,10,,Atlanta PIS,,,,,Airport - Aircraft - Cargo - PIS,,,Dominican Republic,,Meristem or Callus Tissue Culture (micropropagated/in vitro culture),,Mr. Wirote Makmoon,5,971,,,,,,5,,,,,,,,,,,,,,,
10,10,,Miami PIS,,,,,Airport - Aircraft - Cargo - PIS,,,Taiwan,,Meristem or Callus Tissue Culture (micropropagated/in vitro culture),,La Laguna Chichoj,3,2889,,,,,,20,,,,,,,,,,,,,,,
10,10,,Miami PIS,,,,,Airport - Aircraft - Cargo - PIS,,,Guatemala,,Unrooted Cutting,,LA REALEZA BOX# 1-7,15,21837,,,,,,3,,,,,,,,,,,,,,,
11,11,,Miami PIS,,,,,Airport - Aircraft - Cargo - PIS,,,Guatemala,,Rooted Cutting (including air layer),,VIVERO LAS GARDENIAS,0,3507,,,,,,20,,,,,,,,,,,,,,,
11,11,,Miami PIS,,,,,Airport - Aircraft - Cargo - PIS,,,Dominican Republic,,Rooted Plant (including grafted),,KAPOK PLANTS S.A,3,6126,,,,,,11,,,,,,,,,,,,,,,
11,11,,JFK PIS,,,,,Maritime Port - Vessel - Cargo - PIS,,,Costa Rica,,Rooted Plant (including grafted),,SAPO VERDE 9001,24,83355,,,,,,23,,,,,,,,,,,,,,,
11,11,,Honolulu PIS,,,,,Airport - Aircraft - Cargo - PIS,,,Guatemala,,Unrooted Cutting,,Vita Farm Box 201-205,13,150810,,,,,,1,,,,,,,,,,,,,,,
11,11,,Miami PIS,,,,,Airport - Aircraft - Cargo - PIS,,,Guatemala,,Rooted Plant (including grafted),,GUATEXOTIC,4,5581,,,,,,15,,,,,,,,,,,,,,,
11,11,,Miami PIS,,,,,Airport - Aircraft - Cargo - PIS,,,Guatemala,,Unrooted Cutting,,TURRIPLANTAS S.A. DRACAENA,1,125,,,,,,6,,,,,,,,,,,,,,,
11,11,,Miami PIS,,,,,Airport - Aircraft - Cargo - PIS,,,Costa Rica,,Meristem or Callus Tissue Culture (micropropagated/in vitro culture),,IVAGRO S.A. BOX 1-11,22,15904,,,,,,25,,,,,,,,,,,,,,,
11,11,,San Diego PIS,,,,,Airport - Aircraft - Cargo - PIS,,,Thailand,,Unrooted Cutting,,FIDES GUATEMALA SA,80,11159,,,,,,17,,,,,,,,,,,,,,,
11,11,,Miami PIS,,,,,Airport - Aircraft - Cargo - PIS,,,Netherlands,,Unrooted Cutting,,Same as Shipper,4,5907,,,,,,1,,,,,,,,,,,,,,,
11,11,,Miami PIS,,,,,Airport - Aircraft - Cargo - PIS,,,Kenya,,Rooted Plant (including grafted),,FERTIPLANT BV,1,2,,,,,,5,,,,,,,,,,,,,,,
11,11,,Los Angeles PIS,,,,,Airport - Aircraft - Cargo - PIS,,,Thailand,,Unrooted Cutting,,VITA FARMS S.A. BOXES 001-007,9,22247,,,,,,2,,,,,,,,,,,,,,,
11,11,,Atlanta PIS,,,,,Maritime Port - Vessel - Cargo - PIS,,,Guatemala,,Unrooted Cutting,,LA LABRANZA S A,1,81,,,,,,12,,,,,,,,,,,,,,,
11,11,,Los Angeles PIS,,,,,Airport - Aircraft - Cargo - PIS,,,China,,Rooted Plant (including grafted),,GENEROS ECUATORIANOS,5,3191,,,,,,3,,,,,,,,,,,,,,,
11,11,,Honolulu PIS,,,,,Airport - Aircraft - Cargo - PIS,,,Costa Rica,,Unrooted Cutting,,ORNAMENTALES JIMENEZ ,1,5171,,,,,,3,,,,,,,,,,,,,,,
11,11,,Miami PIS,,,,,Airport - Aircraft - Cargo - PIS,,,Kenya,,"Bulb, Corm, Rhizome, Tuberous Stem",,Same as Shipper,31,9568,,,,,,27,,,,,,,,,,,,,,,
11,11,,Miami PIS,,,,,Airport - Aircraft - Express Carrier - PIS,,,Israel,,Unrooted Cutting,,Not Selected,2,2249,,,,,,16,,,,,,,,,,,,,,,
11,11,,Atlanta PIS,,,,,Airport - Aircraft - Cargo - PIS,,,Guatemala,,Rooted Plant (including grafted),,Not Selected,10,16031,,,,,,8,,,,,,,,,,,,,,,
11,11,,Atlanta PIS,,,,,Maritime Port - Vessel - Cargo - PIS,,,Guatemala,,Unrooted Cutting,,FINCA LA HEREDIANA S.A.,170,370959,,,,,,16,,,,,,,,,,,,,,,
11,11,,Atlanta PIS,,,,,Airport - Aircraft - Cargo - PIS,,,Costa Rica,,Meristem or Callus Tissue Culture (micropropagated/in vitro culture),,INNOVAPLANT DE COSTA RICA,15,38738,,,,,,25,,,,,,,,,,,,,,,
11,11,,Miami PIS,,,,,Airport - Aircraft - Cargo - PIS,,,Kenya,,Rooted Plant (including grafted),,VITA FARMS S.A 2301-2340,17,38191,,,,,,24,,,,,,,,,,,,,,,
11,11,,Miami PIS,,,,,Airport - Aircraft - Cargo - PIS,,,China,,Unrooted Plant,,ZHANGZHOU SPRING SUNSHINE IMPORT,2,29585,,,,,,14,,,,,,,,,,,,,,,
11,11,,Miami PIS,,,,,Airport - Aircraft - Cargo - PIS,,,China,,Rooted Plant (including grafted),,FLORAPLANT SA DE CV,1,38,,,,,,15,,,,,,,,,,,,,,,
11,11,,Miami PIS,,,,,Airport - Aircraft - Cargo - PIS,,,Taiwan,,Unrooted Cutting,,Same as Shipper,139,160843,,,,,,9,,,,,,,,,,,,,,,
11,11,,Miami PIS,,,,,Airport - Aircraft - Cargo - PIS,,,China,,Rooted Cutting (including air layer),,INNOVA PLANT DE COSTA RICA SA,4,347,,,,,,25,,,,,,,,,,,,,,,
11,11,,Miami PIS,,,,,Airport - Aircraft - Cargo - PIS,,,Costa Rica,,Unrooted Cutting,,INNOVA PLANT DE COSTA RICA SA,14,54645,,,,,,13,,,,,,,,,,,,,,,
12,12,,Miami PIS,,,,,Maritime Port - Vessel - Cargo - PIS,,,Costa Rica,,Unrooted Cutting,,COOPEINDIA R.L. Box 06-10,2,6398,,,,,,18,,,,,,,,,,,,,,,
12,12,,Miami PIS,,,,,Maritime Port - Vessel - Cargo - PIS,,,Singapore,,Rooted Plant (including grafted),,Not Selected,19,602,,,,,,27,,,,,,,,,,,,,,,
12,12,,Atlanta PIS,,,,,Airport - Aircraft - Cargo - PIS,,,Guatemala,,Unrooted Cutting,,Nantiporn Thongyoi,1,296,,,,,,14,,,,,,,,,,,,,,,
12,12,,Miami PIS,,,,,Maritime Port - Vessel - Cargo - PIS,,,Dominican Republic,,Unrooted Cutting,,PLANT SOURCE INTERNATIONAL MEXICO,0,3,,,,,,13,,,,,,,,,,,,,,,
12,12,,Miami PIS,,,,,Airport - Aircraft - Cargo - PIS,,,China,,Unrooted Cutting,,AGRO ORCHIDS COSTA RICA S.A,23,400666,,,,,,5,,,,,,,,,,,,,,,
12,12,,Miami PIS,,,,,Maritime Port - Vessel - Cargo - PIS,,,Indonesia,,Rooted Plant (including grafted),,"TER LAAK AMERICA, SOCIEDAD ANONIMA",0,7061,,,,,,19,,,,,,,,,,,,,,,
12,12,,Linden PIS,,,,,Airport - Aircraft - Cargo - PIS,,,Netherlands,,Unrooted Cutting,,ORNAMENTALES JIMENEZ ,5,1877,,,,,,15,,,,,,,,,,,,,,,
12,12,,JFK PIS,,,,,Maritime Port - Vessel - Cargo - PIS,,,Costa Rica,,Unrooted Cutting,,PLANTAS Y FLORES ORNAMENTALES,8,1798,,,,,,3,,,,,,,,,,,,,,,
12,12,,Los Angeles PIS,,,,,Airport - Aircraft - Cargo - PIS,,,Taiwan,,Rooted Plant (including grafted),,LA MORALEJA EXPORTS,5,5944,,,,,,13,,,,,,,,,,,,,,,
12,12,,Miami PIS,,,,,Airport - Aircraft - Cargo - PIS,,,Guatemala,,Meristem or Callus Tissue Culture (micropropagated/in vitro culture),,JARDINES TERRAGARDEN,9,451,,,,,,10,,,,,,,,,,,,,,,
12,12,,Atlanta PIS,,,,,Airport - Aircraft - Cargo - PIS,,,Mexico,,Unrooted Cutting,,Same as Shipper,5,38342,,,,,,23,,,,,,,,,,,,,,,
12,12,,Linden PIS,,,,,Airport - Aircraft - Cargo - PIS,,,Guatemala,,Unrooted Cutting,,"GUANGZHOU HUITONG AGRICULTURAL TECHNOLOGY CO., LTD",8,1905,,,,,,21,,,,,,,,,,,,,,,
12,12,,Miami PIS,,,,,Airport - Aircraft - Cargo - PIS,,,Zimbabwe,,Unrooted Cutting,,PLANTAS DE MI TIERRA SA,8,11534,,,,,,20,,,,,,,,,,,,,,,
12,12,,Los Angeles PIS,,,,,Airport - Aircraft - Cargo - PIS,,,Thailand,,Unrooted Plant,,BEAUTY LINE GUATEMALA,0,4423,,,,,,5,,,,,,,,,,,,,,,
12,12,,Miami PIS,,,,,Airport - Aircraft - Cargo - PIS,,,Costa Rica,,Rooted Plant (including grafted),,AGROMARIALINDA SA 1-15,10,2209,,,,,,7,,,,,,,,,,,,,,,
12,12,,Miami PIS,,,,,Airport - Aircraft - Cargo - PIS,,,Guatemala,,Unrooted Cutting,,LA FLOR EXOTICA DEL CARIBE BULLIS SA,1,4,,,,,,27,,,,,,,,,,,,,,,
12,12,,San Francisco PIS,,,,,Airport - Aircraft - Cargo - PIS,,,Costa Rica,,Meristem or Callus Tissue Culture (micropropagated/in vitro culture),,Ornamentales Sapo Verde Box 1301-1310,2,388,,,,,,16,,,,,,,,,,,,,,,
12,12,,Miami PIS,,,,,Airport - Aircraft - Cargo - PIS,,,Uganda,,Rooted Plant (including grafted),,Same as Shipper,4,2908,,,,,,11,,,,,,,,,,,,,,,
12,12,,Miami PIS,,,,,Airport - Aircraft - Cargo - PIS,,,China,,Meristem or Callus Tissue Culture (micropropagated/in vitro culture),,Kantapat Kaewpradith,1,1618,,,,,,25,,,,,,,,,,,,,,,
12,12,,Miami PIS,,,,,Airport - Aircraft - Cargo - PIS,,,Guatemala,,Meristem or Callus Tissue Culture (micropropagated/in vitro culture),,T ORCHIDS LIMITED PARTNERSHIP,18,2407,,,,,,14,,,,,,,,,,,,,,,
12,12,,JFK PIS,,,,,Airport - Aircraft - Cargo - PIS,,,Guatemala,,Unrooted Cutting,,IZUCAR HORTICULTURAL/ YECAFLORA,1,2,,,,,,28,,,,,,,,,,,,,,,
12,12,,Miami PIS,,,,,Airport - Aircraft - Cargo - PIS,,,Sri Lanka,,Rooted Plant (including grafted),,seande,0,17766,,,,,,1,,,,,,,,,,,,,,,
12,12,,Miami PIS,,,,,Airport - Aircraft - Cargo - PIS,,,Costa Rica,,Budwood/Graftwood (scion),,LAS LIMAS S A,11,31382,,,,,,22,,,,,,,,,,,,,,,
12,12,,Miami PIS,,,,,Maritime Port - Vessel - Cargo - PIS,,,Guatemala,,Unrooted Cutting,,FLORICULTURA Y CIA LTDA,1,459,,,,,,17,,,,,,,,,,,,,,,
12,12,,Linden PIS,,,,,Airport - Aircraft - Cargo - PIS,,,Uganda,,Unrooted Plant,,Terra Garden Corp,9,22751,,,,,,12,,,,,,,,,,,,,,,
13,13,,Miami PIS,,,,,Airport - Aircraft - Cargo - PIS,,,Costa Rica,,Unrooted Cutting,,LA FLORESTA ORNAMENTALES,9,146,,,,,,16,,,,,,,,,,,,,,,
13,13,,Miami PIS,,,,,Airport - Aircraft - Cargo - PIS,,,Spain,,Rooted Cutting (including air layer),,KENYA CUTTINGS LIMITED,75,7458,,,,,,11,,,,,,,,,,,,,,,
13,13,,Atlanta PIS,,,,,Maritime Port - Vessel - Cargo - PIS,,,Mexico,,Unrooted Cutting,,GUATEXOTIC,35,3142,,,,,,21,,,,,,,,,,,,,,,
13,13,,Miami PIS,,,,,Airport - Aircraft - Cargo - PIS,,,Mexico,,Unrooted Cutting,,Kantapat Kaewpradith,1,1387,,,,,,9,,,,,,,,,,,,,,,
13,13,,Miami PIS,,,,,Airport - Aircraft - Cargo - PIS,,,Spain,,Meristem or Callus Tissue Culture (micropropagated/in vitro culture),,FLORICULTURA Y COMPANIA LTDA,5,494,,,,,,11,,,,,,,,,,,,,,,
13,13,,Atlanta PIS,,,,,Land Border - Truck - Cargo - PIS,,,Dominican Republic,,Rooted Plant (including grafted),,KP HOLLAND BV,28,24527,,,,,,23,,,,,,,,,,,,,,,
13,13,,Los Angeles PIS,,,,,Maritime Port - Vessel - Cargo - PIS,,,Thailand,,Unrooted Cutting,,MADA FLORA SARL,0,416,,,,,,11,,,,,,,,,,,,,,,
13,13,,Miami PIS,,,,,Airport - Aircraft - Cargo - PIS,,,Thailand,,Rooted Plant (including grafted),,TUCAN EXPORTERS,5,47,,,,,,21,,,,,,,,,,,,,,,
13,13,,Miami PIS,,,,,Airport - Aircraft - Cargo - PIS,,,Mexico,,Rooted Plant (including grafted),,"VIVERO INTERNATIONAL ,S.A.DE C.V",124,241,,,,,,16,,,,,,,,,,,,,,,
13,13,,Miami PIS,,,,,Airport - Aircraft - Cargo - PIS,,,India,,Rooted Plant (including grafted),,VIVERO INTERNACIONAL S.A. DE C.V.,11,10084,,,,,,22,,,,,,,,,,,,,,,
13,13,,Atlanta PIS,,,,,Airport - Aircraft - Cargo - PIS,,,Costa Rica,,Rooted Cutting (including air layer),,Costa Farms LLC,17,546819,,,,,,6,,,,,,,,,,,,,,,
13,13,,Linden PIS,,,,,Airport - Aircraft - Cargo - PIS,,,Singapore,,Unrooted Plant,,FLORAPLANT SA DE CV,4,3652,,,,,,20,,,,,,,,,,,,,,,
13,13,,Miami PIS,,,,,Airport - Aircraft - Cargo - PIS,,,Italy,,Unrooted Cutting,,Not Selected,1,48,,,,,,17,,,,,,,,,,,,,,,
13,13,,Miami PIS,,,,,Airport - Aircraft - Cargo - PIS,,,Guatemala,,Meristem or Callus Tissue Culture (micropropagated/in vitro culture),,Plantas Ornamentales de Costa Rica 1-24,0,8700,,,,,,25,,,,,,,,,,,,,,,
13,13,,Miami PIS,,,,,Airport - Aircraft - Cargo - PIS,,,Thailand,,Rooted Plant (including grafted),,BEAUTY LIN GUATEMALA S A,2,8843,,,,,,26,,,,,,,,,,,,,,,
13,13,,Linden PIS,,,,,Airport - Aircraft - Cargo - PIS,,,Spain,,Rooted Plant (including grafted),,ZHANGHOU BANRUO IMPORT & EXPORT CO,35,108677,,,,,,19,,,,,,,,,,,,,,,
13,13,,Atlanta PIS,,,,,Airport - Aircraft - Cargo - PIS,,,Dominican Republic,,Rooted Cutting (including air layer),,FERTIPLANT B.V. IMPORT-EXPORT BOXES 1-8,1,7,,,,,,19,,,,,,,,,,,,,,,
13,13,,Miami PIS,,,,,Airport - Aircraft - Cargo - PIS,,,Guatemala,,Rooted Plant (including grafted),,ORNAMENTALES DE CONCEPCION S A,12,1882,,,,,,10,,,,,,,,,,,,,,,
13,13,,Seattle PIS,,,,,Airport - Aircraft - Cargo - PIS,,,Netherlands,,Rooted Plant (including grafted),,XAANH XANH URBAN FOREST TRADINGCOM,1,10655,,,,,,10,,,,,,,,,,,,,,,
13,13,,Miami PIS,,,,,Maritime Port - Vessel - Cargo - PIS,,,China,,Rooted Plant (including grafted),,LA CHIQUITA AGROPECUARIA SA,21,32207,,,,,,26,,,,,,,,,,,,,,,
13,13,,Miami PIS,,,,,Airport - Aircraft - Express Carrier - PIS,,,Mexico,,Rooted Plant (including grafted),,QUELETZU S.A. 1,6,6523,,,,,,6,,,,,,,,,,,,,,,
13,13,,Miami PIS,,,,,Airport - Aircraft - Cargo - PIS,,,Malaysia,,Unrooted Cutting,,INDUSTRIAS AGRICOLAS CENTRO AMERICANAS,25,43061,,,,,,4,,,,,,,,,,,,,,,
13,13,,Miami PIS,,,,,Maritime Port - Vessel - Cargo - PIS,,,Costa Rica,,Meristem or Callus Tissue Culture (micropropagated/in vitro culture),,INNOVA PLANT DE COSTA RICA SA,57,8625,,,,,,21,,,,,,,,,,,,,,,
13,13,,Miami PIS,,,,,Airport - Aircraft - Cargo - PIS,,,Netherlands,,"Root cutting, crown, or clump, Tuberous Root",,ANTHURA BV,11,9593,,,,,,16,,,,,,,,,,,,,,,
13,13,,Miami PIS,,,,,Airport - Aircraft - Cargo - PIS,,,Thailand,,Unrooted Cutting,,Same as Shipper,0,482,,,,,,13,,,,,,,,,,,,,,,
14,14,,Miami PIS,,,,,Airport - Aircraft - Cargo - PIS,,,Guatemala,,Rooted Cutting (including air layer),,TUCAN EXPORTERS,0,54,,,,,,6,,,,,,,,,,,,,,,
14,14,,Atlanta PIS,,,,,Airport - Aircraft - Cargo - PIS,,,Costa Rica,,Unrooted Cutting,,COSTA FARMS DOM,0,2857,,,,,,7,,,,,,,,,,,,,,,
14,14,,Los Angeles PIS,,,,,Airport - Aircraft - Express Carrier - PIS,,,Guatemala,,Unrooted Cutting,,INNOVAPLANT DE COSTA RICA,0,13971,,,,,,8,,,,,,,,,,,,,,,
14,14,,San Diego PIS,,,,,Airport - Aircraft - Cargo - PIS,,,Guatemala,,Unrooted Cutting,,Miss Naritsara Sopha,19,120600,,,,,,19,,,,,,,,,,,,,,,
14,14,,Miami PIS,,,,,Maritime Port - Vessel - Cargo - PIS,,,Guatemala,,Unrooted Cutting,,Ornamentales Sapo Verde Box 212-324,8,3681,,,,,,26,,,,,,,,,,,,,,,
14,14,,Miami PIS,,,,,Airport - Aircraft - Cargo - PIS,,,Kenya,,Unrooted Cutting,,"VIVERO INTERNACIONAL S,A DE C.V",11,1888,,,,,,6,,,,,,,,,,,,,,,
14,14,,JFK PIS,,,,,Airport - Aircraft - Cargo - PIS,,,Netherlands,,Rooted Plant (including grafted),,INNOVA PLANT,7,52075,,,,,,17,,,,,,,,,,,,,,,
14,14,,Miami PIS,,,,,Airport - Aircraft - Cargo - PIS,,,Costa Rica,,"Root cutting, crown, or clump, Tuberous Root",,EQUAFLOR-A MERINO VICENTE BERTHA,1,155,,,,,,6,,,,,,,,,,,,,,,
14,14,,Miami PIS,,,,,Airport - Aircraft - Cargo - PIS,,,Guatemala,,Rooted Plant (including grafted),,KP HOLLAND BV,31,12937,,,,,,18,,,,,,,,,,,,,,,
14,14,,Los Angeles PIS,,,,,Airport - Aircraft - Cargo - PIS,,,Costa Rica,,Rooted Plant (including grafted),,FLORAPLANT S.A. DE C.V.,6,90,,,,,,11,,,,,,,,,,,,,,,
14,14,,Miami PIS,,,,,Airport - Aircraft - Cargo - PIS,,,Netherlands,,Unrooted Cutting,,Pollen Limited,4,88947,,,,,,5,,,,,,,,,,,,,,,
14,14,,Miami PIS,,,,,Airport - Aircraft - Cargo - PIS,,,Mexico,,Rooted Plant (including grafted),,DALAT HASFARM CO LTD,11,271582,,,,,,4,,,,,,,,,,,,,,,
14,14,,Miami PIS,,,,,Airport - Aircraft - Cargo - PIS,,,China,,Unrooted Cutting,,BEAUTY LIN GUATEMALA S A,3,43966,,,,,,12,,,,,,,,,,,,,,,
14,14,,JFK PIS,,,,,Maritime Port - Vessel - Cargo - PIS,,,Brazil,,Rooted Plant (including grafted),,Ornamentales Sapo Verde BOX 9001-9002,2,6879,,,,,,4,,,,,,,,,,,,,,,
14,14,,Miami PIS,,,,,Maritime Port - Vessel - Cargo - PIS,,,Thailand,,Unrooted Cutting,,PREMKAMON INTANIN,3,3338,,,,,,1,,,,,,,,,,,,,,,
14,14,,Linden PIS,,,,,Airport - Aircraft - Cargo - PIS,,,Guatemala,,Unrooted Plant,,KAPOK PLANTS S.A,1,6,,,,,,27,,,,,,,,,,,,,,,
14,14,,Miami PIS,,,,,Airport - Aircraft - Cargo - PIS,,,Costa Rica,,Rooted Plant (including grafted),,FERTIPLANT BV,3,824,,,,,,6,,,,,,,,,,,,,,,
14,14,,Miami PIS,,,,,Airport - Aircraft - Cargo - PIS,,,Guatemala,,Rooted Cutting (including air layer),,ANTHO ORNAMENTALES SA,1,1137,,,,,,9,,,,,,,,,,,,,,,
14,14,,Miami PIS,,,,,Airport - Aircraft - Cargo - PIS,,,Guatemala,,Unrooted Cutting,,Costa Farms LLC,0,170,,,,,,18,,,,,,,,,,,,,,,
14,14,,Houston PIS,,,,,Airport - Aircraft - Cargo - PIS,,,Costa Rica,,Unrooted Cutting,,LATHY FLORA KENYA LIMITED,8,11750,,,,,,19,,,,,,,,,,,,,,,
14,14,,Miami PIS,,,,,Airport - Aircraft - Cargo - PIS,,,Guatemala,,Rooted Plant (including grafted),,MR RONNACHAI MAENWIWATTHANAKUN,421,79284,,,,,,6,,,,,,,,,,,,,,,
14,14,,Miami PIS,,,,,Airport - Aircraft - Cargo - PIS,,,Guatemala,,Unrooted Cutting,,GUATEXOTIC,25,25867,,,,,,27,,,,,,,,,,,,,,,
14,14,,Miami PIS,,,,,Airport - Aircraft - Cargo - PIS,,,China,,Unrooted Cutting,,ARMENIA LORENA S.A.,5072,6914,,,,,,14,,,,,,,,,,,,,,,
14,14,,Miami PIS,,,,,Airport - Aircraft - Cargo - PIS,,,Costa Rica,,Rooted Plant (including grafted),,FINO FOLLAJE SA,59,63591,,,,,,23,,,,,,,,,,,,,,,
14,14,,Miami PIS,,,,,Airport - Aircraft - Cargo - PIS,,,India,,Unrooted Cutting,,INNOVAPLANT DE COSTA RICA,31,47788,,,,,,25,,,,,,,,,,,,,,,
15,15,,Miami PIS,,,,,Airport - Aircraft - Cargo - PIS,,,Guatemala,,Meristem or Callus Tissue Culture (micropropagated/in vitro culture),,RED FOX LAS MERCEDES,50,25444,,,,,,19,,,,,,,,,,,,,,,
15,15,,Miami PIS,,,,,Airport - Aircraft - Cargo - PIS,,,Thailand,,Unrooted Plant,,Not Selected,73,195805,,,,,,2,,,,,,,,,,,,,,,
15,15,,Orlando PIS,,,,,Airport - Aircraft - Cargo - PIS,,,Guatemala,,Rooted Plant (including grafted),,Not Selected,0,31274,,,,,,6,,,,,,,,,,,,,,,
15,15,,Miami PIS,,,,,Maritime Port - Vessel - Cargo - PIS,,,Dominican Republic,,Meristem or Callus Tissue Culture (micropropagated/in vitro culture),,INNOVAPLANT DE COSTA RICA,10,955,,,,,,16,,,,,,,,,,,,,,,
15,15,,Miami PIS,,,,,Airport - Aircraft - Cargo - PIS,,,Taiwan,,Rooted Plant (including grafted),,KANSOM CO LTD,14,104,,,,,,8,,,,,,,,,,,,,,,
15,15,,Los Angeles PIS,,,,,Airport - Aircraft - Cargo - PIS,,,Costa Rica,,Rooted Cutting (including air layer),,Polapathara Sutitwatana,9,7583,,,,,,22,,,,,,,,,,,,,,,
15,15,,JFK PIS,,,,,Airport - Aircraft - Cargo - PIS,,,Mexico,,Rooted Plant (including grafted),,VITA FARMS 6001,8,766,,,,,,6,,,,,,,,,,,,,,,
15,15,,San Francisco PIS,,,,,Airport - Aircraft - Cargo - PIS,,,Guatemala,,Unrooted Plant,,M & M PRODUCTORES BOX 1-14 ,5,1375,,,,,,6,,,,,,,,,,,,,,,
15,15,,Miami PIS,,,,,Airport - Aircraft - Cargo - PIS,,,Guatemala,,Rooted Plant (including grafted),,PLANT INVESTMENTS SOCIEDAD ANONI,0,17,,,,,,21,,,,,,,,,,,,,,,
15,15,,Linden PIS,,,,,Maritime Port - Vessel - Cargo - PIS,,,Costa Rica,,"Root cutting, crown, or clump, Tuberous Root",,GUATEXOTIC,250,1088960,,,,,,22,,,,,,,,,,,,,,,
15,15,,Miami PIS,,,,,Airport - Aircraft - Cargo - PIS,,,Guatemala,,Rooted Plant (including grafted),,ORNAMENTALES SAPO VERDE S.A. BOX 801-819,10,344038,,,,,,1,,,,,,,,,,,,,,,
15,15,,Miami PIS,,,,,Airport - Aircraft - Cargo - PIS,,,Costa Rica,,Rooted Plant (including grafted),,MICROPLANTAS INVOICE 190,0,5471,,,,,,2,,,,,,,,,,,,,,,
15,15,,Miami PIS,,,,,Airport - Aircraft - Cargo - PIS,,,China,,Rooted Plant (including grafted),,BEAUTY LINE,0,3103,,,,,,13,,,,,,,,,,,,,,,
15,15,,Linden PIS,,,,,Airport - Aircraft - Cargo - PIS,,,Costa Rica,,Rooted Plant (including grafted),,Not Selected,0,62788,,,,,,22,,,,,,,,,,,,,,,
15,15,,San Francisco PIS,,,,,Airport - Aircraft - Cargo - PIS,,,New Zealand,,Meristem or Callus Tissue Culture (micropropagated/in vitro culture),,COOPEINDIA R.L. BOX 37-57 ,0,20062,,,,,,8,,,,,,,,,,,,,,,
15,15,,Los Angeles PIS,,,,,Airport - Aircraft - Cargo - PIS,,,Guatemala,,Unrooted Cutting,,Same as Shipper,21,201244,,,,,,22,,,,,,,,,,,,,,,
15,15,,Miami PIS,,,,,Airport - Aircraft - Express Carrier - PIS,,,Singapore,,Unrooted Cutting,,IVAGRO S.A. BOX 1-11,5,293,,,,,,8,,,,,,,,,,,,,,,
15,15,,Linden PIS,,,,,Airport - Aircraft - Cargo - PIS,,,Costa Rica,,Meristem or Callus Tissue Culture (micropropagated/in vitro culture),,ZHONGSHAN XINHUI FLORICULTURE LT,2,25273,,,,,,4,,,,,,,,,,,,,,,
15,15,,Atlanta PIS,,,,,Airport - Aircraft - Cargo - PIS,,,Guatemala,,Rooted Plant (including grafted),,Same as Shipper,25,151943,,,,,,16,,,,,,,,,,,,,,,
15,15,,Los Angeles PIS,,,,,Airport - Aircraft - Cargo - PIS,,,Guatemala,,Meristem or Callus Tissue Culture (micropropagated/in vitro culture),,EXPORTADORA IMPERIO VERDE SA,130,1271955,,,,,,25,,,,,,,,,,,,,,,
15,15,,Miami PIS,,,,,Airport - Aircraft - Cargo - PIS,,,China,,Unrooted Cutting,,Mr. Supaloek Philomnak,11,4186,,,,,,8,,,,,,,,,,,,,,,
15,15,,Miami PIS,,,,,Airport - Aircraft - Cargo - PIS,,,Zimbabwe,,Unrooted Cutting,,AGROPECUARIA HERMANOS PACHECO S.,10,778,,,,,,19,,,,,,,,,,,,,,,
15,15,,Miami PIS,,,,,Airport - Aircraft - Cargo - PIS,,,Costa Rica,,Rooted Plant (including grafted),,BC BROMELIAS DE COLOMBIA SAS,6,23207,,,,,,17,,,,,,,,,,,,,,,
15,15,,Nogales PIS,,,,,Airport - Aircraft - Cargo - PIS,,,Guatemala,,Meristem or Callus Tissue Culture (micropropagated/in vitro culture),,LIANYUNGANG FLORWER KING,0,2649,,,,,,8,,,,,,,,,,,,,,,
15,15,,Linden PIS,,,,,Airport - Aircraft - Cargo - PIS,,,China,,Meristem or Callus Tissue Culture (micropropagated/in vitro culture),,Micro Plantas S.A. Box 1-2,1,2398,,,,,,11,,,,,,,,,,,,,,,
16,16,,Miami PIS,,,,,Airport - Aircraft - Cargo - PIS,,,Netherlands,,Unrooted Cutting,,AGROPECUARIA PENIEL SA,4,930,,,,,,14,,,,,,,,,,,,,,,
16,16,,San Diego PIS,,,,,Airport - Aircraft - Cargo - PIS,,,Guatemala,,Rooted Cutting (including air layer),,PLANTAS DEL TROPICO ARC SA,11,17713,,,,,,11,,,,,,,,,,,,,,,
16,16,,Linden PIS,,,,,Airport - Aircraft - Cargo - PIS,,,Thailand,,Unrooted Plant,,Not Selected,44,69482,,,,,,20,,,,,,,,,,,,,,,
16,16,,Linden PIS,,,,,Airport - Aircraft - Cargo - PIS,,,Germany,,Unrooted Cutting,,BOCELS BROMELAIDS,0,712,,,,,,4,,,,,,,,,,,,,,,
16,16,,Miami PIS,,,,,Airport - Aircraft - Cargo - PIS,,,Netherlands,,Meristem or Callus Tissue Culture (micropropagated/in vitro culture),,COSTA FARMS DOM,1,304,,,,,,14,,,,,,,,,,,,,,,
16,16,,Miami PIS,,,,,Airport - Aircraft - Cargo - PIS,,,Guatemala,,Rooted Cutting (including air layer),,FERTIPLANT BV.,0,27,,,,,,10,,,,,,,,,,,,,,,
16,16,,Miami PIS,,,,,Airport - Aircraft - Cargo - PIS,,,India,,Rooted Plant (including grafted),,AGRO ORCHIDS COSTA RICA S.A,30,10291,,,,,,4,,,,,,,,,,,,,,,
16,16,,Los Angeles PIS,,,,,Airport - Aircraft - Cargo - PIS,,,"Korea, South",,Rooted Plant (including grafted),,Mr. Nattapong Monghpech,6,19599,,,,,,24,,,,,,,,,,,,,,,
16,16,,Los Angeles PIS,,,,,Airport - Aircraft - Cargo - PIS,,,Indonesia,,Meristem or Callus Tissue Culture (micropropagated/in vitro culture),,RED FOX LAS MERCEDES  SA DE CV,4,37714,,,,,,8,,,,,,,,,,,,,,,
16,16,,Linden PIS,,,,,Maritime Port - Vessel - Cargo - PIS,,,Guatemala,,Rooted Plant (including grafted),,INNOVAPLANT DE COSTA RICA,2,1801,,,,,,4,,,,,,,,,,,,,,,
16,16,,Miami PIS,,,,,Airport - Aircraft - Cargo - PIS,,,Uganda,,Meristem or Callus Tissue Culture (micropropagated/in vitro culture),,Jungle Jack's Thailand Ltd.,1,518,,,,,,26,,,,,,,,,,,,,,,
16,16,,Miami PIS,,,,,Airport - Aircraft - Cargo - PIS,,,"Korea, South",,Unrooted Cutting,,VIVERO INTERNACIONAL 909,2,63584,,,,,,22,,,,,,,,,,,,,,,
16,16,,Los Angeles PIS,,,,,Airport - Aircraft - Cargo - PIS,,,Kenya,,Unrooted Cutting,,ASTERIX SA,2,22462,,,,,,19,,,,,,,,,,,,,,,
16,16,,Los Angeles PIS,,,,,Maritime Port - Vessel - Cargo - PIS,,,Thailand,,Unrooted Cutting,,Plantas Ilimitadas ,4,22912,,,,,,5,,,,,,,,,,,,,,,
16,16,,Orlando PIS,,,,,Airport - Aircraft - Cargo - PIS,,,China,,Unrooted Cutting,,SUNSHINE HORTICULTURE,17,121733,,,,,,24,,,,,,,,,,,,,,,
16,16,,Miami PIS,,,,,Airport - Aircraft - Cargo - PIS,,,Guatemala,,Meristem or Callus Tissue Culture (micropropagated/in vitro culture),,INNOVAPLANT DE COSTA RICA,9,621,,,,,,22,,,,,,,,,,,,,,,
16,16,,Miami PIS,,,,,Maritime Port - Vessel - Cargo - PIS,,,Turkey,,Rooted Cutting (including air layer),,QUEEN TARIM SANAYI VE TIC,13,1589,,,,,,9,,,,,,,,,,,,,,,
16,16,,Miami PIS,,,,,Maritime Port - Vessel - Cargo - PIS,,,Costa Rica,,Rooted Plant (including grafted),,LATHYFLORA KENYA LIMITED,1,28,,,,,,22,,,,,,,,,,,,,,,
16,16,,Miami PIS,,,,,Airport - Aircraft - Cargo - PIS,,,El Salvador,,Rooted Cutting (including air layer),,LAS LIMAS,1,743,,,,,,6,,,,,,,,,,,,,,,
16,16,,Miami PIS,,,,,Airport - Aircraft - Cargo - PIS,,,Costa Rica,,Meristem or Callus Tissue Culture (micropropagated/in vitro culture),,Same as Shipper,7,4,,,,,,25,,,,,,,,,,,,,,,
16,16,,Miami PIS,,,,,Airport - Aircraft - Cargo - PIS,,,Viet Nam,,Rooted Plant (including grafted),,LA REALEZA BOX# 1-7,1963,1511,,,,,,12,,,,,,,,,,,,,,,
16,16,,Los Angeles PIS,,,,,Airport - Aircraft - Cargo - PIS,,,Singapore,,Rooted Cutting (including air layer),,Mr. Threethatwat Phraesiwaroj,1,203,,,,,,24,,,,,,,,,,,,,,,
16,16,,Miami PIS,,,,,Airport - Aircraft - Cargo - PIS,,,Tanzania,,Unrooted Cutting,,Not Selected,6,35592,,,,,,8,,,,,,,,,,,,,,,
16,16,,Los Angeles PIS,,,,,Airport - Aircraft - Cargo - PIS,,,Honduras,,Unrooted Cutting,,ORNAMENTALES LA CIMA,19,22266,,,,,,22,,,,,,,,,,,,,,,
16,16,,Miami PIS,,,,,Airport - Aircraft - Cargo - PIS,,,Costa Rica,,Meristem or Callus Tissue Culture (micropropagated/in vitro culture),,"VIVERO INTERNACIONAL S,A DE C.V",9,5063,,,,,,21,,,,,,,,,,,,,,,
17,17,,Linden PIS,,,,,Airport - Aircraft - Cargo - PIS,,,South Africa,,Meristem or Callus Tissue Culture (micropropagated/in vitro culture),,Not Selected,1,5197,,,,,,15,,,,,,,,,,,,,,,
17,17,,Miami PIS,,,,,Airport - Aircraft - Cargo - PIS,,,Guatemala,,Rooted Plant (including grafted),,"Sociedad Tigra Verde, S.A.",66,29218,,,,,,28,,,,,,,,,,,,,,,
17,17,,Atlanta PIS,,,,,Airport - Aircraft - Cargo - PIS,,,Kenya,,Unrooted Cutting,,EDEN GARDEN FOR EXOTIC,68,463927,,,,,,26,,,,,,,,,,,,,,,
17,17,,JFK PIS,,,,,Airport - Aircraft - Cargo - PIS,,,Taiwan,,Rooted Plant (including grafted),,ORNAMENTALES SAPO VERDE Box 914-958,0,1006,,,,,,21,,,,,,,,,,,,,,,
17,17,,Miami PIS,,,,,Airport - Aircraft - Cargo - PIS,,,Thailand,,Rooted Plant (including grafted),,PALKI  S.A.,5,7922,,,,,,11,,,,,,,,,,,,,,,
17,17,,Los Angeles PIS,,,,,Airport - Aircraft - Cargo - PIS,,,Costa Rica,,Unrooted Plant,,"PLANTAS DE MI TIERRA, S.A.",2,2207,,,,,,22,,,,,,,,,,,,,,,
17,17,,Miami PIS,,,,,Maritime Port - Vessel - Cargo - PIS,,,Thailand,,Rooted Plant (including grafted),,CV PURNAMA MULTI ABADI,376,890218,,,,,,1,,,,,,,,,,,,,,,
17,17,,Orlando PIS,,,,,Airport - Aircraft - Cargo - PIS,,,Mexico,,Budwood/Graftwood (scion),,VITRO PLUS CV,5,9997,,,,,,26,,,,,,,,,,,,,,,
17,17,,Miami PIS,,,,,Airport - Aircraft - Cargo - PIS,,,Costa Rica,,Rooted Plant (including grafted),,Not Selected,101,279190,,,,,,19,,,,,,,,,,,,,,,
17,17,,Miami PIS,,,,,Airport - Aircraft - Cargo - PIS,,,Thailand,,Unrooted Cutting,,Not Selected,33,8645,,,,,,21,,,,,,,,,,,,,,,
17,17,,Miami PIS,,,,,Airport - Aircraft - Cargo - PIS,,,Taiwan,,Unrooted Cutting,,Not Selected,300,7020,,,,,,24,,,,,,,,,,,,,,,
17,17,,Miami PIS,,,,,Airport - Aircraft - Cargo - PIS,,,Guatemala,,Unrooted Cutting,,Anita Salazar Avila,0,1287,,,,,,23,,,,,,,,,,,,,,,
17,17,,Miami PIS,,,,,Airport - Aircraft - Cargo - PIS,,,El Salvador,,Rooted Plant (including grafted),,PATTIDA THONGMAA,0,11,,,,,,24,,,,,,,,,,,,,,,
17,17,,Miami PIS,,,,,Airport - Aircraft - Cargo - PIS,,,Netherlands,,Unrooted Cutting,,RED FOX LAS MERCEDES S.A.,13,58048,,,,,,23,,,,,,,,,,,,,,,
17,17,,Miami PIS,,,,,Maritime Port - Vessel - Cargo - PIS,,,Thailand,,Rooted Plant (including grafted),,INNOVAPLANT DE COSTA RICA,122,371063,,,,,,5,,,,,,,,,,,,,,,
17,17,,Los Indios PIS,,,,,Maritime Port - Vessel - Cargo - PIS,,,Thailand,,Rooted Plant (including grafted),,Same as Shipper,56,626,,,,,,19,,,,,,,,,,,,,,,
17,17,,Atlanta PIS,,,,,Maritime Port - Vessel - Cargo - PIS,,,Netherlands,,Rooted Plant (including grafted),,Not Selected,0,3399,,,,,,25,,,,,,,,,,,,,,,
17,17,,Miami PIS,,,,,Airport - Aircraft - Cargo - PIS,,,Guatemala,,Rooted Plant (including grafted),,KANJARIN  HIRANWORAWUTHIKUL,5,15520,,,,,,18,,,,,,,,,,,,,,,
17,17,,Miami PIS,,,,,Airport - Aircraft - Cargo - PIS,,,China,,Meristem or Callus Tissue Culture (micropropagated/in vitro culture),,SAPO VERDE box 8001,26,4797,,,,,,17,,,,,,,,,,,,,,,
17,17,,Los Angeles PIS,,,,,Airport - Aircraft - Express Carrier - PIS,,,New Zealand,,Unrooted Cutting,,Miss Kanjana Kongvadsakulnnee,1,148,,,,,,3,,,,,,,,,,,,,,,
17,17,,Miami PIS,,,,,Airport - Aircraft - Cargo - PIS,,,China,,Unrooted Plant,,Gerardo del Carmen More Arce,1,3936,,,,,,7,,,,,,,,,,,,,,,
17,17,,Los Angeles PIS,,,,,Land Border - Truck - Cargo - PIS,,,Costa Rica,,Rooted Plant (including grafted),,QUELETZU S.A. 1-20,2,34,,,,,,10,,,,,,,,,,,,,,,
17,17,,Los Angeles PIS,,,,,Airport - Aircraft - Cargo - PIS,,,Viet Nam,,Unrooted Cutting,,PRODUCTOS EL MAPACHE DE ALAJUELA,3,353,,,,,,7,,,,,,,,,,,,,,,
17,17,,Miami PIS,,,,,Maritime Port - Vessel - Cargo - PIS,,,Zimbabwe,,Rooted Plant (including grafted),,Best Aquarium Thailand Co,1,34,,,,,,8,,,,,,,,,,,,,,,
17,17,,Miami PIS,,,,,Airport - Aircraft - Cargo - PIS,,,Guatemala,,Rooted Cutting (including air layer),,PALMAS S DE R L,83,56240,,,,,,2,,,,,,,,,,,,,,,
18,18,,Atlanta PIS,,,,,Maritime Port - Vessel - Cargo - PIS,,,Costa Rica,,Meristem or Callus Tissue Culture (micropropagated/in vitro culture),,SAPO VERDE 1001,1,3798,,,,,,5,,,,,,,,,,,,,,,
18,18,,Seattle PIS,,,,,Airport - Aircraft - Cargo - PIS,,,China,,Rooted Plant (including grafted),,TROPICA DEL ATLANTICO,13,4420,,,,,,5,,,,,,,,,,,,,,,
18,18,,Atlanta PIS,,,,,Airport - Aircraft - Cargo - PIS,,,Dominican Republic,,Unrooted Cutting,,Not Selected,5,27013,,,,,,27,,,,,,,,,,,,,,,
18,18,,Carolina PIS,,,,,Airport - Aircraft - Cargo - PIS,,,Uganda,,Unrooted Cutting,,Same as Shipper,0,1626,,,,,,4,,,,,,,,,,,,,,,
18,18,,Seattle PIS,,,,,Airport - Aircraft - Cargo - PIS,,,Costa Rica,,Unrooted Cutting,,POOSIN GARDENS CO,4,22,,,,,,21,,,,,,,,,,,,,,,
18,18,,Miami PIS,,,,,Airport - Aircraft - Cargo - PIS,,,Indonesia,,Unrooted Cutting,,FOLLAJES INTERNACIONALES SA 1-6,37,2042,,,,,,27,,,,,,,,,,,,,,,
18,18,,JFK PIS,,,,,Maritime Port - Vessel - Cargo - PIS,,,Colombia,,Rooted Cutting (including air layer),,VITA FARMS BOXES 043-047,6,1317,,,,,,12,,,,,,,,,,,,,,,
18,18,,Miami PIS,,,,,Airport - Aircraft - Cargo - PIS,,,Netherlands,,Unrooted Cutting,,INNOVAPLANT DE COSTA RICA,50,23623,,,,,,17,,,,,,,,,,,,,,,
18,18,,Los Angeles PIS,,,,,Airport - Aircraft - Cargo - PIS,,,Taiwan,,Unrooted Cutting,,Not Selected,9,9060,,,,,,1,,,,,,,,,,,,,,,
18,18,,Los Angeles PIS,,,,,Airport - Aircraft - Cargo - PIS,,,Costa Rica,,Rooted Plant (including grafted),,ORNAMENTALLES DE SAPO VERDE 001-030,35,82582,,,,,,18,,,,,,,,,,,,,,,
18,18,,Miami PIS,,,,,Airport - Aircraft - Cargo - PIS,,,Netherlands,,Unrooted Plant,,Dalat Has Farm Agrivina,207,219659,,,,,,27,,,,,,,,,,,,,,,
18,18,,Miami PIS,,,,,Airport - Aircraft - Cargo - PIS,,,Thailand,,Unrooted Cutting,,Cerca del Paraiso 101-103,1,42810,,,,,,3,,,,,,,,,,,,,,,
18,18,,Los Angeles PIS,,,,,Airport - Aircraft - Cargo - PIS,,,Costa Rica,,"Root cutting, crown, or clump, Tuberous Root",,Vita Farms 7501,50,112,,,,,,25,,,,,,,,,,,,,,,
18,18,,Miami PIS,,,,,Airport - Aircraft - Cargo - PIS,,,Colombia,,Rooted Plant (including grafted),,BEAUTY LINE GUATEMALA,3,5889,,,,,,28,,,,,,,,,,,,,,,
18,18,,Miami PIS,,,,,Airport - Aircraft - Cargo - PIS,,,Guatemala,,Rooted Cutting (including air layer),,NOVA CANE COSTA RICA S.A,2,28963,,,,,,17,,,,,,,,,,,,,,,
18,18,,Linden PIS,,,,,Maritime Port - Vessel - Cargo - PIS,,,Germany,,Unrooted Cutting,,Tigra Verde S A,5,7393,,,,,,2,,,,,,,,,,,,,,,
18,18,,Miami PIS,,,,,Maritime Port - Vessel - Cargo - PIS,,,Netherlands,,Unrooted Cutting,,Vita Farms 201,12,30754,,,,,,21,,,,,,,,,,,,,,,
18,18,,Miami PIS,,,,,Airport - Aircraft - Cargo - PIS,,,Brazil,,Unrooted Plant,,INNOVAPLANT DE COSTA RICA,4,21091,,,,,,10,,,,,,,,,,,,,,,
18,18,,Miami PIS,,,,,Airport - Aircraft - Cargo - PIS,,,Costa Rica,,Rooted Plant (including grafted),,CV. KIRIM ANTAR BENUA,36,61696,,,,,,5,,,,,,,,,,,,,,,
18,18,,Los Angeles PIS,,,,,Airport - Aircraft - Cargo - PIS,,,Guatemala,,Meristem or Callus Tissue Culture (micropropagated/in vitro culture),,"Growth Revolution Co., Ltd.",1,14100,,,,,,14,,,,,,,,,,,,,,,
18,18,,Miami PIS,,,,,Airport - Aircraft - Cargo - PIS,,,Poland,,Rooted Plant (including grafted),,ORCHIS FLORICULTURING INC,1,39,,,,,,22,,,,,,,,,,,,,,,
18,18,,Atlanta PIS,,,,,Airport - Aircraft - Cargo - PIS,,,Guatemala,,Rooted Plant (including grafted),,KAPOK PLANTAS SA,17,6677,,,,,,5,,,,,,,,,,,,,,,
18,18,,Miami PIS,,,,,Airport - Aircraft - Cargo - PIS,,,Costa Rica,,Unrooted Cutting,,CACTUSINTER CO LTD,4,11031,,,,,,5,,,,,,,,,,,,,,,
18,18,,Miami PIS,,,,,Airport - Aircraft - Cargo - PIS,,,Thailand,,Unrooted Cutting,,"LONG PRIDE BIOTECHNOLOGY CO., LTD",55,2217,,,,,,25,,,,,,,,,,,,,,,
18,18,,Miami PIS,,,,,Airport - Aircraft - Cargo - PIS,,,Taiwan,,Unrooted Cutting,,Same as Shipper,21,1602,,,,,,20,,,,,,,,,,,,,,,
19,19,,Miami PIS,,,,,Airport - Aircraft - Cargo - PIS,,,Thailand,,Unrooted Cutting,,ZHANGZHOU RICH LINK TRADING CO  LTD,49,22072,,,,,,8,,,,,,,,,,,,,,,
19,19,,Los Angeles PIS,,,,,Airport - Aircraft - Cargo - PIS,,,India,,Rooted Cutting (including air layer),,"FOSHAN SANSHUI YOUNGPLANTS CO.,LTD",13,20917,,,,,,22,,,,,,,,,,,,,,,
19,19,,Guam PIS,,,,,Maritime Port - Vessel - Cargo - PIS,,,China,,"Bulb, Corm, Rhizome, Tuberous Stem",,DALAT HASFARM CO LTD,163,151,,,,,,25,,,,,,,,,,,,,,,
19,19,,Miami PIS,,,,,Airport - Aircraft - Cargo - PIS,,,Taiwan,,Unrooted Cutting,,VITRO PLUS B.V.,15,16637,,,,,,24,,,,,,,,,,,,,,,
19,19,,Los Angeles PIS,,,,,Airport - Aircraft - Cargo - PIS,,,Costa Rica,,Unrooted Plant,,Same as Shipper,0,5,,,,,,6,,,,,,,,,,,,,,,
19,19,,Miami PIS,,,,,Maritime Port - Vessel - Cargo - PIS,,,China,,Unrooted Cutting,,"SOLO VERDE/FOLLAJE VERDE LTD, REG#508",29,269,,,,,,8,,,,,,,,,,,,,,,
19,19,,Miami PIS,,,,,Airport - Aircraft - Cargo - PIS,,,China,,Unrooted Cutting,,Vita Farms 1901,627,12663,,,,,,10,,,,,,,,,,,,,,,
19,19,,Atlanta PIS,,,,,Airport - Aircraft - Cargo - PIS,,,El Salvador,,Unrooted Plant,,BEAUTY LINE GUATEMALA,62,46529,,,,,,7,,,,,,,,,,,,,,,
19,19,,Miami PIS,,,,,Airport - Aircraft - Cargo - PIS,,,Guatemala,,Unrooted Cutting,,PALKI  S.A.,6,106048,,,,,,8,,,,,,,,,,,,,,,
19,19,,Miami PIS,,,,,Airport - Aircraft - Cargo - PIS,,,Guatemala,,Unrooted Cutting,,Wirote Makmoon,21,34098,,,,,,26,,,,,,,,,,,,,,,
19,19,,Miami PIS,,,,,Airport - Aircraft - Cargo - PIS,,,"Korea, South",,"Bulb, Corm, Rhizome, Tuberous Stem",,BEAUTY LINE GUATEMALA SA,0,1500,,,,,,16,,,,,,,,,,,,,,,
19,19,,Miami PIS,,,,,Airport - Aircraft - Cargo - PIS,,,El Salvador,,Unrooted Plant,,AGROMARIALINDA SA 1-15,405,244118,,,,,,19,,,,,,,,,,,,,,,
19,19,,Atlanta PIS,,,,,Maritime Port - Vessel - Cargo - PIS,,,Viet Nam,,Unrooted Cutting,,Cactus Inter Co. ,9,149946,,,,,,19,,,,,,,,,,,,,,,
19,19,,Miami PIS,,,,,Airport - Aircraft - Cargo - PIS,,,India,,Rooted Plant (including grafted),,LAS LIMAS S A,521,253167,,,,,,12,,,,,,,,,,,,,,,
19,19,,Miami PIS,,,,,Airport - Aircraft - Cargo - PIS,,,Kenya,,Unrooted Cutting,,Ornamentales Sapo Verde Box 650,31,26783,,,,,,7,,,,,,,,,,,,,,,
19,19,,Los Angeles PIS,,,,,Airport - Aircraft - Cargo - PIS,,,Indonesia,,Unrooted Cutting,,LA FLORESTA ORNAMENTALES S.A.,25,2834,,,,,,24,,,,,,,,,,,,,,,
19,19,,Miami PIS,,,,,Airport - Aircraft - Cargo - PIS,,,China,,Unrooted Plant,,ZION PLANTS SOCIEDAD ANONIMA,1,133,,,,,,22,,,,,,,,,,,,,,,
19,19,,Orlando PIS,,,,,Airport - Aircraft - Cargo - PIS,,,China,,Unrooted Plant,,GEOAGRO DE COSTA RICA,2,2874,,,,,,21,,,,,,,,,,,,,,,
19,19,,Miami PIS,,,,,Airport - Aircraft - Cargo - PIS,,,Costa Rica,,Unrooted Cutting,,BOTANIKA S.A.,0,17938,,,,,,23,,,,,,,,,,,,,,,
19,19,,Los Indios PIS,,,,,Airport - Aircraft - Cargo - PIS,,,South Africa,,Meristem or Callus Tissue Culture (micropropagated/in vitro culture),,Same as Shipper,1,2,,,,,,28,,,,,,,,,,,,,,,
19,19,,Beltsville PIS,,,,,Airport - Aircraft - Cargo - PIS,,,Costa Rica,,Unrooted Cutting,,Borneo Aquatic,6,212072,,,,,,8,,,,,,,,,,,,,,,
19,19,,Miami PIS,,,,,Airport - Aircraft - Cargo - PIS,,,Sri Lanka,,Unrooted Cutting,,M & M ,370,10022,,,,,,3,,,,,,,,,,,,,,,
19,19,,Miami PIS,,,,,Airport - Aircraft - Cargo - PIS,,,Dominican Republic,,Unrooted Cutting,,AGRO KOMPASS S.A.,814,44276,,,,,,7,,,,,,,,,,,,,,,
19,19,,Los Angeles PIS,,,,,Airport - Aircraft - Cargo - PIS,,,Costa Rica,,Meristem or Callus Tissue Culture (micropropagated/in vitro culture),,RED FOX LAS MERCEDES  SA DE CV,13,3213,,,,,,12,,,,,,,,,,,,,,,
19,19,,Los Angeles PIS,,,,,Airport - Aircraft - Cargo - PIS,,,Thailand,,Rooted Plant (including grafted),,Not Selected,34,7452,,,,,,16,,,,,,,,,,,,,,,
20,20,,Miami PIS,,,,,Airport - Aircraft - Cargo - PIS,,,Kenya,,"Bulb, Corm, Rhizome, Tuberous Stem",,EXPORTADORA LA BENDICION 1-19,36,307422,,,,,,3,,,,,,,,,,,,,,,
20,20,,Los Angeles PIS,,,,,Airport - Aircraft - Cargo - PIS,,,Costa Rica,,Rooted Cutting (including air layer),,COOPEINDIA R.L. BOX 37-57 ,5,5952,,,,,,28,,,,,,,,,,,,,,,
20,20,,Miami PIS,,,,,Airport - Aircraft - Cargo - PIS,,,Guatemala,,Unrooted Cutting,,Vita farms Box 3301-3302,29,4647,,,,,,15,,,,,,,,,,,,,,,
20,20,,Orlando PIS,,,,,Airport - Aircraft - Cargo - PIS,,,Thailand,,Meristem or Callus Tissue Culture (micropropagated/in vitro culture),,IVAGRO SA,6430,29265,,,,,,2,,,,,,,,,,,,,,,
20,20,,Miami PIS,,,,,Airport - Aircraft - Cargo - PIS,,,Peru,,Unrooted Cutting,,AGRO MARIALINDA,8,89452,,,,,,4,,,,,,,,,,,,,,,
20,20,,Miami PIS,,,,,Maritime Port - Vessel - Cargo - PIS,,,Ethiopia,,Unrooted Cutting,,Same as Shipper,1,37,,,,,,18,,,,,,,,,,,,,,,
20,20,,Miami PIS,,,,,Airport - Aircraft - Cargo - PIS,,,Costa Rica,,Unrooted Cutting,,INNOVAPLANT DE COSTA RICA,36,8102,,,,,,12,,,,,,,,,,,,,,,
20,20,,Miami PIS,,,,,Airport - Aircraft - Cargo - PIS,,,Guatemala,,Unrooted Cutting,,KANJARIN HIRANWORAWUTHIKUL,10,3452,,,,,,21,,,,,,,,,,,,,,,
20,20,,Miami PIS,,,,,Airport - Aircraft - Cargo - PIS,,,Thailand,,Unrooted Cutting,,Same as Shipper,29,2799,,,,,,26,,,,,,,,,,,,,,,
20,20,,Houston PIS,,,,,Maritime Port - Vessel - Cargo - PIS,,,Costa Rica,,Unrooted Cutting,,"Follaje De Montana, S.A.",21,11632,,,,,,7,,,,,,,,,,,,,,,
20,20,,Atlanta PIS,,,,,Airport - Aircraft - Cargo - PIS,,,Kenya,,Unrooted Plant,,SHU-LONG FLOWERS INDUSTRY CO. LTD.,0,7929,,,,,,6,,,,,,,,,,,,,,,
20,20,,Atlanta PIS,,,,,Airport - Aircraft - Cargo - PIS,,,Poland,,Meristem or Callus Tissue Culture (micropropagated/in vitro culture),,Not Selected,103,182714,,,,,,26,,,,,,,,,,,,,,,
20,20,,Los Angeles PIS,,,,,Maritime Port - Vessel - Cargo - PIS,,,China,,Unrooted Cutting,,Same as Shipper,9,28864,,,,,,7,,,,,,,,,,,,,,,
20,20,,Linden PIS,,,,,Airport - Aircraft - Cargo - PIS,,,Thailand,,Rooted Plant (including grafted),,TUCAN EXPORTERS,1,39,,,,,,13,,,,,,,,,,,,,,,
20,20,,Miami PIS,,,,,Airport - Aircraft - Cargo - PIS,,,Sri Lanka,,Rooted Plant (including grafted),,NATTA 1565 LIMITED PARTNERSHIP,0,9,,,,,,10,,,,,,,,,,,,,,,
20,20,,Los Angeles PIS,,,,,Airport - Aircraft - Cargo - PIS,,,Brazil,,Meristem or Callus Tissue Culture (micropropagated/in vitro culture),,DARWIN COLOMBIA,1,5102,,,,,,7,,,,,,,,,,,,,,,
20,20,,Miami PIS,,,,,Airport - Aircraft - Cargo - PIS,,,Uganda,,Unrooted Cutting,,COSTA FARM LLC,0,1204,,,,,,27,,,,,,,,,,,,,,,
20,20,,Miami PIS,,,,,Maritime Port - Vessel - Cargo - PIS,,,Spain,,Rooted Plant (including grafted),,Peruanino S.C.R.L,13,24088,,,,,,23,,,,,,,,,,,,,,,
20,20,,Miami PIS,,,,,Airport - Aircraft - Cargo - PIS,,,Guatemala,,Rooted Plant (including grafted),,TUCAN EXPORTERS,145,72205,,,,,,17,,,,,,,,,,,,,,,
20,20,,Miami PIS,,,,,Airport - Aircraft - Cargo - PIS,,,Costa Rica,,Unrooted Cutting,,ZACATE ORNAMENTAL Y DECORATIVO,1,14,,,,,,28,,,,,,,,,,,,,,,
20,20,,Miami PIS,,,,,Airport - Aircraft - Cargo - PIS,,,Guatemala,,Unrooted Cutting,,Not Selected,187,324652,,,,,,21,,,,,,,,,,,,,,,
20,20,,Houston PIS,,,,,Airport - Aircraft - Cargo - PIS,,,Costa Rica,,Unrooted Cutting,,AGROEXPORTS M&R,2,371,,,,,,28,,,,,,,,,,,,,,,
20,20,,Los Angeles PIS,,,,,Airport - Aircraft - Cargo - PIS,,,Netherlands,,Unrooted Plant,,TUCAN EXPORTERS,0,12053,,,,,,14,,,,,,,,,,,,,,,
20,20,,Linden PIS,,,,,Airport - Aircraft - Cargo - PIS,,,Thailand,,Meristem or Callus Tissue Culture (micropropagated/in vitro culture),,Ornamentales Sapo Verde Box 212-324,42,70317,,,,,,20,,,,,,,,,,,,,,,
20,20,,JFK PIS,,,,,Airport - Aircraft - Cargo - PIS,,,Guatemala,,Rooted Cutting (including air layer),,Ornamentales Sapo Verde Box 001-031,3,4379,,,,,,11,,,,,,,,,,,,,,,
21,21,,Los Angeles PIS,,,,,Airport - Aircraft - Cargo - PIS,,,Taiwan,,Rooted Plant (including grafted),,MICRO PLANTS S.A,37,109228,,,,,,1,,,,,,,,,,,,,,,
21,21,,Miami PIS,,,,,Airport - Aircraft - Cargo - PIS,,,Costa Rica,,Meristem or Callus Tissue Culture (micropropagated/in vitro culture),,CACTUSINTER CO LTD,1,4829,,,,,,18,,,,,,,,,,,,,,,
21,21,,Los Angeles PIS,,,,,Airport - Aircraft - Cargo - PIS,,,Guatemala,,Rooted Plant (including grafted),,INNOVAPLANT DE COSTA RICA 1-4,21,5423,,,,,,12,,,,,,,,,,,,,,,
21,21,,Linden PIS,,,,,Airport - Aircraft - Cargo - PIS,,,Brazil,,Unrooted Cutting,,Not Selected,12,5903,,,,,,9,,,,,,,,,,,,,,,
21,21,,Miami PIS,,,,,Airport - Aircraft - Express Carrier - PIS,,,El Salvador,,Rooted Plant (including grafted),,CV  GREEN TROPICAL,6,1695,,,,,,2,,,,,,,,,,,,,,,
21,21,,Miami PIS,,,,,Airport - Aircraft - Cargo - PIS,,,Kenya,,Rooted Plant (including grafted),,AGRIGENTUM SA,1,128,,,,,,24,,,,,,,,,,,,,,,
21,21,,Miami PIS,,,,,Airport - Aircraft - Cargo - PIS,,,Costa Rica,,Unrooted Cutting,,MORAZAN,1,133,,,,,,6,,,,,,,,,,,,,,,
21,21,,Miami PIS,,,,,Airport - Aircraft - Cargo - PIS,,,Guatemala,,Unrooted Cutting,,"MEI CEI ORCHIDS CO.,LTD.",38,24071,,,,,,5,,,,,,,,,,,,,,,
21,21,,Atlanta PIS,,,,,Airport - Aircraft - Cargo - PIS,,,Tanzania,,Rooted Plant (including grafted),,PALKI,1,535,,,,,,20,,,,,,,,,,,,,,,
21,21,,Linden PIS,,,,,Airport - Aircraft - Cargo - PIS,,,Costa Rica,,Unrooted Plant,,INNOVAPLANT DE COSTA RICA,0,6617,,,,,,6,,,,,,,,,,,,,,,
21,21,,Miami PIS,,,,,Airport - Aircraft - Cargo - PIS,,,Turkey,,Rooted Plant (including grafted),,PACHARA ORCHIDS INTERTRADE CO.LTD.,1,97,,,,,,12,,,,,,,,,,,,,,,
21,21,,Linden PIS,,,,,Airport - Aircraft - Cargo - PIS,,,Netherlands,,"Root cutting, crown, or clump, Tuberous Root",,LUCHA ORNAMENTAL S.A.102-102,5,37,,,,,,1,,,,,,,,,,,,,,,
21,21,,Miami PIS,,,,,Airport - Aircraft - Cargo - PIS,,,Colombia,,Unrooted Cutting,,SHENZHEN SHENLIYI TRADING CO,27,190,,,,,,17,,,,,,,,,,,,,,,
21,21,,Atlanta PIS,,,,,Airport - Aircraft - Cargo - PIS,,,Thailand,,Rooted Cutting (including air layer),,LAS LIMAS S A,2,5309,,,,,,20,,,,,,,,,,,,,,,
21,21,,Miami PIS,,,,,Airport - Aircraft - Cargo - PIS,,,Kenya,,Unrooted Plant,,LAS LIMAS,65,123237,,,,,,14,,,,,,,,,,,,,,,
21,21,,Miami PIS,,,,,Maritime Port - Vessel - Cargo - PIS,,,Taiwan,,Unrooted Cutting,,Insumos y Servicios Agricolas S.A.,0,34,,,,,,18,,,,,,,,,,,,,,,
21,21,,Miami PIS,,,,,Airport - Aircraft - Cargo - PIS,,,Netherlands,,Unrooted Cutting,,INNOVA PLANT,2,144293,,,,,,28,,,,,,,,,,,,,,,
21,21,,Honolulu PIS,,,,,Airport - Aircraft - Cargo - PIS,,,China,,Unrooted Cutting,,ZIMFLORA PVT LTD,55,406951,,,,,,2,,,,,,,,,,,,,,,
21,21,,Miami PIS,,,,,Airport - Aircraft - Cargo - PIS,,,Netherlands,,Unrooted Plant,,La Realeza Ornamentales,0,1491,,,,,,5,,,,,,,,,,,,,,,
21,21,,Miami PIS,,,,,Airport - Aircraft - Express Carrier - PIS,,,Costa Rica,,Rooted Plant (including grafted),,GEOAGRO DE COSTA RICA,573,17720,,,,,,28,,,,,,,,,,,,,,,
21,21,,Los Angeles PIS,,,,,Airport - Aircraft - Cargo - PIS,,,Netherlands,,Rooted Plant (including grafted),,BC BROMELIAS DE COLOMBIA SAS SA,428,13739,,,,,,7,,,,,,,,,,,,,,,
21,21,,Seattle PIS,,,,,Airport - Aircraft - Cargo - PIS,,,Guatemala,,Meristem or Callus Tissue Culture (micropropagated/in vitro culture),,KRESS CONSOLIDATION BUISNESS INVEST,23,1734,,,,,,6,,,,,,,,,,,,,,,
21,21,,San Diego PIS,,,,,Airport - Aircraft - Cargo - PIS,,,Guatemala,,Rooted Plant (including grafted),,ANNIA FUENTES Box 101-103,8,19948,,,,,,12,,,,,,,,,,,,,,,
21,21,,Miami PIS,,,,,Airport - Aircraft - Cargo - PIS,,,Costa Rica,,Rooted Plant (including grafted),,INNOVAPLANT DE COSTA RICA,23,214353,,,,,,14,,,,,,,,,,,,,,,
21,21,,Miami PIS,,,,,Airport - Aircraft - Cargo - PIS,,,Costa Rica,,Unrooted Cutting,,TUCAN EXPORTERS,15,16248,,,,,,12,,,,,,,,,,,,,,,
22,22,,Miami PIS,,,,,Airport - Aircraft - Cargo - PIS,,,Guatemala,,Rooted Plant (including grafted),,VIVERO ALISON TATIANA,29,37414,,,,,,28,,,,,,,,,,,,,,,
22,22,,Miami PIS,,,,,Airport - Aircraft - Cargo - PIS,,,Thailand,,Meristem or Callus Tissue Culture (micropropagated/in vitro culture),,INNOVAPLANT DE COSTA RICA,8,23769,,,,,,9,,,,,,,,,,,,,,,
22,22,,Miami PIS,,,,,Airport - Aircraft - Cargo - PIS,,,Guatemala,,Rooted Cutting (including air layer),,CERCA DEL PARAISO SA,0,249,,,,,,9,,,,,,,,,,,,,,,
22,22,,Linden PIS,,,,,Airport - Aircraft - Express Carrier - PIS,,,Nicaragua,,Unrooted Cutting,,Not Selected,5,3444,,,,,,14,,,,,,,,,,,,,,,
22,22,,Miami PIS,,,,,Maritime Port - Vessel - Cargo - PIS,,,Guatemala,,Meristem or Callus Tissue Culture (micropropagated/in vitro culture),,T ORCHIDS,32,77595,,,,,,1,,,,,,,,,,,,,,,
22,22,,Miami PIS,,,,,Airport - Aircraft - Cargo - PIS,,,Zimbabwe,,Rooted Plant (including grafted),,BEAUTY LINE GUATEMALA,7,8135,,,,,,4,,,,,,,,,,,,,,,
22,22,,Miami PIS,,,,,Airport - Aircraft - Cargo - PIS,,,South Africa,,Rooted Plant (including grafted),,La Laguna Chichoj,24,26266,,,,,,7,,,,,,,,,,,,,,,
22,22,,Los Angeles PIS,,,,,Airport - Aircraft - Cargo - PIS,,,Denmark,,Unrooted Cutting,,TUCAN EXPORTERS,51,410441,,,,,,27,,,,,,,,,,,,,,,
22,22,,Miami PIS,,,,,Airport - Aircraft - Express Carrier - PIS,,,Zimbabwe,,Unrooted Cutting,,VITA  FARM Box 1501,0,200,,,,,,22,,,,,,,,,,,,,,,
22,22,,San Diego PIS,,,,,Airport - Aircraft - Cargo - PIS,,,Mexico,,Rooted Cutting (including air layer),,LA FLORESTA ORNAMENTALES S A,408,45782,,,,,,21,,,,,,,,,,,,,,,
22,22,,Miami PIS,,,,,Airport - Aircraft - Cargo - PIS,,,Thailand,,Unrooted Cutting,,Not Selected,165,25344,,,,,,2,,,,,,,,,,,,,,,
22,22,,Los Indios PIS,,,,,Airport - Aircraft - Cargo - PIS,,,Costa Rica,,Unrooted Cutting,,QUELETZU S.A.,1,6213,,,,,,10,,,,,,,,,,,,,,,
22,22,,Miami PIS,,,,,Airport - Aircraft - Cargo - PIS,,,Costa Rica,,Rooted Plant (including grafted),,AGRIGENTUM S A,32,45358,,,,,,27,,,,,,,,,,,,,,,
22,22,,Miami PIS,,,,,Airport - Aircraft - Cargo - PIS,,,Guatemala,,Meristem or Callus Tissue Culture (micropropagated/in vitro culture),,INNOVAPLANT DE COSTA RICA,2,275,,,,,,15,,,,,,,,,,,,,,,
22,22,,Orlando PIS,,,,,Maritime Port - Vessel - Cargo - PIS,,,Guatemala,,Unrooted Plant,,La Realeza Ornamentales,13,215,,,,,,7,,,,,,,,,,,,,,,
22,22,,Los Angeles PIS,,,,,Maritime Port - Vessel - Cargo - PIS,,,Taiwan,,Unrooted Cutting,,ORNAMENTALES SAPO VERDE 1100,17,83735,,,,,,20,,,,,,,,,,,,,,,
22,22,,Los Angeles PIS,,,,,Airport - Aircraft - Cargo - PIS,,,Thailand,,Rooted Plant (including grafted),,DALAT HASFARM CO LTD,2,23055,,,,,,1,,,,,,,,,,,,,,,
22,22,,Miami PIS,,,,,Airport - Aircraft - Cargo - PIS,,,Brazil,,Meristem or Callus Tissue Culture (micropropagated/in vitro culture),,VITRO PLUS,2,3228,,,,,,17,,,,,,,,,,,,,,,
22,22,,Miami PIS,,,,,Airport - Aircraft - Cargo - PIS,,,Thailand,,Unrooted Cutting,,SHENZHEN RENRUOFEI TRADING CO LT,0,120,,,,,,6,,,,,,,,,,,,,,,
22,22,,Linden PIS,,,,,Airport - Aircraft - Cargo - PIS,,,Kenya,,Unrooted Cutting,,FLORICULTURA Y CIA LTDA,0,347,,,,,,11,,,,,,,,,,,,,,,
22,22,,Miami PIS,,,,,Airport - Aircraft - Cargo - PIS,,,Taiwan,,Meristem or Callus Tissue Culture (micropropagated/in vitro culture),,FERTIPLANT B V,4,10585,,,,,,27,,,,,,,,,,,,,,,
22,22,,Miami PIS,,,,,Airport - Aircraft - Cargo - PIS,,,Costa Rica,,Unrooted Cutting,,SARAVUT CHATCHARAWAN,8,70594,,,,,,6,,,,,,,,,,,,,,,
22,22,,Miami PIS,,,,,Airport - Aircraft - Cargo - PIS,,,Mexico,,Unrooted Plant,,CV.AMAZONE TROPICALSS,2,3391,,,,,,15,,,,,,,,,,,,,,,
22,22,,Miami PIS,,,,,Airport - Aircraft - Cargo - PIS,,,Mexico,,Unrooted Cutting,,COOPEINDIA R.L Box 900-923,37,473,,,,,,13,,,,,,,,,,,,,,,
22,22,,Honolulu PIS,,,,,Airport - Aircraft - Cargo - PIS,,,Thailand,,Unrooted Plant,,CLAUDE W HAMILTON,101,37994,,,,,,25,,,,,,,,,,,,,,,
23,23,,Miami PIS,,,,,Airport - Aircraft - Cargo - PIS,,,Dominican Republic,,Rooted Plant (including grafted),,Borneo Aquatic,13,4986,,,,,,22,,,,,,,,,,,,,,,
23,23,,Miami PIS,,,,,Airport - Aircraft - Cargo - PIS,,,China,,Rooted Plant (including grafted),,ORNAMENTALES SAPO VERDE 201,4,7622,,,,,,12,,,,,,,,,,,,,,,
23,23,,Miami PIS,,,,,Airport - Aircraft - Cargo - PIS,,,Guatemala,,Meristem or Callus Tissue Culture (micropropagated/in vitro culture),,LATHYFLORA KENYA LTD,73,56239,,,,,,27,,,,,,,,,,,,,,,
23,23,,Linden PIS,,,,,Airport - Aircraft - Cargo - PIS,,,Thailand,,Unrooted Cutting,,ANNIA FUENTES Box 101-103,69,99930,,,,,,8,,,,,,,,,,,,,,,
23,23,,Miami PIS,,,,,Maritime Port - Vessel - Cargo - PIS,,,China,,Unrooted Cutting,,Vita Farms 2301-2347,0,15168,,,,,,5,,,,,,,,,,,,,,,
23,23,,Miami PIS,,,,,Airport - Aircraft - Cargo - PIS,,,Thailand,,Rooted Plant (including grafted),,VIVERO INTENACIONAL SA DE CV,1,397,,,,,,23,,,,,,,,,,,,,,,
23,23,,Miami PIS,,,,,Airport - Aircraft - Cargo - PIS,,,Guatemala,,Rooted Plant (including grafted),,"FOLLAJES INTERNACIONALES, S.A.",18,44444,,,,,,19,,,,,,,,,,,,,,,
23,23,,Miami PIS,,,,,Airport - Aircraft - Cargo - PIS,,,Viet Nam,,Unrooted Cutting,,LA FLORESTA ORNAMENTALES SA,25,33951,,,,,,7,,,,,,,,,,,,,,,
23,23,,Miami PIS,,,,,Airport - Aircraft - Express Carrier - PIS,,,China,,Unrooted Cutting,,PLANTOPEDIA PAMPANGA,7,5103,,,,,,14,,,,,,,,,,,,,,,
23,23,,Atlanta PIS,,,,,Airport - Aircraft - Cargo - PIS,,,Netherlands,,Unrooted Plant,,EXPORTADORA DE ORNAMENTALES,0,4370,,,,,,21,,,,,,,,,,,,,,,
23,23,,Miami PIS,,,,,Airport - Aircraft - Mail - PIS Mail,,,Costa Rica,,Meristem or Callus Tissue Culture (micropropagated/in vitro culture),,RED FOX LAS MERCEDES S.A.,16,18266,,,,,,16,,,,,,,,,,,,,,,
23,23,,Miami PIS,,,,,Airport - Aircraft - Cargo - PIS,,,Mexico,,Unrooted Cutting,,INDUSTRIAS AGRICOLAS CENTRO AMER,2,557,,,,,,19,,,,,,,,,,,,,,,
23,23,,Miami PIS,,,,,Airport - Aircraft - Cargo - PIS,,,Costa Rica,,Meristem or Callus Tissue Culture (micropropagated/in vitro culture),,Tanwapa Kongchern,2,72010,,,,,,11,,,,,,,,,,,,,,,
23,23,,Miami PIS,,,,,Airport - Aircraft - Cargo - PIS,,,Guatemala,,Rooted Plant (including grafted),,Duangnapa Koyaklang,0,468,,,,,,12,,,,,,,,,,,,,,,
23,23,,Los Angeles PIS,,,,,Airport - Aircraft - Cargo - PIS,,,China,,Unrooted Cutting,,Cactusinter,11,13307,,,,,,13,,,,,,,,,,,,,,,
23,23,,Miami PIS,,,,,Airport - Aircraft - Cargo - PIS,,,Viet Nam,,Rooted Plant (including grafted),,VITA FARMS BOX 801-873,78,69412,,,,,,6,,,,,,,,,,,,,,,
23,23,,Miami PIS,,,,,Airport - Aircraft - Cargo - PIS,,,Indonesia,,Unrooted Cutting,,APO VERDE ,239,24687,,,,,,20,,,,,,,,,,,,,,,
23,23,,Los Angeles PIS,,,,,Airport - Aircraft - Express Carrier - PIS,,,India,,Rooted Plant (including grafted),,LUCHA ORNAMENTAL S.A.102-102,7,18928,,,,,,17,,,,,,,,,,,,,,,
23,23,,Atlanta PIS,,,,,Maritime Port - Vessel - Cargo - PIS,,,Guatemala,,Unrooted Cutting,,Not Selected,1,12837,,,,,,8,,,,,,,,,,,,,,,
23,23,,Miami PIS,,,,,Airport - Aircraft - Express Carrier - PIS,,,"Korea, South",,Rooted Plant (including grafted),,FLORICULTURA Y COMPANIA LIMITADA,0,12246,,,,,,19,,,,,,,,,,,,,,,
23,23,,Miami PIS,,,,,Airport - Aircraft - Cargo - PIS,,,Guatemala,,Rooted Plant (including grafted),,M/S PLANTEK INTERNATIONAL,69,127,,,,,,25,,,,,,,,,,,,,,,
23,23,,Miami PIS,,,,,Maritime Port - Vessel - Cargo - PIS,,,Kenya,,Unrooted Cutting,,Ornamentales Rio Molino S.A.,0,2680,,,,,,18,,,,,,,,,,,,,,,
23,23,,Atlanta PIS,,,,,Airport - Aircraft - Cargo - PIS,,,Thailand,,Unrooted Cutting,,Same as Shipper,121,95,,,,,,25,,,,,,,,,,,,,,,
23,23,,Los Angeles PIS,,,,,Airport - Aircraft - Cargo - PIS,,,Costa Rica,,Rooted Plant (including grafted),,ORNAMETALES DE ALTURA S.A,51,165758,,,,,,19,,,,,,,,,,,,,,,
23,23,,Miami PIS,,,,,Airport - Aircraft - Cargo - PIS,,,India,,Unrooted Cutting,,-COOPEINDIA R.L. Box 17-21,1,7478,,,,,,8,,,,,,,,,,,,,,,
24,24,,Linden PIS,,,,,Maritime Port - Vessel - Cargo - PIS,,,El Salvador,,Unrooted Cutting,,KAPOK PLANTAS,1,14625,,,,,,9,,,,,,,,,,,,,,,
24,24,,Miami PIS,,,,,Airport - Aircraft - Cargo - PIS,,,Costa Rica,,Unrooted Cutting,,INNOVA PLANT DE COSTA RICA SA,7,2230,,,,,,27,,,,,,,,,,,,,,,
24,24,,Miami PIS,,,,,Airport - Aircraft - Cargo - PIS,,,Costa Rica,,Unrooted Cutting,,GUATEXOTIC,2,655,,,,,,23,,,,,,,,,,,,,,,
24,24,,Atlanta PIS,,,,,Airport - Aircraft - Cargo - PIS,,,Thailand,,Rooted Plant (including grafted),,Not Selected,13,9406,,,,,,16,,,,,,,,,,,,,,,
24,24,,Miami PIS,,,,,Airport - Aircraft - Cargo - PIS,,,Italy,,Rooted Plant (including grafted),,INNOVA PLANT DE COSTA RICA SA,10,6950,,,,,,25,,,,,,,,,,,,,,,
24,24,,Miami PIS,,,,,Maritime Port - Vessel - Cargo - PIS,,,Brazil,,Rooted Cutting (including air layer),,Not Selected,67,11779,,,,,,11,,,,,,,,,,,,,,,
24,24,,Miami PIS,,,,,Airport - Aircraft - Cargo - PIS,,,Switzerland,,Rooted Plant (including grafted),,Costa Farms LLC,1,4207,,,,,,25,,,,,,,,,,,,,,,
24,24,,Miami PIS,,,,,Airport - Aircraft - Cargo - PIS,,,China,,Unrooted Cutting,,"PLANT1688 (THAILAND) CO, LTD.",11,6649,,,,,,25,,,,,,,,,,,,,,,
24,24,,Miami PIS,,,,,Airport - Aircraft - Cargo - PIS,,,Thailand,,Unrooted Cutting,,ORNAMENTALES DE CONCEPCION,0,579,,,,,,9,,,,,,,,,,,,,,,
24,24,,Los Angeles PIS,,,,,Airport - Aircraft - Cargo - PIS,,,Costa Rica,,Unrooted Cutting,,INNOVA PLANT,10,20388,,,,,,27,,,,,,,,,,,,,,,
24,24,,Atlanta PIS,,,,,Airport - Aircraft - Cargo - PIS,,,China,,Unrooted Cutting,,"PACHARA ORCHIDS INTERTRADE CO.,",1,2340,,,,,,26,,,,,,,,,,,,,,,
24,24,,Atlanta PIS,,,,,Airport - Aircraft - Cargo - PIS,,,Guatemala,,Unrooted Cutting,,NATTA 1565 LIMITED PARTNERSHIP,0,34,,,,,,20,,,,,,,,,,,,,,,
24,24,,Miami PIS,,,,,Airport - Aircraft - Cargo - PIS,,,"Korea, South",,Unrooted Cutting,,Same as Shipper,4,4310,,,,,,7,,,,,,,,,,,,,,,
24,24,,Miami PIS,,,,,Airport - Aircraft - Cargo - PIS,,,Guatemala,,Meristem or Callus Tissue Culture (micropropagated/in vitro culture),,Vita Farms Box 801-885,12,17471,,,,,,17,,,,,,,,,,,,,,,
24,24,,Atlanta PIS,,,,,Airport - Aircraft - Cargo - PIS,,,China,,Unrooted Cutting,,TUCAN EXPORTERS,1,6881,,,,,,19,,,,,,,,,,,,,,,
24,24,,Atlanta PIS,,,,,Airport - Aircraft - Cargo - PIS,,,Guatemala,,Unrooted Cutting,,Vita Farms,3,9594,,,,,,9,,,,,,,,,,,,,,,
24,24,,Miami PIS,,,,,Airport - Aircraft - Cargo - PIS,,,Costa Rica,,Meristem or Callus Tissue Culture (micropropagated/in vitro culture),,Same as Shipper,3,6224,,,,,,23,,,,,,,,,,,,,,,
24,24,,Seattle PIS,,,,,Airport - Aircraft - Cargo - PIS,,,Kenya,,Unrooted Cutting,,POLDER CO LTD,3,2392,,,,,,1,,,,,,,,,,,,,,,
24,24,,Miami PIS,,,,,Airport - Aircraft - Cargo - PIS,,,Kenya,,Rooted Plant (including grafted),,UBONRAT NURSERY LTD,2,43369,,,,,,9,,,,,,,,,,,,,,,
24,24,,Los Angeles PIS,,,,,Airport - Aircraft - Cargo - PIS,,,Costa Rica,,Unrooted Cutting,,LA FLORESTA ORNAMENTALES SA,0,67,,,,,,1,,,,,,,,,,,,,,,
24,24,,Miami PIS,,,,,Airport - Aircraft - Cargo - PIS,,,Costa Rica,,"Root cutting, crown, or clump, Tuberous Root",,FOLLAJES INTERNACIONALES SA,1,1369,,,,,,11,,,,,,,,,,,,,,,
24,24,,Miami PIS,,,,,Airport - Aircraft - Cargo - PIS,,,Indonesia,,Meristem or Callus Tissue Culture (micropropagated/in vitro culture),,ZACATE ORNAMENTAL Y DECORATIVO,1,13018,,,,,,17,,,,,,,,,,,,,,,
24,24,,Linden PIS,,,,,Maritime Port - Vessel - Cargo - PIS,,,China,,Rooted Plant (including grafted),,INNOVA PLANT DE COSTA RICA SA,0,16366,,,,,,11,,,,,,,,,,,,,,,
24,24,,Atlanta PIS,,,,,Maritime Port - Vessel - Cargo - PIS,,,Taiwan,,Rooted Plant (including grafted),,STK ORCHID NURSERY,0,2622,,,,,,6,,,,,,,,,,,,,,,
24,24,,Miami PIS,,,,,Airport - Aircraft - Cargo - PIS,,,Guatemala,,Unrooted Cutting,,QUELETZU S A BOX 1-32,268,175750,,,,,,28,,,,,,,,,,,,,,,
25,25,,Miami PIS,,,,,Airport - Aircraft - Cargo - PIS,,,Netherlands,,Rooted Plant (including grafted),,Agropecuaria Marso,4,4404,,,,,,1,,,,,,,,,,,,,,,
25,25,,Atlanta PIS,,,,,Airport - Aircraft - Cargo - PIS,,,Kenya,,Unrooted Cutting,,Same as Shipper,14,5048,,,,,,5,,,,,,,,,,,,,,,
25,25,,Miami PIS,,,,,Airport - Aircraft - Cargo - PIS,,,Taiwan,,Unrooted Cutting,,Not Selected,130,65803,,,,,,11,,,,,,,,,,,,,,,
25,25,,Linden PIS,,,,,Airport - Aircraft - Cargo - PIS,,,Taiwan,,Rooted Plant (including grafted),,Not Selected,1,256,,,,,,1,,,,,,,,,,,,,,,
25,25,,Atlanta PIS,,,,,Airport - Aircraft - Cargo - PIS,,,Costa Rica,,Meristem or Callus Tissue Culture (micropropagated/in vitro culture),,ANTHO ORNAMENTALES SA box 1-10,5,8691,,,,,,3,,,,,,,,,,,,,,,
25,25,,Miami PIS,,,,,Airport - Aircraft - Cargo - PIS,,,Costa Rica,,Unrooted Cutting,,INNOVAPLANT DE COSTA RICA,1,3592,,,,,,27,,,,,,,,,,,,,,,
25,25,,Miami PIS,,,,,Airport - Aircraft - Cargo - PIS,,,Netherlands,,Unrooted Cutting,,Costa Farms LLC,0,288,,,,,,5,,,,,,,,,,,,,,,
25,25,,Miami PIS,,,,,Airport - Aircraft - Cargo - PIS,,,Singapore,,Unrooted Cutting,,INNOVAPLANT DE COSTA RICA,10,77863,,,,,,14,,,,,,,,,,,,,,,
25,25,,Miami PIS,,,,,Airport - Aircraft - Cargo - PIS,,,Costa Rica,,Unrooted Cutting,,Vita Farms 201,0,8786,,,,,,10,,,,,,,,,,,,,,,
25,25,,Miami PIS,,,,,Airport - Aircraft - Cargo - PIS,,,Guatemala,,Unrooted Cutting,,LAS LIMAS,4,2859,,,,,,22,,,,,,,,,,,,,,,
25,25,,Linden PIS,,,,,Airport - Aircraft - Cargo - PIS,,,Guatemala,,Rooted Cutting (including air layer),,SAPO VERDE 1201,98,115753,,,,,,22,,,,,,,,,,,,,,,
25,25,,San Diego PIS,,,,,Airport - Aircraft - Cargo - PIS,,,Guatemala,,Rooted Cutting (including air layer),,IVAGRO SA,10,74202,,,,,,5,,,,,,,,,,,,,,,
25,25,,Miami PIS,,,,,Airport - Aircraft - Cargo - PIS,,,Portugal,,Unrooted Cutting,,MUKOYAMA ORCHIDS CO LTD,0,8378,,,,,,18,,,,,,,,,,,,,,,
25,25,,Linden PIS,,,,,Airport - Aircraft - Cargo - PIS,,,Thailand,,Unrooted Cutting,,GUATEXOTIC,6,13758,,,,,,24,,,,,,,,,,,,,,,
25,25,,Miami PIS,,,,,Airport - Aircraft - Cargo - PIS,,,Thailand,,Unrooted Cutting,,VIVERO LAS GARDENIAS,3,2203,,,,,,13,,,,,,,,,,,,,,,
25,25,,Miami PIS,,,,,Airport - Aircraft - Cargo - PIS,,,Mexico,,Unrooted Plant,,ZHANJIANG YONGXING IMPORT & EXPORT,2,16848,,,,,,9,,,,,,,,,,,,,,,
25,25,,Los Angeles PIS,,,,,Airport - Aircraft - Cargo - PIS,,,Mexico,,Unrooted Cutting,,ANTHO ORNAMENTALES Box 01- 08,71,56,,,,,,27,,,,,,,,,,,,,,,
25,25,,Miami PIS,,,,,Airport - Aircraft - Cargo - PIS,,,Thailand,,Rooted Plant (including grafted),,BOCELS BROMELAIDS,16,46251,,,,,,26,,,,,,,,,,,,,,,
25,25,,Miami PIS,,,,,Airport - Aircraft - Cargo - PIS,,,Ethiopia,,Unrooted Plant,,DGJ CAPCO DE COSTA RICA,623,34297,,,,,,19,,,,,,,,,,,,,,,
25,25,,Miami PIS,,,,,Airport - Aircraft - Cargo - PIS,,,Zimbabwe,,Unrooted Cutting,,INNOVAPLANT DE COSTA RICA,197,488,,,,,,5,,,,,,,,,,,,,,,
25,25,,Houston PIS,,,,,Airport - Aircraft - Cargo - PIS,,,Costa Rica,,Rooted Cutting (including air layer),,TICOPLANT,4,5082,,,,,,27,,,,,,,,,,,,,,,
25,25,,Miami PIS,,,,,Airport - Aircraft - Cargo - PIS,,,Tanzania,,Unrooted Cutting,,SAPO VERDE box 8001,319,47256,,,,,,4,,,,,,,,,,,,,,,
25,25,,Miami PIS,,,,,Airport - Aircraft - Cargo - PIS,,,Thailand,,Unrooted Cutting,,CV. Nisa Garden,3,9268,,,,,,6,,,,,,,,,,,,,,,
25,25,,Miami PIS,,,,,Airport - Aircraft - Cargo - PIS,,,Costa Rica,,Unrooted Cutting,,Wirote Makmoon,456,9948,,,,,,28,,,,,,,,,,,,,,,
25,25,,Miami PIS,,,,,Airport - Aircraft - Cargo - PIS,,,Costa Rica,,Unrooted Cutting,,PREMIUM ORNAMENTALES,2746,3534,,,,,,12,,,,,,,,,,,,,,,
26,26,,Miami PIS,,,,,Airport - Aircraft - Cargo - PIS,,,Taiwan,,Unrooted Cutting,,BEAUTY LINE GUATEMALA,4,7151,,,,,,2,,,,,,,,,,,,,,,
26,26,,Miami PIS,,,,,Airport - Aircraft - Cargo - PIS,,,Thailand,,Unrooted Cutting,,MICROPLANTAS S.A.,4,4738,,,,,,20,,,,,,,,,,,,,,,
26,26,,Atlanta PIS,,,,,Airport - Aircraft - Cargo - PIS,,,Costa Rica,,Unrooted Cutting,,GEOAGRO DE COSTA RICA SA,3,16406,,,,,,20,,,,,,,,,,,,,,,
26,26,,Miami PIS,,,,,Airport - Aircraft - Cargo - PIS,,,Uganda,,Unrooted Cutting,,LATHYFLORA (KENYA) LIMITED,0,525,,,,,,23,,,,,,,,,,,,,,,
26,26,,Miami PIS,,,,,Airport - Aircraft - Cargo - PIS,,,Indonesia,,Unrooted Cutting,,M & R AGROEXPORTS,0,2183,,,,,,1,,,,,,,,,,,,,,,
26,26,,Orlando PIS,,,,,Airport - Aircraft - Cargo - PIS,,,Costa Rica,,Unrooted Plant,,CLAUDE HAMILTON,6,9561,,,,,,6,,,,,,,,,,,,,,,
26,26,,Miami PIS,,,,,Airport - Aircraft - Cargo - PIS,,,Ethiopia,,Unrooted Cutting,,F1 BIOTECH,25,40972,,,,,,2,,,,,,,,,,,,,,,
26,26,,Los Angeles PIS,,,,,Airport - Aircraft - Cargo - PIS,,,Netherlands,,Unrooted Cutting,,KULTANA ORCHIDS,33,120068,,,,,,17,,,,,,,,,,,,,,,
26,26,,Miami PIS,,,,,Airport - Aircraft - Cargo - PIS,,,Thailand,,Unrooted Cutting,,Ornamentales Sapo Verde Box 650,1,410,,,,,,8,,,,,,,,,,,,,,,
26,26,,Linden PIS,,,,,Airport - Aircraft - Cargo - PIS,,,"Korea, South",,Rooted Plant (including grafted),,Not Selected,38,68755,,,,,,26,,,,,,,,,,,,,,,
26,26,,Miami PIS,,,,,Airport - Aircraft - Cargo - PIS,,,Thailand,,Rooted Cutting (including air layer),,PT ALCHEMIE BERKA,0,1796,,,,,,21,,,,,,,,,,,,,,,
26,26,,Atlanta PIS,,,,,Airport - Aircraft - Cargo - PIS,,,Guatemala,,Unrooted Cutting,,SHENZHEN ZHIZE WEISI SUPPLY CHAIN,91,212492,,,,,,28,,,,,,,,,,,,,,,
26,26,,Miami PIS,,,,,Airport - Aircraft - Cargo - PIS,,,Costa Rica,,Unrooted Cutting,,LONG PRIDE BIOTECHNOLOGY,10,4334,,,,,,19,,,,,,,,,,,,,,,
26,26,,JFK PIS,,,,,Airport - Aircraft - Cargo - PIS,,,Peru,,Unrooted Cutting,,LA FLOR EXOTICA DEL CARIBE BULLIS,2,18861,,,,,,14,,,,,,,,,,,,,,,
26,26,,Los Angeles PIS,,,,,Airport - Aircraft - Cargo - PIS,,,Mexico,,Unrooted Cutting,,ORCHITECH LAB CO LTD,39,83095,,,,,,10,,,,,,,,,,,,,,,
26,26,,Atlanta PIS,,,,,Airport - Aircraft - Cargo - PIS,,,Guatemala,,Unrooted Cutting,,PLANT INVESTMENTS SOCIEDAD ANONI,17,3101,,,,,,25,,,,,,,,,,,,,,,
26,26,,Los Angeles PIS,,,,,Airport - Aircraft - Cargo - PIS,,,Netherlands,,Rooted Plant (including grafted),,Anita Salazar Avila,0,4458,,,,,,10,,,,,,,,,,,,,,,
26,26,,Miami PIS,,,,,Airport - Aircraft - Cargo - PIS,,,Spain,,Unrooted Cutting,,ARCO IRIS DEL CARIBE S.A.,36,28052,,,,,,16,,,,,,,,,,,,,,,
26,26,,Miami PIS,,,,,Airport - Aircraft - Cargo - PIS,,,China,,Unrooted Cutting,,Insumos y Servicios Agricolas S.A.,9,37273,,,,,,21,,,,,,,,,,,,,,,
26,26,,Miami PIS,,,,,Airport - Aircraft - Cargo - PIS,,,Mexico,,Unrooted Cutting,,Same as Shipper,1,6862,,,,,,20,,,,,,,,,,,,,,,
26,26,,Linden PIS,,,,,Airport - Aircraft - Cargo - PIS,,,Costa Rica,,Unrooted Cutting,,LAS LIMAS S A,24,698,,,,,,23,,,,,,,,,,,,,,,
26,26,,Miami PIS,,,,,Airport - Aircraft - Cargo - PIS,,,Guatemala,,Rooted Plant (including grafted),,Mr. Wirote Makmoon,15,55824,,,,,,19,,,,,,,,,,,,,,,
26,26,,Miami PIS,,,,,Airport - Aircraft - Cargo - PIS,,,Kenya,,Unrooted Cutting,,NUTAPONG VITITVIRIY AKUL,1,6221,,,,,,23,,,,,,,,,,,,,,,
26,26,,Los Angeles PIS,,,,,Airport - Aircraft - Cargo - PIS,,,Taiwan,,Unrooted Cutting,,Cerca del Paraiso ,125,43148,,,,,,1,,,,,,,,,,,,,,,
26,26,,Miami PIS,,,,,Airport - Aircraft - Cargo - PIS,,,Costa Rica,,Unrooted Cutting,,"Follaje De Montana, S.A.",87,170209,,,,,,28,,,,,,,,,,,,,,,
27,27,,Miami PIS,,,,,Airport - Aircraft - Express Carrier - PIS,,,Guatemala,,Rooted Plant (including grafted),,CHAO JEN FONG,2,51,,,,,,13,,,,,,,,,,,,,,,
27,27,,Linden PIS,,,,,Airport - Aircraft - Cargo - PIS,,,Zimbabwe,,Unrooted Cutting,,Mr. Nattapong Monghpech,5,6111,,,,,,27,,,,,,,,,,,,,,,
27,27,,Miami PIS,,,,,Airport - Aircraft - Express Carrier - PIS,,,United Kingdom of Great Britain and N. Ireland,,Unrooted Cutting,,INDUSTRIA AGRICOLAS CENTRO AMERICAN,9,16,,,,,,13,,,,,,,,,,,,,,,
27,27,,Atlanta PIS,,,,,Airport - Aircraft - Cargo - PIS,,,Mexico,,Unrooted Cutting,,BEAUTY LINE GUATEMALA,1,2882,,,,,,12,,,,,,,,,,,,,,,
27,27,,Miami PIS,,,,,Airport - Aircraft - Cargo - PIS,,,Tanzania,,Unrooted Cutting,,SHENZHEN ZHIZE WEISI SUPPLY CHAIN,219,138424,,,,,,1,,,,,,,,,,,,,,,
27,27,,Miami PIS,,,,,Maritime Port - Vessel - Cargo - PIS,,,Costa Rica,,Rooted Plant (including grafted),,PLANTEX,4,18579,,,,,,16,,,,,,,,,,,,,,,
27,27,,Miami PIS,,,,,Airport - Aircraft - Cargo - PIS,,,Brazil,,Rooted Plant (including grafted),,EXPORTADORA FARM2 ,0,34054,,,,,,28,,,,,,,,,,,,,,,
27,27,,Miami PIS,,,,,Airport - Aircraft - Cargo - PIS,,,Guatemala,,Unrooted Cutting,,VIVERO LAS GARDERIAS,26,6222,,,,,,28,,,,,,,,,,,,,,,
27,27,,Miami PIS,,,,,Airport - Aircraft - Cargo - PIS,,,Guatemala,,Rooted Plant (including grafted),,VITA  FARMS Box 1901,0,6057,,,,,,17,,,,,,,,,,,,,,,
27,27,,Miami PIS,,,,,Airport - Aircraft - Cargo - PIS,,,Guatemala,,Meristem or Callus Tissue Culture (micropropagated/in vitro culture),,"VIVERO INTERNATIONAL ,S.A.DE C.V",14,34295,,,,,,5,,,,,,,,,,,,,,,
27,27,,Miami PIS,,,,,Maritime Port - Vessel - Cargo - PIS,,,Thailand,,Rooted Plant (including grafted),,SAPO VERDE 1201,1,7051,,,,,,3,,,,,,,,,,,,,,,
27,27,,Linden PIS,,,,,Maritime Port - Vessel - Cargo - PIS,,,China,,Unrooted Cutting,,Ornamentales Sapo Verde 3001,0,6820,,,,,,18,,,,,,,,,,,,,,,
27,27,,Miami PIS,,,,,Airport - Aircraft - Cargo - PIS,,,Thailand,,Rooted Plant (including grafted),,MR. WROTE MAKMOON,2,113648,,,,,,23,,,,,,,,,,,,,,,
27,27,,Miami PIS,,,,,Airport - Aircraft - Cargo - PIS,,,Viet Nam,,Unrooted Plant,,PT ALCHEMIE BERKA,46,739,,,,,,10,,,,,,,,,,,,,,,
27,27,,Atlanta PIS,,,,,Airport - Aircraft - Cargo - PIS,,,Guatemala,,Unrooted Cutting,,QUELETZU S.A.,50,4,,,,,,7,,,,,,,,,,,,,,,
27,27,,Houston PIS,,,,,Airport - Aircraft - Cargo - PIS,,,Spain,,Unrooted Cutting,,LOS PINOS POPTUN,9,3085,,,,,,6,,,,,,,,,,,,,,,
27,27,,Miami PIS,,,,,Airport - Aircraft - Cargo - PIS,,,Costa Rica,,Unrooted Cutting,,Riampreeda Garden,81975,6805,,,,,,21,,,,,,,,,,,,,,,
27,27,,Miami PIS,,,,,Maritime Port - Vessel - Cargo - PIS,,,Costa Rica,,Unrooted Cutting,,XL-BLOOM YOUNGPLANTS,18,40420,,,,,,22,,,,,,,,,,,,,,,
27,27,,Miami PIS,,,,,Airport - Aircraft - Cargo - PIS,,,Costa Rica,,Unrooted Cutting,,RED FOX ETHIOPIA PLC,69,218098,,,,,,26,,,,,,,,,,,,,,,
27,27,,Miami PIS,,,,,Airport - Aircraft - Cargo - PIS,,,Taiwan,,Unrooted Cutting,,VITA FARMS BOX 801-873,1,21,,,,,,20,,,,,,,,,,,,,,,
27,27,,Linden PIS,,,,,Airport - Aircraft - Cargo - PIS,,,Costa Rica,,Rooted Cutting (including air layer),,CV GREEN TROPICAL,16,20908,,,,,,3,,,,,,,,,,,,,,,
27,27,,Miami PIS,,,,,Airport - Aircraft - Cargo - PIS,,,Thailand,,Meristem or Callus Tissue Culture (micropropagated/in vitro culture),,Vita Farms 701,35,30,,,,,,7,,,,,,,,,,,,,,,
27,27,,Atlanta PIS,,,,,Airport - Aircraft - Cargo - PIS,,,Kenya,,Unrooted Cutting,,La Laguna Chichoj,142,1503,,,,,,2,,,,,,,,,,,,,,,
27,27,,Miami PIS,,,,,Airport - Aircraft - Cargo - PIS,,,"Korea, South",,Rooted Plant (including grafted),,INVERSIONES AGROCOMERCIALES (IVAGRO),51,12450,,,,,,19,,,,,,,,,,,,,,,
27,27,,Los Angeles PIS,,,,,Airport - Aircraft - Cargo - PIS,,,Thailand,,Rooted Plant (including grafted),,"ZHANJIANG YUANLIN TRADING CO., LTD",1,1615,,,,,,26,,,,,,,,,,,,,,,
28,28,,Miami PIS,,,,,Airport - Aircraft - Cargo - PIS,,,Canada,,Unrooted Cutting,,AGROPECUARIA PENIEL (GUATEXOTIC),34,41382,,,,,,18,,,,,,,,,,,,,,,
28,28,,Miami PIS,,,,,Airport - Aircraft - Cargo - PIS,,,Guatemala,,Rooted Cutting (including air layer),,LUCHA ORNAMENTAL S.A.102-102,13,2676,,,,,,15,,,,,,,,,,,,,,,
28,28,,Miami PIS,,,,,Maritime Port - Vessel - Cargo - PIS,,,Israel,,Rooted Plant (including grafted),,Anita Salazar Avila,15,812,,,,,,5,,,,,,,,,,,,,,,
28,28,,Los Angeles PIS,,,,,Airport - Aircraft - Cargo - PIS,,,Costa Rica,,Rooted Plant (including grafted),,MONRA S.A.,1,1535,,,,,,21,,,,,,,,,,,,,,,
28,28,,Atlanta PIS,,,,,Maritime Port - Vessel - Cargo - PIS,,,Costa Rica,,Rooted Plant (including grafted),,IZUCAR HORTICULTURAL /YECAFLORA,0,143,,,,,,11,,,,,,,,,,,,,,,
28,28,,Miami PIS,,,,,Airport - Aircraft - Cargo - PIS,,,Kenya,,Rooted Plant (including grafted),,Not Selected,135,14469,,,,,,19,,,,,,,,,,,,,,,
28,28,,Los Angeles PIS,,,,,Airport - Aircraft - Cargo - PIS,,,Thailand,,Rooted Cutting (including air layer),,RED FOX LAS MERCEDES,99,291392,,,,,,10,,,,,,,,,,,,,,,
28,28,,Los Angeles PIS,,,,,Maritime Port - Vessel - Cargo - PIS,,,Brazil,,Rooted Plant (including grafted),,DARWIN COLOMBIA,2,110,,,,,,26,,,,,,,,,,,,,,,
28,28,,Miami PIS,,,,,Airport - Aircraft - Cargo - PIS,,,Colombia,,Unrooted Plant,,INVERSIONES AGROCOMERCIALES,1,1296,,,,,,5,,,,,,,,,,,,,,,
28,28,,Atlanta PIS,,,,,Airport - Aircraft - Cargo - PIS,,,Costa Rica,,Meristem or Callus Tissue Culture (micropropagated/in vitro culture),,VIVERO INTERNACIONAL S.A. DE C.V.,1,301425,,,,,,18,,,,,,,,,,,,,,,
28,28,,Miami PIS,,,,,Land Border - Truck - Cargo - PIS,,,Honduras,,Unrooted Plant,,"KAPOK PLANTAS, S.A.",10,59636,,,,,,23,,,,,,,,,,,,,,,
28,28,,Miami PIS,,,,,Airport - Aircraft - Cargo - PIS,,,El Salvador,,Unrooted Cutting,,QUELETZU S.A.,3,1882,,,,,,14,,,,,,,,,,,,,,,
28,28,,Miami PIS,,,,,Airport - Aircraft - Cargo - PIS,,,Indonesia,,Rooted Plant (including grafted),,DARWIN COLOMBIA SAS,2,107,,,,,,10,,,,,,,,,,,,,,,
28,28,,Los Angeles PIS,,,,,Airport - Aircraft - Cargo - PIS,,,Kenya,,Unrooted Cutting,,LUCHA ORNAMENTAL S.A.102-102,0,10,,,,,,6,,,,,,,,,,,,,,,
28,28,,Miami PIS,,,,,Airport - Aircraft - Cargo - PIS,,,Netherlands,,Rooted Plant (including grafted),,FERTIPLANT BV.,0,1166,,,,,,14,,,,,,,,,,,,,,,
28,28,,Los Angeles PIS,,,,,Airport - Aircraft - Cargo - PIS,,,Guatemala,,Unrooted Cutting,,JARDINES TERRAGARDEN,8,4683,,,,,,24,,,,,,,,,,,,,,,
28,28,,Miami PIS,,,,,Airport - Aircraft - Cargo - PIS,,,Turkey,,Unrooted Cutting,,AGRO KOMPASS S  A BOX 1-81,3,3045,,,,,,7,,,,,,,,,,,,,,,
28,28,,San Diego PIS,,,,,Maritime Port - Vessel - Cargo - PIS,,,Mexico,,Meristem or Callus Tissue Culture (micropropagated/in vitro culture),,ZACATE ORNAMENTAL Y DECORATIVO,18,19,,,,,,20,,,,,,,,,,,,,,,
28,28,,Miami PIS,,,,,Airport - Aircraft - Cargo - PIS,,,Uganda,,Rooted Plant (including grafted),,VITA FARMS BOXES1101-1102,68,70090,,,,,,9,,,,,,,,,,,,,,,
28,28,,Miami PIS,,,,,Airport - Aircraft - Cargo - PIS,,,Thailand,,Unrooted Cutting,,RAYA CHOM ROYAL CO LTD,55,311900,,,,,,20,,,,,,,,,,,,,,,
28,28,,Los Angeles PIS,,,,,Maritime Port - Vessel - Cargo - PIS,,,Israel,,Rooted Plant (including grafted),,TROPI PLANTAS S. A.,20,62746,,,,,,28,,,,,,,,,,,,,,,
28,28,,Los Angeles PIS,,,,,Maritime Port - Vessel - Cargo - PIS,,,Thailand,,Unrooted Cutting,,HV AGROPLANTAS S.R.L.,8,11907,,,,,,6,,,,,,,,,,,,,,,
28,28,,Los Angeles PIS,,,,,Airport - Aircraft - Cargo - PIS,,,Colombia,,Unrooted Cutting,,Not Selected,14,20210,,,,,,14,,,,,,,,,,,,,,,
28,28,,Miami PIS,,,,,Airport - Aircraft - Cargo - PIS,,,Costa Rica,,Unrooted Cutting,,Randolph Cathers,0,5363,,,,,,22,,,,,,,,,,,,,,,
28,28,,Miami PIS,,,,,Maritime Port - Vessel - Cargo - PIS,,,Colombia,,Rooted Plant (including grafted),,LOS TARRALES S.A.,21,10730,,,,,,9,,,,,,,,,,,,,,,
29,29,,Miami PIS,,,,,Airport - Aircraft - Cargo - PIS,,,Guatemala,,Meristem or Callus Tissue Culture (micropropagated/in vitro culture),,INNOVAPLANT DE COSTA RICA,0,15,,,,,,7,,,,,,,,,,,,,,,
29,29,,Atlanta PIS,,,,,Airport - Aircraft - Cargo - PIS,,,Ethiopia,,Rooted Plant (including grafted),,PRIMLARP CHUKIATMAN,1,11,,,,,,17,,,,,,,,,,,,,,,
29,29,,Seattle PIS,,,,,Airport - Aircraft - Cargo - PIS,,,Ethiopia,,Meristem or Callus Tissue Culture (micropropagated/in vitro culture),,INNOVAPLANT DE COSTA RICA,117,55153,,,,,,16,,,,,,,,,,,,,,,
29,29,,JFK PIS,,,,,Airport - Aircraft - Cargo - PIS,,,Thailand,,Rooted Plant (including grafted),,Same as Shipper,45,35472,,,,,,13,,,,,,,,,,,,,,,
29,29,,Miami PIS,,,,,Airport - Aircraft - Cargo - PIS,,,Costa Rica,,Unrooted Cutting,,"KAPOK PLANTAS, S.A.",20,6459,,,,,,17,,,,,,,,,,,,,,,
29,29,,Miami PIS,,,,,Airport - Aircraft - Cargo - PIS,,,New Zealand,,Rooted Plant (including grafted),,PLANTAS DEL TAMBO,16,3973,,,,,,12,,,,,,,,,,,,,,,
29,29,,Miami PIS,,,,,Airport - Aircraft - Cargo - PIS,,,Mexico,,Meristem or Callus Tissue Culture (micropropagated/in vitro culture),,Not Selected,34,26336,,,,,,27,,,,,,,,,,,,,,,
29,29,,Miami PIS,,,,,Airport - Aircraft - Cargo - PIS,,,Guatemala,,Unrooted Cutting,,IVAGRO SA,8,35076,,,,,,9,,,,,,,,,,,,,,,
29,29,,Miami PIS,,,,,Airport - Aircraft - Cargo - PIS,,,Guatemala,,Unrooted Cutting,,Annia Mayela Fuentes Martinez,1,2717,,,,,,1,,,,,,,,,,,,,,,
29,29,,JFK PIS,,,,,Maritime Port - Vessel - Cargo - PIS,,,Taiwan,,"Bulb, Corm, Rhizome, Tuberous Stem",,ECUADORQUIDEAS SAS,3,9022,,,,,,23,,,,,,,,,,,,,,,
29,29,,San Francisco PIS,,,,,Airport - Aircraft - Cargo - PIS,,,Kenya,,Rooted Plant (including grafted),,Vita Fams Box 1801,12,34094,,,,,,4,,,,,,,,,,,,,,,
29,29,,Miami PIS,,,,,Airport - Aircraft - Cargo - PIS,,,Costa Rica,,Unrooted Cutting,,FLORAPLANT S.A. DE C.V.,0,1003,,,,,,28,,,,,,,,,,,,,,,
29,29,,Los Angeles PIS,,,,,Airport - Aircraft - Cargo - PIS,,,Taiwan,,Rooted Cutting (including air layer),,JARDINES TERRAGARDEN,9,204013,,,,,,1,,,,,,,,,,,,,,,
29,29,,Miami PIS,,,,,Airport - Aircraft - Cargo - PIS,,,Guatemala,,Unrooted Cutting,,QUANZHOU LIUSENG BIOTECHNOLOGY C,2167,342202,,,,,,20,,,,,,,,,,,,,,,
29,29,,Miami PIS,,,,,Airport - Aircraft - Express Carrier - PIS,,,Thailand,,Unrooted Cutting,,INNOVA PLANT DE COSTA RICA SA,163,7490,,,,,,2,,,,,,,,,,,,,,,
29,29,,Atlanta PIS,,,,,Airport - Aircraft - Cargo - PIS,,,Costa Rica,,Unrooted Cutting,,PLANTEXPO,16,27268,,,,,,23,,,,,,,,,,,,,,,
29,29,,Atlanta PIS,,,,,Airport - Aircraft - Cargo - PIS,,,Netherlands,,Rooted Plant (including grafted),,TROPICA DEL ATLANTICO,2,1565,,,,,,9,,,,,,,,,,,,,,,
29,29,,JFK PIS,,,,,Airport - Aircraft - Cargo - PIS,,,Taiwan,,Unrooted Cutting,,TROPI PLANTAS S. A.,5,4390,,,,,,10,,,,,,,,,,,,,,,
29,29,,Miami PIS,,,,,Airport - Aircraft - Cargo - PIS,,,China,,Rooted Plant (including grafted),,Same as Shipper,2,1301,,,,,,20,,,,,,,,,,,,,,,
29,29,,Miami PIS,,,,,Airport - Aircraft - Cargo - PIS,,,Thailand,,Unrooted Cutting,,BEAUTY LINE GUATEMALA,66,68146,,,,,,7,,,,,,,,,,,,,,,
29,29,,Miami PIS,,,,,Airport - Aircraft - Cargo - PIS,,,Philippines,,Unrooted Cutting,,INNOVAPLANT DE COSTA RICA,0,1770,,,,,,17,,,,,,,,,,,,,,,
29,29,,JFK PIS,,,,,Airport - Aircraft - Cargo - PIS,,,Mexico,,Unrooted Cutting,,LAS LIMAS  SA,1,4660,,,,,,14,,,,,,,,,,,,,,,
29,29,,San Francisco PIS,,,,,Airport - Aircraft - Cargo - PIS,,,Guatemala,,Rooted Plant (including grafted),,INNOVA PLANT DE COSTA RICA SA,0,80,,,,,,14,,,,,,,,,,,,,,,
29,29,,Miami PIS,,,,,Airport - Aircraft - Cargo - PIS,,,China,,Rooted Plant (including grafted),,Same as Shipper,28,7982,,,,,,8,,,,,,,,,,,,,,,
29,29,,Los Angeles PIS,,,,,Airport - Aircraft - Cargo - PIS,,,Israel,,"Bulb, Corm, Rhizome, Tuberous Stem",,ZHANGZHOU RICH LINK TRADING,46,25217,,,,,,15,,,,,,,,,,,,,,,
30,30,,Miami PIS,,,,,Airport - Aircraft - Cargo - PIS,,,Costa Rica,,Budwood/Graftwood (scion),,ARCO IRIS DEL CARIBE box 4,1,0,,,,,,20,,,,,,,,,,,,,,,
30,30,,Miami PIS,,,,,Airport - Aircraft - Cargo - PIS,,,Dominican Republic,,Unrooted Cutting,,SUNSHINE HORTICULTURE CO. LTD,1,9084,,,,,,13,,,,,,,,,,,,,,,
30,30,,Miami PIS,,,,,Airport - Aircraft - Cargo - PIS,,,Dominican Republic,,Unrooted Cutting,,WISTUBA ANDREAS,1,591,,,,,,20,,,,,,,,,,,,,,,
30,30,,JFK PIS,,,,,Airport - Aircraft - Cargo - PIS,,,Mexico,,Unrooted Cutting,,VIVERO INTERNACIONAL S.A. DE C.V.,6,31748,,,,,,13,,,,,,,,,,,,,,,
30,30,,Los Angeles PIS,,,,,Airport - Aircraft - Cargo - PIS,,,Taiwan,,"Root cutting, crown, or clump, Tuberous Root",,"TRIPLE Q INTERNATIONAL CO., LTD",10,6827,,,,,,25,,,,,,,,,,,,,,,
30,30,,Miami PIS,,,,,Maritime Port - Vessel - Cargo - PIS,,,Colombia,,Rooted Cutting (including air layer),,PREMIUM PLANTS S.A.,8,21754,,,,,,20,,,,,,,,,,,,,,,
30,30,,Atlanta PIS,,,,,Airport - Aircraft - Cargo - PIS,,,India,,Rooted Plant (including grafted),,BEST AQUARIUM THAILAND,8,6457,,,,,,2,,,,,,,,,,,,,,,
30,30,,Miami PIS,,,,,Maritime Port - Vessel - Cargo - PIS,,,Guatemala,,Meristem or Callus Tissue Culture (micropropagated/in vitro culture),,GUATEXOTIC,1,4562,,,,,,4,,,,,,,,,,,,,,,
30,30,,Atlanta PIS,,,,,Airport - Aircraft - Cargo - PIS,,,Nicaragua,,Unrooted Cutting,,PRIMEROS EN FOLLAJE SA 101-238,9,42416,,,,,,21,,,,,,,,,,,,,,,
30,30,,Atlanta PIS,,,,,Airport - Aircraft - Cargo - PIS,,,Guatemala,,Rooted Plant (including grafted),,POPOW ORCHIDS,30,624609,,,,,,2,,,,,,,,,,,,,,,
30,30,,Miami PIS,,,,,Airport - Aircraft - Cargo - PIS,,,Taiwan,,Rooted Plant (including grafted),,Same as Shipper,0,2837,,,,,,17,,,,,,,,,,,,,,,
30,30,,Miami PIS,,,,,Airport - Aircraft - Cargo - PIS,,,Costa Rica,,Unrooted Cutting,,Ornamentales Sapo Verde Box 701-703,23,14862,,,,,,27,,,,,,,,,,,,,,,
30,30,,Miami PIS,,,,,Airport - Aircraft - Cargo - PIS,,,Guatemala,,Unrooted Cutting,,INNOVAPLANT DE COSTA RICA,1,6468,,,,,,16,,,,,,,,,,,,,,,
30,30,,Los Angeles PIS,,,,,Airport - Aircraft - Cargo - PIS,,,Netherlands,,Meristem or Callus Tissue Culture (micropropagated/in vitro culture),,ROGELIO BERMUDEZ CAMPOS,5,16160,,,,,,28,,,,,,,,,,,,,,,
30,30,,Miami PIS,,,,,Airport - Aircraft - Cargo - PIS,,,Guatemala,,Rooted Cutting (including air layer),,FLORION  PT,1,42262,,,,,,22,,,,,,,,,,,,,,,
30,30,,Seattle PIS,,,,,Airport - Aircraft - Cargo - PIS,,,Costa Rica,,Rooted Plant (including grafted),,GUATEXOTIC,5,5170,,,,,,9,,,,,,,,,,,,,,,
30,30,,Miami PIS,,,,,Airport - Aircraft - Cargo - PIS,,,Costa Rica,,Unrooted Cutting,,BC BROMELIAS DE COLOMBI SAS SA,3,15409,,,,,,6,,,,,,,,,,,,,,,
30,30,,Miami PIS,,,,,Maritime Port - Vessel - Cargo - PIS,,,Dominican Republic,,Unrooted Cutting,,Costa Farms LLC,10,13139,,,,,,3,,,,,,,,,,,,,,,
30,30,,Miami PIS,,,,,Airport - Aircraft - Cargo - PIS,,,Thailand,,Rooted Plant (including grafted),,Vita Farms BOXES 001-156,9,7248,,,,,,17,,,,,,,,,,,,,,,
30,30,,Atlanta PIS,,,,,Airport - Aircraft - Cargo - PIS,,,Philippines,,Meristem or Callus Tissue Culture (micropropagated/in vitro culture),,"Ornamentales del Rio Molino, S.A.",0,76400,,,,,,12,,,,,,,,,,,,,,,
30,30,,Carolina PIS,,,,,Maritime Port - Vessel - Cargo - PIS,,,Thailand,,Unrooted Plant,,INNOVAPLANT DE COSTA RICA,13,30305,,,,,,26,,,,,,,,,,,,,,,
30,30,,Miami PIS,,,,,Airport - Aircraft - Cargo - PIS,,,Costa Rica,,Rooted Plant (including grafted),,"LA FLORESTA ORNAMENTALES, S. A.",31,51840,,,,,,1,,,,,,,,,,,,,,,
30,30,,Los Angeles PIS,,,,,Airport - Aircraft - Cargo - PIS,,,Israel,,Unrooted Cutting,,INNOVA PLANT DE COSTA RICA SA,23,6251,,,,,,5,,,,,,,,,,,,,,,
30,30,,Miami PIS,,,,,Airport - Aircraft - Cargo - PIS,,,Indonesia,,Rooted Plant (including grafted),,BERKAH MELANO INDONESIA,1,2,,,,,,13,,,,,,,,,,,,,,,
30,30,,Miami PIS,,,,,Airport - Aircraft - Cargo - PIS,,,Costa Rica,,Rooted Plant (including grafted),,FOLLAJES INTERNACIONALES SA 1-6,8,6186,,,,,,20,,,,,,,,,,,,,,,
31,31,,Los Angeles PIS,,,,,Airport - Aircraft - Cargo - PIS,,,Guatemala,,Rooted Plant (including grafted),,PLANT SOURCE INTERNATIONAL,6,18123,,,,,,28,,,,,,,,,,,,,,,
31,31,,Los Angeles PIS,,,,,Airport - Aircraft - Cargo - PIS,,,Costa Rica,,Unrooted Cutting,,MONRA SA,4,4612,,,,,,22,,,,,,,,,,,,,,,
31,31,,Miami PIS,,,,,Airport - Aircraft - Cargo - PIS,,,Costa Rica,,Unrooted Cutting,,QUEEN TARIM SANAYI VE TIC,13,0,,,,,,13,,,,,,,,,,,,,,,
31,31,,Houston PIS,,,,,Airport - Aircraft - Cargo - PIS,,,Netherlands,,Rooted Plant (including grafted),,QUELETZU SA,317,15820,,,,,,10,,,,,,,,,,,,,,,
31,31,,Los Angeles PIS,,,,,Airport - Aircraft - Cargo - PIS,,,China,,Rooted Plant (including grafted),,ORNAMENTALES SAPO VERDE Box 914-958,0,295,,,,,,24,,,,,,,,,,,,,,,
31,31,,Miami PIS,,,,,Airport - Aircraft - Cargo - PIS,,,Tanzania,,Unrooted Cutting,,IZUCAR HORTICULTURAL/ YECAFLORA,3,447187,,,,,,24,,,,,,,,,,,,,,,
31,31,,Miami PIS,,,,,Airport - Aircraft - Cargo - PIS,,,Poland,,Rooted Plant (including grafted),,INNOVAPLANT DE COSTA RICA,6,38924,,,,,,28,,,,,,,,,,,,,,,
31,31,,Miami PIS,,,,,Maritime Port - Vessel - Cargo - PIS,,,United Kingdom of Great Britain and N. Ireland,,Unrooted Cutting,,APO VERDE ,33,36249,,,,,,4,,,,,,,,,,,,,,,
31,31,,Atlanta PIS,,,,,Airport - Aircraft - Cargo - PIS,,,Indonesia,,Unrooted Cutting,,Nova Cane Costa Rica S.A.,37,19821,,,,,,22,,,,,,,,,,,,,,,
31,31,,JFK PIS,,,,,Maritime Port - Vessel - Cargo - PIS,,,Costa Rica,,Unrooted Cutting,,INNOVAPLANT DE COSTA RICA,6,69683,,,,,,6,,,,,,,,,,,,,,,
31,31,,Miami PIS,,,,,Airport - Aircraft - Cargo - PIS,,,Zimbabwe,,Rooted Cutting (including air layer),,Costa Farms LLC,33,25030,,,,,,20,,,,,,,,,,,,,,,
31,31,,Los Angeles PIS,,,,,Maritime Port - Vessel - Cargo - PIS,,,Guatemala,,Rooted Plant (including grafted),,SIRIKYAL UDOMSILP,13,78,,,,,,16,,,,,,,,,,,,,,,
31,31,,Miami PIS,,,,,Airport - Aircraft - Cargo - PIS,,,Mexico,,Unrooted Cutting,,AGROPECUARIA PENIEL (GUATEXOTIC),3,457,,,,,,3,,,,,,,,,,,,,,,
31,31,,Miami PIS,,,,,Airport - Aircraft - Cargo - PIS,,,Guatemala,,Unrooted Cutting,,Same as Shipper,94,2435,,,,,,8,,,,,,,,,,,,,,,
31,31,,Atlanta PIS,,,,,Airport - Aircraft - Cargo - PIS,,,China,,Rooted Plant (including grafted),,"TROPI PLANTS,S.A.",12,3176,,,,,,9,,,,,,,,,,,,,,,
31,31,,Miami PIS,,,,,Airport - Aircraft - Cargo - PIS,,,Costa Rica,,Unrooted Cutting,,Not Selected,0,2855,,,,,,1,,,,,,,,,,,,,,,
31,31,,Los Angeles PIS,,,,,Maritime Port - Vessel - Cargo - PIS,,,Uganda,,Unrooted Cutting,,LA FLORESTA ORNAMENTALES,0,45433,,,,,,20,,,,,,,,,,,,,,,
31,31,,Miami PIS,,,,,Airport - Aircraft - Cargo - PIS,,,Guatemala,,Meristem or Callus Tissue Culture (micropropagated/in vitro culture),,VITA FARMS 901-958,54,12883,,,,,,7,,,,,,,,,,,,,,,
31,31,,Miami PIS,,,,,Airport - Aircraft - Cargo - PIS,,,Taiwan,,Unrooted Cutting,,LOS PINOS POPTUN S. A.,23,25936,,,,,,19,,,,,,,,,,,,,,,
31,31,,Nogales PIS,,,,,Airport - Aircraft - Cargo - PIS,,,Thailand,,Unrooted Cutting,,BEAUTY LINE GUATEMALA,1,30,,,,,,14,,,,,,,,,,,,,,,
31,31,,Atlanta PIS,,,,,Airport - Aircraft - Cargo - PIS,,,Kenya,,Rooted Plant (including grafted),,INVERSIONES LUA SA,4,176978,,,,,,1,,,,,,,,,,,,,,,
31,31,,Los Angeles PIS,,,,,Airport - Aircraft - Cargo - PIS,,,Guatemala,,Unrooted Plant,,Not Selected,1,22,,,,,,14,,,,,,,,,,,,,,,
31,31,,Guam PIS,,,,,Airport - Aircraft - Cargo - PIS,,,Guatemala,,"Bulb, Corm, Rhizome, Tuberous Stem",,PALMAS S DE RL,5,6957,,,,,,22,,,,,,,,,,,,,,,
31,31,,Miami PIS,,,,,Airport - Aircraft - Cargo - PIS,,,Guatemala,,Rooted Plant (including grafted),,Escactus,1,31,,,,,,13,,,,,,,,,,,,,,,
31,31,,Miami PIS,,,,,Airport - Aircraft - Cargo - PIS,,,Tanzania,,Rooted Cutting (including air layer),,RED FOX LAS MERCEDES,3,230,,,,,,28,,,,,,,,,,,,,,,
32,32,,Miami PIS,,,,,Maritime Port - Vessel - Cargo - PIS,,,Ethiopia,,Rooted Plant (including grafted),,ORCHISTRA JOINT STOCK COMPANY,2,122,,,,,,3,,,,,,,,,,,,,,,
32,32,,Linden PIS,,,,,Airport - Aircraft - Cargo - PIS,,,Uganda,,Rooted Plant (including grafted),,TURRIPLANTAS SA,0,3,,,,,,3,,,,,,,,,,,,,,,
32,32,,Los Angeles PIS,,,,,Airport - Aircraft - Cargo - PIS,,,Costa Rica,,Unrooted Cutting,,SUNSHINE HORTICULTURE CO LT,2,1744,,,,,,8,,,,,,,,,,,,,,,
32,32,,Atlanta PIS,,,,,Airport - Aircraft - Express Carrier - PIS,,,Nicaragua,,Unrooted Cutting,,INNOVAPLANT DE COSTA RICA,13,6863,,,,,,15,,,,,,,,,,,,,,,
32,32,,Miami PIS,,,,,Airport - Aircraft - Cargo - PIS,,,Costa Rica,,Meristem or Callus Tissue Culture (micropropagated/in vitro culture),,ORNAMENTALES DE SAPO VERDE BOX  001-002,20,78260,,,,,,16,,,,,,,,,,,,,,,
32,32,,Miami PIS,,,,,Airport - Aircraft - Cargo - PIS,,,Thailand,,Unrooted Cutting,,TROPIPLANTAS SA,15,1136,,,,,,4,,,,,,,,,,,,,,,
32,32,,JFK PIS,,,,,Airport - Aircraft - Cargo - PIS,,,Costa Rica,,Meristem or Callus Tissue Culture (micropropagated/in vitro culture),,LAS LIMAS S A,1,1586,,,,,,22,,,,,,,,,,,,,,,
32,32,,Miami PIS,,,,,Airport - Aircraft - Express Carrier - PIS,,,"Korea, South",,Rooted Plant (including grafted),,TUCAN EXPORTERS,3,4427,,,,,,8,,,,,,,,,,,,,,,
32,32,,Los Angeles PIS,,,,,Airport - Aircraft - Cargo - PIS,,,Guatemala,,Rooted Plant (including grafted),,Not Selected,0,0,,,,,,11,,,,,,,,,,,,,,,
32,32,,JFK PIS,,,,,Maritime Port - Vessel - Cargo - PIS,,,Thailand,,Meristem or Callus Tissue Culture (micropropagated/in vitro culture),,INNOVA PLANT DE COSTA RICA SA,0,664,,,,,,17,,,,,,,,,,,,,,,
32,32,,Miami PIS,,,,,Airport - Aircraft - Cargo - PIS,,,Guatemala,,Unrooted Plant,,Not Selected,1,20330,,,,,,21,,,,,,,,,,,,,,,
32,32,,Linden PIS,,,,,Airport - Aircraft - Cargo - PIS,,,Costa Rica,,Unrooted Plant,,INDUSTRIAS AGRICOLAS CENTRO AMERICANAS,0,1805,,,,,,17,,,,,,,,,,,,,,,
32,32,,Miami PIS,,,,,Airport - Aircraft - Cargo - PIS,,,Singapore,,Rooted Plant (including grafted),,PLANTEXPO,4,75855,,,,,,5,,,,,,,,,,,,,,,
32,32,,Miami PIS,,,,,Airport - Aircraft - Cargo - PIS,,,China,,Rooted Plant (including grafted),,THANAPORN BATHTHONG,19,4230,,,,,,13,,,,,,,,,,,,,,,
32,32,,Miami PIS,,,,,Airport - Aircraft - Cargo - PIS,,,Kenya,,Rooted Plant (including grafted),,ORNAMENTALES SAPO VERDE Box 6401,41544,40742,,,,,,2,,,,,,,,,,,,,,,
32,32,,San Diego PIS,,,,,Airport - Aircraft - Cargo - PIS,,,Thailand,,Rooted Plant (including grafted),,ROYALLEAF CIA LTDA,8932,8475,,,,,,4,,,,,,,,,,,,,,,
32,32,,Miami PIS,,,,,Airport - Aircraft - Cargo - PIS,,,Mexico,,Rooted Cutting (including air layer),,Mr. Wirote Makmoon,1,302,,,,,,3,,,,,,,,,,,,,,,
32,32,,Los Angeles PIS,,,,,Airport - Aircraft - Cargo - PIS,,,Guatemala,,Meristem or Callus Tissue Culture (micropropagated/in vitro culture),,Same as Shipper,0,16587,,,,,,17,,,,,,,,,,,,,,,
32,32,,Linden PIS,,,,,Airport - Aircraft - Cargo - PIS,,,China,,Rooted Plant (including grafted),,BEAUTY LINE GUATEMALA,21,2482,,,,,,27,,,,,,,,,,,,,,,
32,32,,Miami PIS,,,,,Airport - Aircraft - Cargo - PIS,,,Costa Rica,,Unrooted Cutting,,Ornamentales Sapo Verde 3001,66,2039,,,,,,7,,,,,,,,,,,,,,,
32,32,,Miami PIS,,,,,Airport - Aircraft - Cargo - PIS,,,China,,Unrooted Cutting,,QUELETZU S.A. 1-20,14,65581,,,,,,1,,,,,,,,,,,,,,,
32,32,,Miami PIS,,,,,Airport - Aircraft - Cargo - PIS,,,Thailand,,Rooted Plant (including grafted),,ANTHURA B.V.,2,2605,,,,,,15,,,,,,,,,,,,,,,
32,32,,Miami PIS,,,,,Airport - Aircraft - Cargo - PIS,,,Netherlands,,Unrooted Cutting,,INNOVA PLANT DE COSTA RICA SA,40,38139,,,,,,13,,,,,,,,,,,,,,,
32,32,,Miami PIS,,,,,Airport - Aircraft - Cargo - PIS,,,Taiwan,,Unrooted Plant,,AGRO ORCHIDS COSTA RICA S.A,0,16127,,,,,,2,,,,,,,,,,,,,,,
32,32,,Linden PIS,,,,,Airport - Aircraft - Cargo - PIS,,,China,,Unrooted Cutting,,ORNAMENTALES DE CONCEPCION S.A.,6,16876,,,,,,24,,,,,,,,,,,,,,,
33,33,,Miami PIS,,,,,Airport - Aircraft - Cargo - PIS,,,Colombia,,Rooted Plant (including grafted),,ZHONGSHAN BRIGHTEN FLORICULTURE,14,169589,,,,,,18,,,,,,,,,,,,,,,
33,33,,Miami PIS,,,,,Airport - Aircraft - Cargo - PIS,,,China,,Unrooted Cutting,,PLANTAS ORNAMENTALES DE COSTA RI,10,381339,,,,,,7,,,,,,,,,,,,,,,
33,33,,Linden PIS,,,,,Airport - Aircraft - Cargo - PIS,,,Guatemala,,Unrooted Cutting,,ORIENTAL AQUARIUM LTD,15,9112,,,,,,4,,,,,,,,,,,,,,,
33,33,,Miami PIS,,,,,Airport - Aircraft - Cargo - PIS,,,"Korea, South",,Unrooted Plant,,Not Selected,20,9539,,,,,,24,,,,,,,,,,,,,,,
33,33,,Atlanta PIS,,,,,Airport - Aircraft - Cargo - PIS,,,Costa Rica,,Rooted Plant (including grafted),,VIVERO LAS GARDENIAS,20,347822,,,,,,24,,,,,,,,,,,,,,,
33,33,,Atlanta PIS,,,,,Airport - Aircraft - Cargo - PIS,,,Netherlands,,Unrooted Cutting,,Not Selected,16,287,,,,,,18,,,,,,,,,,,,,,,
33,33,,Miami PIS,,,,,Land Border - Truck - Cargo - PIS,,,Guatemala,,Unrooted Cutting,,EDEN GARDEN FOR EXOTIC,257,8260,,,,,,6,,,,,,,,,,,,,,,
33,33,,Linden PIS,,,,,Airport - Aircraft - Cargo - PIS,,,Honduras,,Unrooted Cutting,,FERTIPLANT BV,6,7478,,,,,,13,,,,,,,,,,,,,,,
33,33,,Miami PIS,,,,,Airport - Aircraft - Cargo - PIS,,,Costa Rica,,Unrooted Cutting,,Kanapos Chokphakapong,44,48392,,,,,,1,,,,,,,,,,,,,,,
33,33,,Miami PIS,,,,,Airport - Aircraft - Cargo - PIS,,,Malaysia,,Rooted Plant (including grafted),,PT FLORION,29,102,,,,,,16,,,,,,,,,,,,,,,
33,33,,Miami PIS,,,,,Airport - Aircraft - Cargo - PIS,,,Costa Rica,,Rooted Plant (including grafted),,BEAUTY LINE GUATEMALA,0,122,,,,,,4,,,,,,,,,,,,,,,
33,33,,Linden PIS,,,,,Airport - Aircraft - Cargo - PIS,,,Netherlands,,Unrooted Cutting,,QUEEN TARIM SANAYI VE TIC,6,5152,,,,,,21,,,,,,,,,,,,,,,
33,33,,Linden PIS,,,,,Airport - Aircraft - Cargo - PIS,,,Israel,,Rooted Plant (including grafted),,APO VERDE ,58,8567,,,,,,11,,,,,,,,,,,,,,,
33,33,,Miami PIS,,,,,Airport - Aircraft - Cargo - PIS,,,Brazil,,Rooted Plant (including grafted),,KENYA CUTTINGS LIMITED,40,557,,,,,,23,,,,,,,,,,,,,,,
33,33,,Miami PIS,,,,,Airport - Aircraft - Cargo - PIS,,,Guatemala,,"Bulb, Corm, Rhizome, Tuberous Stem",,Warut Fuangfoo,1,11685,,,,,,10,,,,,,,,,,,,,,,
33,33,,Miami PIS,,,,,Airport - Aircraft - Cargo - PIS,,,Spain,,Unrooted Plant,,VITRO PLUS BOX 1-36,2,1009,,,,,,8,,,,,,,,,,,,,,,
33,33,,Atlanta PIS,,,,,Maritime Port - Vessel - Cargo - PIS,,,Thailand,,Unrooted Plant,,PLANTAS Y FLORES  ORNAMENTALES,2,927,,,,,,5,,,,,,,,,,,,,,,
33,33,,Miami PIS,,,,,Airport - Aircraft - Cargo - PIS,,,Taiwan,,Rooted Plant (including grafted),,CERCA DEL PARAISO S.A.,0,5580,,,,,,8,,,,,,,,,,,,,,,
33,33,,Miami PIS,,,,,Airport - Aircraft - Cargo - PIS,,,Guatemala,,Unrooted Cutting,,MISS JUTAMAS PILADEE,1,298,,,,,,19,,,,,,,,,,,,,,,
33,33,,Miami PIS,,,,,Airport - Aircraft - Cargo - PIS,,,Kenya,,Meristem or Callus Tissue Culture (micropropagated/in vitro culture),,Same as Shipper,0,188,,,,,,8,,,,,,,,,,,,,,,
33,33,,Miami PIS,,,,,Airport - Aircraft - Cargo - PIS,,,Israel,,Unrooted Cutting,,AGRO MARIA LINDA S. A.,1,1,,,,,,6,,,,,,,,,,,,,,,
33,33,,Miami PIS,,,,,Airport - Aircraft - Cargo - PIS,,,China,,Meristem or Callus Tissue Culture (micropropagated/in vitro culture),,Primeros en Follaje ,0,3,,,,,,8,,,,,,,,,,,,,,,
33,33,,Miami PIS,,,,,Airport - Aircraft - Cargo - PIS,,,Costa Rica,,Rooted Plant (including grafted),,Costa Farms LLC,79,195002,,,,,,28,,,,,,,,,,,,,,,
33,33,,Atlanta PIS,,,,,Airport - Aircraft - Cargo - PIS,,,Thailand,,Unrooted Cutting,,KRITKHAJORN KETWORN,83,63448,,,,,,19,,,,,,,,,,,,,,,
33,33,,Los Angeles PIS,,,,,Airport - Aircraft - Cargo - PIS,,,Poland,,Rooted Cutting (including air layer),,ANTHO ORNAMENTALES SA,17,84156,,,,,,23,,,,,,,,,,,,,,,
34,34,,Atlanta PIS,,,,,Airport - Aircraft - Cargo - PIS,,,Netherlands,,Rooted Plant (including grafted),,AGROEXPORTADORA LA LAGUNA CHICHOJ,7,126078,,,,,,6,,,,,,,,,,,,,,,
34,34,,Miami PIS,,,,,Airport - Aircraft - Cargo - PIS,,,Guatemala,,Unrooted Cutting,,BEAUTY LINE,20,10739,,,,,,4,,,,,,,,,,,,,,,
34,34,,Miami PIS,,,,,Maritime Port - Vessel - Cargo - PIS,,,Netherlands,,"Bulb, Corm, Rhizome, Tuberous Stem",,Cerca del Paraiso Box 101-,3,5076,,,,,,12,,,,,,,,,,,,,,,
34,34,,Los Angeles PIS,,,,,Airport - Aircraft - Cargo - PIS,,,Indonesia,,Rooted Plant (including grafted),,Ornamentales La Cima S.A,5,2454,,,,,,7,,,,,,,,,,,,,,,
34,34,,Miami PIS,,,,,Maritime Port - Vessel - Cargo - PIS,,,Costa Rica,,Unrooted Cutting,,INNOVAPLANT DE COSTA RICA,1,92,,,,,,1,,,,,,,,,,,,,,,
34,34,,Miami PIS,,,,,Airport - Aircraft - Cargo - PIS,,,Taiwan,,Unrooted Cutting,,IZUCAR HORTICULTURAL/ YECAFLORA,9,17232,,,,,,21,,,,,,,,,,,,,,,
34,34,,Miami PIS,,,,,Airport - Aircraft - Cargo - PIS,,,Taiwan,,Unrooted Cutting,,RijnPlant Breeding BV,4,37800,,,,,,27,,,,,,,,,,,,,,,
34,34,,Atlanta PIS,,,,,Airport - Aircraft - Cargo - PIS,,,Mexico,,Rooted Plant (including grafted),,Ornamentales Sapo Verde Box 1301-1310,2,1566,,,,,,14,,,,,,,,,,,,,,,
34,34,,Linden PIS,,,,,Airport - Aircraft - Cargo - PIS,,,Indonesia,,Rooted Cutting (including air layer),,FOLLAJES INTERNACIONALES SA 1-6,94,172393,,,,,,24,,,,,,,,,,,,,,,
34,34,,Miami PIS,,,,,Airport - Aircraft - Cargo - PIS,,,Costa Rica,,Meristem or Callus Tissue Culture (micropropagated/in vitro culture),,JENNY MARK,1,764,,,,,,12,,,,,,,,,,,,,,,
34,34,,Miami PIS,,,,,Airport - Aircraft - Cargo - PIS,,,Guatemala,,Rooted Cutting (including air layer),,IVAGRO S.A.,3,13,,,,,,18,,,,,,,,,,,,,,,
34,34,,Los Angeles PIS,,,,,Airport - Aircraft - Cargo - PIS,,,Costa Rica,,Meristem or Callus Tissue Culture (micropropagated/in vitro culture),,Not Selected,6,16014,,,,,,25,,,,,,,,,,,,,,,
34,34,,Miami PIS,,,,,Airport - Aircraft - Cargo - PIS,,,Costa Rica,,Rooted Plant (including grafted),,ORNAMENTALES SAPO VERDE 001,1535,67,,,,,,23,,,,,,,,,,,,,,,
34,34,,Miami PIS,,,,,Airport - Aircraft - Cargo - PIS,,,Guatemala,,Rooted Plant (including grafted),,ZACATE ORNAMENTAL Y DECORATIVO,0,3219,,,,,,1,,,,,,,,,,,,,,,
34,34,,Los Angeles PIS,,,,,Airport - Aircraft - Cargo - PIS,,,Costa Rica,,Budwood/Graftwood (scion),,THREETHAWAT PHRAESIWAROJ,28,187,,,,,,9,,,,,,,,,,,,,,,
34,34,,Miami PIS,,,,,Airport - Aircraft - Cargo - PIS,,,Guatemala,,Rooted Plant (including grafted),,SAPO VERDE 1001,1,242,,,,,,7,,,,,,,,,,,,,,,
34,34,,Miami PIS,,,,,Airport - Aircraft - Cargo - PIS,,,China,,Rooted Plant (including grafted),,FIDES GUATEMALA S.A.,0,134,,,,,,15,,,,,,,,,,,,,,,
34,34,,Miami PIS,,,,,Airport - Aircraft - Cargo - PIS,,,Guatemala,,Rooted Plant (including grafted),,KAPOK PLANTS S.A,0,83,,,,,,14,,,,,,,,,,,,,,,
34,34,,Miami PIS,,,,,Airport - Aircraft - Cargo - PIS,,,Taiwan,,Rooted Cutting (including air layer),,Same as Shipper,9,3893,,,,,,11,,,,,,,,,,,,,,,
34,34,,Linden PIS,,,,,Airport - Aircraft - Cargo - PIS,,,Guatemala,,Unrooted Cutting,,Agropecuaria Marso,5,1171,,,,,,23,,,,,,,,,,,,,,,
34,34,,Los Angeles PIS,,,,,Maritime Port - Vessel - Cargo - PIS,,,Germany,,Rooted Plant (including grafted),,"FOLLAJES INTERNACIONALES, S.A.",44,76065,,,,,,3,,,,,,,,,,,,,,,
34,34,,Los Angeles PIS,,,,,Airport - Aircraft - Cargo - PIS,,,Thailand,,Unrooted Cutting,,VIVERO LAS GARDENIAS,0,35,,,,,,27,,,,,,,,,,,,,,,
34,34,,Miami PIS,,,,,Airport - Aircraft - Cargo - PIS,,,Guatemala,,Rooted Plant (including grafted),,INVERSIONES AGROCOMERCIALES (IVAGRO),146,331618,,,,,,26,,,,,,,,,,,,,,,
34,34,,Los Angeles PIS,,,,,Airport - Aircraft - Cargo - PIS,,,Costa Rica,,Rooted Plant (including grafted),,GEKKO ENTERPRISE,56,57551,,,,,,14,,,,,,,,,,,,,,,
34,34,,Miami PIS,,,,,Airport - Aircraft - Cargo - PIS,,,Guatemala,,Rooted Plant (including grafted),,"NOVA CANE C.R. S.A, REG#2475",1,1,,,,,,15,,,,,,,,,,,,,,,
35,35,,Miami PIS,,,,,Airport - Aircraft - Cargo - PIS,,,Guatemala,,Rooted Plant (including grafted),,DARWIN COLOMBIA S.A.S,56,70939,,,,,,26,,,,,,,,,,,,,,,
35,35,,Miami PIS,,,,,Airport - Aircraft - Cargo - PIS,,,Taiwan,,Meristem or Callus Tissue Culture (micropropagated/in vitro culture),,Same as Shipper,7,14357,,,,,,18,,,,,,,,,,,,,,,
35,35,,Houston PIS,,,,,Airport - Aircraft - Cargo - PIS,,,Guatemala,,Rooted Cutting (including air layer),,ORNALO S.A.,4,6434,,,,,,17,,,,,,,,,,,,,,,
35,35,,Miami PIS,,,,,Airport - Aircraft - Cargo - PIS,,,Germany,,"Bulb, Corm, Rhizome, Tuberous Stem",,TROPI PLANTAS SA,1,11,,,,,,25,,,,,,,,,,,,,,,
35,35,,Miami PIS,,,,,Airport - Aircraft - Cargo - PIS,,,Costa Rica,,Rooted Plant (including grafted),,Same as Shipper,10,3115,,,,,,2,,,,,,,,,,,,,,,
35,35,,Los Angeles PIS,,,,,Airport - Aircraft - Cargo - PIS,,,Poland,,Rooted Plant (including grafted),,LAS LIMAS,12,25703,,,,,,22,,,,,,,,,,,,,,,
35,35,,Miami PIS,,,,,Airport - Aircraft - Cargo - PIS,,,Costa Rica,,Rooted Plant (including grafted),,APO VERDE ,76,301929,,,,,,20,,,,,,,,,,,,,,,
35,35,,JFK PIS,,,,,Airport - Aircraft - Cargo - PIS,,,Thailand,,Rooted Plant (including grafted),,TROPICAL EXOTIQUE CO. LTD,4,1196,,,,,,11,,,,,,,,,,,,,,,
35,35,,Carolina PIS,,,,,Airport - Aircraft - Cargo - PIS,,,Costa Rica,,Meristem or Callus Tissue Culture (micropropagated/in vitro culture),,FOSHAN SHUNDE LUYA AGRICULTURAL,18,31896,,,,,,18,,,,,,,,,,,,,,,
35,35,,Miami PIS,,,,,Airport - Aircraft - Cargo - PIS,,,China,,Unrooted Cutting,,INNOVAPLANT DE COSTA RICA,11,32942,,,,,,26,,,,,,,,,,,,,,,
35,35,,Miami PIS,,,,,Airport - Aircraft - Cargo - PIS,,,China,,Unrooted Cutting,,VITA FARMS S.A. BOXES 008 & 009,8,2262,,,,,,2,,,,,,,,,,,,,,,
35,35,,Miami PIS,,,,,Airport - Aircraft - Cargo - PIS,,,Netherlands,,Unrooted Cutting,,FLOWER AGRONEGOCIOS-EIRELI,2,3320,,,,,,14,,,,,,,,,,,,,,,
35,35,,Miami PIS,,,,,Airport - Aircraft - Cargo - PIS,,,Italy,,Rooted Plant (including grafted),,BEAUTY LINE GUATEMALA S A,9,2246,,,,,,20,,,,,,,,,,,,,,,
35,35,,Los Angeles PIS,,,,,Airport - Aircraft - Cargo - PIS,,,Ethiopia,,Meristem or Callus Tissue Culture (micropropagated/in vitro culture),,QUELETZU S A BOX 1-32,0,698,,,,,,12,,,,,,,,,,,,,,,
35,35,,Miami PIS,,,,,Airport - Aircraft - Cargo - PIS,,,Costa Rica,,Unrooted Cutting,,PT ALCHEMIE BERKA,14,143816,,,,,,14,,,,,,,,,,,,,,,
35,35,,Los Angeles PIS,,,,,Airport - Aircraft - Cargo - PIS,,,Guatemala,,Rooted Plant (including grafted),,"AGRO KOMPASS,SOCIEDAD ANONIMA",35,114746,,,,,,18,,,,,,,,,,,,,,,
35,35,,Miami PIS,,,,,Airport - Aircraft - Cargo - PIS,,,Costa Rica,,Meristem or Callus Tissue Culture (micropropagated/in vitro culture),,PRODUCTOS VALPARAISO,144,5655,,,,,,13,,,,,,,,,,,,,,,
35,35,,Miami PIS,,,,,Airport - Aircraft - Cargo - PIS,,,Costa Rica,,Unrooted Plant,,FLOWER AGRONEGOCIOS-EIRELI,3,114110,,,,,,28,,,,,,,,,,,,,,,
35,35,,Miami PIS,,,,,Maritime Port - Vessel - Cargo - PIS,,,El Salvador,,Unrooted Cutting,,"LUCHA  ORNAMENTAL,Box101-107",7,40240,,,,,,13,,,,,,,,,,,,,,,
35,35,,Miami PIS,,,,,Airport - Aircraft - Cargo - PIS,,,Czech Republic,,Unrooted Cutting,,PLANTAS DE SARAPIQUI,1,1527,,,,,,3,,,,,,,,,,,,,,,
35,35,,Miami PIS,,,,,Airport - Aircraft - Cargo - PIS,,,Costa Rica,,Rooted Plant (including grafted),,Ornamentales Sapo Verde Box 8001-8010,2,1822,,,,,,20,,,,,,,,,,,,,,,
35,35,,Orlando PIS,,,,,Airport - Aircraft - Cargo - PIS,,,United Kingdom of Great Britain and N. Ireland,,Rooted Plant (including grafted),,ZHONGSHAN BRIGHTEN FLORICULTURE,6,87851,,,,,,6,,,,,,,,,,,,,,,
35,35,,Atlanta PIS,,,,,Airport - Aircraft - Cargo - PIS,,,Mexico,,Unrooted Plant,,ZACATE ORNAMENTAL Y DECORATIVO S.A.,1,587,,,,,,21,,,,,,,,,,,,,,,
35,35,,Miami PIS,,,,,Maritime Port - Vessel - Cargo - PIS,,,China,,Meristem or Callus Tissue Culture (micropropagated/in vitro culture),,"La Floresta Ornamentales, S.A.",49,511,,,,,,18,,,,,,,,,,,,,,,
35,35,,JFK PIS,,,,,Airport - Aircraft - Cargo - PIS,,,Costa Rica,,Unrooted Cutting,,FERTIPLANT BV,277,8263,,,,,,18,,,,,,,,,,,,,,,
36,36,,Miami PIS,,,,,Airport - Aircraft - Cargo - PIS,,,Kenya,,Rooted Plant (including grafted),,SAPO VERDE box 8001,0,35693,,,,,,2,,,,,,,,,,,,,,,
36,36,,Miami PIS,,,,,Airport - Aircraft - Cargo - PIS,,,China,,Unrooted Cutting,,AGRO KOMPASS S  A BOX 1-81,23,26,,,,,,22,,,,,,,,,,,,,,,
36,36,,Miami PIS,,,,,Airport - Aircraft - Cargo - PIS,,,Taiwan,,Rooted Plant (including grafted),,COSTA FARM LLC,5,12120,,,,,,12,,,,,,,,,,,,,,,
36,36,,Los Angeles PIS,,,,,Airport - Aircraft - Cargo - PIS,,,Mexico,,Rooted Plant (including grafted),,Wirote Makmoon,39,272,,,,,,19,,,,,,,,,,,,,,,
36,36,,Miami PIS,,,,,Airport - Aircraft - Cargo - PIS,,,Dominican Republic,,Rooted Cutting (including air layer),,Vita Farms 1901,10,6355,,,,,,21,,,,,,,,,,,,,,,
36,36,,Miami PIS,,,,,Airport - Aircraft - Cargo - PIS,,,Kenya,,Unrooted Cutting,,ALPINE TROPICAL PLANTS CO LTD,3,8084,,,,,,28,,,,,,,,,,,,,,,
36,36,,Miami PIS,,,,,Airport - Aircraft - Cargo - PIS,,,Nicaragua,,Meristem or Callus Tissue Culture (micropropagated/in vitro culture),,ZACATE ORNAMENTAL Y DECORATIVO S,3,5799,,,,,,27,,,,,,,,,,,,,,,
36,36,,Miami PIS,,,,,Airport - Aircraft - Cargo - PIS,,,Ecuador,,Unrooted Cutting,,Anita Salazar Avila,266,341,,,,,,3,,,,,,,,,,,,,,,
36,36,,Miami PIS,,,,,Airport - Aircraft - Cargo - PIS,,,Costa Rica,,Unrooted Cutting,,LATHYFLORA KENYA LTD,1,4737,,,,,,27,,,,,,,,,,,,,,,
36,36,,Miami PIS,,,,,Airport - Aircraft - Cargo - PIS,,,Costa Rica,,Meristem or Callus Tissue Culture (micropropagated/in vitro culture),,FERTIPLANT BV,17,14180,,,,,,15,,,,,,,,,,,,,,,
36,36,,Miami PIS,,,,,Airport - Aircraft - Cargo - PIS,,,Thailand,,Unrooted Cutting,,VIVERO LAS GARDENIAS,11,4600,,,,,,13,,,,,,,,,,,,,,,
36,36,,Atlanta PIS,,,,,Airport - Aircraft - Cargo - PIS,,,Taiwan,,Unrooted Cutting,,BEAUTY LINE GUATEMALA,243,5626,,,,,,27,,,,,,,,,,,,,,,
36,36,,Miami PIS,,,,,Airport - Aircraft - Cargo - PIS,,,Costa Rica,,Meristem or Callus Tissue Culture (micropropagated/in vitro culture),,INNOVAPLANT,4,1597,,,,,,12,,,,,,,,,,,,,,,
36,36,,Miami PIS,,,,,Maritime Port - Vessel - Cargo - PIS,,,Guatemala,,Unrooted Cutting,,M4 TROPICAL PLANTS,22,6359,,,,,,24,,,,,,,,,,,,,,,
36,36,,Miami PIS,,,,,Airport - Aircraft - Cargo - PIS,,,Indonesia,,Rooted Plant (including grafted),,Annia Mayela Fuentes Martinez,3,1751,,,,,,19,,,,,,,,,,,,,,,
36,36,,Miami PIS,,,,,Airport - Aircraft - Mail - PIS Mail,,,China,,Unrooted Cutting,,Cactus Inter Co. ,51,19524,,,,,,23,,,,,,,,,,,,,,,
36,36,,Miami PIS,,,,,Airport - Aircraft - Cargo - PIS,,,Costa Rica,,Meristem or Callus Tissue Culture (micropropagated/in vitro culture),,LA FLOR EXOTICA DEL CARIBE BULLIS SA,3,1961,,,,,,1,,,,,,,,,,,,,,,
36,36,,Atlanta PIS,,,,,Airport - Aircraft - Cargo - PIS,,,China,,"Bulb, Corm, Rhizome, Tuberous Stem",,"Cactus Inter Co., LTD",1,3593,,,,,,22,,,,,,,,,,,,,,,
36,36,,Miami PIS,,,,,Airport - Aircraft - Cargo - PIS,,,Guatemala,,Meristem or Callus Tissue Culture (micropropagated/in vitro culture),,"ARCO  IRIS DEL CARIBE, S.A.",40,39690,,,,,,2,,,,,,,,,,,,,,,
36,36,,Miami PIS,,,,,Airport - Aircraft - Cargo - PIS,,,Costa Rica,,Unrooted Cutting,,Thana Sukkasem,18,1,,,,,,22,,,,,,,,,,,,,,,
36,36,,Miami PIS,,,,,Airport - Aircraft - Cargo - PIS,,,Costa Rica,,Unrooted Cutting,,SAPO VERDE box 8001,7,0,,,,,,9,,,,,,,,,,,,,,,
36,36,,Miami PIS,,,,,Maritime Port - Vessel - Cargo - PIS,,,Guatemala,,Unrooted Cutting,,"Ornamentales de Altura, S.A.",476,69470,,,,,,19,,,,,,,,,,,,,,,
36,36,,Miami PIS,,,,,Airport - Aircraft - Cargo - PIS,,,Netherlands,,Unrooted Cutting,,Not Selected,46,7137,,,,,,22,,,,,,,,,,,,,,,
36,36,,Atlanta PIS,,,,,Airport - Aircraft - Cargo - PIS,,,Costa Rica,,Unrooted Cutting,,Mr.Bomb Takomfoo,0,28213,,,,,,24,,,,,,,,,,,,,,,
36,36,,JFK PIS,,,,,Airport - Aircraft - Cargo - PIS,,,Dominican Republic,,Unrooted Cutting,,Costa Farms LLC,12,1145,,,,,,9,,,,,,,,,,,,,,,
37,37,,Atlanta PIS,,,,,Airport - Aircraft - Express Carrier - PIS,,,"Korea, South",,"Bulb, Corm, Rhizome, Tuberous Stem",,GEOAGRO DE COSTA RICA,0,2591,,,,,,3,,,,,,,,,,,,,,,
37,37,,Miami PIS,,,,,Airport - Aircraft - Cargo - PIS,,,Guatemala,,Unrooted Cutting,,"KAPOK PLANTAS, S.A.",1,36,,,,,,8,,,,,,,,,,,,,,,
37,37,,Miami PIS,,,,,Airport - Aircraft - Cargo - PIS,,,China,,Rooted Plant (including grafted),,La Laguna Chichoj,1,7,,,,,,20,,,,,,,,,,,,,,,
37,37,,Los Angeles PIS,,,,,Airport - Aircraft - Cargo - PIS,,,Costa Rica,,Meristem or Callus Tissue Culture (micropropagated/in vitro culture),,Micro Plantas S.A. Box 1-2,4,393,,,,,,1,,,,,,,,,,,,,,,
37,37,,Los Angeles PIS,,,,,Airport - Aircraft - Cargo - PIS,,,Guatemala,,Unrooted Cutting,,Innovaplant de Costa Rica LAB,0,42,,,,,,23,,,,,,,,,,,,,,,
37,37,,San Francisco PIS,,,,,Airport - Aircraft - Cargo - PIS,,,El Salvador,,Rooted Cutting (including air layer),,ZIMFLORA  PVT  LTD,5,48,,,,,,8,,,,,,,,,,,,,,,
37,37,,Linden PIS,,,,,Airport - Aircraft - Cargo - PIS,,,"Korea, South",,Unrooted Plant,,PT TAMORA STEKINDO,4,7348,,,,,,27,,,,,,,,,,,,,,,
37,37,,Miami PIS,,,,,Airport - Aircraft - Cargo - PIS,,,Costa Rica,,Unrooted Plant,,Zacate Ornamental y Decorativo Box 1-19,1,2,,,,,,9,,,,,,,,,,,,,,,
37,37,,Los Angeles PIS,,,,,Airport - Aircraft - Cargo - PIS,,,Taiwan,,Rooted Cutting (including air layer),,"Wilberth Gonzalez Villegas, S.A.",0,35,,,,,,13,,,,,,,,,,,,,,,
37,37,,Seattle PIS,,,,,Airport - Aircraft - Cargo - PIS,,,Thailand,,Unrooted Cutting,,ORNAMENTALES CONCEPCION S.A,0,10611,,,,,,16,,,,,,,,,,,,,,,
37,37,,Miami PIS,,,,,Airport - Aircraft - Cargo - PIS,,,Dominican Republic,,Unrooted Cutting,,FOSHAN SANSHUI YOUNGPLANTS,44,827,,,,,,22,,,,,,,,,,,,,,,
37,37,,Miami PIS,,,,,Airport - Aircraft - Cargo - PIS,,,China,,Rooted Plant (including grafted),,TURRIPLANTAS S.A. BOXES 130-131,1,48,,,,,,7,,,,,,,,,,,,,,,
37,37,,Miami PIS,,,,,Airport - Aircraft - Cargo - PIS,,,Thailand,,Rooted Plant (including grafted),,KULTANA ORCHIDS,0,6,,,,,,4,,,,,,,,,,,,,,,
37,37,,Los Angeles PIS,,,,,Airport - Aircraft - Cargo - PIS,,,Thailand,,Rooted Plant (including grafted),,INNOVAPLANT DE COSTA RICA,2,58315,,,,,,8,,,,,,,,,,,,,,,
37,37,,Miami PIS,,,,,Airport - Aircraft - Cargo - PIS,,,Ecuador,,Rooted Plant (including grafted),,KANSOM CO LTD,5,4579,,,,,,2,,,,,,,,,,,,,,,
37,37,,Atlanta PIS,,,,,Airport - Aircraft - Cargo - PIS,,,Costa Rica,,Rooted Plant (including grafted),,QUELETZU S A BOX 1-32,2,146,,,,,,14,,,,,,,,,,,,,,,
37,37,,Seattle PIS,,,,,Airport - Aircraft - Cargo - PIS,,,Guatemala,,Budwood/Graftwood (scion),,LAS LIMAS,8,5910,,,,,,14,,,,,,,,,,,,,,,
37,37,,Miami PIS,,,,,Maritime Port - Vessel - Cargo - PIS,,,Netherlands,,Unrooted Cutting,,Phormiums Exporter S.A. Box 001-008,1,44,,,,,,5,,,,,,,,,,,,,,,
37,37,,Miami PIS,,,,,Airport - Aircraft - Cargo - PIS,,,Costa Rica,,Unrooted Cutting,,DONGGUAN,1,23,,,,,,26,,,,,,,,,,,,,,,
37,37,,Miami PIS,,,,,Airport - Aircraft - Express Carrier - PIS,,,El Salvador,,Unrooted Cutting,,Same as Shipper,0,2,,,,,,5,,,,,,,,,,,,,,,
37,37,,Miami PIS,,,,,Airport - Aircraft - Cargo - PIS,,,Costa Rica,,Rooted Plant (including grafted),,MAI AN PHU EXPORT IMPORT SERVICES T,22,1653,,,,,,26,,,,,,,,,,,,,,,
37,37,,Atlanta PIS,,,,,Airport - Aircraft - Cargo - PIS,,,Ecuador,,Unrooted Cutting,,LA LABRANZA S A,29,1719,,,,,,22,,,,,,,,,,,,,,,
37,37,,Miami PIS,,,,,Airport - Aircraft - Cargo - PIS,,,Costa Rica,,Rooted Plant (including grafted),,TUCAN EXPORTERS,304,695,,,,,,18,,,,,,,,,,,,,,,
37,37,,Atlanta PIS,,,,,Airport - Aircraft - Cargo - PIS,,,Costa Rica,,Unrooted Plant,,COSTA FARMS DOM,3,42,,,,,,7,,,,,,,,,,,,,,,
37,37,,Los Angeles PIS,,,,,Airport - Aircraft - Cargo - PIS,,,Mexico,,Rooted Cutting (including air layer),,AYO AGRIC E COM DE EQUP  AGRIC,0,4,,,,,,27,,,,,,,,,,,,,,,
38,38,,Los Angeles PIS,,,,,Airport - Aircraft - Cargo - PIS,,,Mexico,,Unrooted Plant,,INVERSIONES AGROCOMERCIALES,1,3,,,,,,12,,,,,,,,,,,,,,,
38,38,,Miami PIS,,,,,Maritime Port - Vessel - Cargo - PIS,,,"Korea, South",,Unrooted Cutting,,INDUSTRIAS AGRICOLAS CENTRO AMER,24,87234,,,,,,3,,,,,,,,,,,,,,,
38,38,,Linden PIS,,,,,Airport - Aircraft - Cargo - PIS,,,Guatemala,,Rooted Plant (including grafted),,COOPEINDIA  R.L. BOX 20-36,1,3400,,,,,,28,,,,,,,,,,,,,,,
38,38,,Miami PIS,,,,,Airport - Aircraft - Cargo - PIS,,,Thailand,,Unrooted Plant,,CORPORACION TRINACRIA SOCIEDAD,0,18,,,,,,27,,,,,,,,,,,,,,,
38,38,,Beltsville PIS,,,,,Maritime Port - Vessel - Cargo - PIS,,,Uganda,,Unrooted Cutting,,BOTANIKA S.A.,54,3651,,,,,,23,,,,,,,,,,,,,,,
38,38,,Los Angeles PIS,,,,,Maritime Port - Vessel - Cargo - PIS,,,Costa Rica,,Meristem or Callus Tissue Culture (micropropagated/in vitro culture),,FINCA CATALINA S,2,2324,,,,,,17,,,,,,,,,,,,,,,
38,38,,Miami PIS,,,,,Airport - Aircraft - Cargo - PIS,,,Costa Rica,,Rooted Cutting (including air layer),,ZHANGHOU SPRING SUNSHINE IMPORT EXPORT,0,2,,,,,,9,,,,,,,,,,,,,,,
38,38,,JFK PIS,,,,,Airport - Aircraft - Cargo - PIS,,,Indonesia,,Unrooted Cutting,,Mr. Wirote Makmoon,1,54,,,,,,25,,,,,,,,,,,,,,,
38,38,,Linden PIS,,,,,Airport - Aircraft - Cargo - PIS,,,China,,Rooted Plant (including grafted),,JARDINES TERRAGARDEN,6,31171,,,,,,21,,,,,,,,,,,,,,,
38,38,,Houston PIS,,,,,Maritime Port - Vessel - Cargo - PIS,,,Nicaragua,,Rooted Plant (including grafted),,"TAIWAN EL MONTE NURSERY CO., LTD",1,637,,,,,,27,,,,,,,,,,,,,,,
38,38,,Carolina PIS,,,,,Airport - Aircraft - Cargo - PIS,,,Kenya,,Rooted Plant (including grafted),,INNOVAPLANT DE COSTA RICA,15,76931,,,,,,27,,,,,,,,,,,,,,,
38,38,,JFK PIS,,,,,Airport - Aircraft - Cargo - PIS,,,Thailand,,Rooted Plant (including grafted),,ZHONGSHAN BRIGHTEN FLORICULTURE,1,11931,,,,,,19,,,,,,,,,,,,,,,
38,38,,Miami PIS,,,,,Airport - Aircraft - Cargo - PIS,,,Kenya,,Meristem or Callus Tissue Culture (micropropagated/in vitro culture),,INVERSIONES LUA SOCIEDAD ANONIMA,7,76,,,,,,11,,,,,,,,,,,,,,,
38,38,,Los Angeles PIS,,,,,Airport - Aircraft - Cargo - PIS,,,Guatemala,,Unrooted Cutting,,LATTHYFLORA KENYA LTD,14,19084,,,,,,12,,,,,,,,,,,,,,,
38,38,,Atlanta PIS,,,,,Airport - Aircraft - Cargo - PIS,,,Singapore,,"Bulb, Corm, Rhizome, Tuberous Stem",,FLORICULTURA Y CIA LTDA,0,55,,,,,,12,,,,,,,,,,,,,,,
38,38,,Los Angeles PIS,,,,,Airport - Aircraft - Cargo - PIS,,,Indonesia,,Rooted Cutting (including air layer),,Same as Shipper,10,1500,,,,,,19,,,,,,,,,,,,,,,
38,38,,Miami PIS,,,,,Airport - Aircraft - Cargo - PIS,,,Costa Rica,,Rooted Plant (including grafted),,TIGRA VERDE S.A.,6,19691,,,,,,27,,,,,,,,,,,,,,,
38,38,,Miami PIS,,,,,Airport - Aircraft - Cargo - PIS,,,New Zealand,,Rooted Plant (including grafted),,INNOVAPLANT DE COSTA RICA,6,89706,,,,,,11,,,,,,,,,,,,,,,
38,38,,Miami PIS,,,,,Airport - Aircraft - Cargo - PIS,,,Thailand,,Unrooted Cutting,,MICRO PLANTAS,65,21413,,,,,,28,,,,,,,,,,,,,,,
38,38,,Miami PIS,,,,,Airport - Aircraft - Cargo - PIS,,,Peru,,Rooted Plant (including grafted),,Not Selected,3,117878,,,,,,20,,,,,,,,,,,,,,,
38,38,,Linden PIS,,,,,Airport - Aircraft - Cargo - PIS,,,Netherlands,,Unrooted Cutting,,Queen Tarim ,2,17,,,,,,1,,,,,,,,,,,,,,,
38,38,,Atlanta PIS,,,,,Airport - Aircraft - Cargo - PIS,,,Taiwan,,Unrooted Plant,,BOCELS BROMELAIDS,11,3163,,,,,,1,,,,,,,,,,,,,,,
38,38,,Atlanta PIS,,,,,Airport - Aircraft - Cargo - PIS,,,Guatemala,,Rooted Cutting (including air layer),,ZHANGHOU SPRING SUNSHINE IMPORT EXPORT,15,16940,,,,,,10,,,,,,,,,,,,,,,
38,38,,Atlanta PIS,,,,,Airport - Aircraft - Cargo - PIS,,,Costa Rica,,Rooted Plant (including grafted),,FLORAPLANT S A  DE C V,5,13153,,,,,,25,,,,,,,,,,,,,,,
38,38,,Atlanta PIS,,,,,Airport - Aircraft - Cargo - PIS,,,Germany,,Rooted Cutting (including air layer),,IZUCAR HORTICULTURAL/ YECAFLORA,5,1885,,,,,,13,,,,,,,,,,,,,,,
39,39,,Miami PIS,,,,,Airport - Aircraft - Cargo - PIS,,,Guatemala,,Rooted Plant (including grafted),,MISS CHANIN SAEHENG,10,5375,,,,,,23,,,,,,,,,,,,,,,
39,39,,Miami PIS,,,,,Airport - Aircraft - Cargo - PIS,,,Sri Lanka,,Unrooted Cutting,,Not Selected,1,2,,,,,,27,,,,,,,,,,,,,,,
39,39,,Miami PIS,,,,,Airport - Aircraft - Cargo - PIS,,,China,,Rooted Plant (including grafted),,IVAGRO SA,1,6,,,,,,13,,,,,,,,,,,,,,,
39,39,,Miami PIS,,,,,Airport - Aircraft - Cargo - PIS,,,Viet Nam,,Rooted Plant (including grafted),,Same as Shipper,5,215493,,,,,,4,,,,,,,,,,,,,,,
39,39,,Miami PIS,,,,,Airport - Aircraft - Cargo - PIS,,,Costa Rica,,Unrooted Cutting,,PRODUCTOS VALPARAISO SOCIEDAD ANONIMA .,26,627,,,,,,23,,,,,,,,,,,,,,,
39,39,,Los Angeles PIS,,,,,Airport - Aircraft - Cargo - PIS,,,Thailand,,Unrooted Cutting,,MISS JUTAMAS PILADEE,1,731,,,,,,21,,,,,,,,,,,,,,,
39,39,,Miami PIS,,,,,Airport - Aircraft - Cargo - PIS,,,Taiwan,,"Root cutting, crown, or clump, Tuberous Root",,Not Selected,2,5020,,,,,,21,,,,,,,,,,,,,,,
39,39,,Miami PIS,,,,,Airport - Aircraft - Cargo - PIS,,,"Korea, South",,Unrooted Cutting,,COOPERATIVA AGRICOLA REGIONAL(COOPEINDIA),11,72387,,,,,,21,,,,,,,,,,,,,,,
39,39,,Miami PIS,,,,,Airport - Aircraft - Cargo - PIS,,,Zimbabwe,,Rooted Plant (including grafted),,SAPO VERDE 1001,10,275046,,,,,,27,,,,,,,,,,,,,,,
39,39,,Miami PIS,,,,,Airport - Aircraft - Cargo - PIS,,,Netherlands,,Rooted Plant (including grafted),,INNOVA PLANT,11,14,,,,,,19,,,,,,,,,,,,,,,
39,39,,Miami PIS,,,,,Airport - Aircraft - Cargo - PIS,,,Netherlands,,Rooted Plant (including grafted),,AMORNTHEP DAENGNOI,3,148,,,,,,23,,,,,,,,,,,,,,,
39,39,,Atlanta PIS,,,,,Airport - Aircraft - Cargo - PIS,,,South Africa,,Meristem or Callus Tissue Culture (micropropagated/in vitro culture),,BEAUTY LINE GUATEMALA,18,10186,,,,,,25,,,,,,,,,,,,,,,
39,39,,Miami PIS,,,,,Airport - Aircraft - Cargo - PIS,,,El Salvador,,Unrooted Cutting,,"FOSHAN SANSHUI YOUNG PLANTS Co., LTD",35,325865,,,,,,12,,,,,,,,,,,,,,,
39,39,,Miami PIS,,,,,Airport - Aircraft - Cargo - PIS,,,Taiwan,,Unrooted Plant,,VITROFLORA LAB KULTUR TKANKOWYCH AN,15,5894,,,,,,24,,,,,,,,,,,,,,,
39,39,,Miami PIS,,,,,Airport - Aircraft - Cargo - PIS,,,Costa Rica,,Unrooted Cutting,,AGRO INDUSTRIALES CHORTI S. A.,31,38223,,,,,,27,,,,,,,,,,,,,,,
39,39,,Los Angeles PIS,,,,,Airport - Aircraft - Cargo - PIS,,,Netherlands,,Unrooted Cutting,,Mr. Wirote Makmoon,20,3256,,,,,,22,,,,,,,,,,,,,,,
39,39,,Atlanta PIS,,,,,Airport - Aircraft - Cargo - PIS,,,Dominican Republic,,Meristem or Callus Tissue Culture (micropropagated/in vitro culture),,THICOMPORN YAMSAARD,12,52949,,,,,,20,,,,,,,,,,,,,,,
39,39,,Miami PIS,,,,,Airport - Aircraft - Cargo - PIS,,,China,,Unrooted Cutting,,KAPOK PLANTS S.A,3,6553,,,,,,14,,,,,,,,,,,,,,,
39,39,,Atlanta PIS,,,,,Maritime Port - Vessel - Cargo - PIS,,,Costa Rica,,Unrooted Cutting,,LUCHA ORNAMENTAL S.A Box 1-19,58,119953,,,,,,6,,,,,,,,,,,,,,,
39,39,,Miami PIS,,,,,Airport - Aircraft - Cargo - PIS,,,Dominican Republic,,Rooted Plant (including grafted),,FERTIPLANT B.V. IMPORT-EXPORT BOXES 1-8,4,23324,,,,,,20,,,,,,,,,,,,,,,
39,39,,JFK PIS,,,,,Airport - Aircraft - Cargo - PIS,,,Costa Rica,,Unrooted Cutting,,Same as Shipper,108,72767,,,,,,26,,,,,,,,,,,,,,,
39,39,,Miami PIS,,,,,Airport - Aircraft - Cargo - PIS,,,Guatemala,,Rooted Plant (including grafted),,INDUSTRIAS AGRICOLAS CENTRO AMERICANAS,9,9930,,,,,,8,,,,,,,,,,,,,,,
39,39,,Orlando PIS,,,,,Airport - Aircraft - Cargo - PIS,,,Costa Rica,,Rooted Plant (including grafted),,LIANYUNGANG FLOWER KING,40,11272,,,,,,10,,,,,,,,,,,,,,,
39,39,,Miami PIS,,,,,Airport - Aircraft - Cargo - PIS,,,Dominican Republic,,Rooted Plant (including grafted),,Mr. Wirote Makmoon,4,2845,,,,,,10,,,,,,,,,,,,,,,
39,39,,Atlanta PIS,,,,,Airport - Aircraft - Cargo - PIS,,,Costa Rica,,Unrooted Cutting,,Vreeland Nursery,1,54,,,,,,19,,,,,,,,,,,,,,,
40,40,,Miami PIS,,,,,Airport - Aircraft - Cargo - PIS,,,Thailand,,Rooted Cutting (including air layer),,FINCA CATALINA'S,1,2099,,,,,,19,,,,,,,,,,,,,,,
40,40,,Miami PIS,,,,,Airport - Aircraft - Cargo - PIS,,,Costa Rica,,Rooted Plant (including grafted),,Thana Sukkasem,0,479,,,,,,18,,,,,,,,,,,,,,,
40,40,,Miami PIS,,,,,Airport - Aircraft - Cargo - PIS,,,Thailand,,Rooted Plant (including grafted),,EASTERN GREEN FIELDS,21,21067,,,,,,28,,,,,,,,,,,,,,,
40,40,,Miami PIS,,,,,Airport - Aircraft - Cargo - PIS,,,Thailand,,Unrooted Cutting,,Not Selected,0,65,,,,,,21,,,,,,,,,,,,,,,
40,40,,Atlanta PIS,,,,,Airport - Aircraft - Cargo - PIS,,,Taiwan,,Rooted Plant (including grafted),,"INVERSIONES LUA, S.A.1-42",0,8,,,,,,28,,,,,,,,,,,,,,,
40,40,,Atlanta PIS,,,,,Airport - Aircraft - Cargo - PIS,,,Costa Rica,,Unrooted Cutting,,MISS JUTAMAS PILADEE,1,97,,,,,,21,,,,,,,,,,,,,,,
40,40,,Miami PIS,,,,,Airport - Aircraft - Cargo - PIS,,,Zimbabwe,,Unrooted Cutting,,VIVERO TIERRA NEGRA S.A.S,32,1942,,,,,,28,,,,,,,,,,,,,,,
40,40,,Miami PIS,,,,,Airport - Aircraft - Cargo - PIS,,,Thailand,,Rooted Cutting (including air layer),,INNOVAPLANT DE COSTA RICA,8,7908,,,,,,13,,,,,,,,,,,,,,,
40,40,,Miami PIS,,,,,Airport - Aircraft - Cargo - PIS,,,Costa Rica,,Unrooted Plant,,PT ALCHEMIE BERKA,7,1511,,,,,,20,,,,,,,,,,,,,,,
40,40,,Linden PIS,,,,,Airport - Aircraft - Cargo - PIS,,,Netherlands,,Unrooted Cutting,,NATTA 1565 LIMITED PARTNERSHIP,1,4202,,,,,,26,,,,,,,,,,,,,,,
40,40,,Miami PIS,,,,,Airport - Aircraft - Mail - PIS Mail,,,Taiwan,,Unrooted Plant,,"AGROEXPORTADORA LA LAGUNA CHICHOJ,",0,2990,,,,,,13,,,,,,,,,,,,,,,
40,40,,Los Angeles PIS,,,,,Airport - Aircraft - Cargo - PIS,,,Costa Rica,,Rooted Cutting (including air layer),,GENEROS ECUATORIANOS ECUAGENER,0,20357,,,,,,24,,,,,,,,,,,,,,,
40,40,,Miami PIS,,,,,Airport - Aircraft - Cargo - PIS,,,Guatemala,,Unrooted Cutting,,La Laguna Chichoj,0,37,,,,,,20,,,,,,,,,,,,,,,
40,40,,Miami PIS,,,,,Airport - Aircraft - Cargo - PIS,,,Costa Rica,,Unrooted Cutting,,Not Selected,1,2011,,,,,,27,,,,,,,,,,,,,,,
40,40,,Miami PIS,,,,,Airport - Aircraft - Cargo - PIS,,,India,,Meristem or Callus Tissue Culture (micropropagated/in vitro culture),,KAPOK PLANTAS,1,604,,,,,,25,,,,,,,,,,,,,,,
40,40,,Miami PIS,,,,,Airport - Aircraft - Express Carrier - PIS,,,Colombia,,Unrooted Cutting,,Same as Shipper,2,375,,,,,,12,,,,,,,,,,,,,,,
40,40,,Miami PIS,,,,,Airport - Aircraft - Cargo - PIS,,,"Korea, South",,Unrooted Plant,,"Growth Revolution Co., Ltd.",1,11255,,,,,,17,,,,,,,,,,,,,,,
40,40,,Linden PIS,,,,,Maritime Port - Vessel - Cargo - PIS,,,Costa Rica,,Unrooted Cutting,,Annia Mayela Fuentes Martinez,6,1458,,,,,,12,,,,,,,,,,,,,,,
40,40,,Miami PIS,,,,,Airport - Aircraft - Cargo - PIS,,,Costa Rica,,Rooted Plant (including grafted),,Cerca del Paraiso ,17,58351,,,,,,17,,,,,,,,,,,,,,,
40,40,,Miami PIS,,,,,Airport - Aircraft - Cargo - PIS,,,Guatemala,,Unrooted Cutting,,ANNIA FUENTES MARTINEZ  BOX 01,1,83,,,,,,21,,,,,,,,,,,,,,,
40,40,,Miami PIS,,,,,Airport - Aircraft - Express Carrier - PIS,,,Netherlands,,Unrooted Cutting,,FLORICULTURA Y COMPANIA LTDA,3,1346,,,,,,6,,,,,,,,,,,,,,,
40,40,,Atlanta PIS,,,,,Airport - Aircraft - Cargo - PIS,,,Costa Rica,,Rooted Plant (including grafted),,RED FOX LAS MERCEDES,16,74110,,,,,,27,,,,,,,,,,,,,,,
40,40,,Miami PIS,,,,,Airport - Aircraft - Cargo - PIS,,,Dominican Republic,,Budwood/Graftwood (scion),,INNOVA PLANT DE COSTA RICA SA,8,7016,,,,,,1,,,,,,,,,,,,,,,
40,40,,Miami PIS,,,,,Airport - Aircraft - Cargo - PIS,,,Costa Rica,,Rooted Plant (including grafted),,SHENZHEN ZHIZE WEISI SUPPLY,1,21755,,,,,,21,,,,,,,,,,,,,,,
40,40,,JFK PIS,,,,,Airport - Aircraft - Cargo - PIS,,,Mexico,,Unrooted Cutting,,GEWALIN RITTISAK,9,52,,,,,,17,,,,,,,,,,,,,,,
41,41,,Miami PIS,,,,,Airport - Aircraft - Cargo - PIS,,,Thailand,,Unrooted Cutting,,AGROMARIALINDA SA 1-15,7,1988,,,,,,24,,,,,,,,,,,,,,,
41,41,,Los Angeles PIS,,,,,Airport - Aircraft - Cargo - PIS,,,Thailand,,Unrooted Plant,,CHEONG POONG CORP,0,1408,,,,,,27,,,,,,,,,,,,,,,
41,41,,Miami PIS,,,,,Airport - Aircraft - Cargo - PIS,,,India,,Unrooted Cutting,,LA FLORESTA ORNAMENTALES S.A.,14,104034,,,,,,26,,,,,,,,,,,,,,,
41,41,,Miami PIS,,,,,Airport - Aircraft - Cargo - PIS,,,Kenya,,Rooted Plant (including grafted),,MONRA S.A.,8,28044,,,,,,6,,,,,,,,,,,,,,,
41,41,,Los Angeles PIS,,,,,Airport - Aircraft - Cargo - PIS,,,Dominican Republic,,Rooted Cutting (including air layer),,Same as Shipper,2,4,,,,,,20,,,,,,,,,,,,,,,
41,41,,Miami PIS,,,,,Airport - Aircraft - Express Carrier - PIS,,,Guatemala,,Unrooted Cutting,,VIVERO LAS GARDENIAS,8,1218,,,,,,27,,,,,,,,,,,,,,,
41,41,,Atlanta PIS,,,,,Maritime Port - Vessel - Cargo - PIS,,,Viet Nam,,"Root cutting, crown, or clump, Tuberous Root",,VITA FARMS BOXES 004-007,22,4231,,,,,,7,,,,,,,,,,,,,,,
41,41,,Los Angeles PIS,,,,,Airport - Aircraft - Express Carrier - PIS,,,Thailand,,Meristem or Callus Tissue Culture (micropropagated/in vitro culture),,INNOVA PLANT DE COSTA RICA SA,4,57013,,,,,,21,,,,,,,,,,,,,,,
41,41,,Linden PIS,,,,,Airport - Aircraft - Cargo - PIS,,,Nicaragua,,Unrooted Cutting,,IVAGRO S A BOXES 42-48,1,21871,,,,,,5,,,,,,,,,,,,,,,
41,41,,Miami PIS,,,,,Airport - Aircraft - Cargo - PIS,,,Mexico,,Unrooted Cutting,,GUATEXOTIC AGROPECUARIA PENIEL SA,1,1238,,,,,,18,,,,,,,,,,,,,,,
41,41,,Miami PIS,,,,,Airport - Aircraft - Cargo - PIS,,,Taiwan,,Unrooted Cutting,,PRODUCTOS EL MAPACHE DE ALAJUELA,3,6418,,,,,,14,,,,,,,,,,,,,,,
41,41,,Miami PIS,,,,,Airport - Aircraft - Cargo - PIS,,,Mexico,,Unrooted Cutting,,NATTA 1565 LIMITED PARTNERSHIP,83,70,,,,,,12,,,,,,,,,,,,,,,
41,41,,Los Angeles PIS,,,,,Airport - Aircraft - Cargo - PIS,,,China,,Unrooted Cutting,,INNOVAPLANT DE COSTA RICA,32,30012,,,,,,3,,,,,,,,,,,,,,,
41,41,,Los Indios PIS,,,,,Airport - Aircraft - Cargo - PIS,,,Kenya,,Unrooted Cutting,,Botanika,14,108353,,,,,,24,,,,,,,,,,,,,,,
41,41,,Miami PIS,,,,,Airport - Aircraft - Cargo - PIS,,,China,,Rooted Cutting (including air layer),,FLOWER AGRONEGOCIOS-EIRELI,1,1556,,,,,,15,,,,,,,,,,,,,,,
41,41,,Miami PIS,,,,,Maritime Port - Vessel - Cargo - PIS,,,Costa Rica,,Rooted Plant (including grafted),,LATHYFLORA KENYA LTD,1,581,,,,,,11,,,,,,,,,,,,,,,
41,41,,Miami PIS,,,,,Maritime Port - Vessel - Cargo - PIS,,,Costa Rica,,Unrooted Plant,,ORCONSA,1,1286,,,,,,7,,,,,,,,,,,,,,,
41,41,,Miami PIS,,,,,Airport - Aircraft - Cargo - PIS,,,Viet Nam,,Rooted Plant (including grafted),,INNOVAPLANT DE COSTA RICA,6,5650,,,,,,2,,,,,,,,,,,,,,,
41,41,,JFK PIS,,,,,Airport - Aircraft - Cargo - PIS,,,Taiwan,,Rooted Plant (including grafted),,AGRO KOMPAS ,1,1648,,,,,,25,,,,,,,,,,,,,,,
41,41,,Miami PIS,,,,,Airport - Aircraft - Cargo - PIS,,,Viet Nam,,Unrooted Cutting,,REDENDEMIKA SAPI DE CV,0,4274,,,,,,16,,,,,,,,,,,,,,,
41,41,,Los Angeles PIS,,,,,Airport - Aircraft - Cargo - PIS,,,Portugal,,"Root cutting, crown, or clump, Tuberous Root",,GILBERTO MERINO,9,291230,,,,,,12,,,,,,,,,,,,,,,
41,41,,Miami PIS,,,,,Maritime Port - Vessel - Cargo - PIS,,,Costa Rica,,Unrooted Cutting,,KAPOK PLANTS S.A,1,44,,,,,,16,,,,,,,,,,,,,,,
41,41,,Miami PIS,,,,,Airport - Aircraft - Cargo - PIS,,,Israel,,Rooted Plant (including grafted),,IVAGRO S.A. BOX 50 - 96,35,123944,,,,,,5,,,,,,,,,,,,,,,
41,41,,Miami PIS,,,,,Airport - Aircraft - Cargo - PIS,,,Viet Nam,,Rooted Cutting (including air layer),,"Industrias Agricolas Centro Americanas, S.A.",3,2146,,,,,,26,,,,,,,,,,,,,,,
41,41,,Houston PIS,,,,,Airport - Aircraft - Cargo - PIS,,,Guatemala,,Rooted Plant (including grafted),,INNOVA PLANT DE COSTA RICA SA,428,10956,,,,,,9,,,,,,,,,,,,,,,
42,42,,Miami PIS,,,,,Airport - Aircraft - Cargo - PIS,,,Sri Lanka,,Rooted Plant (including grafted),,QUELETZU S A BOX 1-32,0,16,,,,,,11,,,,,,,,,,,,,,,
42,42,,Atlanta PIS,,,,,Airport - Aircraft - Cargo - PIS,,,Guatemala,,Unrooted Cutting,,PLANTAS ORNAMENTALES DE COSTA RICA,108,135287,,,,,,1,,,,,,,,,,,,,,,
42,42,,Seattle PIS,,,,,Airport - Aircraft - Cargo - PIS,,,Thailand,,Rooted Plant (including grafted),,EXPORTADORA DE ORNAMENTALES Invoice 2,10,94195,,,,,,18,,,,,,,,,,,,,,,
42,42,,Miami PIS,,,,,Airport - Aircraft - Cargo - PIS,,,Malaysia,,Meristem or Callus Tissue Culture (micropropagated/in vitro culture),,Ornamentales Sapo Verde BOX 990,6,2435,,,,,,8,,,,,,,,,,,,,,,
42,42,,Atlanta PIS,,,,,Airport - Aircraft - Cargo - PIS,,,Guatemala,,Unrooted Cutting,,Same as Shipper,18,31082,,,,,,16,,,,,,,,,,,,,,,
42,42,,Miami PIS,,,,,Airport - Aircraft - Cargo - PIS,,,Indonesia,,Unrooted Cutting,,GEOAGRO DE COSTA RICA,770,42538,,,,,,17,,,,,,,,,,,,,,,
42,42,,JFK PIS,,,,,Airport - Aircraft - Cargo - PIS,,,Nicaragua,,Meristem or Callus Tissue Culture (micropropagated/in vitro culture),,HV AGROPLANTAS S.R.L.,0,75,,,,,,27,,,,,,,,,,,,,,,
42,42,,Miami PIS,,,,,Airport - Aircraft - Cargo - PIS,,,El Salvador,,Unrooted Cutting,,Mr. Chanchai Bunnongprung,1,4171,,,,,,12,,,,,,,,,,,,,,,
42,42,,Los Angeles PIS,,,,,Airport - Aircraft - Cargo - PIS,,,Taiwan,,Meristem or Callus Tissue Culture (micropropagated/in vitro culture),,ARCO IRIS DEL CARIBE S A,1,2,,,,,,5,,,,,,,,,,,,,,,
42,42,,Atlanta PIS,,,,,Maritime Port - Vessel - Cargo - PIS,,,Costa Rica,,Unrooted Cutting,,FERTIPLANT BV,16,40536,,,,,,13,,,,,,,,,,,,,,,
42,42,,Miami PIS,,,,,Airport - Aircraft - Cargo - PIS,,,Guatemala,,Unrooted Cutting,,INNOVAPLANT DE COSTA RICA,19,38351,,,,,,20,,,,,,,,,,,,,,,
42,42,,Miami PIS,,,,,Airport - Aircraft - Cargo - PIS,,,Guatemala,,Meristem or Callus Tissue Culture (micropropagated/in vitro culture),,Syngenta Flowers,4,128,,,,,,14,,,,,,,,,,,,,,,
42,42,,Linden PIS,,,,,Airport - Aircraft - Cargo - PIS,,,Kenya,,Unrooted Cutting,,"PLANTAS DE MI TIERRA, S.A.",4,35,,,,,,16,,,,,,,,,,,,,,,
42,42,,Miami PIS,,,,,Airport - Aircraft - Cargo - PIS,,,Zimbabwe,,Unrooted Cutting,,ARCO IRIS DEL CARIBE S.A.,3,3565,,,,,,21,,,,,,,,,,,,,,,
42,42,,Miami PIS,,,,,Airport - Aircraft - Cargo - PIS,,,"Korea, South",,Unrooted Cutting,,DARWIN COLOMBIA S.A.S,17,93417,,,,,,20,,,,,,,,,,,,,,,
42,42,,Los Angeles PIS,,,,,Airport - Aircraft - Cargo - PIS,,,Uganda,,Rooted Plant (including grafted),,QUELETZU S.A. 1,123,472,,,,,,7,,,,,,,,,,,,,,,
42,42,,Orlando PIS,,,,,Airport - Aircraft - Cargo - PIS,,,Costa Rica,,Unrooted Cutting,,Ornamentales Sapo Verde Box 501-519,3,4220,,,,,,13,,,,,,,,,,,,,,,
42,42,,Houston PIS,,,,,Airport - Aircraft - Cargo - PIS,,,Mexico,,Rooted Plant (including grafted),,INNOVAPLANT DE COSTA RICA,1,0,,,,,,4,,,,,,,,,,,,,,,
42,42,,Los Angeles PIS,,,,,Airport - Aircraft - Cargo - PIS,,,Thailand,,Unrooted Cutting,,KAPOK PLANTS S.A,3,28998,,,,,,27,,,,,,,,,,,,,,,
42,42,,Miami PIS,,,,,Airport - Aircraft - Cargo - PIS,,,Nicaragua,,Unrooted Cutting,,KAPOK PLANTAS,0,853,,,,,,9,,,,,,,,,,,,,,,
42,42,,Miami PIS,,,,,Airport - Aircraft - Cargo - PIS,,,El Salvador,,Rooted Plant (including grafted),,Plantas Ilimitadas ,2,26684,,,,,,27,,,,,,,,,,,,,,,
42,42,,Miami PIS,,,,,Airport - Aircraft - Cargo - PIS,,,Guatemala,,Unrooted Cutting,,PRIMEROS EN FOLLAJE Box 101-102,1,15,,,,,,19,,,,,,,,,,,,,,,
42,42,,Los Angeles PIS,,,,,Airport - Aircraft - Cargo - PIS,,,Guatemala,,Rooted Plant (including grafted),,Beuty Line Guatemale SA,0,661,,,,,,2,,,,,,,,,,,,,,,
42,42,,Miami PIS,,,,,Airport - Aircraft - Cargo - PIS,,,Taiwan,,Rooted Plant (including grafted),,BEAUTY LINE GUATEMALA,1,8,,,,,,7,,,,,,,,,,,,,,,
42,42,,Atlanta PIS,,,,,Airport - Aircraft - Cargo - PIS,,,Italy,,Rooted Plant (including grafted),,Ornamentales Sapo Verde 501,16,1002,,,,,,22,,,,,,,,,,,,,,,
43,43,,Miami PIS,,,,,Airport - Aircraft - Cargo - PIS,,,Guatemala,,"Bulb, Corm, Rhizome, Tuberous Stem",,ORNAMENTALES SAPO VERDE Box 3001,18,179,,,,,,26,,,,,,,,,,,,,,,
43,43,,Miami PIS,,,,,Airport - Aircraft - Cargo - PIS,,,Taiwan,,"Root cutting, crown, or clump, Tuberous Root",,INNOVAPLANT DE COSTA RICA,3,2476,,,,,,18,,,,,,,,,,,,,,,
43,43,,Miami PIS,,,,,Airport - Aircraft - Cargo - PIS,,,India,,Unrooted Plant,,MECA DE OROTINA SA,2,333,,,,,,14,,,,,,,,,,,,,,,
43,43,,Miami PIS,,,,,Airport - Aircraft - Cargo - PIS,,,Taiwan,,Rooted Plant (including grafted),,LAS LIMAS,0,11933,,,,,,27,,,,,,,,,,,,,,,
43,43,,Linden PIS,,,,,Airport - Aircraft - Cargo - PIS,,,"Korea, South",,Unrooted Cutting,,Vita Farms 7001-7055,13,11426,,,,,,19,,,,,,,,,,,,,,,
43,43,,Miami PIS,,,,,Airport - Aircraft - Cargo - PIS,,,Israel,,Meristem or Callus Tissue Culture (micropropagated/in vitro culture),,VITA FARMS 301,3,444,,,,,,3,,,,,,,,,,,,,,,
43,43,,Miami PIS,,,,,Airport - Aircraft - Cargo - PIS,,,Mexico,,Unrooted Cutting,,L.J. International LTD,0,560,,,,,,2,,,,,,,,,,,,,,,
43,43,,Los Angeles PIS,,,,,Airport - Aircraft - Express Carrier - PIS,,,Costa Rica,,Unrooted Cutting,,Escactus,1,20,,,,,,22,,,,,,,,,,,,,,,
43,43,,Houston PIS,,,,,Maritime Port - Vessel - Cargo - PIS,,,Costa Rica,,Unrooted Cutting,,BEKTAS BLOEMEN EN PLANTEN,2,1226,,,,,,11,,,,,,,,,,,,,,,
43,43,,Atlanta PIS,,,,,Airport - Aircraft - Cargo - PIS,,,Guatemala,,Rooted Plant (including grafted),,GENEROS ECUATORIANOS ECUAGENERA,1,429,,,,,,5,,,,,,,,,,,,,,,
43,43,,Miami PIS,,,,,Airport - Aircraft - Cargo - PIS,,,Costa Rica,,Unrooted Plant,,Mr. Wirote Makmoon,4,1742,,,,,,3,,,,,,,,,,,,,,,
43,43,,Atlanta PIS,,,,,Airport - Aircraft - Cargo - PIS,,,Costa Rica,,Rooted Plant (including grafted),,Same as Shipper,4,47,,,,,,15,,,,,,,,,,,,,,,
43,43,,Miami PIS,,,,,Airport - Aircraft - Cargo - PIS,,,Thailand,,Rooted Plant (including grafted),,ANNIA FUENTES Box 101-103,7,94,,,,,,7,,,,,,,,,,,,,,,
43,43,,Miami PIS,,,,,Airport - Aircraft - Cargo - PIS,,,Costa Rica,,Unrooted Cutting,,Ornamentales Rio Molino S.A.,9,1023,,,,,,15,,,,,,,,,,,,,,,
43,43,,Miami PIS,,,,,Airport - Aircraft - Cargo - PIS,,,Nicaragua,,Unrooted Cutting,,COOPEINDIA R.L. BOX 37-57 ,4,430,,,,,,17,,,,,,,,,,,,,,,
43,43,,JFK PIS,,,,,Airport - Aircraft - Cargo - PIS,,,China,,Unrooted Cutting,,"MAI AN PHU EXP. IMP. SERVICES TRADING CO., LTD",6,2161,,,,,,19,,,,,,,,,,,,,,,
43,43,,Los Angeles PIS,,,,,Airport - Aircraft - Cargo - PIS,,,Mexico,,Unrooted Cutting,,Botanika,2,74,,,,,,26,,,,,,,,,,,,,,,
43,43,,Miami PIS,,,,,Maritime Port - Vessel - Cargo - PIS,,,Thailand,,Unrooted Plant,,ORNAMENTALES SAPO VERDE 001,2,4781,,,,,,28,,,,,,,,,,,,,,,
43,43,,Miami PIS,,,,,Airport - Aircraft - Cargo - PIS,,,Guatemala,,Unrooted Cutting,,EXOTIC PLANT COMPANY,1,98,,,,,,7,,,,,,,,,,,,,,,
43,43,,Miami PIS,,,,,Airport - Aircraft - Cargo - PIS,,,Thailand,,Unrooted Cutting,,PRODUCTOS VALPARAISO,0,829,,,,,,23,,,,,,,,,,,,,,,
43,43,,Atlanta PIS,,,,,Airport - Aircraft - Cargo - PIS,,,Kenya,,Unrooted Cutting,,SAPO VERDE box 8001,11,4384,,,,,,28,,,,,,,,,,,,,,,
43,43,,Miami PIS,,,,,Airport - Aircraft - Cargo - PIS,,,India,,Unrooted Cutting,,LAS LIMAS,0,5,,,,,,12,,,,,,,,,,,,,,,
43,43,,Miami PIS,,,,,Airport - Aircraft - Cargo - PIS,,,Kenya,,Meristem or Callus Tissue Culture (micropropagated/in vitro culture),,ORNAMENTALES SAPO VERDE 201,1,273,,,,,,23,,,,,,,,,,,,,,,
43,43,,Miami PIS,,,,,Maritime Port - Vessel - Cargo - PIS,,,Peru,,Unrooted Cutting,,IVAGRO SA,4,1273,,,,,,21,,,,,,,,,,,,,,,
43,43,,Miami PIS,,,,,Airport - Aircraft - Cargo - PIS,,,Dominican Republic,,Unrooted Cutting,,"VIVERO INTERNACIONAL S,A DE C.V",5,102166,,,,,,28,,,,,,,,,,,,,,,
44,44,,Houston PIS,,,,,Airport - Aircraft - Cargo - PIS,,,Costa Rica,,Budwood/Graftwood (scion),,"FOSHAN SANSHUI YOUNG PLANTS Co., LTD",10,116,,,,,,6,,,,,,,,,,,,,,,
44,44,,Miami PIS,,,,,Maritime Port - Vessel - Cargo - PIS,,,Thailand,,Unrooted Cutting,,LJ INTERNATIONAL LTD,0,86,,,,,,24,,,,,,,,,,,,,,,
44,44,,Miami PIS,,,,,Airport - Aircraft - Cargo - PIS,,,Costa Rica,,Unrooted Cutting,,ORNAMENTALES SAPO VERDE 201,4,8860,,,,,,19,,,,,,,,,,,,,,,
44,44,,Miami PIS,,,,,Airport - Aircraft - Cargo - PIS,,,Dominican Republic,,Unrooted Plant,,Same as Shipper,0,182,,,,,,17,,,,,,,,,,,,,,,
44,44,,JFK PIS,,,,,Airport - Aircraft - Cargo - PIS,,,Kenya,,Rooted Cutting (including air layer),,INNOVAPLANT DE COSTA RICA,1,9,,,,,,11,,,,,,,,,,,,,,,
44,44,,Miami PIS,,,,,Airport - Aircraft - Cargo - PIS,,,China,,Meristem or Callus Tissue Culture (micropropagated/in vitro culture),,INNOVAPLANT DE COSTA RICA,4,3303,,,,,,3,,,,,,,,,,,,,,,
44,44,,Los Angeles PIS,,,,,Airport - Aircraft - Cargo - PIS,,,Mexico,,Unrooted Plant,,Not Selected,4,396,,,,,,12,,,,,,,,,,,,,,,
44,44,,Miami PIS,,,,,Maritime Port - Vessel - Cargo - PIS,,,Costa Rica,,Meristem or Callus Tissue Culture (micropropagated/in vitro culture),,Same as Shipper,18,9442,,,,,,15,,,,,,,,,,,,,,,
44,44,,Atlanta PIS,,,,,Airport - Aircraft - Cargo - PIS,,,Viet Nam,,Rooted Plant (including grafted),,VISSANU RUKSACHART,2,4103,,,,,,21,,,,,,,,,,,,,,,
44,44,,Miami PIS,,,,,Airport - Aircraft - Cargo - PIS,,,Indonesia,,Unrooted Cutting,,Not Selected,1,2,,,,,,26,,,,,,,,,,,,,,,
44,44,,Miami PIS,,,,,Airport - Aircraft - Cargo - PIS,,,Guatemala,,Unrooted Cutting,,Vita Farms 001,107,12034,,,,,,7,,,,,,,,,,,,,,,
44,44,,Miami PIS,,,,,Airport - Aircraft - Cargo - PIS,,,Costa Rica,,Unrooted Plant,,ORNAMENTALES SAPO VERDE Box 1201-1204,0,458,,,,,,1,,,,,,,,,,,,,,,
44,44,,Miami PIS,,,,,Airport - Aircraft - Cargo - PIS,,,Colombia,,Unrooted Cutting,,LATHYFLORA,2,1371,,,,,,21,,,,,,,,,,,,,,,
44,44,,Miami PIS,,,,,Airport - Aircraft - Cargo - PIS,,,Guatemala,,Unrooted Cutting,,PREMIUM PLANTS S.A.,9,844,,,,,,13,,,,,,,,,,,,,,,
44,44,,Miami PIS,,,,,Maritime Port - Vessel - Cargo - PIS,,,Costa Rica,,Rooted Plant (including grafted),,INNOVAPLANT DE COSTA RICA,2,1784,,,,,,26,,,,,,,,,,,,,,,
44,44,,Linden PIS,,,,,Airport - Aircraft - Express Carrier - PIS,,,Mexico,,Unrooted Cutting,,VITA FARMS BOX 2301-2317,5,1029,,,,,,5,,,,,,,,,,,,,,,
44,44,,Orlando PIS,,,,,Airport - Aircraft - Cargo - PIS,,,Thailand,,Rooted Plant (including grafted),,FERTIPLANT BV.,0,3,,,,,,12,,,,,,,,,,,,,,,
44,44,,Miami PIS,,,,,Airport - Aircraft - Cargo - PIS,,,Guatemala,,Unrooted Cutting,,ORNAMENTALES DE SAPO VERDE 900-945,2,1134,,,,,,18,,,,,,,,,,,,,,,
44,44,,Atlanta PIS,,,,,Airport - Aircraft - Cargo - PIS,,,Kenya,,Rooted Plant (including grafted),,Ornamentales Sapo Verde Box 1601-1610,5,1012,,,,,,7,,,,,,,,,,,,,,,
44,44,,Atlanta PIS,,,,,Airport - Aircraft - Cargo - PIS,,,Mexico,,Rooted Plant (including grafted),,DARWIN COLOMBIA S.A.S,16,24238,,,,,,14,,,,,,,,,,,,,,,
44,44,,Miami PIS,,,,,Airport - Aircraft - Cargo - PIS,,,Indonesia,,Rooted Plant (including grafted),,BEAUTY LINE,3,98,,,,,,2,,,,,,,,,,,,,,,
44,44,,Miami PIS,,,,,Airport - Aircraft - Cargo - PIS,,,Costa Rica,,Unrooted Cutting,,HV AGROPLANTAS S.R.L.,335,3467,,,,,,13,,,,,,,,,,,,,,,
44,44,,Miami PIS,,,,,Airport - Aircraft - Cargo - PIS,,,Mexico,,Unrooted Cutting,,FLORAMO S A,185,12693,,,,,,2,,,,,,,,,,,,,,,
44,44,,Miami PIS,,,,,Airport - Aircraft - Cargo - PIS,,,Tanzania,,Unrooted Plant,,AMORNTHEP DAENGNOI,10,6571,,,,,,11,,,,,,,,,,,,,,,
44,44,,Atlanta PIS,,,,,Airport - Aircraft - Cargo - PIS,,,South Africa,,Meristem or Callus Tissue Culture (micropropagated/in vitro culture),,BEAUTY LINE GUATEMALA,1,564,,,,,,5,,,,,,,,,,,,,,,
45,45,,Los Angeles PIS,,,,,Airport - Aircraft - Cargo - PIS,,,Costa Rica,,Rooted Cutting (including air layer),,LAS LIMAS S A,2,91,,,,,,13,,,,,,,,,,,,,,,
45,45,,Los Angeles PIS,,,,,Airport - Aircraft - Cargo - PIS,,,Guatemala,,Unrooted Cutting,,"VIVERO INTERNACIONAL S,A DE C.V",0,48,,,,,,18,,,,,,,,,,,,,,,
45,45,,Miami PIS,,,,,Airport - Aircraft - Cargo - PIS,,,Guatemala,,Meristem or Callus Tissue Culture (micropropagated/in vitro culture),,INVERSIONES LUA S.A 1-80,21,57592,,,,,,2,,,,,,,,,,,,,,,
45,45,,Miami PIS,,,,,Airport - Aircraft - Cargo - PIS,,,Dominican Republic,,Unrooted Plant,,Not Selected,0,109,,,,,,5,,,,,,,,,,,,,,,
45,45,,Miami PIS,,,,,Airport - Aircraft - Cargo - PIS,,,Guatemala,,Unrooted Plant,,Ornamentales Sapo Verde 9001,94,1721,,,,,,13,,,,,,,,,,,,,,,
45,45,,Miami PIS,,,,,Airport - Aircraft - Cargo - PIS,,,Dominican Republic,,Rooted Cutting (including air layer),,Cerca del Paraiso ,6,1,,,,,,14,,,,,,,,,,,,,,,
45,45,,Miami PIS,,,,,Maritime Port - Vessel - Cargo - PIS,,,Netherlands,,Unrooted Cutting,,Same as Shipper,10,8378,,,,,,14,,,,,,,,,,,,,,,
45,45,,Miami PIS,,,,,Airport - Aircraft - Cargo - PIS,,,Netherlands,,Unrooted Cutting,,Not Selected,8,180607,,,,,,8,,,,,,,,,,,,,,,
45,45,,Miami PIS,,,,,Airport - Aircraft - Cargo - PIS,,,Israel,,Rooted Plant (including grafted),,Not Selected,94,203138,,,,,,3,,,,,,,,,,,,,,,
45,45,,JFK PIS,,,,,Airport - Aircraft - Cargo - PIS,,,Costa Rica,,Unrooted Cutting,,Art Garden Style,85,372085,,,,,,4,,,,,,,,,,,,,,,
45,45,,Linden PIS,,,,,Airport - Aircraft - Cargo - PIS,,,El Salvador,,Unrooted Cutting,,AGRO ORCHIDS COSTA RICA S.A,33,8947,,,,,,25,,,,,,,,,,,,,,,
45,45,,Miami PIS,,,,,Airport - Aircraft - Cargo - PIS,,,Costa Rica,,"Bulb, Corm, Rhizome, Tuberous Stem",,ORNAMENTALES SAPO VERDE Box 301-304,3,193,,,,,,27,,,,,,,,,,,,,,,
45,45,,Atlanta PIS,,,,,Airport - Aircraft - Cargo - PIS,,,China,,Rooted Plant (including grafted),,"VIVERO INTERNACIONAL S,A DE C.V",42,88316,,,,,,18,,,,,,,,,,,,,,,
45,45,,Miami PIS,,,,,Airport - Aircraft - Cargo - PIS,,,Viet Nam,,Unrooted Cutting,,ORNAMENTALES DE CONCEPCION S.A.,30,29845,,,,,,7,,,,,,,,,,,,,,,
45,45,,Miami PIS,,,,,Airport - Aircraft - Cargo - PIS,,,Guatemala,,Rooted Plant (including grafted),,VITA FARMS S.A. BOXES 1001-1010,62,351893,,,,,,9,,,,,,,,,,,,,,,
45,45,,Linden PIS,,,,,Airport - Aircraft - Cargo - PIS,,,Tanzania,,Unrooted Cutting,,COSTA FARMS DOM,0,6185,,,,,,24,,,,,,,,,,,,,,,
45,45,,Miami PIS,,,,,Maritime Port - Vessel - Cargo - PIS,,,Nicaragua,,Unrooted Plant,,BEAUTY LINE GUATEMALA,1,2102,,,,,,23,,,,,,,,,,,,,,,
45,45,,Atlanta PIS,,,,,Maritime Port - Vessel - Cargo - PIS,,,Costa Rica,,Rooted Plant (including grafted),,GEOAGRO DE COSTA RICA,249,89214,,,,,,16,,,,,,,,,,,,,,,
45,45,,Miami PIS,,,,,Airport - Aircraft - Cargo - PIS,,,China,,Unrooted Plant,,Same as Shipper,372,16123,,,,,,17,,,,,,,,,,,,,,,
45,45,,Miami PIS,,,,,Airport - Aircraft - Cargo - PIS,,,Guatemala,,Unrooted Cutting,,BEAUTY LINE GUATEMALA,0,55,,,,,,3,,,,,,,,,,,,,,,
45,45,,Miami PIS,,,,,Maritime Port - Vessel - Cargo - PIS,,,Netherlands,,Unrooted Cutting,,INNOVAPLANT DE COSTA RICA,54,26101,,,,,,28,,,,,,,,,,,,,,,
45,45,,Miami PIS,,,,,Airport - Aircraft - Cargo - PIS,,,Thailand,,Unrooted Cutting,,ROGELIO BERMUDEZ CAMPOS,71,166648,,,,,,14,,,,,,,,,,,,,,,
45,45,,Miami PIS,,,,,Airport - Aircraft - Cargo - PIS,,,Indonesia,,"Bulb, Corm, Rhizome, Tuberous Stem",,VITA FARM Box 1201-1240,33,19283,,,,,,16,,,,,,,,,,,,,,,
45,45,,Miami PIS,,,,,Airport - Aircraft - Express Carrier - PIS,,,Guatemala,,Meristem or Callus Tissue Culture (micropropagated/in vitro culture),,XANH XANH URBAN FOREST CO LTD,10,219,,,,,,24,,,,,,,,,,,,,,,
45,45,,JFK PIS,,,,,Airport - Aircraft - Cargo - PIS,,,Indonesia,,Rooted Plant (including grafted),,Shenzhen guardian Industrial,66,81618,,,,,,5,,,,,,,,,,,,,,,
46,46,,Honolulu PIS,,,,,Airport - Aircraft - Cargo - PIS,,,Guatemala,,Unrooted Cutting,,STK ORCHID NURSERY,11,21468,,,,,,8,,,,,,,,,,,,,,,
46,46,,Miami PIS,,,,,Airport - Aircraft - Cargo - PIS,,,Japan,,Unrooted Cutting,,ZHANGZHOU RICH LINK TRADING CO,34,62687,,,,,,15,,,,,,,,,,,,,,,
46,46,,Miami PIS,,,,,Airport - Aircraft - Cargo - PIS,,,Costa Rica,,Rooted Plant (including grafted),,Plantas Ornamentales de Costa Rica 1-15,8,67,,,,,,16,,,,,,,,,,,,,,,
46,46,,Linden PIS,,,,,Airport - Aircraft - Cargo - PIS,,,Guatemala,,Rooted Plant (including grafted),,BC BROMELIAS DE COLOMBIA SAS,24,32810,,,,,,27,,,,,,,,,,,,,,,
46,46,,Miami PIS,,,,,Airport - Aircraft - Cargo - PIS,,,Guatemala,,Unrooted Plant,,INNOVAPLANT DE COSTA RICA,28,75878,,,,,,7,,,,,,,,,,,,,,,
46,46,,Miami PIS,,,,,Airport - Aircraft - Cargo - PIS,,,Indonesia,,Rooted Plant (including grafted),,LUCHA ORNAMENTAL BOX 01-14,37,6131,,,,,,11,,,,,,,,,,,,,,,
46,46,,Miami PIS,,,,,Airport - Aircraft - Cargo - PIS,,,Guatemala,,Unrooted Cutting,,CHIANGMAI PLANTS AND HERBS CO LTD,0,288,,,,,,15,,,,,,,,,,,,,,,
46,46,,Miami PIS,,,,,Maritime Port - Vessel - Cargo - PIS,,,Ecuador,,Meristem or Callus Tissue Culture (micropropagated/in vitro culture),,VIVERO LAS GARDENIAS,0,1606,,,,,,16,,,,,,,,,,,,,,,
46,46,,Miami PIS,,,,,Airport - Aircraft - Cargo - PIS,,,Austria,,Rooted Plant (including grafted),,BEAUTY LINE GUATEMALA,0,26463,,,,,,6,,,,,,,,,,,,,,,
46,46,,Los Angeles PIS,,,,,Airport - Aircraft - Cargo - PIS,,,China,,Unrooted Cutting,,Same as Shipper,2,4,,,,,,3,,,,,,,,,,,,,,,
46,46,,Atlanta PIS,,,,,Airport - Aircraft - Cargo - PIS,,,Netherlands,,Unrooted Cutting,,Same as Shipper,26,2960,,,,,,5,,,,,,,,,,,,,,,
46,46,,Atlanta PIS,,,,,Airport - Aircraft - Cargo - PIS,,,Guatemala,,Unrooted Cutting,,QUELETZU S.A.,3,10,,,,,,26,,,,,,,,,,,,,,,
46,46,,Miami PIS,,,,,Airport - Aircraft - Cargo - PIS,,,Costa Rica,,Unrooted Cutting,,GENEROS ECUATORIANOS,24,200563,,,,,,16,,,,,,,,,,,,,,,
46,46,,Atlanta PIS,,,,,Airport - Aircraft - Cargo - PIS,,,Thailand,,Meristem or Callus Tissue Culture (micropropagated/in vitro culture),,AMORNTHEP DAENGNOI,7,3728,,,,,,19,,,,,,,,,,,,,,,
46,46,,Miami PIS,,,,,Airport - Aircraft - Cargo - PIS,,,Costa Rica,,Unrooted Plant,,Vita Farms 201,3,10129,,,,,,7,,,,,,,,,,,,,,,
46,46,,San Diego PIS,,,,,Airport - Aircraft - Cargo - PIS,,,Guatemala,,Unrooted Plant,,Not Selected,6,518,,,,,,5,,,,,,,,,,,,,,,
46,46,,JFK PIS,,,,,Airport - Aircraft - Cargo - PIS,,,Ethiopia,,"Bulb, Corm, Rhizome, Tuberous Stem",,QUELETZU SOCIEDAD ANONIMA,15,16811,,,,,,25,,,,,,,,,,,,,,,
46,46,,Miami PIS,,,,,Airport - Aircraft - Cargo - PIS,,,Costa Rica,,Rooted Plant (including grafted),,VITA FARMS 6001,11,6413,,,,,,28,,,,,,,,,,,,,,,
46,46,,Miami PIS,,,,,Airport - Aircraft - Cargo - PIS,,,Portugal,,Meristem or Callus Tissue Culture (micropropagated/in vitro culture),,"KAPOK PLANTAS, S.A.",77,463321,,,,,,28,,,,,,,,,,,,,,,
46,46,,Los Indios PIS,,,,,Airport - Aircraft - Cargo - PIS,,,Kenya,,Unrooted Cutting,,Vita farms 1101,1,11854,,,,,,20,,,,,,,,,,,,,,,
46,46,,Seattle PIS,,,,,Airport - Aircraft - Express Carrier - PIS,,,Philippines,,Unrooted Cutting,,Same as Shipper,1,29812,,,,,,26,,,,,,,,,,,,,,,
46,46,,Linden PIS,,,,,Airport - Aircraft - Cargo - PIS,,,Costa Rica,,Unrooted Cutting,,"Chiangmai Plants & Herbs Co., LTD.",0,2009,,,,,,20,,,,,,,,,,,,,,,
46,46,,Linden PIS,,,,,Airport - Aircraft - Cargo - PIS,,,Guatemala,,Unrooted Cutting,,Not Selected,18,4154,,,,,,17,,,,,,,,,,,,,,,
46,46,,Los Angeles PIS,,,,,Airport - Aircraft - Cargo - PIS,,,Tanzania,,Unrooted Cutting,,LAS LIMAS,30,25403,,,,,,17,,,,,,,,,,,,,,,
46,46,,Miami PIS,,,,,Airport - Aircraft - Cargo - PIS,,,Ecuador,,"Root cutting, crown, or clump, Tuberous Root",,Dracaenas de Altura S.A.,66,136487,,,,,,27,,,,,,,,,,,,,,,
47,47,,Miami PIS,,,,,Airport - Aircraft - Cargo - PIS,,,Kenya,,Rooted Plant (including grafted),,VITA FARMS 7001,9,3366,,,,,,2,,,,,,,,,,,,,,,
47,47,,Miami PIS,,,,,Airport - Aircraft - Cargo - PIS,,,Netherlands,,Unrooted Cutting,,ZHANGZHOU DONGQING TRADING CO LTD,6,201094,,,,,,10,,,,,,,,,,,,,,,
47,47,,Miami PIS,,,,,Airport - Aircraft - Cargo - PIS,,,Taiwan,,Rooted Plant (including grafted),,VITA FARMS BOX 701,45,27039,,,,,,5,,,,,,,,,,,,,,,
47,47,,Miami PIS,,,,,Airport - Aircraft - Cargo - PIS,,,Tanzania,,"Root cutting, crown, or clump, Tuberous Root",,Geagro de Costa Rica S.A.,68,7966,,,,,,12,,,,,,,,,,,,,,,
47,47,,Miami PIS,,,,,Airport - Aircraft - Cargo - PIS,,,El Salvador,,Unrooted Cutting,,Not Selected,1,53,,,,,,26,,,,,,,,,,,,,,,
47,47,,Los Angeles PIS,,,,,Airport - Aircraft - Cargo - PIS,,,Spain,,Unrooted Cutting,,YOUNG HOME ORCHID CO LTD,25,237931,,,,,,3,,,,,,,,,,,,,,,
47,47,,Atlanta PIS,,,,,Airport - Aircraft - Cargo - PIS,,,Costa Rica,,Unrooted Cutting,,Same as Shipper,2,7767,,,,,,22,,,,,,,,,,,,,,,
47,47,,Miami PIS,,,,,Airport - Aircraft - Cargo - PIS,,,Costa Rica,,Meristem or Callus Tissue Culture (micropropagated/in vitro culture),,INNOVA PLANT,5,74,,,,,,18,,,,,,,,,,,,,,,
47,47,,Los Angeles PIS,,,,,Airport - Aircraft - Cargo - PIS,,,Guatemala,,Unrooted Cutting,,KREERAT MANEECHOTT,14,21568,,,,,,5,,,,,,,,,,,,,,,
47,47,,Miami PIS,,,,,Airport - Aircraft - Cargo - PIS,,,Mexico,,Rooted Plant (including grafted),,FIDES GUATEMALA S A,37,1668,,,,,,14,,,,,,,,,,,,,,,
47,47,,Miami PIS,,,,,Airport - Aircraft - Cargo - PIS,,,Guatemala,,Meristem or Callus Tissue Culture (micropropagated/in vitro culture),,FOSHAN SHUNDE DISTRICT,6,58760,,,,,,26,,,,,,,,,,,,,,,
47,47,,Miami PIS,,,,,Airport - Aircraft - Cargo - PIS,,,Kenya,,Unrooted Cutting,,Bendipros,8,7992,,,,,,4,,,,,,,,,,,,,,,
47,47,,Miami PIS,,,,,Airport - Aircraft - Cargo - PIS,,,China,,Unrooted Plant,,NOVACANE COSTA RICA S A,0,1898,,,,,,17,,,,,,,,,,,,,,,
47,47,,Linden PIS,,,,,Airport - Aircraft - Cargo - PIS,,,Taiwan,,Rooted Plant (including grafted),,BC BROMELIAS DE COLOMBI SAS SA,23,11688,,,,,,7,,,,,,,,,,,,,,,
47,47,,Miami PIS,,,,,Airport - Aircraft - Cargo - PIS,,,Costa Rica,,Unrooted Cutting,,KAPOK PLANTS S.A,0,612,,,,,,21,,,,,,,,,,,,,,,
47,47,,Miami PIS,,,,,Airport - Aircraft - Cargo - PIS,,,Costa Rica,,Rooted Plant (including grafted),,Same as Shipper,4,826,,,,,,20,,,,,,,,,,,,,,,
47,47,,Miami PIS,,,,,Airport - Aircraft - Cargo - PIS,,,Mexico,,Meristem or Callus Tissue Culture (micropropagated/in vitro culture),,Topplant Laboratories SDN BHD,8,5307,,,,,,5,,,,,,,,,,,,,,,
47,47,,Los Angeles PIS,,,,,Airport - Aircraft - Cargo - PIS,,,Netherlands,,"Root cutting, crown, or clump, Tuberous Root",,TROPIPLANTAS S A,6,9458,,,,,,4,,,,,,,,,,,,,,,
47,47,,Linden PIS,,,,,Airport - Aircraft - Cargo - PIS,,,Kenya,,Unrooted Cutting,,"ARCO  IRIS DEL CARIBE, S.A.",13,6457,,,,,,5,,,,,,,,,,,,,,,
47,47,,Guam PIS,,,,,Airport - Aircraft - Cargo - PIS,,,Costa Rica,,Unrooted Cutting,,DARWIN COLOMBIA S.A.S,154,361763,,,,,,18,,,,,,,,,,,,,,,
47,47,,Miami PIS,,,,,Airport - Aircraft - Cargo - PIS,,,Taiwan,,Unrooted Cutting,,Not Selected,3,2262,,,,,,2,,,,,,,,,,,,,,,
47,47,,Miami PIS,,,,,Airport - Aircraft - Cargo - PIS,,,Netherlands,,Unrooted Cutting,,CACTUSINTER CO LTD,0,832,,,,,,18,,,,,,,,,,,,,,,
47,47,,Atlanta PIS,,,,,Airport - Aircraft - Cargo - PIS,,,Netherlands,,Unrooted Cutting,,LAS LIMAS S A,1,160,,,,,,6,,,,,,,,,,,,,,,
47,47,,JFK PIS,,,,,Airport - Aircraft - Cargo - PIS,,,China,,Unrooted Cutting,,ANTHO ORNAMENTALES Box 01- 08,42,11877,,,,,,4,,,,,,,,,,,,,,,
47,47,,Atlanta PIS,,,,,Airport - Aircraft - Cargo - PIS,,,Costa Rica,,Rooted Plant (including grafted),,RED FOX LAS MERCEDES S.A.,2,2966,,,,,,7,,,,,,,,,,,,,,,
48,48,,Miami PIS,,,,,Airport - Aircraft - Cargo - PIS,,,Ethiopia,,Unrooted Cutting,,INNOVA PLANT DE COSTA RICA SA,0,11625,,,,,,27,,,,,,,,,,,,,,,
48,48,,Linden PIS,,,,,Airport - Aircraft - Cargo - PIS,,,Guatemala,,Rooted Plant (including grafted),,PLANTAS ILIMITADAS S A 32,4,4109,,,,,,13,,,,,,,,,,,,,,,
48,48,,Miami PIS,,,,,Airport - Aircraft - Cargo - PIS,,,Thailand,,Rooted Cutting (including air layer),,MONRA SA,6,2826,,,,,,14,,,,,,,,,,,,,,,
48,48,,Houston PIS,,,,,Maritime Port - Vessel - Cargo - PIS,,,Taiwan,,Unrooted Cutting,,DARWIN COLOMBIA SAS,0,732,,,,,,23,,,,,,,,,,,,,,,
48,48,,Atlanta PIS,,,,,Airport - Aircraft - Cargo - PIS,,,Taiwan,,Rooted Plant (including grafted),,AGROINDUSTRIALES CHORTI,18,1327,,,,,,24,,,,,,,,,,,,,,,
48,48,,Miami PIS,,,,,Airport - Aircraft - Cargo - PIS,,,Costa Rica,,Unrooted Cutting,,ZACATE ORNAMENTAL Y DECORATIVO,12,1944,,,,,,8,,,,,,,,,,,,,,,
48,48,,Atlanta PIS,,,,,Airport - Aircraft - Cargo - PIS,,,Thailand,,Rooted Plant (including grafted),,Vita Farms BOXES 1002-1027,17,1464,,,,,,10,,,,,,,,,,,,,,,
48,48,,Miami PIS,,,,,Airport - Aircraft - Cargo - PIS,,,Mexico,,Unrooted Cutting,,ROYALLEAF CIA LTDA,5,21202,,,,,,23,,,,,,,,,,,,,,,
48,48,,Linden PIS,,,,,Airport - Aircraft - Cargo - PIS,,,Dominican Republic,,Unrooted Plant,,VITA FARMS S.A. BOXES 001-007,5,88473,,,,,,9,,,,,,,,,,,,,,,
48,48,,Miami PIS,,,,,Airport - Aircraft - Cargo - PIS,,,Costa Rica,,Unrooted Cutting,,INVERSIONES AGROCOMERCIALES (IVAGRO),3,2226,,,,,,24,,,,,,,,,,,,,,,
48,48,,Miami PIS,,,,,Airport - Aircraft - Cargo - PIS,,,Taiwan,,Unrooted Plant,,INNOVAPLANT DE COSTA RICA 1-4,14,399,,,,,,23,,,,,,,,,,,,,,,
48,48,,Atlanta PIS,,,,,Airport - Aircraft - Cargo - PIS,,,Thailand,,Unrooted Cutting,,YOUNG HOME ORCHID CO LTD,8,1411,,,,,,5,,,,,,,,,,,,,,,
48,48,,Miami PIS,,,,,Airport - Aircraft - Cargo - PIS,,,Poland,,Meristem or Callus Tissue Culture (micropropagated/in vitro culture),,GEWALIN RITTISAK,2,1541,,,,,,25,,,,,,,,,,,,,,,
48,48,,Miami PIS,,,,,Land Border - Truck - Cargo - PIS,,,Indonesia,,Rooted Plant (including grafted),,LIANYUNGANG FLORWER KING,1,225,,,,,,12,,,,,,,,,,,,,,,
48,48,,Miami PIS,,,,,Airport - Aircraft - Cargo - PIS,,,China,,Rooted Plant (including grafted),,ANTHURA BV,29,12571,,,,,,27,,,,,,,,,,,,,,,
48,48,,Linden PIS,,,,,Airport - Aircraft - Cargo - PIS,,,Costa Rica,,Rooted Plant (including grafted),,P Plants (Thailand) CO LTD,11,309616,,,,,,20,,,,,,,,,,,,,,,
48,48,,Atlanta PIS,,,,,Airport - Aircraft - Cargo - PIS,,,North Macedonia,,Unrooted Cutting,,FLORICULTURA Y CIA LTDA,6,41208,,,,,,11,,,,,,,,,,,,,,,
48,48,,Linden PIS,,,,,Airport - Aircraft - Cargo - PIS,,,Ethiopia,,Rooted Cutting (including air layer),,LA FLORESTA CROPS DE GUATEMALA S.A. BOX 21-32,29,228,,,,,,7,,,,,,,,,,,,,,,
48,48,,Miami PIS,,,,,Airport - Aircraft - Cargo - PIS,,,China,,Unrooted Cutting,,SAPO VERDE box 8001,0,252,,,,,,21,,,,,,,,,,,,,,,
48,48,,Los Angeles PIS,,,,,Airport - Aircraft - Cargo - PIS,,,Costa Rica,,"Bulb, Corm, Rhizome, Tuberous Stem",,Ornamentales Sapo Verde 801,6,18435,,,,,,3,,,,,,,,,,,,,,,
48,48,,Miami PIS,,,,,Airport - Aircraft - Cargo - PIS,,,Costa Rica,,Rooted Cutting (including air layer),,EXPORTACIONES DE PRODUCTOS GUATE,2,12404,,,,,,3,,,,,,,,,,,,,,,
48,48,,Orlando PIS,,,,,Airport - Aircraft - Cargo - PIS,,,Thailand,,Rooted Plant (including grafted),,Jeong Kwang Jo,2,10855,,,,,,16,,,,,,,,,,,,,,,
48,48,,Miami PIS,,,,,Maritime Port - Vessel - Cargo - PIS,,,China,,Unrooted Plant,,AGROMARIALINDA S A 1-29,1,440,,,,,,12,,,,,,,,,,,,,,,
48,48,,Miami PIS,,,,,Airport - Aircraft - Cargo - PIS,,,Costa Rica,,Unrooted Cutting,,LOS PINOS POPTUN S.A.,2,2372,,,,,,1,,,,,,,,,,,,,,,
48,48,,Nogales PIS,,,,,Airport - Aircraft - Cargo - PIS,,,Guatemala,,Unrooted Cutting,,"ORNAMENTALES DEL RIO, S.A.",0,32,,,,,,15,,,,,,,,,,,,,,,
49,49,,Miami PIS,,,,,Airport - Aircraft - Cargo - PIS,,,Viet Nam,,Unrooted Cutting,,ORNAMENTALES LAS PAVAS S.A REG#3080,1,28,,,,,,12,,,,,,,,,,,,,,,
49,49,,Atlanta PIS,,,,,Airport - Aircraft - Cargo - PIS,,,Taiwan,,Rooted Plant (including grafted),,LA FLORESTA ORNAMENTALES SA Box 1-6,0,9,,,,,,6,,,,,,,,,,,,,,,
49,49,,Atlanta PIS,,,,,Airport - Aircraft - Cargo - PIS,,,Costa Rica,,Unrooted Cutting,,AARDSE ORCHIDS,12,13421,,,,,,9,,,,,,,,,,,,,,,
49,49,,Miami PIS,,,,,Airport - Aircraft - Cargo - PIS,,,Costa Rica,,Unrooted Cutting,,AGRO ORIENTE VIVEROS S A C,11,42077,,,,,,1,,,,,,,,,,,,,,,
49,49,,Atlanta PIS,,,,,Airport - Aircraft - Cargo - PIS,,,Costa Rica,,Unrooted Cutting,,FLORICULTURA Y COMPANIA LTDA,0,663,,,,,,17,,,,,,,,,,,,,,,
49,49,,Miami PIS,,,,,Airport - Aircraft - Cargo - PIS,,,Spain,,Unrooted Cutting,,ANNIA FUENTES MARTINEZ 01-06,2,292,,,,,,7,,,,,,,,,,,,,,,
49,49,,Miami PIS,,,,,Airport - Aircraft - Cargo - PIS,,,Portugal,,Unrooted Cutting,,QUELETZU S A BOX 1-32,65,2993,,,,,,10,,,,,,,,,,,,,,,
49,49,,Atlanta PIS,,,,,Airport - Aircraft - Cargo - PIS,,,Mexico,,Unrooted Cutting,,"PALKI,S.A.",0,1132,,,,,,8,,,,,,,,,,,,,,,
49,49,,Miami PIS,,,,,Airport - Aircraft - Cargo - PIS,,,Netherlands,,Unrooted Plant,,INDUSTRIAS AGRICOLAS 23-32,11,55638,,,,,,4,,,,,,,,,,,,,,,
49,49,,Linden PIS,,,,,Airport - Aircraft - Cargo - PIS,,,Thailand,,Unrooted Cutting,,INVERSIONES LUA SA,3,17252,,,,,,25,,,,,,,,,,,,,,,
49,49,,Miami PIS,,,,,Airport - Aircraft - Express Carrier - PIS,,,Thailand,,Unrooted Cutting,,Annia Mayela Fuentes Martinez,1,4184,,,,,,6,,,,,,,,,,,,,,,
49,49,,Miami PIS,,,,,Airport - Aircraft - Cargo - PIS,,,Guatemala,,Unrooted Cutting,,Soloverde Limitada,7,4075,,,,,,22,,,,,,,,,,,,,,,
49,49,,Miami PIS,,,,,Airport - Aircraft - Cargo - PIS,,,Indonesia,,Rooted Plant (including grafted),,Costa Farms LLC,6,8730,,,,,,9,,,,,,,,,,,,,,,
49,49,,Los Angeles PIS,,,,,Airport - Aircraft - Cargo - PIS,,,Costa Rica,,Unrooted Cutting,,PLANTAS Y FLORES  ORNAMENTALES,3,11080,,,,,,22,,,,,,,,,,,,,,,
49,49,,Miami PIS,,,,,Airport - Aircraft - Cargo - PIS,,,Costa Rica,,Rooted Plant (including grafted),,HUTA GREEN COMPANY LIMITED,1,15867,,,,,,17,,,,,,,,,,,,,,,
49,49,,Miami PIS,,,,,Airport - Aircraft - Cargo - PIS,,,Thailand,,Unrooted Plant,,PALMAS S DE RL,3,8725,,,,,,18,,,,,,,,,,,,,,,
49,49,,Miami PIS,,,,,Maritime Port - Vessel - Cargo - PIS,,,Viet Nam,,Unrooted Cutting,,PREMIUM ORNAMENTALES,18,75306,,,,,,7,,,,,,,,,,,,,,,
49,49,,Miami PIS,,,,,Maritime Port - Vessel - Cargo - PIS,,,Costa Rica,,Unrooted Cutting,,VITRO PLUS B.V.,1,1,,,,,,7,,,,,,,,,,,,,,,
49,49,,Miami PIS,,,,,Airport - Aircraft - Cargo - PIS,,,China,,Unrooted Cutting,,ZHANGZHOU BANROU IMPORT & EXPORT A1-A50,18,48533,,,,,,20,,,,,,,,,,,,,,,
49,49,,Atlanta PIS,,,,,Airport - Aircraft - Express Carrier - PIS,,,Guatemala,,Meristem or Callus Tissue Culture (micropropagated/in vitro culture),,POPOW ORCHIDS,9,2,,,,,,16,,,,,,,,,,,,,,,
49,49,,Miami PIS,,,,,Airport - Aircraft - Cargo - PIS,,,Mexico,,Unrooted Cutting,,Same as Shipper,0,9,,,,,,13,,,,,,,,,,,,,,,
49,49,,Miami PIS,,,,,Airport - Aircraft - Cargo - PIS,,,Thailand,,Unrooted Cutting,,Same as Shipper,3,1372,,,,,,28,,,,,,,,,,,,,,,
49,49,,Miami PIS,,,,,Airport - Aircraft - Cargo - PIS,,,Guatemala,,Unrooted Cutting,,WASITTEE MUNINTHARAWONG,3,24525,,,,,,26,,,,,,,,,,,,,,,
49,49,,Miami PIS,,,,,Airport - Aircraft - Cargo - PIS,,,Costa Rica,,Unrooted Cutting,,ORNAMENTALES SAPO VERDE Box 501-532,7,15126,,,,,,3,,,,,,,,,,,,,,,
49,49,,Miami PIS,,,,,Airport - Aircraft - Cargo - PIS,,,Guatemala,,Rooted Cutting (including air layer),,FLORAPLANT,3,417,,,,,,22,,,,,,,,,,,,,,,
50,50,,Los Angeles PIS,,,,,Airport - Aircraft - Cargo - PIS,,,Costa Rica,,Unrooted Cutting,,PLANTAS ORNAMENTALES DE COSTA RICA,42,17719,,,,,,1,,,,,,,,,,,,,,,
50,50,,Miami PIS,,,,,Airport - Aircraft - Cargo - PIS,,,Italy,,Unrooted Cutting,,PLANT SOURCE INTERNATIONAL MEXIC,55,352852,,,,,,15,,,,,,,,,,,,,,,
50,50,,Miami PIS,,,,,Airport - Aircraft - Cargo - PIS,,,Israel,,Unrooted Cutting,,LAS LIMAS,8,49195,,,,,,20,,,,,,,,,,,,,,,
50,50,,Orlando PIS,,,,,Airport - Aircraft - Cargo - PIS,,,Costa Rica,,Rooted Plant (including grafted),,SREE BAIRAVA NURSERY,0,1196,,,,,,28,,,,,,,,,,,,,,,
50,50,,Miami PIS,,,,,Airport - Aircraft - Cargo - PIS,,,Guatemala,,Unrooted Cutting,,NT ORCHIDS,1,12,,,,,,14,,,,,,,,,,,,,,,
50,50,,Atlanta PIS,,,,,Maritime Port - Vessel - Cargo - PIS,,,Mexico,,Unrooted Cutting,,KAPOK PLANTS S.A,14,178025,,,,,,21,,,,,,,,,,,,,,,
50,50,,Miami PIS,,,,,Airport - Aircraft - Cargo - PIS,,,Israel,,Rooted Plant (including grafted),,"Cactus Inter Co., LTD",94,114447,,,,,,17,,,,,,,,,,,,,,,
50,50,,Miami PIS,,,,,Airport - Aircraft - Cargo - PIS,,,Ethiopia,,Rooted Plant (including grafted),,BEAUTY LINE GUATEMALA,35,6618,,,,,,10,,,,,,,,,,,,,,,
50,50,,Atlanta PIS,,,,,Airport - Aircraft - Cargo - PIS,,,Mexico,,Unrooted Cutting,,GUATEXOTIC 1-4,12,31494,,,,,,15,,,,,,,,,,,,,,,
50,50,,Miami PIS,,,,,Airport - Aircraft - Cargo - PIS,,,Costa Rica,,Rooted Plant (including grafted),,HORTICULTURE PARTNERS LLC DBA,0,301,,,,,,22,,,,,,,,,,,,,,,
50,50,,Miami PIS,,,,,Airport - Aircraft - Cargo - PIS,,,Kenya,,"Root cutting, crown, or clump, Tuberous Root",,QUELETZU S. A. 2 box,2,2383,,,,,,14,,,,,,,,,,,,,,,
50,50,,Los Angeles PIS,,,,,Airport - Aircraft - Cargo - PIS,,,Nicaragua,,Unrooted Cutting,,INNOVAPLANT DE COSTA RICA,9,3501,,,,,,19,,,,,,,,,,,,,,,
50,50,,Miami PIS,,,,,Maritime Port - Vessel - Cargo - PIS,,,Guatemala,,Rooted Plant (including grafted),,Same as Shipper,1,4399,,,,,,9,,,,,,,,,,,,,,,
50,50,,Miami PIS,,,,,Airport - Aircraft - Cargo - PIS,,,Costa Rica,,Unrooted Cutting,,COOPEINDIA R.L. BOX 37-57 ,1,434,,,,,,19,,,,,,,,,,,,,,,
50,50,,Miami PIS,,,,,Airport - Aircraft - Cargo - PIS,,,Taiwan,,Meristem or Callus Tissue Culture (micropropagated/in vitro culture),,GASAN SOCIEDAD ANONIMA,0,17,,,,,,21,,,,,,,,,,,,,,,
50,50,,Miami PIS,,,,,Airport - Aircraft - Cargo - PIS,,,Guatemala,,Unrooted Cutting,,FERTIPLANT B V,0,4325,,,,,,9,,,,,,,,,,,,,,,
50,50,,San Diego PIS,,,,,Airport - Aircraft - Cargo - PIS,,,Netherlands,,Rooted Cutting (including air layer),,NOVACANE COSTA RICA S A,1,261,,,,,,3,,,,,,,,,,,,,,,
50,50,,Miami PIS,,,,,Airport - Aircraft - Express Carrier - PIS,,,Guatemala,,Unrooted Cutting,,SAPO VERDE 1001,39,169,,,,,,27,,,,,,,,,,,,,,,
50,50,,Miami PIS,,,,,Maritime Port - Vessel - Cargo - PIS,,,Guatemala,,Unrooted Cutting,,Not Selected,8,1970,,,,,,9,,,,,,,,,,,,,,,
50,50,,Miami PIS,,,,,Airport - Aircraft - Cargo - PIS,,,Ethiopia,,Rooted Plant (including grafted),,Ornamentales Sapo Verde Box 8001-8010,13,190,,,,,,3,,,,,,,,,,,,,,,
50,50,,Atlanta PIS,,,,,Airport - Aircraft - Cargo - PIS,,,Thailand,,Rooted Plant (including grafted),,PAKKRET FLORICULTURE,5,80369,,,,,,28,,,,,,,,,,,,,,,
50,50,,Miami PIS,,,,,Airport - Aircraft - Cargo - PIS,,,China,,Unrooted Cutting,,EAST SEA ORCHIDS CO,13,17276,,,,,,15,,,,,,,,,,,,,,,
50,50,,Miami PIS,,,,,Airport - Aircraft - Cargo - PIS,,,India,,Rooted Cutting (including air layer),,FLORAPLANT S A  DE C V,0,36802,,,,,,27,,,,,,,,,,,,,,,
50,50,,Orlando PIS,,,,,Airport - Aircraft - Cargo - PIS,,,Costa Rica,,Unrooted Plant,,ZACATE ORNAMENTAL Y DECORATIVO S,61,35781,,,,,,3,,,,,,,,,,,,,,,
50,50,,Orlando PIS,,,,,Airport - Aircraft - Cargo - PIS,,,China,,Unrooted Cutting,,Not Selected,22,150434,,,,,,5,,,,,,,,,,,,,,,
51,51,,Miami PIS,,,,,Airport - Aircraft - Cargo - PIS,,,Costa Rica,,Unrooted Cutting,,INNOVAPLANT DE COSTA RICA,47,61218,,,,,,13,,,,,,,,,,,,,,,
51,51,,Los Angeles PIS,,,,,Airport - Aircraft - Cargo - PIS,,,Israel,,Unrooted Cutting,,INDUSTRIAS AGRICOLAS CENTRO AMERICANAS,1,7700,,,,,,12,,,,,,,,,,,,,,,
51,51,,Atlanta PIS,,,,,Airport - Aircraft - Cargo - PIS,,,Guatemala,,Unrooted Cutting,,TIGRA VERDE S.A.,4,495,,,,,,25,,,,,,,,,,,,,,,
51,51,,Miami PIS,,,,,Airport - Aircraft - Cargo - PIS,,,Viet Nam,,Rooted Cutting (including air layer),,DONGGUAN,7,5894,,,,,,2,,,,,,,,,,,,,,,
51,51,,Seattle PIS,,,,,Airport - Aircraft - Cargo - PIS,,,Viet Nam,,Rooted Plant (including grafted),,"HUANG,WEI-HSUN",29,11045,,,,,,12,,,,,,,,,,,,,,,
51,51,,Atlanta PIS,,,,,Maritime Port - Vessel - Cargo - PIS,,,Guatemala,,Rooted Plant (including grafted),,JARDINES TERRAGARDEN,3,702,,,,,,28,,,,,,,,,,,,,,,
51,51,,Miami PIS,,,,,Airport - Aircraft - Cargo - PIS,,,Mexico,,Unrooted Cutting,,Kantapat Kaewpradith,1,19,,,,,,26,,,,,,,,,,,,,,,
51,51,,Atlanta PIS,,,,,Airport - Aircraft - Mail - PIS Mail,,,Guatemala,,Unrooted Cutting,,LA FLORESTA CROPS DE GUATEMALA S.A. BOX 21-32,6,176620,,,,,,27,,,,,,,,,,,,,,,
51,51,,Miami PIS,,,,,Airport - Aircraft - Cargo - PIS,,,Guatemala,,Unrooted Cutting,,INNOVA PLANT,24,79096,,,,,,5,,,,,,,,,,,,,,,
51,51,,Miami PIS,,,,,Airport - Aircraft - Cargo - PIS,,,China,,Rooted Plant (including grafted),,ZHANGZHOU SUPERIOR IMP&EXP CO LT,13,16683,,,,,,10,,,,,,,,,,,,,,,
51,51,,Miami PIS,,,,,Airport - Aircraft - Cargo - PIS,,,Costa Rica,,Rooted Plant (including grafted),,TURRIPLANTAS S.A. DRACAENA,52,413,,,,,,7,,,,,,,,,,,,,,,
51,51,,Los Angeles PIS,,,,,Airport - Aircraft - Cargo - PIS,,,Costa Rica,,Rooted Plant (including grafted),,Agropecuaria Marso,0,4,,,,,,2,,,,,,,,,,,,,,,
51,51,,Miami PIS,,,,,Airport - Aircraft - Cargo - PIS,,,China,,Rooted Plant (including grafted),,IVAGRO S A BOXES 42-48,18,62951,,,,,,8,,,,,,,,,,,,,,,
51,51,,Atlanta PIS,,,,,Maritime Port - Vessel - Cargo - PIS,,,Guatemala,,Rooted Plant (including grafted),,Not Selected,1,20847,,,,,,2,,,,,,,,,,,,,,,
51,51,,Miami PIS,,,,,Airport - Aircraft - Cargo - PIS,,,Guatemala,,Unrooted Cutting,,Not Selected,6,10133,,,,,,10,,,,,,,,,,,,,,,
51,51,,Miami PIS,,,,,Airport - Aircraft - Cargo - PIS,,,Taiwan,,Unrooted Cutting,,KAPOK PLANTAS,2,28134,,,,,,11,,,,,,,,,,,,,,,
51,51,,Miami PIS,,,,,Airport - Aircraft - Cargo - PIS,,,Thailand,,Rooted Plant (including grafted),,"INVERSIONES AGROCOMERCIALES DE GUATEMALA, S.A.(IVAGRO, S.A.)",2,51578,,,,,,26,,,,,,,,,,,,,,,
51,51,,Los Angeles PIS,,,,,Airport - Aircraft - Cargo - PIS,,,Costa Rica,,Unrooted Cutting,,TROPI PLANTAS S. A.,28,42,,,,,,2,,,,,,,,,,,,,,,
51,51,,San Diego PIS,,,,,Airport - Aircraft - Cargo - PIS,,,Guatemala,,Meristem or Callus Tissue Culture (micropropagated/in vitro culture),,COSTA FARMS DOM,34,2763,,,,,,15,,,,,,,,,,,,,,,
51,51,,Atlanta PIS,,,,,Airport - Aircraft - Cargo - PIS,,,Thailand,,Rooted Plant (including grafted),,FOLLAJES INTERNACIONALES SA,20,73123,,,,,,5,,,,,,,,,,,,,,,
51,51,,Linden PIS,,,,,Maritime Port - Vessel - Cargo - PIS,,,Nicaragua,,Unrooted Cutting,,PLANTAS ORNAMENTALES DE COSTA RICA,90,1054,,,,,,9,,,,,,,,,,,,,,,
51,51,,Miami PIS,,,,,Airport - Aircraft - Cargo - PIS,,,Colombia,,Unrooted Cutting,,FLORAPLANT SA DE CV,0,1504,,,,,,9,,,,,,,,,,,,,,,
51,51,,Miami PIS,,,,,Airport - Aircraft - Cargo - PIS,,,Uganda,,Unrooted Cutting,,"Growth Revolution Co., Ltd.",5,116,,,,,,28,,,,,,,,,,,,,,,
51,51,,Los Angeles PIS,,,,,Maritime Port - Vessel - Cargo - PIS,,,Kenya,,Rooted Plant (including grafted),,PLANTAS ORNAMENTALES DE COSTA RI,63,635498,,,,,,12,,,,,,,,,,,,,,,
51,51,,Miami PIS,,,,,Airport - Aircraft - Cargo - PIS,,,Peru,,Rooted Plant (including grafted),,LA FLORESTA ORNAMENTALES S.A.,7,4701,,,,,,17,,,,,,,,,,,,,,,
52,52,,Miami PIS,,,,,Airport - Aircraft - Cargo - PIS,,,Thailand,,Unrooted Cutting,,PT ALCHEMIE BERKA,1,26155,,,,,,21,,,,,,,,,,,,,,,
52,52,,Miami PIS,,,,,Airport - Aircraft - Cargo - PIS,,,Thailand,,Unrooted Cutting,,MECA DE OROTINA,10,1989,,,,,,17,,,,,,,,,,,,,,,
52,52,,Los Angeles PIS,,,,,Maritime Port - Vessel - Cargo - PIS,,,Thailand,,Unrooted Cutting,,ORCHIS FLORICULTURE INC,6,6242,,,,,,3,,,,,,,,,,,,,,,
52,52,,Atlanta PIS,,,,,Airport - Aircraft - Cargo - PIS,,,Costa Rica,,Unrooted Cutting,,ORNAMENTALES CONCEPCION S.A,2,29768,,,,,,20,,,,,,,,,,,,,,,
52,52,,Miami PIS,,,,,Airport - Aircraft - Cargo - PIS,,,Thailand,,Unrooted Cutting,,DUMMEN GMBH,8,38883,,,,,,25,,,,,,,,,,,,,,,
52,52,,Orlando PIS,,,,,Airport - Aircraft - Cargo - PIS,,,Costa Rica,,Rooted Plant (including grafted),,VITA FARMS Box 7801-7802,12,13584,,,,,,18,,,,,,,,,,,,,,,
52,52,,Houston PIS,,,,,Airport - Aircraft - Cargo - PIS,,,Taiwan,,Unrooted Cutting,,NICHAPA JANBAVONKIJ,2,816,,,,,,9,,,,,,,,,,,,,,,
52,52,,Linden PIS,,,,,Airport - Aircraft - Cargo - PIS,,,Guatemala,,Budwood/Graftwood (scion),,TURRIPLANTAS S.A. ,3,3169,,,,,,13,,,,,,,,,,,,,,,
52,52,,Los Angeles PIS,,,,,Airport - Aircraft - Cargo - PIS,,,Costa Rica,,Meristem or Callus Tissue Culture (micropropagated/in vitro culture),,INDUSTRIAS AGRICOLAS CENTRO AMERICANAS,32,158070,,,,,,10,,,,,,,,,,,,,,,
52,52,,Miami PIS,,,,,Airport - Aircraft - Cargo - PIS,,,Indonesia,,Rooted Plant (including grafted),,INNOVAPLANT DE COSTA RICA,2,5894,,,,,,5,,,,,,,,,,,,,,,
52,52,,Miami PIS,,,,,Airport - Aircraft - Express Carrier - PIS,,,Poland,,Rooted Cutting (including air layer),,SAPO VERDE C001,2,2880,,,,,,6,,,,,,,,,,,,,,,
52,52,,Atlanta PIS,,,,,Airport - Aircraft - Cargo - PIS,,,Mexico,,Rooted Plant (including grafted),,QUANZHOU LIUSENG BIOTECHNOLOGY C,0,1134,,,,,,28,,,,,,,,,,,,,,,
52,52,,Carolina PIS,,,,,Airport - Aircraft - Cargo - PIS,,,Kenya,,Unrooted Cutting,,FOLLAJES INTERNACIONALES SA 1-6,2,2261,,,,,,5,,,,,,,,,,,,,,,
52,52,,Miami PIS,,,,,Airport - Aircraft - Cargo - PIS,,,India,,Meristem or Callus Tissue Culture (micropropagated/in vitro culture),,FIDES GUATEMALA S A,31,106171,,,,,,8,,,,,,,,,,,,,,,
52,52,,JFK PIS,,,,,Airport - Aircraft - Cargo - PIS,,,Costa Rica,,Unrooted Cutting,,"MEI CEI ORCHIDS CO.,LTD.",0,8009,,,,,,12,,,,,,,,,,,,,,,
52,52,,Linden PIS,,,,,Airport - Aircraft - Cargo - PIS,,,Costa Rica,,Unrooted Cutting,,Same as Shipper,5,9790,,,,,,1,,,,,,,,,,,,,,,
52,52,,Seattle PIS,,,,,Airport - Aircraft - Cargo - PIS,,,Guatemala,,Unrooted Cutting,,ARCO IRIS DEL CARIBE S.A.,17,50112,,,,,,24,,,,,,,,,,,,,,,
52,52,,Miami PIS,,,,,Airport - Aircraft - Cargo - PIS,,,Guatemala,,Unrooted Cutting,,ANNIA FUENTES Box 101-103,4,2065,,,,,,18,,,,,,,,,,,,,,,
52,52,,Miami PIS,,,,,Maritime Port - Vessel - Cargo - PIS,,,Costa Rica,,Meristem or Callus Tissue Culture (micropropagated/in vitro culture),,LA FLOR EXOTICA DEL CARIBE BULLIS SA,9,2722,,,,,,10,,,,,,,,,,,,,,,
52,52,,Miami PIS,,,,,Maritime Port - Vessel - Cargo - PIS,,,Thailand,,Unrooted Cutting,,TICOPLANT,0,2753,,,,,,4,,,,,,,,,,,,,,,
52,52,,Miami PIS,,,,,Airport - Aircraft - Cargo - PIS,,,Thailand,,Unrooted Cutting,,Costa Farms LLC,30,31791,,,,,,17,,,,,,,,,,,,,,,
52,52,,Miami PIS,,,,,Airport - Aircraft - Cargo - PIS,,,Thailand,,Rooted Plant (including grafted),,"HUTA Green Co,LLC",29,1111,,,,,,13,,,,,,,,,,,,,,,
52,52,,Miami PIS,,,,,Airport - Aircraft - Cargo - PIS,,,Dominican Republic,,Rooted Plant (including grafted),,Not Selected,16,166904,,,,,,2,,,,,,,,,,,,,,,
52,52,,Miami PIS,,,,,Airport - Aircraft - Cargo - PIS,,,Guatemala,,Rooted Plant (including grafted),,FLORICULTURA Y CIA LTDA,15,14804,,,,,,21,,,,,,,,,,,,,,,
52,52,,Miami PIS,,,,,Airport - Aircraft - Cargo - PIS,,,Poland,,Unrooted Cutting,,COSTA FAMRS LLC,62,5851,,,,,,9,,,,,,,,,,,,,,,
53,53,,Miami PIS,,,,,Airport - Aircraft - Cargo - PIS,,,Taiwan,,Unrooted Cutting,,T. ORCHIDS LIMITED PARTNERSHIP,3,673,,,,,,28,,,,,,,,,,,,,,,
53,53,,Miami PIS,,,,,Airport - Aircraft - Cargo - PIS,,,Viet Nam,,Unrooted Cutting,,VITA FARMS Box 301-335,5,1063,,,,,,16,,,,,,,,,,,,,,,
53,53,,Miami PIS,,,,,Airport - Aircraft - Cargo - PIS,,,Costa Rica,,Rooted Cutting (including air layer),,GASAN  SOCIEDAD ANONIMA,168,378273,,,,,,4,,,,,,,,,,,,,,,
53,53,,Miami PIS,,,,,Airport - Aircraft - Cargo - PIS,,,Poland,,Unrooted Plant,,KAPOK PLANTS S.A,19,10863,,,,,,2,,,,,,,,,,,,,,,
53,53,,Los Angeles PIS,,,,,Airport - Aircraft - Cargo - PIS,,,India,,Unrooted Plant,,PLANTAS ILIMITADAS,0,11,,,,,,26,,,,,,,,,,,,,,,
53,53,,Nogales PIS,,,,,Airport - Aircraft - Cargo - PIS,,,Kenya,,Unrooted Cutting,,MECA DE OROTINA SA,0,12,,,,,,2,,,,,,,,,,,,,,,
53,53,,Miami PIS,,,,,Airport - Aircraft - Cargo - PIS,,,Zimbabwe,,Rooted Plant (including grafted),,SUN HSIN JU,2,94,,,,,,7,,,,,,,,,,,,,,,
53,53,,Miami PIS,,,,,Airport - Aircraft - Cargo - PIS,,,South Africa,,"Bulb, Corm, Rhizome, Tuberous Stem",,ANNIA FUENTES MARTINEZ  BOX 01,19,515,,,,,,20,,,,,,,,,,,,,,,
53,53,,Miami PIS,,,,,Airport - Aircraft - Cargo - PIS,,,Costa Rica,,Rooted Cutting (including air layer),,Honest Cactus Africa,0,24840,,,,,,14,,,,,,,,,,,,,,,
53,53,,San Francisco PIS,,,,,Airport - Aircraft - Cargo - PIS,,,Costa Rica,,Unrooted Cutting,,Primeros En Follaje S.A. BOX 101-105,2,55589,,,,,,15,,,,,,,,,,,,,,,
53,53,,Miami PIS,,,,,Airport - Aircraft - Cargo - PIS,,,Costa Rica,,Unrooted Cutting,,Same as Shipper,0,410,,,,,,4,,,,,,,,,,,,,,,
53,53,,San Diego PIS,,,,,Airport - Aircraft - Cargo - PIS,,,Costa Rica,,Unrooted Cutting,,PREMIUM ORNAMENTALES DRACAENA,0,903,,,,,,13,,,,,,,,,,,,,,,
53,53,,Los Angeles PIS,,,,,Airport - Aircraft - Cargo - PIS,,,Thailand,,Unrooted Cutting,,Same as Shipper,18,20337,,,,,,14,,,,,,,,,,,,,,,
53,53,,Los Angeles PIS,,,,,Airport - Aircraft - Express Carrier - PIS,,,Guatemala,,Unrooted Cutting,,"HUANG,WEI-HSUN",1,745,,,,,,12,,,,,,,,,,,,,,,
53,53,,Miami PIS,,,,,Airport - Aircraft - Cargo - PIS,,,Costa Rica,,Unrooted Cutting,,CHOM ORCHIDS,0,3862,,,,,,17,,,,,,,,,,,,,,,
53,53,,Los Angeles PIS,,,,,Maritime Port - Vessel - Cargo - PIS,,,Costa Rica,,Meristem or Callus Tissue Culture (micropropagated/in vitro culture),,INNOVAPLANT DE COSTA RICA,24,121137,,,,,,7,,,,,,,,,,,,,,,
53,53,,Miami PIS,,,,,Airport - Aircraft - Cargo - PIS,,,Costa Rica,,Rooted Cutting (including air layer),,VITA FARMS 8501-8512,0,7,,,,,,16,,,,,,,,,,,,,,,
53,53,,Miami PIS,,,,,Airport - Aircraft - Cargo - PIS,,,Germany,,Unrooted Cutting,,Nanthawan Kaenkaew,136,138030,,,,,,17,,,,,,,,,,,,,,,
53,53,,Miami PIS,,,,,Airport - Aircraft - Cargo - PIS,,,China,,Meristem or Callus Tissue Culture (micropropagated/in vitro culture),,INNOVAPLANT DE COSTA RICA,3,62087,,,,,,22,,,,,,,,,,,,,,,
53,53,,Miami PIS,,,,,Airport - Aircraft - Cargo - PIS,,,Nicaragua,,"Root cutting, crown, or clump, Tuberous Root",,"Zhanjiang Yongxing Import and Export Trade Co., LTD.",4,20754,,,,,,1,,,,,,,,,,,,,,,
53,53,,Miami PIS,,,,,Airport - Aircraft - Cargo - PIS,,,Taiwan,,Unrooted Cutting,,HORTIQ CO. LTD,782,20735,,,,,,8,,,,,,,,,,,,,,,
53,53,,Miami PIS,,,,,Airport - Aircraft - Cargo - PIS,,,Colombia,,Meristem or Callus Tissue Culture (micropropagated/in vitro culture),,FINO FOLLAJE SA,18,2360,,,,,,17,,,,,,,,,,,,,,,
53,53,,Miami PIS,,,,,Airport - Aircraft - Cargo - PIS,,,Netherlands,,Rooted Plant (including grafted),,VITA FARM Box 1201-1240,20,1825,,,,,,2,,,,,,,,,,,,,,,
53,53,,Miami PIS,,,,,Airport - Aircraft - Cargo - PIS,,,Guatemala,,Meristem or Callus Tissue Culture (micropropagated/in vitro culture),,Ornamentales de Sapo Verde  1001-10010,41,26872,,,,,,20,,,,,,,,,,,,,,,
53,53,,JFK PIS,,,,,Airport - Aircraft - Cargo - PIS,,,Kenya,,Rooted Plant (including grafted),,ORNAMENTALES DE ALTURA SA,2,293,,,,,,20,,,,,,,,,,,,,,,
54,54,,Miami PIS,,,,,Airport - Aircraft - Cargo - PIS,,,Sri Lanka,,Rooted Cutting (including air layer),,Not Selected,31,92367,,,,,,23,,,,,,,,,,,,,,,
54,54,,Miami PIS,,,,,Airport - Aircraft - Cargo - PIS,,,Costa Rica,,Unrooted Cutting,,Ornamentales Sapo Verde 301-320,26,83622,,,,,,15,,,,,,,,,,,,,,,
54,54,,Miami PIS,,,,,Airport - Aircraft - Cargo - PIS,,,Thailand,,Rooted Plant (including grafted),,VIVERO LAS GARDENIAS,13,84891,,,,,,14,,,,,,,,,,,,,,,
54,54,,Los Angeles PIS,,,,,Airport - Aircraft - Cargo - PIS,,,Guatemala,,Rooted Cutting (including air layer),,THREETHAWAT PHRAESIWAROJ,28,19451,,,,,,6,,,,,,,,,,,,,,,
54,54,,Atlanta PIS,,,,,Airport - Aircraft - Cargo - PIS,,,Costa Rica,,Rooted Plant (including grafted),,Not Selected,16,182076,,,,,,19,,,,,,,,,,,,,,,
54,54,,Linden PIS,,,,,Airport - Aircraft - Cargo - PIS,,,Costa Rica,,Rooted Cutting (including air layer),,INNOVAPLANT DE COSTA RICA,15,107818,,,,,,24,,,,,,,,,,,,,,,
54,54,,Miami PIS,,,,,Airport - Aircraft - Cargo - PIS,,,Costa Rica,,Rooted Plant (including grafted),,ASTERIX SA,101,383521,,,,,,10,,,,,,,,,,,,,,,
54,54,,Seattle PIS,,,,,Airport - Aircraft - Cargo - PIS,,,China,,Rooted Cutting (including air layer),,Not Selected,16,45109,,,,,,20,,,,,,,,,,,,,,,
54,54,,Atlanta PIS,,,,,Airport - Aircraft - Cargo - PIS,,,"Korea, South",,Unrooted Cutting,,AGRO ORCHIDS COSTA RICA S.A,1,154504,,,,,,25,,,,,,,,,,,,,,,
54,54,,Miami PIS,,,,,Airport - Aircraft - Cargo - PIS,,,Kenya,,Rooted Cutting (including air layer),,AGRO MARIALINDA SOCIEDAD ANONIMA,3,1831,,,,,,6,,,,,,,,,,,,,,,
54,54,,Miami PIS,,,,,Airport - Aircraft - Cargo - PIS,,,Guatemala,,Meristem or Callus Tissue Culture (micropropagated/in vitro culture),,FERTIPLANT B V,0,3,,,,,,11,,,,,,,,,,,,,,,
54,54,,Miami PIS,,,,,Airport - Aircraft - Cargo - PIS,,,Nicaragua,,Rooted Cutting (including air layer),,Ornamentales Sapo Verde 501,4,1257,,,,,,17,,,,,,,,,,,,,,,
54,54,,Miami PIS,,,,,Airport - Aircraft - Cargo - PIS,,,Taiwan,,Rooted Plant (including grafted),,FLORAPLANT SA DE CV,5,42550,,,,,,3,,,,,,,,,,,,,,,
54,54,,Los Angeles PIS,,,,,Airport - Aircraft - Cargo - PIS,,,Costa Rica,,Unrooted Cutting,,Wirote Makmoon,4,408,,,,,,15,,,,,,,,,,,,,,,
54,54,,Seattle PIS,,,,,Airport - Aircraft - Cargo - PIS,,,Taiwan,,Unrooted Cutting,,ROYAL VAN ZANTEN LTD,0,83,,,,,,27,,,,,,,,,,,,,,,
54,54,,Los Angeles PIS,,,,,Airport - Aircraft - Cargo - PIS,,,El Salvador,,"Bulb, Corm, Rhizome, Tuberous Stem",,INNOVAPLANT DE COSTA RICA,1,4,,,,,,12,,,,,,,,,,,,,,,
54,54,,Miami PIS,,,,,Airport - Aircraft - Express Carrier - PIS,,,Mexico,,Unrooted Cutting,,ORNAMENTALES DE SAPO VERDE 6201-6202,4,1290,,,,,,14,,,,,,,,,,,,,,,
54,54,,JFK PIS,,,,,Maritime Port - Vessel - Cargo - PIS,,,Brazil,,Unrooted Cutting,,FOSACO CO LTD,77,11106,,,,,,13,,,,,,,,,,,,,,,
54,54,,Miami PIS,,,,,Airport - Aircraft - Cargo - PIS,,,Taiwan,,Rooted Plant (including grafted),,ZHANGZHOU RICH-LINK TRADING CO L,2,9467,,,,,,3,,,,,,,,,,,,,,,
54,54,,Miami PIS,,,,,Airport - Aircraft - Express Carrier - PIS,,,Guatemala,,Unrooted Cutting,,Ornamentales Sapo Verde 6201,67,24591,,,,,,28,,,,,,,,,,,,,,,
54,54,,JFK PIS,,,,,Airport - Aircraft - Cargo - PIS,,,Netherlands,,Rooted Plant (including grafted),,Ornamentales Sapo Verde 1110,2,20091,,,,,,1,,,,,,,,,,,,,,,
54,54,,JFK PIS,,,,,Airport - Aircraft - Cargo - PIS,,,Netherlands,,Unrooted Cutting,,INNOVAPLANT DE COSTA RICA,1,8157,,,,,,9,,,,,,,,,,,,,,,
54,54,,Miami PIS,,,,,Airport - Aircraft - Cargo - PIS,,,Viet Nam,,Rooted Plant (including grafted),,FLORICULTURA Y COMPANIA LTDA,46,220206,,,,,,5,,,,,,,,,,,,,,,
54,54,,Los Angeles PIS,,,,,Maritime Port - Vessel - Cargo - PIS,,,Thailand,,Rooted Plant (including grafted),,Costa Farms LLC,27,27101,,,,,,18,,,,,,,,,,,,,,,
54,54,,Miami PIS,,,,,Airport - Aircraft - Cargo - PIS,,,Kenya,,Unrooted Cutting,,ANNIA FUENTES MARTINEZ,46,8407,,,,,,8,,,,,,,,,,,,,,,
55,55,,Miami PIS,,,,,Maritime Port - Vessel - Cargo - PIS,,,Costa Rica,,Meristem or Callus Tissue Culture (micropropagated/in vitro culture),,PLANTAS ORNAMENTALES DE COSTA RICA,6,3098,,,,,,19,,,,,,,,,,,,,,,
55,55,,Miami PIS,,,,,Airport - Aircraft - Cargo - PIS,,,Costa Rica,,Unrooted Plant,,PT FLORION,15,1377,,,,,,1,,,,,,,,,,,,,,,
55,55,,Miami PIS,,,,,Airport - Aircraft - Cargo - PIS,,,Kenya,,Unrooted Cutting,,LOS PINOS POPTUN,6,17547,,,,,,25,,,,,,,,,,,,,,,
55,55,,Miami PIS,,,,,Airport - Aircraft - Cargo - PIS,,,Guatemala,,Meristem or Callus Tissue Culture (micropropagated/in vitro culture),,IRIBOV BV,0,342,,,,,,10,,,,,,,,,,,,,,,
55,55,,Atlanta PIS,,,,,Airport - Aircraft - Cargo - PIS,,,Costa Rica,,Rooted Cutting (including air layer),,NATTA 1565 LIMITED PARTNERSHIP,1,229,,,,,,20,,,,,,,,,,,,,,,
55,55,,Miami PIS,,,,,Airport - Aircraft - Cargo - PIS,,,Costa Rica,,Rooted Plant (including grafted),,"ORNAMENTALES SAPO VERDE S A, BOX 6201-6202",22,22683,,,,,,5,,,,,,,,,,,,,,,
55,55,,Los Angeles PIS,,,,,Airport - Aircraft - Cargo - PIS,,,Guatemala,,Unrooted Cutting,,Corporacion Bonanza,0,25,,,,,,3,,,,,,,,,,,,,,,
55,55,,JFK PIS,,,,,Airport - Aircraft - Cargo - PIS,,,Costa Rica,,Unrooted Cutting,,Ornamentales Sapo Verde Box 501-542,7,40282,,,,,,15,,,,,,,,,,,,,,,
55,55,,Los Angeles PIS,,,,,Airport - Aircraft - Cargo - PIS,,,Guatemala,,Unrooted Cutting,,INNOVAPLANT DE COSTA RICA,12,8383,,,,,,26,,,,,,,,,,,,,,,
55,55,,Los Angeles PIS,,,,,Airport - Aircraft - Cargo - PIS,,,Nicaragua,,Rooted Plant (including grafted),,KAPOK PLANTAS S A,22,81526,,,,,,24,,,,,,,,,,,,,,,
55,55,,Seattle PIS,,,,,Airport - Aircraft - Cargo - PIS,,,Guatemala,,Rooted Plant (including grafted),,Not Selected,0,93,,,,,,21,,,,,,,,,,,,,,,
55,55,,Miami PIS,,,,,Airport - Aircraft - Cargo - PIS,,,Thailand,,Unrooted Cutting,,Not Selected,10,44760,,,,,,22,,,,,,,,,,,,,,,
55,55,,Miami PIS,,,,,Maritime Port - Vessel - Cargo - PIS,,,Guatemala,,Rooted Plant (including grafted),,INDUSTRIAS AGRICOLAS CENTRO AMER,11,24280,,,,,,14,,,,,,,,,,,,,,,
55,55,,Miami PIS,,,,,Airport - Aircraft - Cargo - PIS,,,China,,Meristem or Callus Tissue Culture (micropropagated/in vitro culture),,COOPEINDIA R.L. BOX 37-57 ,62,111932,,,,,,2,,,,,,,,,,,,,,,
55,55,,Atlanta PIS,,,,,Maritime Port - Vessel - Cargo - PIS,,,Indonesia,,Unrooted Cutting,,INNOVA PLANT,98,57472,,,,,,11,,,,,,,,,,,,,,,
55,55,,Atlanta PIS,,,,,Maritime Port - Vessel - Cargo - PIS,,,Thailand,,Rooted Plant (including grafted),,INNOVA PLANT,45,40644,,,,,,24,,,,,,,,,,,,,,,
55,55,,Miami PIS,,,,,Airport - Aircraft - Cargo - PIS,,,Guatemala,,Unrooted Cutting,,FLORICULTURA Y COMPANIA LTDA,2,1845,,,,,,22,,,,,,,,,,,,,,,
55,55,,Miami PIS,,,,,Airport - Aircraft - Cargo - PIS,,,Costa Rica,,Unrooted Cutting,,COOPEINDIA R.L Box 900-923,14,11288,,,,,,6,,,,,,,,,,,,,,,
55,55,,Miami PIS,,,,,Maritime Port - Vessel - Cargo - PIS,,,Netherlands,,Unrooted Cutting,,COOPERATIVA AGRICOLA REGIONAL DE Box 25-27,15,9958,,,,,,16,,,,,,,,,,,,,,,
55,55,,Miami PIS,,,,,Airport - Aircraft - Cargo - PIS,,,Costa Rica,,Unrooted Cutting,,BEAUTY LINE GUATEMALA,2,873,,,,,,1,,,,,,,,,,,,,,,
55,55,,Miami PIS,,,,,Airport - Aircraft - Cargo - PIS,,,Colombia,,Unrooted Cutting,,VITA FARMS Box 8501-8510,0,29,,,,,,7,,,,,,,,,,,,,,,
55,55,,Atlanta PIS,,,,,Airport - Aircraft - Cargo - PIS,,,Costa Rica,,Rooted Plant (including grafted),,CHOMPOONUT KHONGMAN,0,4,,,,,,16,,,,,,,,,,,,,,,
55,55,,Miami PIS,,,,,Airport - Aircraft - Cargo - PIS,,,"Korea, South",,Unrooted Cutting,,Amarilis Ninet,1,24,,,,,,27,,,,,,,,,,,,,,,
55,55,,Miami PIS,,,,,Airport - Aircraft - Cargo - PIS,,,Costa Rica,,Unrooted Cutting,,KAPOK PLANTS S.A,2,961,,,,,,24,,,,,,,,,,,,,,,
55,55,,Miami PIS,,,,,Maritime Port - Vessel - Cargo - PIS,,,Costa Rica,,Unrooted Cutting,,IVAGRO S.A.,6,26068,,,,,,27,,,,,,,,,,,,,,,
56,56,,Los Angeles PIS,,,,,Airport - Aircraft - Cargo - PIS,,,Kenya,,Unrooted Cutting,,ZHANGZHOU SPRING SUNSHINE IMP &EXP,74,86758,,,,,,14,,,,,,,,,,,,,,,
56,56,,Atlanta PIS,,,,,Airport - Aircraft - Cargo - PIS,,,Colombia,,Unrooted Plant,,ORNAMENTALES SAPO VERDE Box 8001-8009,41,113216,,,,,,15,,,,,,,,,,,,,,,
56,56,,Orlando PIS,,,,,Airport - Aircraft - Cargo - PIS,,,Colombia,,Rooted Plant (including grafted),,Same as Shipper,1,4096,,,,,,19,,,,,,,,,,,,,,,
56,56,,Miami PIS,,,,,Airport - Aircraft - Cargo - PIS,,,Mexico,,Rooted Plant (including grafted),,IVAGRO S.A.,8,5464,,,,,,6,,,,,,,,,,,,,,,
56,56,,Los Angeles PIS,,,,,Airport - Aircraft - Cargo - PIS,,,China,,Rooted Plant (including grafted),,Not Selected,25,87419,,,,,,14,,,,,,,,,,,,,,,
56,56,,Miami PIS,,,,,Airport - Aircraft - Cargo - PIS,,,Mexico,,Unrooted Cutting,,ASTERIX SA,19,126239,,,,,,9,,,,,,,,,,,,,,,
56,56,,Los Angeles PIS,,,,,Airport - Aircraft - Cargo - PIS,,,Thailand,,Unrooted Cutting,,THE QUEENS FLOWERS,1,79,,,,,,16,,,,,,,,,,,,,,,
56,56,,Miami PIS,,,,,Maritime Port - Vessel - Cargo - PIS,,,Guatemala,,Unrooted Plant,,BEAUTY LINE GUATEMALA SA,45,90514,,,,,,16,,,,,,,,,,,,,,,
56,56,,Miami PIS,,,,,Airport - Aircraft - Cargo - PIS,,,El Salvador,,Unrooted Cutting,,INDUSTRIAS AGRICOLAS CENTRO AMER,38,166678,,,,,,4,,,,,,,,,,,,,,,
56,56,,Miami PIS,,,,,Airport - Aircraft - Cargo - PIS,,,Costa Rica,,Rooted Plant (including grafted),,LUCHA ORNAMENTAL SA,5,581,,,,,,7,,,,,,,,,,,,,,,
56,56,,Los Angeles PIS,,,,,Airport - Aircraft - Express Carrier - PIS,,,Poland,,"Bulb, Corm, Rhizome, Tuberous Stem",,Pollen Limited,0,9,,,,,,1,,,,,,,,,,,,,,,
56,56,,Atlanta PIS,,,,,Airport - Aircraft - Cargo - PIS,,,Thailand,,Unrooted Cutting,,LAS LIMAS S A,4,4081,,,,,,13,,,,,,,,,,,,,,,
56,56,,Miami PIS,,,,,Airport - Aircraft - Cargo - PIS,,,Brazil,,Unrooted Cutting,,INVERSIONES LUA S.A 1-80,1,539,,,,,,3,,,,,,,,,,,,,,,
56,56,,Atlanta PIS,,,,,Airport - Aircraft - Cargo - PIS,,,Costa Rica,,Rooted Plant (including grafted),,INVERSIONES AGROCOMERCIALES,9,7043,,,,,,22,,,,,,,,,,,,,,,
56,56,,Los Angeles PIS,,,,,Airport - Aircraft - Cargo - PIS,,,Guatemala,,Rooted Plant (including grafted),,POPOW ORCHIDS,7,3066,,,,,,2,,,,,,,,,,,,,,,
56,56,,Linden PIS,,,,,Airport - Aircraft - Cargo - PIS,,,Costa Rica,,Unrooted Cutting,,INNOVAPLANT DE COSTA RICA,9,1217,,,,,,24,,,,,,,,,,,,,,,
56,56,,Miami PIS,,,,,Maritime Port - Vessel - Cargo - PIS,,,China,,Unrooted Cutting,,ORNAMENTALES AMARILIS NINET,10,47571,,,,,,25,,,,,,,,,,,,,,,
56,56,,Atlanta PIS,,,,,Airport - Aircraft - Cargo - PIS,,,Malaysia,,Rooted Plant (including grafted),,Nucharin Boonyawan,4,2883,,,,,,11,,,,,,,,,,,,,,,
56,56,,Miami PIS,,,,,Airport - Aircraft - Cargo - PIS,,,Guatemala,,Unrooted Cutting,,TUCAN EXPORTERS,1,1722,,,,,,11,,,,,,,,,,,,,,,
56,56,,Miami PIS,,,,,Airport - Aircraft - Cargo - PIS,,,Netherlands,,Unrooted Cutting,,Same as Shipper,340,1773238,,,,,,9,,,,,,,,,,,,,,,
56,56,,Miami PIS,,,,,Airport - Aircraft - Cargo - PIS,,,Netherlands,,Rooted Plant (including grafted),,GASAN S A,3,1431,,,,,,20,,,,,,,,,,,,,,,
56,56,,Los Angeles PIS,,,,,Airport - Aircraft - Cargo - PIS,,,Sri Lanka,,Rooted Plant (including grafted),,MYM PRODUCTORES S.A,0,3501,,,,,,27,,,,,,,,,,,,,,,
56,56,,Miami PIS,,,,,Airport - Aircraft - Cargo - PIS,,,Poland,,Rooted Plant (including grafted),,SAPO VERDE BOX 1001,0,34,,,,,,8,,,,,,,,,,,,,,,
56,56,,Atlanta PIS,,,,,Airport - Aircraft - Cargo - PIS,,,Taiwan,,Rooted Plant (including grafted),,T. ORCHIDS LIMITED PARTNERSHIP,15,11689,,,,,,19,,,,,,,,,,,,,,,
56,56,,Miami PIS,,,,,Airport - Aircraft - Cargo - PIS,,,China,,Unrooted Cutting,,DALAT HASFARM CO LTD,146,6150,,,,,,17,,,,,,,,,,,,,,,
57,57,,Atlanta PIS,,,,,Airport - Aircraft - Cargo - PIS,,,New Zealand,,Unrooted Cutting,,INNOVAPLANT DE COSTA RICA,477,7762,,,,,,12,,,,,,,,,,,,,,,
57,57,,Miami PIS,,,,,Airport - Aircraft - Cargo - PIS,,,Netherlands,,Rooted Plant (including grafted),,Cerca del Paraiso Box 101-,35,28140,,,,,,2,,,,,,,,,,,,,,,
57,57,,Los Angeles PIS,,,,,Airport - Aircraft - Cargo - PIS,,,Spain,,Meristem or Callus Tissue Culture (micropropagated/in vitro culture),,AMORNTHEP DAENGNOI,0,259,,,,,,9,,,,,,,,,,,,,,,
57,57,,Miami PIS,,,,,Airport - Aircraft - Cargo - PIS,,,Costa Rica,,Unrooted Plant,,AGROPECUARIA HERMANOS PACHECO S.,2,70,,,,,,13,,,,,,,,,,,,,,,
57,57,,Houston PIS,,,,,Airport - Aircraft - Cargo - PIS,,,Guatemala,,Unrooted Cutting,,INNOVA PLANT DE COSTA RICA SA,0,5712,,,,,,14,,,,,,,,,,,,,,,
57,57,,Los Angeles PIS,,,,,Airport - Aircraft - Cargo - PIS,,,Uganda,,Rooted Plant (including grafted),,AGROINDUSTRIALES CHORTI,1,5,,,,,,27,,,,,,,,,,,,,,,
57,57,,Miami PIS,,,,,Airport - Aircraft - Cargo - PIS,,,Thailand,,Rooted Plant (including grafted),,KP HOLLAND B.V,0,15167,,,,,,9,,,,,,,,,,,,,,,
57,57,,Miami PIS,,,,,Airport - Aircraft - Cargo - PIS,,,Mexico,,Unrooted Cutting,,Same as Shipper,3,1526,,,,,,4,,,,,,,,,,,,,,,
57,57,,Los Angeles PIS,,,,,Airport - Aircraft - Express Carrier - PIS,,,Nicaragua,,Meristem or Callus Tissue Culture (micropropagated/in vitro culture),,AGROPECUARIA PENIEL S.A. (GUATEXOTIC),37,52849,,,,,,1,,,,,,,,,,,,,,,
57,57,,Miami PIS,,,,,Maritime Port - Vessel - Cargo - PIS,,,Malaysia,,Rooted Cutting (including air layer),,"KAPOK PLANTAS, S.A.",10,3248,,,,,,6,,,,,,,,,,,,,,,
57,57,,Miami PIS,,,,,Airport - Aircraft - Cargo - PIS,,,Thailand,,Unrooted Cutting,,AGRIGENTUM S A,6,21093,,,,,,3,,,,,,,,,,,,,,,
57,57,,Miami PIS,,,,,Airport - Aircraft - Cargo - PIS,,,Costa Rica,,Rooted Cutting (including air layer),,Not Selected,1,1829,,,,,,24,,,,,,,,,,,,,,,
57,57,,Miami PIS,,,,,Airport - Aircraft - Cargo - PIS,,,Thailand,,Meristem or Callus Tissue Culture (micropropagated/in vitro culture),,BEAUTY LINE GUATEMALA,12,18181,,,,,,13,,,,,,,,,,,,,,,
57,57,,Miami PIS,,,,,Airport - Aircraft - Cargo - PIS,,,Thailand,,Rooted Plant (including grafted),,VIVERO INTERNACIONAL S.A. DE C.V,1,1921,,,,,,22,,,,,,,,,,,,,,,
57,57,,Miami PIS,,,,,Airport - Aircraft - Cargo - PIS,,,Indonesia,,Rooted Plant (including grafted),,COSTA FARM LLC,0,860,,,,,,25,,,,,,,,,,,,,,,
57,57,,Miami PIS,,,,,Airport - Aircraft - Cargo - PIS,,,Indonesia,,Unrooted Cutting,,PLANT SOURCE INTERNATIONAL MEXIC,100,195582,,,,,,11,,,,,,,,,,,,,,,
57,57,,Los Angeles PIS,,,,,Airport - Aircraft - Cargo - PIS,,,Taiwan,,Rooted Plant (including grafted),,KENYA CUTTINGS LIMITED,97,519951,,,,,,26,,,,,,,,,,,,,,,
57,57,,Miami PIS,,,,,Airport - Aircraft - Cargo - PIS,,,Guatemala,,Rooted Plant (including grafted),,PRODUCTOS VALPARAISO,7,965,,,,,,1,,,,,,,,,,,,,,,
57,57,,Miami PIS,,,,,Airport - Aircraft - Cargo - PIS,,,Guatemala,,Unrooted Plant,,Mr. Wirote Makmoon,3,24006,,,,,,2,,,,,,,,,,,,,,,
57,57,,Miami PIS,,,,,Airport - Aircraft - Express Carrier - PIS,,,Netherlands,,Rooted Plant (including grafted),,FERTIPLANT B V,7,4333,,,,,,21,,,,,,,,,,,,,,,
57,57,,Miami PIS,,,,,Airport - Aircraft - Cargo - PIS,,,China,,Rooted Cutting (including air layer),,Not Selected,1,900,,,,,,15,,,,,,,,,,,,,,,
57,57,,Miami PIS,,,,,Airport - Aircraft - Cargo - PIS,,,Costa Rica,,Rooted Plant (including grafted),,Ornamentales Sapo Verde 2601,216,425882,,,,,,11,,,,,,,,,,,,,,,
57,57,,Miami PIS,,,,,Airport - Aircraft - Cargo - PIS,,,India,,Rooted Plant (including grafted),,Thana Sukkasem,75,4530,,,,,,25,,,,,,,,,,,,,,,
57,57,,Miami PIS,,,,,Airport - Aircraft - Cargo - PIS,,,Mexico,,Rooted Plant (including grafted),,LAS LIMAS,0,32573,,,,,,24,,,,,,,,,,,,,,,
57,57,,Miami PIS,,,,,Airport - Aircraft - Cargo - PIS,,,China,,Rooted Plant (including grafted),,EXPORTADORA IMPERIO VERDE,0,3451,,,,,,11,,,,,,,,,,,,,,,
58,58,,Miami PIS,,,,,Maritime Port - Vessel - Cargo - PIS,,,Nicaragua,,Unrooted Cutting,,IVAGRO S A BOXES 42-48,133,143350,,,,,,18,,,,,,,,,,,,,,,
58,58,,Miami PIS,,,,,Airport - Aircraft - Cargo - PIS,,,Guatemala,,Unrooted Cutting,,KANSOM CO LTD,2,3147,,,,,,10,,,,,,,,,,,,,,,
58,58,,Los Angeles PIS,,,,,Airport - Aircraft - Cargo - PIS,,,Costa Rica,,Rooted Plant (including grafted),,DALAT HASFARM CO LTD,3,716,,,,,,13,,,,,,,,,,,,,,,
58,58,,Miami PIS,,,,,Airport - Aircraft - Cargo - PIS,,,Mexico,,Unrooted Cutting,,SHENZHEN ZHIZE WEISI SUPPLY CHAIN,2,1878,,,,,,8,,,,,,,,,,,,,,,
58,58,,Miami PIS,,,,,Airport - Aircraft - Cargo - PIS,,,China,,Rooted Cutting (including air layer),,ORNAMENTAL DE SAPO Verde  031-039,1,8,,,,,,8,,,,,,,,,,,,,,,
58,58,,Miami PIS,,,,,Airport - Aircraft - Cargo - PIS,,,Indonesia,,Unrooted Cutting,,"Sociedad Tigra Verde, S.A.",1,1991,,,,,,26,,,,,,,,,,,,,,,
58,58,,Los Angeles PIS,,,,,Airport - Aircraft - Cargo - PIS,,,Thailand,,"Root cutting, crown, or clump, Tuberous Root",,Same as Shipper,26,34858,,,,,,10,,,,,,,,,,,,,,,
58,58,,Seattle PIS,,,,,Airport - Aircraft - Cargo - PIS,,,Guatemala,,Rooted Plant (including grafted),,FOSACO CO LTD,5,1628,,,,,,1,,,,,,,,,,,,,,,
58,58,,Miami PIS,,,,,Airport - Aircraft - Cargo - PIS,,,India,,Rooted Cutting (including air layer),,"VIVERO INTERNACIONAL S,A DE C.V",4,19494,,,,,,10,,,,,,,,,,,,,,,
58,58,,Miami PIS,,,,,Airport - Aircraft - Cargo - PIS,,,Costa Rica,,Unrooted Cutting,,INNOVA PLANT DE COSTA RICA SA,7,24444,,,,,,4,,,,,,,,,,,,,,,
58,58,,Linden PIS,,,,,Airport - Aircraft - Cargo - PIS,,,Guatemala,,Unrooted Cutting,,LA FLORESTA ORNAMENTALES S A,40,94257,,,,,,21,,,,,,,,,,,,,,,
58,58,,Miami PIS,,,,,Airport - Aircraft - Cargo - PIS,,,Guatemala,,Rooted Plant (including grafted),,FLORAPLANT SA DE CV,10,71610,,,,,,28,,,,,,,,,,,,,,,
58,58,,Miami PIS,,,,,Airport - Aircraft - Cargo - PIS,,,Costa Rica,,Unrooted Cutting,,Same as Shipper,21,39085,,,,,,1,,,,,,,,,,,,,,,
58,58,,JFK PIS,,,,,Airport - Aircraft - Cargo - PIS,,,Colombia,,Unrooted Plant,,ANTHURA B.V.,0,179,,,,,,13,,,,,,,,,,,,,,,
58,58,,Miami PIS,,,,,Airport - Aircraft - Cargo - PIS,,,Viet Nam,,Rooted Plant (including grafted),,Same as Shipper,6,214,,,,,,14,,,,,,,,,,,,,,,
58,58,,Miami PIS,,,,,Airport - Aircraft - Cargo - PIS,,,Costa Rica,,Rooted Plant (including grafted),,LAS LIMAS S A,10,153,,,,,,15,,,,,,,,,,,,,,,
58,58,,Miami PIS,,,,,Airport - Aircraft - Cargo - PIS,,,Guatemala,,Unrooted Cutting,,LATHYFLORA KENYA LTD,2,217,,,,,,16,,,,,,,,,,,,,,,
58,58,,Atlanta PIS,,,,,Airport - Aircraft - Cargo - PIS,,,Dominican Republic,,Rooted Plant (including grafted),,KAPOK PLANTS S.A,9,18284,,,,,,28,,,,,,,,,,,,,,,
58,58,,Atlanta PIS,,,,,Airport - Aircraft - Cargo - PIS,,,Slovakia,,Rooted Plant (including grafted),,Anita Salazar Avila,8,19864,,,,,,5,,,,,,,,,,,,,,,
58,58,,Miami PIS,,,,,Airport - Aircraft - Cargo - PIS,,,Thailand,,Meristem or Callus Tissue Culture (micropropagated/in vitro culture),,ZIMFLORA  PVT  LTD,11,193,,,,,,24,,,,,,,,,,,,,,,
58,58,,Miami PIS,,,,,Airport - Aircraft - Cargo - PIS,,,Nicaragua,,Meristem or Callus Tissue Culture (micropropagated/in vitro culture),,SHENZHEN ZHIZE WEISI SUPPLY CHAIN,1,39029,,,,,,25,,,,,,,,,,,,,,,
58,58,,Miami PIS,,,,,Airport - Aircraft - Cargo - PIS,,,Guatemala,,Meristem or Callus Tissue Culture (micropropagated/in vitro culture),,QUELETZU SOCIEDAD ANONIMA,1,24,,,,,,6,,,,,,,,,,,,,,,
58,58,,Miami PIS,,,,,Airport - Aircraft - Cargo - PIS,,,Guatemala,,Rooted Plant (including grafted),,Pawnpirun Pliankonk,6,207,,,,,,5,,,,,,,,,,,,,,,
58,58,,Miami PIS,,,,,Airport - Aircraft - Cargo - PIS,,,Nicaragua,,Unrooted Cutting,,QUELETZU S A BOX 1-32,16,20853,,,,,,12,,,,,,,,,,,,,,,
58,58,,Los Angeles PIS,,,,,Airport - Aircraft - Cargo - PIS,,,Guatemala,,Rooted Plant (including grafted),,VITA FARMS 301,8,1572,,,,,,2,,,,,,,,,,,,,,,
59,59,,Los Angeles PIS,,,,,Airport - Aircraft - Cargo - PIS,,,Costa Rica,,"Bulb, Corm, Rhizome, Tuberous Stem",,MAGDALENA LEDEZMA VASQUEZ,32,21834,,,,,,20,,,,,,,,,,,,,,,
59,59,,Linden PIS,,,,,Airport - Aircraft - Cargo - PIS,,,Costa Rica,,Unrooted Cutting,,ORNAMENTALES DE ALTURA SA,3,2154,,,,,,5,,,,,,,,,,,,,,,
59,59,,Miami PIS,,,,,Airport - Aircraft - Cargo - PIS,,,Mexico,,Meristem or Callus Tissue Culture (micropropagated/in vitro culture),,PLANT SOURCE INTERNACIONAL MEXICO S,8,1146,,,,,,6,,,,,,,,,,,,,,,
59,59,,Seattle PIS,,,,,Maritime Port - Vessel - Cargo - PIS,,,Colombia,,Unrooted Cutting,,Mr. Bomb Takomfoo,1,39228,,,,,,15,,,,,,,,,,,,,,,
59,59,,Miami PIS,,,,,Airport - Aircraft - Cargo - PIS,,,Costa Rica,,Rooted Plant (including grafted),,PLANTAS DEL TROPICO 1-13,37,23721,,,,,,25,,,,,,,,,,,,,,,
59,59,,Miami PIS,,,,,Maritime Port - Vessel - Cargo - PIS,,,Kenya,,Unrooted Plant,,Same as Shipper,5,22248,,,,,,13,,,,,,,,,,,,,,,
59,59,,Los Angeles PIS,,,,,Airport - Aircraft - Cargo - PIS,,,Kenya,,Unrooted Cutting,,ANTHURA BV,74,111100,,,,,,9,,,,,,,,,,,,,,,
59,59,,Miami PIS,,,,,Airport - Aircraft - Cargo - PIS,,,Kenya,,Unrooted Cutting,,"TROPI PLANTS,S.A.",68,564231,,,,,,7,,,,,,,,,,,,,,,
59,59,,Miami PIS,,,,,Maritime Port - Vessel - Cargo - PIS,,,Taiwan,,Unrooted Cutting,,INNOVA PLANT,7,2313,,,,,,24,,,,,,,,,,,,,,,
59,59,,Miami PIS,,,,,Airport - Aircraft - Cargo - PIS,,,Slovakia,,Rooted Plant (including grafted),,CV. SURYA TANI ABADI,2,45733,,,,,,8,,,,,,,,,,,,,,,
59,59,,Los Angeles PIS,,,,,Airport - Aircraft - Cargo - PIS,,,Guatemala,,Unrooted Plant,,INVERSIONES LUA S.A 1-80,1,137242,,,,,,15,,,,,,,,,,,,,,,
59,59,,Orlando PIS,,,,,Maritime Port - Vessel - Cargo - PIS,,,Costa Rica,,Unrooted Cutting,,Costa Farms LLC,1,13437,,,,,,6,,,,,,,,,,,,,,,
59,59,,Miami PIS,,,,,Airport - Aircraft - Cargo - PIS,,,Costa Rica,,Meristem or Callus Tissue Culture (micropropagated/in vitro culture),,AGRO INDUSTRIALES CHORTI S. A.,0,111,,,,,,21,,,,,,,,,,,,,,,
59,59,,Miami PIS,,,,,Maritime Port - Vessel - Cargo - PIS,,,Costa Rica,,Meristem or Callus Tissue Culture (micropropagated/in vitro culture),,Same as Shipper,32,105536,,,,,,23,,,,,,,,,,,,,,,
59,59,,Miami PIS,,,,,Airport - Aircraft - Cargo - PIS,,,Costa Rica,,Rooted Plant (including grafted),,CERCA DEL PARAISO S.A.,1,20,,,,,,16,,,,,,,,,,,,,,,
59,59,,Los Angeles PIS,,,,,Maritime Port - Vessel - Cargo - PIS,,,Guatemala,,Unrooted Plant,,ANNIA FUENTES MARTINEZ 101,167,156525,,,,,,17,,,,,,,,,,,,,,,
59,59,,Atlanta PIS,,,,,Airport - Aircraft - Cargo - PIS,,,"Korea, South",,"Root cutting, crown, or clump, Tuberous Root",,INNOVAPLANT DE COSTA RICA,0,0,,,,,,2,,,,,,,,,,,,,,,
59,59,,Miami PIS,,,,,Airport - Aircraft - Cargo - PIS,,,El Salvador,,Unrooted Cutting,,EXPORTADORA IMPERIO VERDE,1,47942,,,,,,25,,,,,,,,,,,,,,,
59,59,,Los Angeles PIS,,,,,Airport - Aircraft - Cargo - PIS,,,Costa Rica,,Unrooted Cutting,,PLANTEX,0,427,,,,,,15,,,,,,,,,,,,,,,
59,59,,Miami PIS,,,,,Airport - Aircraft - Cargo - PIS,,,Guatemala,,Meristem or Callus Tissue Culture (micropropagated/in vitro culture),,LOS PINOS POPTUN,1,4084,,,,,,16,,,,,,,,,,,,,,,
59,59,,Miami PIS,,,,,Airport - Aircraft - Cargo - PIS,,,Netherlands,,Unrooted Cutting,,Ornamentales Sapo Verde 3001,5,2621,,,,,,24,,,,,,,,,,,,,,,
59,59,,Los Angeles PIS,,,,,Airport - Aircraft - Cargo - PIS,,,Guatemala,,Rooted Plant (including grafted),,PAIROTH SINGTUEAN,50,80827,,,,,,14,,,,,,,,,,,,,,,
59,59,,Miami PIS,,,,,Airport - Aircraft - Cargo - PIS,,,Mexico,,"Bulb, Corm, Rhizome, Tuberous Stem",,CORPORACION TRINACRIA SA,8,18449,,,,,,9,,,,,,,,,,,,,,,
59,59,,Miami PIS,,,,,Airport - Aircraft - Cargo - PIS,,,Netherlands,,Rooted Plant (including grafted),,Same as Shipper,46,78246,,,,,,15,,,,,,,,,,,,,,,
59,59,,Miami PIS,,,,,Airport - Aircraft - Cargo - PIS,,,Thailand,,Unrooted Cutting,,"KAPOK PLANTAS, S.A.",0,2545,,,,,,14,,,,,,,,,,,,,,,
60,60,,Miami PIS,,,,,Maritime Port - Vessel - Cargo - PIS,,,Mexico,,Meristem or Callus Tissue Culture (micropropagated/in vitro culture),,ORNAMENTALES SAPO VERDE 901,5,13450,,,,,,28,,,,,,,,,,,,,,,
60,60,,Atlanta PIS,,,,,Airport - Aircraft - Cargo - PIS,,,Ecuador,,Unrooted Cutting,,Not Selected,20,22291,,,,,,27,,,,,,,,,,,,,,,
60,60,,Miami PIS,,,,,Airport - Aircraft - Cargo - PIS,,,Uganda,,Unrooted Cutting,,FINO FOLLAJE SA,2,5070,,,,,,18,,,,,,,,,,,,,,,
60,60,,Miami PIS,,,,,Airport - Aircraft - Cargo - PIS,,,El Salvador,,Unrooted Cutting,,Sawitree Kyriakides,17,52258,,,,,,14,,,,,,,,,,,,,,,
60,60,,Miami PIS,,,,,Airport - Aircraft - Cargo - PIS,,,Mexico,,Unrooted Plant,,LAS LIMAS,14,415,,,,,,16,,,,,,,,,,,,,,,
60,60,,Miami PIS,,,,,Airport - Aircraft - Cargo - PIS,,,Czech Republic,,Unrooted Plant,,TIGRA VERDE S.A.,1,246,,,,,,12,,,,,,,,,,,,,,,
60,60,,Miami PIS,,,,,Airport - Aircraft - Cargo - PIS,,,China,,Rooted Plant (including grafted),,PALKI,10,9193,,,,,,18,,,,,,,,,,,,,,,
60,60,,Miami PIS,,,,,Airport - Aircraft - Cargo - PIS,,,Japan,,Unrooted Cutting,,Same as Shipper,3,6631,,,,,,16,,,,,,,,,,,,,,,
60,60,,Miami PIS,,,,,Airport - Aircraft - Cargo - PIS,,,Taiwan,,Rooted Plant (including grafted),,Ornamentales Sapo Verde Box 501-509,29,24862,,,,,,26,,,,,,,,,,,,,,,
60,60,,Seattle PIS,,,,,Airport - Aircraft - Cargo - PIS,,,Kenya,,Meristem or Callus Tissue Culture (micropropagated/in vitro culture),,Dracaenas de Altura S.A.,3,14922,,,,,,16,,,,,,,,,,,,,,,
60,60,,Los Angeles PIS,,,,,Airport - Aircraft - Cargo - PIS,,,Taiwan,,Unrooted Cutting,,Chayanin Kengsuwan,484,62009,,,,,,15,,,,,,,,,,,,,,,
60,60,,Linden PIS,,,,,Airport - Aircraft - Cargo - PIS,,,Thailand,,Rooted Plant (including grafted),,BURANA ORCHID CO LTD,5,13107,,,,,,8,,,,,,,,,,,,,,,
60,60,,Los Angeles PIS,,,,,Airport - Aircraft - Cargo - PIS,,,Mexico,,Rooted Plant (including grafted),,KRESS CONSOLIDATION BUSINES INVE,4,1041,,,,,,18,,,,,,,,,,,,,,,
60,60,,Houston PIS,,,,,Airport - Aircraft - Cargo - PIS,,,Brazil,,Unrooted Cutting,,COSTA FARMS,6,32607,,,,,,11,,,,,,,,,,,,,,,
60,60,,Miami PIS,,,,,Airport - Aircraft - Cargo - PIS,,,Costa Rica,,Unrooted Cutting,,VITA FARMS BOX 401-477,12,60888,,,,,,10,,,,,,,,,,,,,,,
60,60,,Houston PIS,,,,,Airport - Aircraft - Cargo - PIS,,,Mexico,,Unrooted Cutting,,ORNAMENTALES AMARILIS NINET,0,155,,,,,,14,,,,,,,,,,,,,,,
60,60,,Los Angeles PIS,,,,,Airport - Aircraft - Cargo - PIS,,,Kenya,,Meristem or Callus Tissue Culture (micropropagated/in vitro culture),,ORNAMENTALES SAPO VERDE  1601,13,133139,,,,,,22,,,,,,,,,,,,,,,
60,60,,Miami PIS,,,,,Airport - Aircraft - Cargo - PIS,,,Colombia,,Meristem or Callus Tissue Culture (micropropagated/in vitro culture),,"INDUSTRIAS AGRICOLAS CENTRO AMERICA, S.A., BOX  1-42",13,27918,,,,,,27,,,,,,,,,,,,,,,
60,60,,Miami PIS,,,,,Airport - Aircraft - Cargo - PIS,,,Costa Rica,,Unrooted Cutting,,PLANT 1688,17,72991,,,,,,25,,,,,,,,,,,,,,,
60,60,,Miami PIS,,,,,Airport - Aircraft - Mail - PIS Mail,,,Guatemala,,Rooted Cutting (including air layer),,CACTUSINTER CO LTD,2,15665,,,,,,11,,,,,,,,,,,,,,,
60,60,,Miami PIS,,,,,Airport - Aircraft - Cargo - PIS,,,Costa Rica,,Unrooted Cutting,,TUCAN EXPORTERS,3,6022,,,,,,14,,,,,,,,,,,,,,,
60,60,,Miami PIS,,,,,Airport - Aircraft - Cargo - PIS,,,Netherlands,,Unrooted Plant,,ZHANGZHOU LONGJIANG IMP &EXP,21,21916,,,,,,7,,,,,,,,,,,,,,,
60,60,,Miami PIS,,,,,Maritime Port - Vessel - Cargo - PIS,,,Netherlands,,Meristem or Callus Tissue Culture (micropropagated/in vitro culture),,ZACATE ORNAMENTAL Y DECORATIVO S.A.,5,9395,,,,,,23,,,,,,,,,,,,,,,
60,60,,Miami PIS,,,,,Airport - Aircraft - Cargo - PIS,,,Uganda,,Rooted Plant (including grafted),,OOI LENG SUN ORCHID NURSERY & LABOR,5,14314,,,,,,14,,,,,,,,,,,,,,,
60,60,,Los Angeles PIS,,,,,Airport - Aircraft - Cargo - PIS,,,Thailand,,Unrooted Cutting,,PLANT 1688,41,24,,,,,,8,,,,,,,,,,,,,,,
61,61,,Los Angeles PIS,,,,,Airport - Aircraft - Cargo - PIS,,,Kenya,,Meristem or Callus Tissue Culture (micropropagated/in vitro culture),,Vita Farms 201,7,2037,,,,,,25,,,,,,,,,,,,,,,
61,61,,Miami PIS,,,,,Airport - Aircraft - Cargo - PIS,,,China,,Unrooted Plant,,Sapo Verde Box 101,8,431,,,,,,27,,,,,,,,,,,,,,,
61,61,,Los Angeles PIS,,,,,Airport - Aircraft - Cargo - PIS,,,Thailand,,Unrooted Cutting,,Innovaplant de Costa Rica SA,8,346,,,,,,25,,,,,,,,,,,,,,,
61,61,,JFK PIS,,,,,Airport - Aircraft - Cargo - PIS,,,Guatemala,,Unrooted Cutting,,PLANTAS ILIMITADAS S A,3,143,,,,,,11,,,,,,,,,,,,,,,
61,61,,Miami PIS,,,,,Airport - Aircraft - Cargo - PIS,,,Viet Nam,,Rooted Plant (including grafted),,ORNAMENTALES SAPO VERDE 1100,75,82818,,,,,,2,,,,,,,,,,,,,,,
61,61,,Los Angeles PIS,,,,,Airport - Aircraft - Cargo - PIS,,,Ethiopia,,Unrooted Cutting,,Not Selected,1,115,,,,,,13,,,,,,,,,,,,,,,
61,61,,Miami PIS,,,,,Airport - Aircraft - Express Carrier - PIS,,,Costa Rica,,Meristem or Callus Tissue Culture (micropropagated/in vitro culture),,ANTHURA BV,8,1109,,,,,,25,,,,,,,,,,,,,,,
61,61,,Los Angeles PIS,,,,,Airport - Aircraft - Cargo - PIS,,,Thailand,,Rooted Plant (including grafted),,SOGO ORCHIDS,0,237,,,,,,8,,,,,,,,,,,,,,,
61,61,,Miami PIS,,,,,Airport - Aircraft - Cargo - PIS,,,Indonesia,,Rooted Plant (including grafted),,MICHIGAN BOTANICALS RESOURCES,1,37,,,,,,28,,,,,,,,,,,,,,,
61,61,,Linden PIS,,,,,Airport - Aircraft - Cargo - PIS,,,Costa Rica,,Unrooted Cutting,,GENEROS ECUATORIANOS,2,6125,,,,,,11,,,,,,,,,,,,,,,
61,61,,Miami PIS,,,,,Airport - Aircraft - Cargo - PIS,,,Costa Rica,,Unrooted Cutting,,VITA FARMS 901-923,2,4945,,,,,,6,,,,,,,,,,,,,,,
61,61,,Linden PIS,,,,,Maritime Port - Vessel - Cargo - PIS,,,Guatemala,,Rooted Cutting (including air layer),,Ornamentales Sapo Verde 3001,2,1580,,,,,,8,,,,,,,,,,,,,,,
61,61,,Los Angeles PIS,,,,,Airport - Aircraft - Cargo - PIS,,,Colombia,,Unrooted Cutting,,CV. RAVENALA FARM,0,46,,,,,,5,,,,,,,,,,,,,,,
61,61,,Los Angeles PIS,,,,,Airport - Aircraft - Cargo - PIS,,,Taiwan,,Unrooted Cutting,,VIVERO INTERNACIONAL S.A. DE C.V.,4,1137,,,,,,21,,,,,,,,,,,,,,,
61,61,,JFK PIS,,,,,Airport - Aircraft - Express Carrier - PIS,,,Costa Rica,,Unrooted Cutting,,EXPOVERDE SA,3,777,,,,,,17,,,,,,,,,,,,,,,
61,61,,Orlando PIS,,,,,Airport - Aircraft - Cargo - PIS,,,Taiwan,,Unrooted Cutting,,ZACATE ORNAMENTAL Y DECORATIVO,59,15000,,,,,,24,,,,,,,,,,,,,,,
61,61,,Miami PIS,,,,,Airport - Aircraft - Cargo - PIS,,,Ecuador,,Unrooted Cutting,,AGRO MARIA LINDA S. A.,31,2888,,,,,,23,,,,,,,,,,,,,,,
61,61,,Atlanta PIS,,,,,Airport - Aircraft - Cargo - PIS,,,Guatemala,,Rooted Plant (including grafted),,GEOAGRO DE COSTA RICA,0,15543,,,,,,22,,,,,,,,,,,,,,,
61,61,,Los Angeles PIS,,,,,Maritime Port - Vessel - Cargo - PIS,,,Taiwan,,Unrooted Cutting,,Not Selected,5,6156,,,,,,23,,,,,,,,,,,,,,,
61,61,,Linden PIS,,,,,Airport - Aircraft - Cargo - PIS,,,Netherlands,,Rooted Plant (including grafted),,INNOVA PLANT DE COSTA RICA SA,3,4352,,,,,,6,,,,,,,,,,,,,,,
61,61,,Miami PIS,,,,,Airport - Aircraft - Cargo - PIS,,,Costa Rica,,Unrooted Cutting,,TROPICA DEL ATLANTICO,47,92810,,,,,,15,,,,,,,,,,,,,,,
61,61,,Los Angeles PIS,,,,,Airport - Aircraft - Cargo - PIS,,,Guatemala,,Meristem or Callus Tissue Culture (micropropagated/in vitro culture),,HOCHBERG,80,121431,,,,,,3,,,,,,,,,,,,,,,
61,61,,Miami PIS,,,,,Airport - Aircraft - Cargo - PIS,,,Guatemala,,Rooted Plant (including grafted),,QUELETZU S A BOX 1-32,7,32202,,,,,,13,,,,,,,,,,,,,,,
61,61,,Miami PIS,,,,,Airport - Aircraft - Cargo - PIS,,,Costa Rica,,Rooted Plant (including grafted),,Vita Farms BOX 1301-1387,3,6161,,,,,,9,,,,,,,,,,,,,,,
61,61,,Los Angeles PIS,,,,,Airport - Aircraft - Cargo - PIS,,,Kenya,,Rooted Plant (including grafted),,INSULAR BOTANICALS INT L INC,46,178116,,,,,,20,,,,,,,,,,,,,,,
62,62,,Los Angeles PIS,,,,,Airport - Aircraft - Cargo - PIS,,,Nicaragua,,Unrooted Cutting,,FLORICULTURA Y COMPANIA LTDA,25,335,,,,,,18,,,,,,,,,,,,,,,
62,62,,Miami PIS,,,,,Airport - Aircraft - Cargo - PIS,,,Uganda,,Unrooted Cutting,,LA LABRANZA,542,5932,,,,,,16,,,,,,,,,,,,,,,
62,62,,Miami PIS,,,,,Airport - Aircraft - Cargo - PIS,,,Netherlands,,Rooted Plant (including grafted),,PHORMIUMS EXPORTER S.A.,9,14629,,,,,,16,,,,,,,,,,,,,,,
62,62,,Miami PIS,,,,,Airport - Aircraft - Express Carrier - PIS,,,Guatemala,,Rooted Plant (including grafted),,TROPICA DEL ATLANTICO,7,9236,,,,,,20,,,,,,,,,,,,,,,
62,62,,Miami PIS,,,,,Airport - Aircraft - Cargo - PIS,,,Zimbabwe,,Unrooted Cutting,,CHICAN EXPORTADORA,3,1409,,,,,,26,,,,,,,,,,,,,,,
62,62,,Miami PIS,,,,,Airport - Aircraft - Cargo - PIS,,,Thailand,,Unrooted Cutting,,ARCO IRIS DEL CARIBE box 4,25,748,,,,,,8,,,,,,,,,,,,,,,
62,62,,Miami PIS,,,,,Airport - Aircraft - Cargo - PIS,,,Thailand,,Unrooted Cutting,,PALKI,1,1860,,,,,,16,,,,,,,,,,,,,,,
62,62,,Miami PIS,,,,,Airport - Aircraft - Cargo - PIS,,,Guatemala,,Rooted Plant (including grafted),,Mr. Wirote Makmoon,12,297662,,,,,,12,,,,,,,,,,,,,,,
62,62,,Los Angeles PIS,,,,,Airport - Aircraft - Cargo - PIS,,,China,,Unrooted Cutting,,Wirote Makmoon,351,64564,,,,,,8,,,,,,,,,,,,,,,
62,62,,Los Angeles PIS,,,,,Airport - Aircraft - Cargo - PIS,,,New Zealand,,Rooted Plant (including grafted),,Mr. Nattapong Monghpech,307,12232,,,,,,7,,,,,,,,,,,,,,,
62,62,,Atlanta PIS,,,,,Airport - Aircraft - Cargo - PIS,,,Thailand,,Meristem or Callus Tissue Culture (micropropagated/in vitro culture),,Vita Farms 7001-7055,0,8287,,,,,,16,,,,,,,,,,,,,,,
62,62,,Los Angeles PIS,,,,,Airport - Aircraft - Cargo - PIS,,,Thailand,,Rooted Cutting (including air layer),,"FIDES GUATEMALA, S.A.",425,5683,,,,,,3,,,,,,,,,,,,,,,
62,62,,Los Angeles PIS,,,,,Airport - Aircraft - Cargo - PIS,,,Guatemala,,Unrooted Plant,,Costa Farms LLC,1,6304,,,,,,1,,,,,,,,,,,,,,,
62,62,,Miami PIS,,,,,Airport - Aircraft - Cargo - PIS,,,Mexico,,Unrooted Cutting,,PREMKAMON INTANIN,17,9356,,,,,,5,,,,,,,,,,,,,,,
62,62,,Miami PIS,,,,,Airport - Aircraft - Cargo - PIS,,,Guatemala,,Unrooted Plant,,Vita Farms 401,5,25884,,,,,,19,,,,,,,,,,,,,,,
62,62,,Linden PIS,,,,,Airport - Aircraft - Cargo - PIS,,,Netherlands,,Unrooted Cutting,,ZHANGZHOU RICH-LINK TRADING CO. LTD,5,18295,,,,,,5,,,,,,,,,,,,,,,
62,62,,Miami PIS,,,,,Airport - Aircraft - Cargo - PIS,,,Mexico,,Unrooted Cutting,,SAN TAI INTERNATIONAL TRADING,0,402,,,,,,3,,,,,,,,,,,,,,,
62,62,,Atlanta PIS,,,,,Maritime Port - Vessel - Cargo - PIS,,,Costa Rica,,Unrooted Cutting,,Costa Farms LLC,9,129,,,,,,4,,,,,,,,,,,,,,,
62,62,,Atlanta PIS,,,,,Airport - Aircraft - Cargo - PIS,,,Netherlands,,Rooted Cutting (including air layer),,Same as Shipper,4,6980,,,,,,25,,,,,,,,,,,,,,,
62,62,,Miami PIS,,,,,Airport - Aircraft - Cargo - PIS,,,Uganda,,Unrooted Cutting,,Vita Farm Box 201-205,36,3454,,,,,,16,,,,,,,,,,,,,,,
62,62,,Miami PIS,,,,,Airport - Aircraft - Cargo - PIS,,,Indonesia,,Unrooted Plant,,NATURA TRADING SA,42,4925,,,,,,13,,,,,,,,,,,,,,,
62,62,,Honolulu PIS,,,,,Airport - Aircraft - Cargo - PIS,,,Netherlands,,Unrooted Cutting,,AGROEXPORTADORA LA LAGUNA CHICHOJ,29,9285,,,,,,1,,,,,,,,,,,,,,,
62,62,,Miami PIS,,,,,Airport - Aircraft - Cargo - PIS,,,Thailand,,"Bulb, Corm, Rhizome, Tuberous Stem",,EXPORTADORA IMPERIO VERDE S.A.,1,9,,,,,,21,,,,,,,,,,,,,,,
62,62,,Miami PIS,,,,,Airport - Aircraft - Cargo - PIS,,,Thailand,,Rooted Cutting (including air layer),,Agroexportadora La Laguna Chichoj S.A.,7,14489,,,,,,2,,,,,,,,,,,,,,,
62,62,,Miami PIS,,,,,Airport - Aircraft - Cargo - PIS,,,Ethiopia,,Rooted Plant (including grafted),,Polapathara Suttiwatana,9,14907,,,,,,14,,,,,,,,,,,,,,,
63,63,,Miami PIS,,,,,Airport - Aircraft - Cargo - PIS,,,Kenya,,Rooted Plant (including grafted),,BEAUTY LINE GUATEMALA,1,465,,,,,,9,,,,,,,,,,,,,,,
63,63,,Seattle PIS,,,,,Airport - Aircraft - Cargo - PIS,,,Indonesia,,Rooted Plant (including grafted),,CACTUSINTER CO LTD,41,430,,,,,,26,,,,,,,,,,,,,,,
63,63,,JFK PIS,,,,,Airport - Aircraft - Cargo - PIS,,,China,,Rooted Plant (including grafted),,INNOVAPLANT DE COSTA RICA,1,26,,,,,,19,,,,,,,,,,,,,,,
63,63,,Miami PIS,,,,,Airport - Aircraft - Cargo - PIS,,,China,,Meristem or Callus Tissue Culture (micropropagated/in vitro culture),,LATHYFLORA (KENYA) LIMITED,38,15246,,,,,,3,,,,,,,,,,,,,,,
63,63,,Miami PIS,,,,,Airport - Aircraft - Cargo - PIS,,,Ecuador,,"Bulb, Corm, Rhizome, Tuberous Stem",,LOS TARRALES S.A.,6,3822,,,,,,18,,,,,,,,,,,,,,,
63,63,,Miami PIS,,,,,Airport - Aircraft - Cargo - PIS,,,Costa Rica,,Unrooted Cutting,,TUCAN EXPORTERS,11,11202,,,,,,4,,,,,,,,,,,,,,,
63,63,,Atlanta PIS,,,,,Airport - Aircraft - Cargo - PIS,,,Thailand,,Unrooted Cutting,,Same as Shipper,0,89151,,,,,,7,,,,,,,,,,,,,,,
63,63,,Atlanta PIS,,,,,Airport - Aircraft - Cargo - PIS,,,Thailand,,Meristem or Callus Tissue Culture (micropropagated/in vitro culture),,Same as Shipper,0,1294,,,,,,9,,,,,,,,,,,,,,,
63,63,,Atlanta PIS,,,,,Airport - Aircraft - Cargo - PIS,,,Kenya,,"Root cutting, crown, or clump, Tuberous Root",,LA FLORESTA ORNAMENTALES S.A.,32,3456,,,,,,2,,,,,,,,,,,,,,,
63,63,,Miami PIS,,,,,Airport - Aircraft - Cargo - PIS,,,Guatemala,,Rooted Plant (including grafted),,SAPO VERDE 9001,1,1906,,,,,,15,,,,,,,,,,,,,,,
63,63,,Atlanta PIS,,,,,Airport - Aircraft - Cargo - PIS,,,Kenya,,Unrooted Cutting,,AGROPECUARIA PENIEL (GUATEXOTIC),70,213184,,,,,,11,,,,,,,,,,,,,,,
63,63,,Linden PIS,,,,,Airport - Aircraft - Cargo - PIS,,,New Zealand,,"Root cutting, crown, or clump, Tuberous Root",,Anita Salazar Avila,103,16,,,,,,4,,,,,,,,,,,,,,,
63,63,,JFK PIS,,,,,Airport - Aircraft - Cargo - PIS,,,Costa Rica,,Unrooted Cutting,,ACTA BOTANICA LTDA,24,7976,,,,,,21,,,,,,,,,,,,,,,
63,63,,Linden PIS,,,,,Airport - Aircraft - Cargo - PIS,,,Costa Rica,,Unrooted Plant,,Not Selected,131,13743,,,,,,23,,,,,,,,,,,,,,,
63,63,,Linden PIS,,,,,Airport - Aircraft - Cargo - PIS,,,Costa Rica,,Rooted Plant (including grafted),,INNOVAPLANT DE COSTA RICA,4,3307,,,,,,24,,,,,,,,,,,,,,,
63,63,,Linden PIS,,,,,Airport - Aircraft - Cargo - PIS,,,Taiwan,,Unrooted Cutting,,Same as Shipper,170,608546,,,,,,4,,,,,,,,,,,,,,,
63,63,,Miami PIS,,,,,Airport - Aircraft - Cargo - PIS,,,North Macedonia,,Rooted Plant (including grafted),,AMORNTHEP DAENGNOI,26,20807,,,,,,28,,,,,,,,,,,,,,,
63,63,,Miami PIS,,,,,Airport - Aircraft - Cargo - PIS,,,Netherlands,,Rooted Plant (including grafted),,IVAGRO SA,27,48476,,,,,,4,,,,,,,,,,,,,,,
63,63,,JFK PIS,,,,,Airport - Aircraft - Cargo - PIS,,,Taiwan,,Unrooted Cutting,,Not Selected,0,397,,,,,,10,,,,,,,,,,,,,,,
63,63,,Miami PIS,,,,,Airport - Aircraft - Cargo - PIS,,,India,,Rooted Plant (including grafted),,Mr. Wirote Makmoon,5,573,,,,,,7,,,,,,,,,,,,,,,
63,63,,Miami PIS,,,,,Airport - Aircraft - Cargo - PIS,,,China,,Meristem or Callus Tissue Culture (micropropagated/in vitro culture),,ALPINE TROPICAL PLANTS CO LTD,9,2326,,,,,,20,,,,,,,,,,,,,,,
63,63,,Miami PIS,,,,,Airport - Aircraft - Cargo - PIS,,,Thailand,,"Bulb, Corm, Rhizome, Tuberous Stem",,vita farms BOX 601-607,15,14339,,,,,,25,,,,,,,,,,,,,,,
63,63,,Miami PIS,,,,,Airport - Aircraft - Cargo - PIS,,,Thailand,,Unrooted Cutting,,Ornamentales Sapo Verde 6201,4,13628,,,,,,8,,,,,,,,,,,,,,,
63,63,,Miami PIS,,,,,Airport - Aircraft - Cargo - PIS,,,Netherlands,,Meristem or Callus Tissue Culture (micropropagated/in vitro culture),,"ZHONGSHAN BRIGHTEN FLORICULTURE CO., LTD",0,7,,,,,,10,,,,,,,,,,,,,,,
63,63,,Miami PIS,,,,,Airport - Aircraft - Cargo - PIS,,,Thailand,,Unrooted Cutting,,"ZHANGZHOU SPRING SUNSHINE IMPORT & EXPORT TRADE CO., LTD",2,1381,,,,,,12,,,,,,,,,,,,,,,
64,64,,Miami PIS,,,,,Airport - Aircraft - Cargo - PIS,,,Australia,,Rooted Plant (including grafted),,Ornamentales Sapo Verde ,1,256,,,,,,22,,,,,,,,,,,,,,,
64,64,,Miami PIS,,,,,Airport - Aircraft - Cargo - PIS,,,Italy,,Rooted Plant (including grafted),,EASTERN GREEN FIELDS CO LTD,13,20,,,,,,26,,,,,,,,,,,,,,,
64,64,,Los Angeles PIS,,,,,Airport - Aircraft - Cargo - PIS,,,Netherlands,,Unrooted Cutting,,TURRIPLANTAS S.A. BOX 101-105,11,424,,,,,,18,,,,,,,,,,,,,,,
64,64,,Miami PIS,,,,,Maritime Port - Vessel - Cargo - PIS,,,Costa Rica,,Unrooted Plant,,ORNAMENTALES SAPO VERDE 900,6,12842,,,,,,19,,,,,,,,,,,,,,,
64,64,,Linden PIS,,,,,Airport - Aircraft - Cargo - PIS,,,Thailand,,Unrooted Plant,,VITA FARMS 301,3,577,,,,,,22,,,,,,,,,,,,,,,
64,64,,Miami PIS,,,,,Airport - Aircraft - Cargo - PIS,,,Costa Rica,,Unrooted Plant,,RED FOX LAS MERCEDES,6,5653,,,,,,11,,,,,,,,,,,,,,,
64,64,,Orlando PIS,,,,,Airport - Aircraft - Cargo - PIS,,,Turkey,,Unrooted Plant,,DARWIN COLOMBIA,10,5505,,,,,,20,,,,,,,,,,,,,,,
64,64,,Miami PIS,,,,,Airport - Aircraft - Cargo - PIS,,,Costa Rica,,Unrooted Cutting,,KP HOLLAND BV,0,2487,,,,,,2,,,,,,,,,,,,,,,
64,64,,Los Angeles PIS,,,,,Airport - Aircraft - Cargo - PIS,,,Thailand,,Unrooted Cutting,,La Laguna Chichoj,1,86,,,,,,5,,,,,,,,,,,,,,,
64,64,,Houston PIS,,,,,Airport - Aircraft - Cargo - PIS,,,Guatemala,,Meristem or Callus Tissue Culture (micropropagated/in vitro culture),,FLORAPLANT,1,10,,,,,,24,,,,,,,,,,,,,,,
64,64,,Los Angeles PIS,,,,,Airport - Aircraft - Cargo - PIS,,,Netherlands,,Unrooted Cutting,,INDUSTRIAS AGRICOLAS CENTRO AMERICANAS,2,1656,,,,,,26,,,,,,,,,,,,,,,
64,64,,Miami PIS,,,,,Airport - Aircraft - Cargo - PIS,,,Costa Rica,,Rooted Plant (including grafted),,Costa Farms LLC,12,4654,,,,,,15,,,,,,,,,,,,,,,
64,64,,Miami PIS,,,,,Airport - Aircraft - Cargo - PIS,,,Taiwan,,Unrooted Cutting,,AGRO KOMPASS SA,57,121720,,,,,,4,,,,,,,,,,,,,,,
64,64,,Beltsville PIS,,,,,Maritime Port - Vessel - Cargo - PIS,,,Guatemala,,Rooted Plant (including grafted),,Same as Shipper,2,104,,,,,,1,,,,,,,,,,,,,,,
64,64,,Miami PIS,,,,,Airport - Aircraft - Cargo - PIS,,,Guatemala,,Meristem or Callus Tissue Culture (micropropagated/in vitro culture),,Same as Shipper,9,8795,,,,,,26,,,,,,,,,,,,,,,
64,64,,Miami PIS,,,,,Airport - Aircraft - Cargo - PIS,,,North Macedonia,,Rooted Plant (including grafted),,Topplant Laboratories SDN BHD,8,4969,,,,,,10,,,,,,,,,,,,,,,
64,64,,JFK PIS,,,,,Airport - Aircraft - Cargo - PIS,,,Netherlands,,"Bulb, Corm, Rhizome, Tuberous Stem",,ANNIA FUENTES Box 101-103,18,77255,,,,,,12,,,,,,,,,,,,,,,
64,64,,Miami PIS,,,,,Airport - Aircraft - Cargo - PIS,,,China,,Unrooted Cutting,,ANNIA FUENTES MARTINEZ,1,148,,,,,,7,,,,,,,,,,,,,,,
64,64,,Miami PIS,,,,,Airport - Aircraft - Cargo - PIS,,,Dominican Republic,,Rooted Cutting (including air layer),,Not Selected,38,1943,,,,,,4,,,,,,,,,,,,,,,
64,64,,Miami PIS,,,,,Airport - Aircraft - Cargo - PIS,,,Thailand,,Unrooted Cutting,,TUCAN EXPORTERS,0,86,,,,,,27,,,,,,,,,,,,,,,
64,64,,Miami PIS,,,,,Airport - Aircraft - Cargo - PIS,,,Guatemala,,Rooted Plant (including grafted),,LAS LIMAS,12,2765,,,,,,9,,,,,,,,,,,,,,,
64,64,,Miami PIS,,,,,Airport - Aircraft - Cargo - PIS,,,Netherlands,,Meristem or Callus Tissue Culture (micropropagated/in vitro culture),,ORNAMENTALES SAPO VERDE Box 201-310,2,1760,,,,,,15,,,,,,,,,,,,,,,
64,64,,Miami PIS,,,,,Airport - Aircraft - Cargo - PIS,,,China,,Meristem or Callus Tissue Culture (micropropagated/in vitro culture),,Not Selected,6,248,,,,,,16,,,,,,,,,,,,,,,
64,64,,Linden PIS,,,,,Airport - Aircraft - Cargo - PIS,,,Taiwan,,Unrooted Plant,,INNOVAPLANT DE COSTA RICA,4,964,,,,,,5,,,,,,,,,,,,,,,
64,64,,Miami PIS,,,,,Airport - Aircraft - Cargo - PIS,,,North Macedonia,,Rooted Plant (including grafted),,Not Selected,88,263451,,,,,,9,,,,,,,,,,,,,,,
65,65,,Miami PIS,,,,,Airport - Aircraft - Cargo - PIS,,,Costa Rica,,Unrooted Plant,,Wirote Makmoon,5,1898,,,,,,13,,,,,,,,,,,,,,,
65,65,,Atlanta PIS,,,,,Airport - Aircraft - Cargo - PIS,,,Kenya,,Rooted Plant (including grafted),,Borneo Aquatic,47,17579,,,,,,27,,,,,,,,,,,,,,,
65,65,,Los Angeles PIS,,,,,Airport - Aircraft - Cargo - PIS,,,Uganda,,Rooted Plant (including grafted),,PREMIUM ORNAMENTALES DRACAENA,1,1652,,,,,,27,,,,,,,,,,,,,,,
65,65,,Miami PIS,,,,,Airport - Aircraft - Cargo - PIS,,,Taiwan,,Meristem or Callus Tissue Culture (micropropagated/in vitro culture),,MOFA THAILAND CO LTD,2,1272,,,,,,5,,,,,,,,,,,,,,,
65,65,,Miami PIS,,,,,Airport - Aircraft - Cargo - PIS,,,Nicaragua,,Unrooted Cutting,,Mr.Wirote Makmoon,0,10040,,,,,,13,,,,,,,,,,,,,,,
65,65,,Los Angeles PIS,,,,,Airport - Aircraft - Cargo - PIS,,,China,,Unrooted Cutting,,Same as Shipper,8,314615,,,,,,27,,,,,,,,,,,,,,,
65,65,,Orlando PIS,,,,,Airport - Aircraft - Cargo - PIS,,,China,,Rooted Plant (including grafted),,FANG-TING WU,0,13021,,,,,,13,,,,,,,,,,,,,,,
65,65,,Miami PIS,,,,,Airport - Aircraft - Cargo - PIS,,,Mexico,,Unrooted Plant,,Alyser Alimentos Y Servicios,11,111078,,,,,,28,,,,,,,,,,,,,,,
65,65,,Miami PIS,,,,,Airport - Aircraft - Cargo - PIS,,,Costa Rica,,Unrooted Cutting,,Same as Shipper,0,0,,,,,,6,,,,,,,,,,,,,,,
65,65,,Los Angeles PIS,,,,,Airport - Aircraft - Cargo - PIS,,,Guatemala,,Unrooted Cutting,,"FIDES GUATEMALA, S.A.",11,24490,,,,,,17,,,,,,,,,,,,,,,
65,65,,Miami PIS,,,,,Airport - Aircraft - Cargo - PIS,,,Costa Rica,,Rooted Cutting (including air layer),,Micro Plantas S.A. Box 1-2,19,31065,,,,,,2,,,,,,,,,,,,,,,
65,65,,Linden PIS,,,,,Airport - Aircraft - Cargo - PIS,,,Costa Rica,,Unrooted Cutting,,Not Selected,0,10,,,,,,20,,,,,,,,,,,,,,,
65,65,,Miami PIS,,,,,Airport - Aircraft - Cargo - PIS,,,Viet Nam,,Rooted Cutting (including air layer),,BEAUTY LINE GUATEMALA,1,11919,,,,,,22,,,,,,,,,,,,,,,
65,65,,JFK PIS,,,,,Airport - Aircraft - Cargo - PIS,,,Ecuador,,Unrooted Cutting,,FLORICULTURA Y COMPANIA LTDA,0,821,,,,,,7,,,,,,,,,,,,,,,
65,65,,Los Indios PIS,,,,,Airport - Aircraft - Cargo - PIS,,,Mexico,,Unrooted Cutting,,Not Selected,3,32405,,,,,,8,,,,,,,,,,,,,,,
65,65,,Los Angeles PIS,,,,,Airport - Aircraft - Cargo - PIS,,,China,,Unrooted Cutting,,Not Selected,64,407995,,,,,,19,,,,,,,,,,,,,,,
65,65,,Miami PIS,,,,,Airport - Aircraft - Cargo - PIS,,,Thailand,,Rooted Plant (including grafted),,Ornamentales Sapo Verde 501,0,351,,,,,,13,,,,,,,,,,,,,,,
65,65,,Atlanta PIS,,,,,Airport - Aircraft - Cargo - PIS,,,Costa Rica,,Rooted Plant (including grafted),,LAS LIMAS,4,4784,,,,,,21,,,,,,,,,,,,,,,
65,65,,Miami PIS,,,,,Airport - Aircraft - Cargo - PIS,,,Guatemala,,Unrooted Cutting,,"TER LAAK AMERICAS, S.A.",9,35561,,,,,,27,,,,,,,,,,,,,,,
65,65,,Seattle PIS,,,,,Airport - Aircraft - Cargo - PIS,,,Taiwan,,Meristem or Callus Tissue Culture (micropropagated/in vitro culture),,Clivia Kingdom,2,691,,,,,,14,,,,,,,,,,,,,,,
65,65,,Miami PIS,,,,,Airport - Aircraft - Cargo - PIS,,,Thailand,,Unrooted Cutting,,OROCOSTA AGROINDUSTRIAL SA,5,21753,,,,,,20,,,,,,,,,,,,,,,
65,65,,Los Angeles PIS,,,,,Airport - Aircraft - Cargo - PIS,,,Indonesia,,Meristem or Callus Tissue Culture (micropropagated/in vitro culture),,QUELETZU S A BOX 1-32,0,31362,,,,,,1,,,,,,,,,,,,,,,
65,65,,Miami PIS,,,,,Airport - Aircraft - Cargo - PIS,,,"Korea, South",,"Root cutting, crown, or clump, Tuberous Root",,Anupong Saenruen,1,1658,,,,,,26,,,,,,,,,,,,,,,
65,65,,Miami PIS,,,,,Airport - Aircraft - Cargo - PIS,,,China,,Unrooted Cutting,,ZACATE ORNAMENTAL Y DECORATIVO S,99,199453,,,,,,10,,,,,,,,,,,,,,,
65,65,,Miami PIS,,,,,Airport - Aircraft - Cargo - PIS,,,China,,Unrooted Cutting,,ORNAMENTALES DE ALTURA S.A.,3,266,,,,,,15,,,,,,,,,,,,,,,
66,66,,Los Angeles PIS,,,,,Airport - Aircraft - Cargo - PIS,,,Singapore,,Rooted Plant (including grafted),,PACHARA ORCHIDS INTERTRADE CO.LTD.,5,9077,,,,,,24,,,,,,,,,,,,,,,
66,66,,Miami PIS,,,,,Maritime Port - Vessel - Cargo - PIS,,,Guatemala,,Meristem or Callus Tissue Culture (micropropagated/in vitro culture),,Same as Shipper,6,1561,,,,,,3,,,,,,,,,,,,,,,
66,66,,Miami PIS,,,,,Airport - Aircraft - Cargo - PIS,,,Costa Rica,,Unrooted Cutting,,BEAUTY LINE GUATEMALA SA,23,8292,,,,,,28,,,,,,,,,,,,,,,
66,66,,Miami PIS,,,,,Airport - Aircraft - Cargo - PIS,,,Dominican Republic,,Unrooted Cutting,,LONG PRIDE BIOTECHNOLOGY,23,24817,,,,,,22,,,,,,,,,,,,,,,
66,66,,Miami PIS,,,,,Airport - Aircraft - Cargo - PIS,,,Mexico,,Rooted Plant (including grafted),,Not Selected,1,7312,,,,,,10,,,,,,,,,,,,,,,
66,66,,Miami PIS,,,,,Airport - Aircraft - Cargo - PIS,,,Thailand,,Unrooted Cutting,,PLANTAS ORNAMENTALES DE COSTA RICA,0,204256,,,,,,9,,,,,,,,,,,,,,,
66,66,,Linden PIS,,,,,Airport - Aircraft - Cargo - PIS,,,Mexico,,Unrooted Cutting,,SAVANNA FLOWERS,7,5301,,,,,,16,,,,,,,,,,,,,,,
66,66,,Miami PIS,,,,,Maritime Port - Vessel - Cargo - PIS,,,Taiwan,,Rooted Plant (including grafted),,AGRIGENTUM S A,3,8263,,,,,,9,,,,,,,,,,,,,,,
66,66,,Atlanta PIS,,,,,Maritime Port - Vessel - Cargo - PIS,,,China,,Unrooted Cutting,,TURRIPLANTAS S.A. BOX 101-105,5,1797,,,,,,28,,,,,,,,,,,,,,,
66,66,,Houston PIS,,,,,Airport - Aircraft - Cargo - PIS,,,India,,Unrooted Cutting,,FLORAPLANT SA DE CV,0,120,,,,,,15,,,,,,,,,,,,,,,
66,66,,Miami PIS,,,,,Maritime Port - Vessel - Cargo - PIS,,,Costa Rica,,Meristem or Callus Tissue Culture (micropropagated/in vitro culture),,ORNAMENTALES CONCEPCION S.A,0,2898,,,,,,15,,,,,,,,,,,,,,,
66,66,,Houston PIS,,,,,Airport - Aircraft - Cargo - PIS,,,United Kingdom of Great Britain and N. Ireland,,Unrooted Cutting,,"HUANG,WEI-HSUN",3,141,,,,,,1,,,,,,,,,,,,,,,
66,66,,Miami PIS,,,,,Airport - Aircraft - Cargo - PIS,,,China,,Unrooted Cutting,,INNOVAPLANT DE COSTA RICA,16,1839,,,,,,16,,,,,,,,,,,,,,,
66,66,,Miami PIS,,,,,Airport - Aircraft - Cargo - PIS,,,Thailand,,Unrooted Cutting,,Not Selected,1,1091,,,,,,1,,,,,,,,,,,,,,,
66,66,,Los Angeles PIS,,,,,Airport - Aircraft - Cargo - PIS,,,Ethiopia,,Unrooted Cutting,,"FOSHAN SANSHUI YOUNG PLANTS Co., LTD",1,12940,,,,,,27,,,,,,,,,,,,,,,
66,66,,Atlanta PIS,,,,,Airport - Aircraft - Cargo - PIS,,,Kenya,,Unrooted Plant,,Same as Shipper,6,39981,,,,,,18,,,,,,,,,,,,,,,
66,66,,Los Angeles PIS,,,,,Airport - Aircraft - Cargo - PIS,,,Guatemala,,Unrooted Cutting,,HOCHBERG,2,14630,,,,,,12,,,,,,,,,,,,,,,
66,66,,Los Angeles PIS,,,,,Airport - Aircraft - Cargo - PIS,,,Guatemala,,Rooted Cutting (including air layer),,LA FLORESTA ORNAMENTALES S.A.,9,542,,,,,,15,,,,,,,,,,,,,,,
66,66,,Miami PIS,,,,,Airport - Aircraft - Cargo - PIS,,,Guatemala,,Unrooted Cutting,,LAUREL FLORA CO.,2,3779,,,,,,7,,,,,,,,,,,,,,,
66,66,,Linden PIS,,,,,Airport - Aircraft - Cargo - PIS,,,Dominican Republic,,Rooted Plant (including grafted),,VIVERO INTERNACIONAL S.A. DE C.V.,4,6142,,,,,,23,,,,,,,,,,,,,,,
66,66,,Atlanta PIS,,,,,Airport - Aircraft - Cargo - PIS,,,El Salvador,,Unrooted Cutting,,NOVA CANE CR S A,12,97069,,,,,,11,,,,,,,,,,,,,,,
66,66,,Linden PIS,,,,,Airport - Aircraft - Cargo - PIS,,,Tanzania,,Unrooted Cutting,,ORNAMENTALES RIO MOLINO SA,0,269,,,,,,27,,,,,,,,,,,,,,,
66,66,,Miami PIS,,,,,Airport - Aircraft - Cargo - PIS,,,Kenya,,Rooted Plant (including grafted),,VITA FARMS BOX 401-446,4,2948,,,,,,20,,,,,,,,,,,,,,,
66,66,,Miami PIS,,,,,Airport - Aircraft - Express Carrier - PIS,,,Costa Rica,,Rooted Plant (including grafted),,Not Selected,4,1775,,,,,,2,,,,,,,,,,,,,,,
66,66,,Los Angeles PIS,,,,,Airport - Aircraft - Cargo - PIS,,,Kenya,,Meristem or Callus Tissue Culture (micropropagated/in vitro culture),,Vita Farms 8100,2,1470,,,,,,17,,,,,,,,,,,,,,,
67,67,,Orlando PIS,,,,,Airport - Aircraft - Cargo - PIS,,,"Korea, South",,Unrooted Cutting,,Chayanin Kengsuwan,2,874,,,,,,15,,,,,,,,,,,,,,,
67,67,,Miami PIS,,,,,Airport - Aircraft - Cargo - PIS,,,Costa Rica,,Rooted Plant (including grafted),,TUCAN EXPORTERS,24,342,,,,,,21,,,,,,,,,,,,,,,
67,67,,Miami PIS,,,,,Airport - Aircraft - Cargo - PIS,,,Taiwan,,Unrooted Cutting,,VIVERO ALISON TATIANA,0,5744,,,,,,25,,,,,,,,,,,,,,,
67,67,,Miami PIS,,,,,Airport - Aircraft - Cargo - PIS,,,Taiwan,,Meristem or Callus Tissue Culture (micropropagated/in vitro culture),,TURRIPLANTAS SA BOXES 01-7,3,101,,,,,,15,,,,,,,,,,,,,,,
67,67,,Miami PIS,,,,,Airport - Aircraft - Cargo - PIS,,,Costa Rica,,Unrooted Cutting,,AGROINDUSTRIALES CHORTI S.A.,1,72,,,,,,6,,,,,,,,,,,,,,,
67,67,,Miami PIS,,,,,Airport - Aircraft - Cargo - PIS,,,China,,Rooted Cutting (including air layer),,MYM PRODUCTORES S.A,1,7,,,,,,20,,,,,,,,,,,,,,,
67,67,,Miami PIS,,,,,Airport - Aircraft - Cargo - PIS,,,Indonesia,,Rooted Cutting (including air layer),,FLORALIA ORQUIDARIOS REUNIDOS LTDA,1,233821,,,,,,3,,,,,,,,,,,,,,,
67,67,,Miami PIS,,,,,Airport - Aircraft - Cargo - PIS,,,Viet Nam,,Unrooted Plant,,INNOVA PLANT DE COSTA RICA SA,101,398916,,,,,,4,,,,,,,,,,,,,,,
67,67,,Miami PIS,,,,,Maritime Port - Vessel - Cargo - PIS,,,Uganda,,Unrooted Cutting,,TEN SHIN GARDENS CO.LTD,586,1174,,,,,,9,,,,,,,,,,,,,,,
67,67,,Miami PIS,,,,,Airport - Aircraft - Cargo - PIS,,,Honduras,,Rooted Plant (including grafted),,FERTIPLANT BV.,2,12896,,,,,,2,,,,,,,,,,,,,,,
67,67,,Los Angeles PIS,,,,,Airport - Aircraft - Cargo - PIS,,,Guatemala,,Rooted Plant (including grafted),,VITA FARMS Box 401-437,5,98,,,,,,1,,,,,,,,,,,,,,,
67,67,,Miami PIS,,,,,Airport - Aircraft - Cargo - PIS,,,Mexico,,Unrooted Plant,,VIVERO INTERNACIONAL S.A. DE C.V.,1,451,,,,,,2,,,,,,,,,,,,,,,
67,67,,Miami PIS,,,,,Airport - Aircraft - Cargo - PIS,,,Guatemala,,Rooted Plant (including grafted),,Cactusinter Co. LTD,1,5914,,,,,,24,,,,,,,,,,,,,,,
67,67,,Atlanta PIS,,,,,Airport - Aircraft - Cargo - PIS,,,New Zealand,,Unrooted Cutting,,PLANTEXPO,1,6226,,,,,,16,,,,,,,,,,,,,,,
67,67,,Miami PIS,,,,,Airport - Aircraft - Cargo - PIS,,,Guatemala,,Unrooted Plant,,Cactus Inter Co. ,3,111,,,,,,10,,,,,,,,,,,,,,,
67,67,,Miami PIS,,,,,Airport - Aircraft - Cargo - PIS,,,Thailand,,Meristem or Callus Tissue Culture (micropropagated/in vitro culture),,EXPORTADORA IMPERIO VERDE S.A.,2,4971,,,,,,10,,,,,,,,,,,,,,,
67,67,,Miami PIS,,,,,Airport - Aircraft - Cargo - PIS,,,Indonesia,,Rooted Plant (including grafted),,INNOVA PLANT DE COSTA RICA SA,17,1941,,,,,,11,,,,,,,,,,,,,,,
67,67,,Miami PIS,,,,,Airport - Aircraft - Cargo - PIS,,,Netherlands,,Meristem or Callus Tissue Culture (micropropagated/in vitro culture),,NATTA 1565 LIMITED PARTNERSHIP,4,776,,,,,,24,,,,,,,,,,,,,,,
67,67,,Miami PIS,,,,,Maritime Port - Vessel - Cargo - PIS,,,Colombia,,Unrooted Cutting,,"FIDES GUATEMALA, S.A.",0,218,,,,,,9,,,,,,,,,,,,,,,
67,67,,Los Angeles PIS,,,,,Airport - Aircraft - Cargo - PIS,,,Thailand,,Rooted Cutting (including air layer),,IVAGRO S A BOXES 42-48,2,12662,,,,,,22,,,,,,,,,,,,,,,
67,67,,Linden PIS,,,,,Airport - Aircraft - Cargo - PIS,,,India,,Unrooted Cutting,,KP Holland B.V ,1,6,,,,,,21,,,,,,,,,,,,,,,
67,67,,Miami PIS,,,,,Airport - Aircraft - Cargo - PIS,,,Costa Rica,,Unrooted Cutting,,ORNAMENTALES DE ALTURA SA,11,2314,,,,,,26,,,,,,,,,,,,,,,
67,67,,Miami PIS,,,,,Airport - Aircraft - Cargo - PIS,,,Thailand,,Unrooted Plant,,Ornamentales Sapo Verde 905,1,7208,,,,,,1,,,,,,,,,,,,,,,
67,67,,Atlanta PIS,,,,,Airport - Aircraft - Cargo - PIS,,,El Salvador,,Unrooted Cutting,,MR. NITITII PAHTITAMMAVAID,31,33960,,,,,,17,,,,,,,,,,,,,,,
67,67,,Atlanta PIS,,,,,Airport - Aircraft - Cargo - PIS,,,India,,Unrooted Cutting,,Arisa Vongchai,21,17264,,,,,,7,,,,,,,,,,,,,,,
68,68,,Los Angeles PIS,,,,,Maritime Port - Vessel - Cargo - PIS,,,Netherlands,,Rooted Plant (including grafted),,"EXPORTADORA DE ORNAMENTALES ORNEXP, S.A. (Farm2)",7,10352,,,,,,23,,,,,,,,,,,,,,,
68,68,,Miami PIS,,,,,Airport - Aircraft - Cargo - PIS,,,Guatemala,,Meristem or Callus Tissue Culture (micropropagated/in vitro culture),,Cactus Inter Co. ,43,14783,,,,,,28,,,,,,,,,,,,,,,
68,68,,Miami PIS,,,,,Airport - Aircraft - Cargo - PIS,,,El Salvador,,Meristem or Callus Tissue Culture (micropropagated/in vitro culture),,AGRO MARIA LINDA S. A.,28,84819,,,,,,5,,,,,,,,,,,,,,,
68,68,,Linden PIS,,,,,Airport - Aircraft - Cargo - PIS,,,Kenya,,Unrooted Cutting,,TEN SHIN GARDENS CO.LTD,12,116679,,,,,,23,,,,,,,,,,,,,,,
68,68,,Miami PIS,,,,,Airport - Aircraft - Cargo - PIS,,,Kenya,,Unrooted Cutting,,CORPORACION BONANZA S.A,4,492,,,,,,27,,,,,,,,,,,,,,,
68,68,,Los Angeles PIS,,,,,Maritime Port - Vessel - Cargo - PIS,,,Colombia,,Unrooted Cutting,,PHACHARAPHORN TUILA,27,378579,,,,,,5,,,,,,,,,,,,,,,
68,68,,Atlanta PIS,,,,,Airport - Aircraft - Cargo - PIS,,,Taiwan,,Unrooted Cutting,,Not Selected,173,685408,,,,,,21,,,,,,,,,,,,,,,
68,68,,Atlanta PIS,,,,,Airport - Aircraft - Cargo - PIS,,,Poland,,Unrooted Cutting,,Terra Garden Corp,21,297898,,,,,,2,,,,,,,,,,,,,,,
68,68,,Miami PIS,,,,,Airport - Aircraft - Cargo - PIS,,,Belgium,,Meristem or Callus Tissue Culture (micropropagated/in vitro culture),,BEAUTY LINE GUATEMALA,35,21539,,,,,,23,,,,,,,,,,,,,,,
68,68,,Atlanta PIS,,,,,Airport - Aircraft - Cargo - PIS,,,Costa Rica,,Unrooted Cutting,,PALKI S A,0,36,,,,,,22,,,,,,,,,,,,,,,
68,68,,Miami PIS,,,,,Maritime Port - Vessel - Cargo - PIS,,,Costa Rica,,Rooted Plant (including grafted),,VITA FARMS.S.A,340,59889,,,,,,6,,,,,,,,,,,,,,,
68,68,,Miami PIS,,,,,Airport - Aircraft - Cargo - PIS,,,Taiwan,,Unrooted Cutting,,TURRIPLANTAS S.A. ,47,309760,,,,,,1,,,,,,,,,,,,,,,
68,68,,Miami PIS,,,,,Airport - Aircraft - Cargo - PIS,,,Thailand,,Rooted Plant (including grafted),,MR. Chancha Bunnongprung,3,5276,,,,,,26,,,,,,,,,,,,,,,
68,68,,Miami PIS,,,,,Maritime Port - Vessel - Cargo - PIS,,,Guatemala,,Unrooted Cutting,,IVAGRO SA,11,4074,,,,,,18,,,,,,,,,,,,,,,
68,68,,Miami PIS,,,,,Airport - Aircraft - Cargo - PIS,,,Guatemala,,Rooted Cutting (including air layer),,ORCONSA,7,69,,,,,,26,,,,,,,,,,,,,,,
68,68,,Miami PIS,,,,,Airport - Aircraft - Cargo - PIS,,,Mexico,,Unrooted Cutting,,GENEROS ECUATORIANOS,361,47495,,,,,,3,,,,,,,,,,,,,,,
68,68,,Los Angeles PIS,,,,,Airport - Aircraft - Cargo - PIS,,,Taiwan,,Rooted Plant (including grafted),,ZHANGHOU SPRING SUNSHINE IMPORT EXPORT,13,49,,,,,,10,,,,,,,,,,,,,,,
68,68,,Miami PIS,,,,,Airport - Aircraft - Cargo - PIS,,,Costa Rica,,"Root cutting, crown, or clump, Tuberous Root",,NAPAT THONGMEE,38,287892,,,,,,5,,,,,,,,,,,,,,,
68,68,,Miami PIS,,,,,Airport - Aircraft - Cargo - PIS,,,Guatemala,,Rooted Plant (including grafted),,GULBALLA GARDEN,17,13729,,,,,,15,,,,,,,,,,,,,,,
68,68,,Miami PIS,,,,,Airport - Aircraft - Cargo - PIS,,,Uganda,,Unrooted Cutting,,FLORESEL TRIGAL,17,503,,,,,,6,,,,,,,,,,,,,,,
68,68,,Atlanta PIS,,,,,Airport - Aircraft - Cargo - PIS,,,Guatemala,,Rooted Plant (including grafted),,SAPO VERDE BOX 1001,0,28711,,,,,,23,,,,,,,,,,,,,,,
68,68,,Miami PIS,,,,,Airport - Aircraft - Cargo - PIS,,,Costa Rica,,Unrooted Cutting,,INNOVAPLANT DE COSTA RICA,19,19,,,,,,1,,,,,,,,,,,,,,,
68,68,,Miami PIS,,,,,Airport - Aircraft - Cargo - PIS,,,Taiwan,,Unrooted Cutting,,Micro Plantas S.A. Box 1-2,53,11,,,,,,12,,,,,,,,,,,,,,,
68,68,,JFK PIS,,,,,Airport - Aircraft - Cargo - PIS,,,Sri Lanka,,Unrooted Cutting,,INNOVA PLANT DE COSTA RICA SA,36,2704,,,,,,23,,,,,,,,,,,,,,,
68,68,,Los Angeles PIS,,,,,Airport - Aircraft - Cargo - PIS,,,Zimbabwe,,Rooted Plant (including grafted),,Same as Shipper,0,186,,,,,,3,,,,,,,,,,,,,,,
69,69,,Atlanta PIS,,,,,Airport - Aircraft - Cargo - PIS,,,Taiwan,,Unrooted Plant,,BEAUTY LINE GUATEMALA,31,16923,,,,,,7,,,,,,,,,,,,,,,
69,69,,Los Angeles PIS,,,,,Airport - Aircraft - Cargo - PIS,,,Nicaragua,,"Bulb, Corm, Rhizome, Tuberous Stem",,BOTANIKA S.A.,66,203779,,,,,,4,,,,,,,,,,,,,,,
69,69,,Miami PIS,,,,,Land Border - Truck - Cargo - PIS,,,Costa Rica,,Budwood/Graftwood (scion),,"ORNAMENTALES DEL RIO, S.A.",3,27,,,,,,15,,,,,,,,,,,,,,,
69,69,,Miami PIS,,,,,Airport - Aircraft - Cargo - PIS,,,Netherlands,,Unrooted Cutting,,LATHYFLORA,10,10228,,,,,,18,,,,,,,,,,,,,,,
69,69,,Miami PIS,,,,,Airport - Aircraft - Cargo - PIS,,,Costa Rica,,Rooted Plant (including grafted),,RED FOX LAS MERCEDES,5,1961,,,,,,7,,,,,,,,,,,,,,,
69,69,,Miami PIS,,,,,Airport - Aircraft - Cargo - PIS,,,China,,Unrooted Cutting,,VIVERO LAS GARDENIAS,0,4438,,,,,,12,,,,,,,,,,,,,,,
69,69,,Los Angeles PIS,,,,,Airport - Aircraft - Cargo - PIS,,,Indonesia,,Budwood/Graftwood (scion),,BEAUTY LINE GUATEMALA,7,1754,,,,,,1,,,,,,,,,,,,,,,
69,69,,Miami PIS,,,,,Airport - Aircraft - Cargo - PIS,,,China,,Unrooted Cutting,,AGRO KOMPASS S.A.,29,134,,,,,,8,,,,,,,,,,,,,,,
69,69,,Linden PIS,,,,,Airport - Aircraft - Cargo - PIS,,,Indonesia,,Unrooted Cutting,,COSTA FARM LLC,20,606,,,,,,23,,,,,,,,,,,,,,,
69,69,,Miami PIS,,,,,Airport - Aircraft - Cargo - PIS,,,Guatemala,,Unrooted Cutting,,PLANTAS Y FLORES  ORNAMENTALES,12,5739,,,,,,28,,,,,,,,,,,,,,,
69,69,,Miami PIS,,,,,Airport - Aircraft - Cargo - PIS,,,Thailand,,Unrooted Cutting,,LA FLORESTA ORNAMENTALES S.A.,108,262975,,,,,,18,,,,,,,,,,,,,,,
69,69,,Miami PIS,,,,,Airport - Aircraft - Cargo - PIS,,,El Salvador,,Rooted Plant (including grafted),,ORNAMENTALES SAPO VERDE Box 8001-8009,54,242378,,,,,,21,,,,,,,,,,,,,,,
69,69,,Linden PIS,,,,,Airport - Aircraft - Cargo - PIS,,,Guatemala,,Unrooted Cutting,,ABOUTQPLANT CO.LTD,19,1863,,,,,,7,,,,,,,,,,,,,,,
69,69,,Miami PIS,,,,,Airport - Aircraft - Cargo - PIS,,,Mexico,,Rooted Plant (including grafted),,Costa Farms LLC,59,3059,,,,,,9,,,,,,,,,,,,,,,
69,69,,JFK PIS,,,,,Airport - Aircraft - Cargo - PIS,,,Guatemala,,Unrooted Cutting,,ORNAMENTALES SAPO VERDE 201,5,1086,,,,,,9,,,,,,,,,,,,,,,
69,69,,Miami PIS,,,,,Airport - Aircraft - Cargo - PIS,,,Thailand,,Rooted Plant (including grafted),,CACTI YOUNGPLANTS,52,22565,,,,,,13,,,,,,,,,,,,,,,
69,69,,Atlanta PIS,,,,,Airport - Aircraft - Cargo - PIS,,,Portugal,,"Bulb, Corm, Rhizome, Tuberous Stem",,IVAGRO S A BOXES 42-48,0,3,,,,,,28,,,,,,,,,,,,,,,
69,69,,Miami PIS,,,,,Airport - Aircraft - Cargo - PIS,,,Kenya,,Rooted Plant (including grafted),,MR. PIYABUT KAEOWIRUN,4,491,,,,,,9,,,,,,,,,,,,,,,
69,69,,Linden PIS,,,,,Airport - Aircraft - Cargo - PIS,,,Guatemala,,Rooted Plant (including grafted),,"LAMPU EXPORT(THAILAND)CO.,LTD.",9,757,,,,,,21,,,,,,,,,,,,,,,
69,69,,Los Angeles PIS,,,,,Maritime Port - Vessel - Cargo - PIS,,,Costa Rica,,Rooted Plant (including grafted),,VITA  FARMS Box 1901,19,7883,,,,,,13,,,,,,,,,,,,,,,
69,69,,Miami PIS,,,,,Airport - Aircraft - Cargo - PIS,,,Thailand,,Unrooted Cutting,,TURRIPLANTAS S.A. DRACAENA,3,4791,,,,,,12,,,,,,,,,,,,,,,
69,69,,Los Angeles PIS,,,,,Airport - Aircraft - Cargo - PIS,,,Costa Rica,,Unrooted Cutting,,KULTANA ORCHIDS,26,1495,,,,,,7,,,,,,,,,,,,,,,
69,69,,Los Angeles PIS,,,,,Airport - Aircraft - Cargo - PIS,,,Turkey,,Rooted Cutting (including air layer),,SAPO VERDE BOX 201-,1,1626,,,,,,21,,,,,,,,,,,,,,,
69,69,,Los Angeles PIS,,,,,Airport - Aircraft - Express Carrier - PIS,,,Guatemala,,Unrooted Plant,,VITRO PUS BV,2,7846,,,,,,3,,,,,,,,,,,,,,,
69,69,,Los Angeles PIS,,,,,Airport - Aircraft - Cargo - PIS,,,Guatemala,,Meristem or Callus Tissue Culture (micropropagated/in vitro culture),,AGRO MARIALINDA,1,200,,,,,,14,,,,,,,,,,,,,,,
70,70,,JFK PIS,,,,,Airport - Aircraft - Cargo - PIS,,,Netherlands,,Rooted Plant (including grafted),,Peerakij Puttipiboon,74,232274,,,,,,16,,,,,,,,,,,,,,,
70,70,,Miami PIS,,,,,Airport - Aircraft - Cargo - PIS,,,South Africa,,Meristem or Callus Tissue Culture (micropropagated/in vitro culture),,LAS LIMAS S A,1,478,,,,,,22,,,,,,,,,,,,,,,
70,70,,Miami PIS,,,,,Airport - Aircraft - Cargo - PIS,,,China,,Rooted Plant (including grafted),,ANNIA FUENTES MARTINEZ 01-06,0,10466,,,,,,14,,,,,,,,,,,,,,,
70,70,,Los Angeles PIS,,,,,Airport - Aircraft - Cargo - PIS,,,Guatemala,,Budwood/Graftwood (scion),,LAS LIMAS S A,25,11287,,,,,,19,,,,,,,,,,,,,,,
70,70,,Atlanta PIS,,,,,Airport - Aircraft - Cargo - PIS,,,Guam,,Rooted Plant (including grafted),,ANNIA FUENTES MARTINEZ 101,57,9258,,,,,,1,,,,,,,,,,,,,,,
70,70,,Miami PIS,,,,,Airport - Aircraft - Cargo - PIS,,,China,,Unrooted Cutting,,AGRO INDUSTRIALES CHORTI S. A.,15,4272,,,,,,10,,,,,,,,,,,,,,,
70,70,,Miami PIS,,,,,Airport - Aircraft - Cargo - PIS,,,Guatemala,,Rooted Plant (including grafted),,ORNAMENTALES SAPO Verde 35 BOXES,2,5835,,,,,,15,,,,,,,,,,,,,,,
70,70,,Miami PIS,,,,,Airport - Aircraft - Cargo - PIS,,,Guatemala,,Unrooted Cutting,,"THAI EXOTIC GREENERY CO., LTD",53,10827,,,,,,12,,,,,,,,,,,,,,,
70,70,,Atlanta PIS,,,,,Airport - Aircraft - Cargo - PIS,,,Guatemala,,Rooted Plant (including grafted),,CORPORACION BONANZA S.A,5,24409,,,,,,25,,,,,,,,,,,,,,,
70,70,,Linden PIS,,,,,Airport - Aircraft - Cargo - PIS,,,China,,Rooted Plant (including grafted),,Agricola Hermanos Castro,41,389741,,,,,,23,,,,,,,,,,,,,,,
70,70,,Miami PIS,,,,,Airport - Aircraft - Cargo - PIS,,,Costa Rica,,Meristem or Callus Tissue Culture (micropropagated/in vitro culture),,POOSIN GARDENS CO,6,11240,,,,,,18,,,,,,,,,,,,,,,
70,70,,Miami PIS,,,,,Airport - Aircraft - Cargo - PIS,,,Thailand,,Meristem or Callus Tissue Culture (micropropagated/in vitro culture),,FLORICULTURA Y CIA LTDA,166,24971,,,,,,11,,,,,,,,,,,,,,,
70,70,,Miami PIS,,,,,Maritime Port - Vessel - Cargo - PIS,,,Guatemala,,Rooted Cutting (including air layer),,INNOVAPLANT DE COSTA RICA 1-4,20,8407,,,,,,7,,,,,,,,,,,,,,,
70,70,,Atlanta PIS,,,,,Airport - Aircraft - Cargo - PIS,,,China,,Rooted Cutting (including air layer),,INNOVAPLANT DE COSTA RICA,0,29,,,,,,9,,,,,,,,,,,,,,,
70,70,,Miami PIS,,,,,Airport - Aircraft - Cargo - PIS,,,Ecuador,,Unrooted Cutting,,Not Selected,2,2222,,,,,,27,,,,,,,,,,,,,,,
70,70,,Los Indios PIS,,,,,Airport - Aircraft - Cargo - PIS,,,New Zealand,,Rooted Cutting (including air layer),,Not Selected,0,51,,,,,,21,,,,,,,,,,,,,,,
70,70,,Miami PIS,,,,,Maritime Port - Vessel - Cargo - PIS,,,Colombia,,Unrooted Plant,,VIVERO INTERNACIONAL SA,0,174,,,,,,16,,,,,,,,,,,,,,,
70,70,,Miami PIS,,,,,Airport - Aircraft - Cargo - PIS,,,China,,Unrooted Cutting,,INNOVA PLANT DE COSTA RICA SA,7,19241,,,,,,18,,,,,,,,,,,,,,,
70,70,,Miami PIS,,,,,Airport - Aircraft - Cargo - PIS,,,Costa Rica,,Meristem or Callus Tissue Culture (micropropagated/in vitro culture),,Same as Shipper,4,52,,,,,,3,,,,,,,,,,,,,,,
70,70,,Los Angeles PIS,,,,,Airport - Aircraft - Cargo - PIS,,,Guatemala,,Meristem or Callus Tissue Culture (micropropagated/in vitro culture),,"FIDES GUATEMALA, S.A.",12,9637,,,,,,26,,,,,,,,,,,,,,,
70,70,,Miami PIS,,,,,Airport - Aircraft - Cargo - PIS,,,Netherlands,,Unrooted Cutting,,INNOVA PLANT DE COSTA RICA SA,39,855,,,,,,12,,,,,,,,,,,,,,,
70,70,,Miami PIS,,,,,Maritime Port - Vessel - Cargo - PIS,,,Thailand,,Unrooted Cutting,,GREEN TICONA,5,37114,,,,,,2,,,,,,,,,,,,,,,
70,70,,Miami PIS,,,,,Maritime Port - Vessel - Cargo - PIS,,,Honduras,,Meristem or Callus Tissue Culture (micropropagated/in vitro culture),,EXPORTADORA IMPERIO VERDE S.A.,1,0,,,,,,1,,,,,,,,,,,,,,,
70,70,,Miami PIS,,,,,Airport - Aircraft - Cargo - PIS,,,Guatemala,,Unrooted Cutting,,VITA FARMS S.A Box 01-15,0,109,,,,,,3,,,,,,,,,,,,,,,
70,70,,Miami PIS,,,,,Airport - Aircraft - Cargo - PIS,,,Guatemala,,Unrooted Cutting,,Kantapat Kaewpradith,67,329767,,,,,,23,,,,,,,,,,,,,,,
71,71,,Miami PIS,,,,,Airport - Aircraft - Cargo - PIS,,,Netherlands,,Rooted Plant (including grafted),,ZHANGZHOU BANROU IMPORT & EXPORT A1-A50,11,29,,,,,,3,,,,,,,,,,,,,,,
71,71,,Linden PIS,,,,,Airport - Aircraft - Cargo - PIS,,,Taiwan,,Unrooted Cutting,,QUELETZU S A BOX 1-32,8,1950,,,,,,10,,,,,,,,,,,,,,,
71,71,,Linden PIS,,,,,Airport - Aircraft - Cargo - PIS,,,Thailand,,Rooted Plant (including grafted),,Anupong Saenruen,45,33146,,,,,,5,,,,,,,,,,,,,,,
71,71,,Miami PIS,,,,,Airport - Aircraft - Cargo - PIS,,,New Zealand,,Meristem or Callus Tissue Culture (micropropagated/in vitro culture),,LATHYFLORA,30,11167,,,,,,9,,,,,,,,,,,,,,,
71,71,,Miami PIS,,,,,Airport - Aircraft - Cargo - PIS,,,Guatemala,,Unrooted Cutting,,BEAUTY LINE GUATEMALA,104,176658,,,,,,25,,,,,,,,,,,,,,,
71,71,,Atlanta PIS,,,,,Airport - Aircraft - Cargo - PIS,,,Mexico,,Unrooted Cutting,,RED FOX LAS MERCEDES,1,1915,,,,,,13,,,,,,,,,,,,,,,
71,71,,Atlanta PIS,,,,,Airport - Aircraft - Express Carrier - PIS,,,Nicaragua,,Rooted Plant (including grafted),,FUJIAN LINGBO IMP AND EXP CO LTD,0,1998,,,,,,4,,,,,,,,,,,,,,,
71,71,,Los Angeles PIS,,,,,Airport - Aircraft - Cargo - PIS,,,Netherlands,,Rooted Plant (including grafted),,"Growth Revolution Co., Ltd.",5,104032,,,,,,14,,,,,,,,,,,,,,,
71,71,,Los Angeles PIS,,,,,Airport - Aircraft - Cargo - PIS,,,India,,Rooted Plant (including grafted),,TIGRA VERDE S.A.,7,8914,,,,,,21,,,,,,,,,,,,,,,
71,71,,Miami PIS,,,,,Airport - Aircraft - Cargo - PIS,,,Guatemala,,Rooted Plant (including grafted),,INVERSIONES LUA S.A 1-80,2,4458,,,,,,13,,,,,,,,,,,,,,,
71,71,,Atlanta PIS,,,,,Airport - Aircraft - Cargo - PIS,,,Nicaragua,,Unrooted Cutting,,LAS LIMAS S A,26,43670,,,,,,13,,,,,,,,,,,,,,,
71,71,,Los Angeles PIS,,,,,Airport - Aircraft - Cargo - PIS,,,Taiwan,,Rooted Plant (including grafted),,CRAZY VELOCITY UNIPESSOAL LDA,15,25047,,,,,,28,,,,,,,,,,,,,,,
71,71,,JFK PIS,,,,,Airport - Aircraft - Cargo - PIS,,,Uganda,,Meristem or Callus Tissue Culture (micropropagated/in vitro culture),,LUCHA ORNAMENTAL BOX 01-14,1,150,,,,,,23,,,,,,,,,,,,,,,
71,71,,Los Angeles PIS,,,,,Airport - Aircraft - Cargo - PIS,,,Guatemala,,Unrooted Cutting,,GEOAGRO DE COSTA RICA,204,6600,,,,,,14,,,,,,,,,,,,,,,
71,71,,Los Angeles PIS,,,,,Airport - Aircraft - Cargo - PIS,,,Thailand,,Rooted Plant (including grafted),,Arisa Vongchai,10,452836,,,,,,16,,,,,,,,,,,,,,,
71,71,,Linden PIS,,,,,Airport - Aircraft - Cargo - PIS,,,Taiwan,,Rooted Cutting (including air layer),,INNOVAPLANT DE COSTA RICA,5,48,,,,,,8,,,,,,,,,,,,,,,
71,71,,Miami PIS,,,,,Airport - Aircraft - Cargo - PIS,,,Guatemala,,Rooted Plant (including grafted),,Not Selected,0,32,,,,,,13,,,,,,,,,,,,,,,
71,71,,Los Angeles PIS,,,,,Airport - Aircraft - Cargo - PIS,,,Thailand,,Unrooted Cutting,,TIGRA VERDE S.A.,0,8688,,,,,,5,,,,,,,,,,,,,,,
71,71,,Atlanta PIS,,,,,Airport - Aircraft - Cargo - PIS,,,Guatemala,,Unrooted Plant,,PREMIUM ORNAMENTALES,1,1871,,,,,,9,,,,,,,,,,,,,,,
71,71,,Miami PIS,,,,,Airport - Aircraft - Cargo - PIS,,,Costa Rica,,Unrooted Cutting,,"INDUSTRIAS AGRICOLAS CENTRO AMERICA, S.A., BOX  1-42",17,2179,,,,,,12,,,,,,,,,,,,,,,
71,71,,Los Angeles PIS,,,,,Airport - Aircraft - Cargo - PIS,,,Guatemala,,Unrooted Cutting,,ORNAMENTALES DE APO VERDE 2001-2040,66,21097,,,,,,24,,,,,,,,,,,,,,,
71,71,,Atlanta PIS,,,,,Airport - Aircraft - Cargo - PIS,,,Netherlands,,Rooted Cutting (including air layer),,Not Selected,33,5395,,,,,,16,,,,,,,,,,,,,,,
71,71,,Atlanta PIS,,,,,Airport - Aircraft - Cargo - PIS,,,Guatemala,,Rooted Plant (including grafted),,FOLLAJES INTERNACIONALES SA 1-6,61,47035,,,,,,20,,,,,,,,,,,,,,,
71,71,,Miami PIS,,,,,Airport - Aircraft - Cargo - PIS,,,Guatemala,,Unrooted Cutting,,ORNAMENTALES SAPO VERDE Box 201-310,200,3862,,,,,,11,,,,,,,,,,,,,,,
71,71,,Los Angeles PIS,,,,,Airport - Aircraft - Cargo - PIS,,,China,,Meristem or Callus Tissue Culture (micropropagated/in vitro culture),,ARCO IRIS DEL CARIBE box 4,1,33,,,,,,28,,,,,,,,,,,,,,,
72,72,,Miami PIS,,,,,Airport - Aircraft - Cargo - PIS,,,Guatemala,,Unrooted Cutting,,Not Selected,2,2126,,,,,,14,,,,,,,,,,,,,,,
72,72,,Miami PIS,,,,,Airport - Aircraft - Cargo - PIS,,,China,,Unrooted Cutting,,AGRIBIOTECNOLOGIA DE COSTA,4,46808,,,,,,14,,,,,,,,,,,,,,,
72,72,,Atlanta PIS,,,,,Airport - Aircraft - Cargo - PIS,,,Guatemala,,Unrooted Cutting,,Kantapat Kaewpradith,439,4459,,,,,,22,,,,,,,,,,,,,,,
72,72,,Atlanta PIS,,,,,Airport - Aircraft - Cargo - PIS,,,China,,Unrooted Cutting,,INVERSIONES LUA S.A 1-80,1,590,,,,,,22,,,,,,,,,,,,,,,
72,72,,Miami PIS,,,,,Airport - Aircraft - Cargo - PIS,,,Costa Rica,,Rooted Plant (including grafted),,Ornamentales Sapo Verde BOX 990,1,11,,,,,,20,,,,,,,,,,,,,,,
72,72,,Miami PIS,,,,,Airport - Aircraft - Cargo - PIS,,,Costa Rica,,Unrooted Plant,,PEACOCK AGRICULTUE,4,3904,,,,,,24,,,,,,,,,,,,,,,
72,72,,Atlanta PIS,,,,,Airport - Aircraft - Cargo - PIS,,,Costa Rica,,Unrooted Cutting,,Ornamentales Sapo Verde SEEDS,2,4123,,,,,,21,,,,,,,,,,,,,,,
72,72,,Guam PIS,,,,,Airport - Aircraft - Cargo - PIS,,,Costa Rica,,Rooted Plant (including grafted),,S.ORCHID,59,87754,,,,,,5,,,,,,,,,,,,,,,
72,72,,Nogales PIS,,,,,Airport - Aircraft - Cargo - PIS,,,Thailand,,Meristem or Callus Tissue Culture (micropropagated/in vitro culture),,Not Selected,6,763,,,,,,14,,,,,,,,,,,,,,,
72,72,,Atlanta PIS,,,,,Airport - Aircraft - Cargo - PIS,,,Thailand,,Rooted Plant (including grafted),,ORNAMENTALES CONCEPCION S.A,0,114,,,,,,17,,,,,,,,,,,,,,,
72,72,,Miami PIS,,,,,Airport - Aircraft - Cargo - PIS,,,Costa Rica,,Unrooted Cutting,,ORNAMENTALES DE ALTURA S.A.,0,2852,,,,,,20,,,,,,,,,,,,,,,
72,72,,JFK PIS,,,,,Airport - Aircraft - Cargo - PIS,,,El Salvador,,Rooted Plant (including grafted),,Vita Farms 001,1,106,,,,,,24,,,,,,,,,,,,,,,
72,72,,Miami PIS,,,,,Airport - Aircraft - Cargo - PIS,,,India,,Unrooted Cutting,,INNOVA PLANT DE COSTA RICA SA,11,3602,,,,,,13,,,,,,,,,,,,,,,
72,72,,Miami PIS,,,,,Airport - Aircraft - Cargo - PIS,,,Uganda,,Rooted Plant (including grafted),,Ornamentales Sapo Verde 6201,5,1990,,,,,,17,,,,,,,,,,,,,,,
72,72,,Miami PIS,,,,,Airport - Aircraft - Cargo - PIS,,,Thailand,,Rooted Plant (including grafted),,VIVERO LAS GARDENIAS,11,23278,,,,,,25,,,,,,,,,,,,,,,
72,72,,Miami PIS,,,,,Airport - Aircraft - Cargo - PIS,,,Spain,,Unrooted Cutting,,INNOVA PLANT DE COSTA RICA SA,5,14971,,,,,,19,,,,,,,,,,,,,,,
72,72,,Miami PIS,,,,,Airport - Aircraft - Cargo - PIS,,,Costa Rica,,Unrooted Cutting,,PLANTAS ILIMITADAS S A 32,12,11,,,,,,10,,,,,,,,,,,,,,,
72,72,,Los Angeles PIS,,,,,Airport - Aircraft - Cargo - PIS,,,China,,Meristem or Callus Tissue Culture (micropropagated/in vitro culture),,Invagro,1,199,,,,,,11,,,,,,,,,,,,,,,
72,72,,Miami PIS,,,,,Airport - Aircraft - Cargo - PIS,,,Kenya,,Unrooted Cutting,,Same as Shipper,455,363501,,,,,,22,,,,,,,,,,,,,,,
72,72,,San Francisco PIS,,,,,Airport - Aircraft - Cargo - PIS,,,United Kingdom of Great Britain and N. Ireland,,Meristem or Callus Tissue Culture (micropropagated/in vitro culture),,FLOWER AGRONEGOCIOS EIRELI,43,73294,,,,,,15,,,,,,,,,,,,,,,
72,72,,Atlanta PIS,,,,,Airport - Aircraft - Cargo - PIS,,,India,,Unrooted Cutting,,Ornamentales Sapo Verde 3001,0,5891,,,,,,12,,,,,,,,,,,,,,,
72,72,,Miami PIS,,,,,Airport - Aircraft - Cargo - PIS,,,Uganda,,Unrooted Cutting,,VIVERO INTERNACIONAL S.A. DE C.V,114,208667,,,,,,3,,,,,,,,,,,,,,,
72,72,,Miami PIS,,,,,Airport - Aircraft - Cargo - PIS,,,Costa Rica,,Unrooted Cutting,,IVAGRO S.A.,22,19739,,,,,,22,,,,,,,,,,,,,,,
72,72,,Miami PIS,,,,,Airport - Aircraft - Cargo - PIS,,,Guatemala,,Unrooted Cutting,,"PALKI,S.A.",1,2749,,,,,,12,,,,,,,,,,,,,,,
72,72,,Miami PIS,,,,,Airport - Aircraft - Cargo - PIS,,,India,,Unrooted Plant,,JOSE ORLANDO LIRIANO,23,23498,,,,,,4,,,,,,,,,,,,,,,
73,73,,Miami PIS,,,,,Maritime Port - Vessel - Cargo - PIS,,,Thailand,,Rooted Cutting (including air layer),,INNOVAPLANT DE COSTA RICA,5,32599,,,,,,19,,,,,,,,,,,,,,,
73,73,,Miami PIS,,,,,Airport - Aircraft - Cargo - PIS,,,Guatemala,,Rooted Plant (including grafted),,ARMENIA FARMS,4,10408,,,,,,22,,,,,,,,,,,,,,,
73,73,,Miami PIS,,,,,Airport - Aircraft - Cargo - PIS,,,Thailand,,Unrooted Plant,,ANTHURA BV,5,5419,,,,,,10,,,,,,,,,,,,,,,
73,73,,Miami PIS,,,,,Airport - Aircraft - Cargo - PIS,,,Costa Rica,,Rooted Cutting (including air layer),,Ornamentales Sapo Verde 922,2,17,,,,,,19,,,,,,,,,,,,,,,
73,73,,Miami PIS,,,,,Maritime Port - Vessel - Cargo - PIS,,,Netherlands,,Rooted Plant (including grafted),,AGRO MARIA LINDA S. A.,0,19,,,,,,24,,,,,,,,,,,,,,,
73,73,,Orlando PIS,,,,,Maritime Port - Vessel - Cargo - PIS,,,Viet Nam,,Meristem or Callus Tissue Culture (micropropagated/in vitro culture),,CLAUDE W HAMILTON,33,32709,,,,,,25,,,,,,,,,,,,,,,
73,73,,JFK PIS,,,,,Airport - Aircraft - Cargo - PIS,,,Kenya,,Unrooted Cutting,,INNOVAPLANT DE COSTA RICA,6606,872,,,,,,5,,,,,,,,,,,,,,,
73,73,,Miami PIS,,,,,Airport - Aircraft - Express Carrier - PIS,,,Thailand,,Rooted Plant (including grafted),,Same as Shipper,18,1029,,,,,,11,,,,,,,,,,,,,,,
73,73,,Miami PIS,,,,,Airport - Aircraft - Cargo - PIS,,,Zimbabwe,,Unrooted Cutting,,AGRICOLA SAN JOSE SA,10,582,,,,,,4,,,,,,,,,,,,,,,
73,73,,Atlanta PIS,,,,,Airport - Aircraft - Cargo - PIS,,,India,,Rooted Cutting (including air layer),,INNOVAPLANT DE COSTA RICA,3,890,,,,,,24,,,,,,,,,,,,,,,
73,73,,Atlanta PIS,,,,,Land Border - Truck - Cargo - PIS,,,Ethiopia,,Unrooted Cutting,,LIANYUNGANG FLORWER KING   1-87,3,3969,,,,,,21,,,,,,,,,,,,,,,
73,73,,Miami PIS,,,,,Airport - Aircraft - Cargo - PIS,,,Taiwan,,Rooted Plant (including grafted),,CACTI YOUNGPLANTS,150,357456,,,,,,6,,,,,,,,,,,,,,,
73,73,,Miami PIS,,,,,Airport - Aircraft - Cargo - PIS,,,Mexico,,Rooted Plant (including grafted),,VIVAI DEL PONTE,42,604836,,,,,,3,,,,,,,,,,,,,,,
73,73,,Atlanta PIS,,,,,Land Border - Truck - Cargo - PIS,,,Peru,,Unrooted Cutting,,Not Selected,37,37474,,,,,,3,,,,,,,,,,,,,,,
73,73,,Miami PIS,,,,,Airport - Aircraft - Cargo - PIS,,,Guatemala,,Unrooted Cutting,,MR. WROTE MAKMOON,6,966,,,,,,26,,,,,,,,,,,,,,,
73,73,,Miami PIS,,,,,Airport - Aircraft - Cargo - PIS,,,Guatemala,,Rooted Cutting (including air layer),,ORNAMENTALES DE CONCEPCION S.A.,4,2631,,,,,,16,,,,,,,,,,,,,,,
73,73,,Miami PIS,,,,,Maritime Port - Vessel - Cargo - PIS,,,Guatemala,,Rooted Plant (including grafted),,SARAVUT CHATCHARAWAN,5,19163,,,,,,7,,,,,,,,,,,,,,,
73,73,,Miami PIS,,,,,Airport - Aircraft - Cargo - PIS,,,China,,Rooted Plant (including grafted),,FOLLAJES INTERNACIONALES SA 1-6,2,702,,,,,,8,,,,,,,,,,,,,,,
73,73,,Linden PIS,,,,,Airport - Aircraft - Cargo - PIS,,,Costa Rica,,Unrooted Cutting,,KAPOK PLANTAS,6,2085,,,,,,17,,,,,,,,,,,,,,,
73,73,,Miami PIS,,,,,Airport - Aircraft - Cargo - PIS,,,Poland,,Unrooted Cutting,,BEAUTY LINE GUATEMALA,0,528,,,,,,6,,,,,,,,,,,,,,,
73,73,,Atlanta PIS,,,,,Airport - Aircraft - Cargo - PIS,,,Costa Rica,,Unrooted Cutting,,Costa Farms LLC,50,4476,,,,,,8,,,,,,,,,,,,,,,
73,73,,Atlanta PIS,,,,,Airport - Aircraft - Cargo - PIS,,,Dominican Republic,,Unrooted Cutting,,INNOVA PLANT DE COSTA RICA SA,10,17733,,,,,,26,,,,,,,,,,,,,,,
73,73,,JFK PIS,,,,,Airport - Aircraft - Cargo - PIS,,,Taiwan,,Unrooted Cutting,,IVAGRO S.A. BOX 1-11,0,2636,,,,,,10,,,,,,,,,,,,,,,
73,73,,Los Angeles PIS,,,,,Airport - Aircraft - Cargo - PIS,,,Costa Rica,,Unrooted Plant,,VITA FARMS 801-929,10,33,,,,,,16,,,,,,,,,,,,,,,
73,73,,San Francisco PIS,,,,,Airport - Aircraft - Cargo - PIS,,,Netherlands,,Unrooted Cutting,,BEAUTY LINE GUATEMALA,169,3075,,,,,,11,,,,,,,,,,,,,,,
74,74,,JFK PIS,,,,,Airport - Aircraft - Cargo - PIS,,,Costa Rica,,Rooted Plant (including grafted),,Vita Farms 7001-7055,156,71979,,,,,,14,,,,,,,,,,,,,,,
74,74,,Los Angeles PIS,,,,,Airport - Aircraft - Cargo - PIS,,,Uganda,,Rooted Plant (including grafted),,LA FLOR EXOTICA DEL CARIBE BULLIS SA,17,8,,,,,,3,,,,,,,,,,,,,,,
74,74,,Miami PIS,,,,,Maritime Port - Vessel - Cargo - PIS,,,Kenya,,Unrooted Cutting,,Not Selected,10,6548,,,,,,16,,,,,,,,,,,,,,,
74,74,,Miami PIS,,,,,Airport - Aircraft - Cargo - PIS,,,Thailand,,Rooted Plant (including grafted),,Vita Farms 8501,3,43,,,,,,4,,,,,,,,,,,,,,,
74,74,,Miami PIS,,,,,Airport - Aircraft - Cargo - PIS,,,Costa Rica,,Unrooted Cutting,,ORCHISTRA JOINT STOCK COMPANY,2,1197,,,,,,5,,,,,,,,,,,,,,,
74,74,,Miami PIS,,,,,Airport - Aircraft - Cargo - PIS,,,Tanzania,,Unrooted Cutting,,COOPEINDIA R.L. Box 06-10,35,60,,,,,,1,,,,,,,,,,,,,,,
74,74,,Miami PIS,,,,,Airport - Aircraft - Cargo - PIS,,,Germany,,Unrooted Cutting,,ARBORETA NURSERIES CC,8,15739,,,,,,17,,,,,,,,,,,,,,,
74,74,,Miami PIS,,,,,Airport - Aircraft - Cargo - PIS,,,Guatemala,,Rooted Cutting (including air layer),,Not Selected,0,7983,,,,,,5,,,,,,,,,,,,,,,
74,74,,Miami PIS,,,,,Airport - Aircraft - Cargo - PIS,,,China,,Meristem or Callus Tissue Culture (micropropagated/in vitro culture),,Agropecuaria Marso,1,8850,,,,,,19,,,,,,,,,,,,,,,
74,74,,Los Angeles PIS,,,,,Airport - Aircraft - Cargo - PIS,,,China,,Meristem or Callus Tissue Culture (micropropagated/in vitro culture),,ROGELIO BERMUDEZ CAMPOS,3,346,,,,,,23,,,,,,,,,,,,,,,
74,74,,Los Angeles PIS,,,,,Airport - Aircraft - Cargo - PIS,,,Taiwan,,"Bulb, Corm, Rhizome, Tuberous Stem",,Not Selected,1,147,,,,,,25,,,,,,,,,,,,,,,
74,74,,Houston PIS,,,,,Airport - Aircraft - Cargo - PIS,,,Mexico,,Rooted Plant (including grafted),,DALAT FLOWER,3,30989,,,,,,27,,,,,,,,,,,,,,,
74,74,,Orlando PIS,,,,,Maritime Port - Vessel - Cargo - PIS,,,Costa Rica,,Rooted Plant (including grafted),,Plantas de Sarapiqui S.A.,0,3513,,,,,,8,,,,,,,,,,,,,,,
74,74,,Atlanta PIS,,,,,Airport - Aircraft - Cargo - PIS,,,Thailand,,Unrooted Cutting,,VIVERO LAS GARDENIAS,2,624,,,,,,2,,,,,,,,,,,,,,,
74,74,,Miami PIS,,,,,Airport - Aircraft - Cargo - PIS,,,Costa Rica,,Unrooted Cutting,,"LAS LIMAS, S.A",265,52,,,,,,6,,,,,,,,,,,,,,,
74,74,,Los Angeles PIS,,,,,Airport - Aircraft - Cargo - PIS,,,Costa Rica,,Unrooted Cutting,,INNOVA PLANT DE COSTA RICA SA,0,20,,,,,,15,,,,,,,,,,,,,,,
74,74,,Miami PIS,,,,,Airport - Aircraft - Cargo - PIS,,,Netherlands,,Meristem or Callus Tissue Culture (micropropagated/in vitro culture),,TEN SHIN GARDENS CO.LTD,0,1,,,,,,23,,,,,,,,,,,,,,,
74,74,,Linden PIS,,,,,Airport - Aircraft - Cargo - PIS,,,Mexico,,Unrooted Cutting,,ELLISON HORTICULTURAL,6,2270,,,,,,15,,,,,,,,,,,,,,,
74,74,,Seattle PIS,,,,,Airport - Aircraft - Cargo - PIS,,,Guatemala,,Rooted Plant (including grafted),,VITA FARMS 601,6,483,,,,,,25,,,,,,,,,,,,,,,
74,74,,Los Angeles PIS,,,,,Airport - Aircraft - Cargo - PIS,,,Kenya,,Unrooted Cutting,,EXPORTADORA IMPERIO VERDE S.A.,5,8749,,,,,,18,,,,,,,,,,,,,,,
74,74,,Miami PIS,,,,,Airport - Aircraft - Cargo - PIS,,,Thailand,,Rooted Plant (including grafted),,-COOPEINDIA R.L. Box 17-21,6,3300,,,,,,28,,,,,,,,,,,,,,,
74,74,,Miami PIS,,,,,Airport - Aircraft - Cargo - PIS,,,Zimbabwe,,Unrooted Cutting,,Same as Shipper,44,31425,,,,,,25,,,,,,,,,,,,,,,
74,74,,Miami PIS,,,,,Airport - Aircraft - Cargo - PIS,,,Costa Rica,,Rooted Plant (including grafted),,Turriplantas S.A. BOX# 201-241,41,35789,,,,,,20,,,,,,,,,,,,,,,
74,74,,Miami PIS,,,,,Airport - Aircraft - Cargo - PIS,,,Honduras,,Unrooted Cutting,,AGRO INDUSTRIALES CHORTI S. A.,2,861,,,,,,24,,,,,,,,,,,,,,,
74,74,,Orlando PIS,,,,,Maritime Port - Vessel - Cargo - PIS,,,China,,Meristem or Callus Tissue Culture (micropropagated/in vitro culture),,KRESS CONSOLIDATION BUSINES INVE,17,33354,,,,,,4,,,,,,,,,,,,,,,
75,75,,Linden PIS,,,,,Airport - Aircraft - Cargo - PIS,,,New Zealand,,Rooted Plant (including grafted),,KANJARIN  HIRANWORAWUTHIKUL,2,4548,,,,,,19,,,,,,,,,,,,,,,
75,75,,Miami PIS,,,,,Airport - Aircraft - Cargo - PIS,,,Nicaragua,,Unrooted Cutting,,ANTHURA B.V.,4,4869,,,,,,18,,,,,,,,,,,,,,,
75,75,,Miami PIS,,,,,Airport - Aircraft - Cargo - PIS,,,Mexico,,Unrooted Cutting,,ORNALO SA,40,63959,,,,,,5,,,,,,,,,,,,,,,
75,75,,Miami PIS,,,,,Airport - Aircraft - Cargo - PIS,,,Poland,,Rooted Plant (including grafted),,ZACATE ORNAMENTAL Y DECORATIVO S.A.,2,2516,,,,,,14,,,,,,,,,,,,,,,
75,75,,Houston PIS,,,,,Airport - Aircraft - Cargo - PIS,,,Thailand,,Rooted Plant (including grafted),,INNOVAPLANT DE COSTA RICA,0,5334,,,,,,14,,,,,,,,,,,,,,,
75,75,,Houston PIS,,,,,Airport - Aircraft - Cargo - PIS,,,Guatemala,,Rooted Plant (including grafted),,Same as Shipper,14,6176,,,,,,20,,,,,,,,,,,,,,,
75,75,,Miami PIS,,,,,Airport - Aircraft - Cargo - PIS,,,Indonesia,,Rooted Plant (including grafted),,AMORNTHEP DAENGNOI,3,885,,,,,,17,,,,,,,,,,,,,,,
75,75,,Miami PIS,,,,,Airport - Aircraft - Cargo - PIS,,,Kenya,,Meristem or Callus Tissue Culture (micropropagated/in vitro culture),,BEAUTY LINE GUATEMALA,21,45260,,,,,,24,,,,,,,,,,,,,,,
75,75,,Linden PIS,,,,,Airport - Aircraft - Cargo - PIS,,,Guatemala,,Unrooted Cutting,,AGROPECUARIA HERMANOS PACHECO S.,1,378,,,,,,6,,,,,,,,,,,,,,,
75,75,,JFK PIS,,,,,Maritime Port - Vessel - Cargo - PIS,,,Netherlands,,Unrooted Cutting,,"PACHARA ORCHIDS INTERTRADE CO.,",1,213,,,,,,17,,,,,,,,,,,,,,,
75,75,,Atlanta PIS,,,,,Maritime Port - Vessel - Cargo - PIS,,,Costa Rica,,Rooted Plant (including grafted),,KAPOK PLANTAS SOCIEDAD ANONIMA,6,2533,,,,,,19,,,,,,,,,,,,,,,
75,75,,Los Angeles PIS,,,,,Airport - Aircraft - Cargo - PIS,,,China,,Meristem or Callus Tissue Culture (micropropagated/in vitro culture),,PLANT INVESTMENTS SOCIEDAD ANONI,1,7583,,,,,,21,,,,,,,,,,,,,,,
75,75,,Los Angeles PIS,,,,,Airport - Aircraft - Cargo - PIS,,,Taiwan,,Rooted Plant (including grafted),,NICHAPA JANBAVONKIJ,98,95714,,,,,,14,,,,,,,,,,,,,,,
75,75,,Miami PIS,,,,,Airport - Aircraft - Cargo - PIS,,,Thailand,,Meristem or Callus Tissue Culture (micropropagated/in vitro culture),,MR. KRITKHAJORN KETWORN,102,235372,,,,,,26,,,,,,,,,,,,,,,
75,75,,Miami PIS,,,,,Maritime Port - Vessel - Cargo - PIS,,,"Korea, South",,Rooted Plant (including grafted),,Mr. Wirote Makmoon,14,491,,,,,,26,,,,,,,,,,,,,,,
75,75,,Miami PIS,,,,,Airport - Aircraft - Cargo - PIS,,,Netherlands,,Unrooted Cutting,,Ornamentales Sapo Verde Box 1100-1133,7,11984,,,,,,23,,,,,,,,,,,,,,,
75,75,,Atlanta PIS,,,,,Land Border - Truck - Cargo - PIS,,,Guatemala,,Unrooted Cutting,,SANGSIN INTERNATIONAL CO LTD,58,76241,,,,,,15,,,,,,,,,,,,,,,
75,75,,Miami PIS,,,,,Airport - Aircraft - Cargo - PIS,,,India,,Meristem or Callus Tissue Culture (micropropagated/in vitro culture),,FIDES GUATEMALA S A,26,53519,,,,,,15,,,,,,,,,,,,,,,
75,75,,JFK PIS,,,,,Airport - Aircraft - Cargo - PIS,,,Germany,,"Bulb, Corm, Rhizome, Tuberous Stem",,PLANTAS ORNAMENTALES DE COSTA RICA,10,3346,,,,,,16,,,,,,,,,,,,,,,
75,75,,Linden PIS,,,,,Airport - Aircraft - Cargo - PIS,,,Taiwan,,Unrooted Cutting,,Same as Shipper,21,3289,,,,,,20,,,,,,,,,,,,,,,
75,75,,Miami PIS,,,,,Airport - Aircraft - Cargo - PIS,,,Taiwan,,Rooted Cutting (including air layer),,VIVERO INTENACIONAL SA DE CV,4,329,,,,,,15,,,,,,,,,,,,,,,
75,75,,Linden PIS,,,,,Airport - Aircraft - Cargo - PIS,,,Tanzania,,Unrooted Cutting,,COSTA FARM LLC,31,14622,,,,,,25,,,,,,,,,,,,,,,
75,75,,Linden PIS,,,,,Airport - Aircraft - Mail - PIS Mail,,,Poland,,Rooted Cutting (including air layer),,IVAGRO S.A  BOX 17-21,0,9,,,,,,20,,,,,,,,,,,,,,,
75,75,,Los Angeles PIS,,,,,Airport - Aircraft - Cargo - PIS,,,United Kingdom of Great Britain and N. Ireland,,Rooted Plant (including grafted),,VITA FARMS S.A. BOXES 6001-6071,11,6157,,,,,,3,,,,,,,,,,,,,,,
75,75,,Miami PIS,,,,,Airport - Aircraft - Cargo - PIS,,,Viet Nam,,Meristem or Callus Tissue Culture (micropropagated/in vitro culture),,ORNAMENTALES SAPO VERDE 901,44,5459,,,,,,6,,,,,,,,,,,,,,,
76,76,,Linden PIS,,,,,Airport - Aircraft - Cargo - PIS,,,Kenya,,Unrooted Cutting,,Not Selected,24,22346,,,,,,18,,,,,,,,,,,,,,,
76,76,,Miami PIS,,,,,Airport - Aircraft - Cargo - PIS,,,Costa Rica,,Unrooted Cutting,,Not Selected,1,1132,,,,,,7,,,,,,,,,,,,,,,
76,76,,Miami PIS,,,,,Maritime Port - Vessel - Cargo - PIS,,,China,,Meristem or Callus Tissue Culture (micropropagated/in vitro culture),,JANJIRA Jiantarawanich,17,18830,,,,,,8,,,,,,,,,,,,,,,
76,76,,Los Angeles PIS,,,,,Airport - Aircraft - Cargo - PIS,,,Uganda,,Unrooted Cutting,,LAS LIMAS SA,36,130865,,,,,,2,,,,,,,,,,,,,,,
76,76,,Miami PIS,,,,,Airport - Aircraft - Cargo - PIS,,,Indonesia,,Unrooted Plant,,"Cactus Inter Co., LTD",0,197,,,,,,28,,,,,,,,,,,,,,,
76,76,,Los Angeles PIS,,,,,Maritime Port - Vessel - Cargo - PIS,,,Malaysia,,Unrooted Plant,,AGRO MARIA LINDA S. A.,4,5183,,,,,,27,,,,,,,,,,,,,,,
76,76,,Miami PIS,,,,,Maritime Port - Vessel - Cargo - PIS,,,Costa Rica,,Unrooted Plant,,POPOW ORCHIDS,1,18,,,,,,4,,,,,,,,,,,,,,,
76,76,,Miami PIS,,,,,Airport - Aircraft - Cargo - PIS,,,Mexico,,Rooted Plant (including grafted),,CV. PURNAMA MULTI ABADI,21,8941,,,,,,9,,,,,,,,,,,,,,,
76,76,,Miami PIS,,,,,Airport - Aircraft - Cargo - PIS,,,Taiwan,,Unrooted Cutting,,INNOVA PLANT DE COSTA RICA SA,144,11083,,,,,,15,,,,,,,,,,,,,,,
76,76,,Miami PIS,,,,,Airport - Aircraft - Cargo - PIS,,,Costa Rica,,Unrooted Cutting,,ORNAMENTALES LA CIMA S.A.,21,7778,,,,,,4,,,,,,,,,,,,,,,
76,76,,Seattle PIS,,,,,Airport - Aircraft - Cargo - PIS,,,Thailand,,Unrooted Cutting,,Innovaplant de Costa Rica TC,5,18562,,,,,,14,,,,,,,,,,,,,,,
76,76,,Miami PIS,,,,,Airport - Aircraft - Cargo - PIS,,,Thailand,,Meristem or Callus Tissue Culture (micropropagated/in vitro culture),,Ornamentales Sapo Verde 1110,0,17141,,,,,,7,,,,,,,,,,,,,,,
76,76,,Atlanta PIS,,,,,Airport - Aircraft - Cargo - PIS,,,Sri Lanka,,Rooted Plant (including grafted),,TUCAN EXPORTERS,9,7946,,,,,,6,,,,,,,,,,,,,,,
76,76,,Miami PIS,,,,,Airport - Aircraft - Cargo - PIS,,,Thailand,,Unrooted Cutting,,Not Selected,0,306,,,,,,15,,,,,,,,,,,,,,,
76,76,,Miami PIS,,,,,Airport - Aircraft - Cargo - PIS,,,Costa Rica,,Rooted Plant (including grafted),,CV PROJECT TWO HANDS DUREN,10,18561,,,,,,27,,,,,,,,,,,,,,,
76,76,,Linden PIS,,,,,Airport - Aircraft - Cargo - PIS,,,Thailand,,"Root cutting, crown, or clump, Tuberous Root",,AGRIGENTUM S A,132,704323,,,,,,3,,,,,,,,,,,,,,,
76,76,,Miami PIS,,,,,Maritime Port - Vessel - Cargo - PIS,,,China,,Rooted Plant (including grafted),,"INDUSTRIAS AGRICOLAS CENTRO AMERICA, S.A., BOX  1-42",2,9827,,,,,,3,,,,,,,,,,,,,,,
76,76,,Miami PIS,,,,,Airport - Aircraft - Cargo - PIS,,,Nicaragua,,Rooted Plant (including grafted),,ASTERIX SA,1,92839,,,,,,21,,,,,,,,,,,,,,,
76,76,,Miami PIS,,,,,Airport - Aircraft - Cargo - PIS,,,Dominican Republic,,Meristem or Callus Tissue Culture (micropropagated/in vitro culture),,AMORNTHEP DAENGNOI,32,115877,,,,,,22,,,,,,,,,,,,,,,
76,76,,Los Angeles PIS,,,,,Airport - Aircraft - Cargo - PIS,,,Taiwan,,Unrooted Cutting,,"Growth Revolution Co., Ltd.",70,29649,,,,,,12,,,,,,,,,,,,,,,
76,76,,Los Angeles PIS,,,,,Airport - Aircraft - Cargo - PIS,,,Thailand,,Rooted Plant (including grafted),,Not Selected,3,299072,,,,,,21,,,,,,,,,,,,,,,
76,76,,Miami PIS,,,,,Airport - Aircraft - Cargo - PIS,,,Costa Rica,,Rooted Plant (including grafted),,FLORICULTURA Y CIA LTDA,0,61,,,,,,20,,,,,,,,,,,,,,,
76,76,,Miami PIS,,,,,Maritime Port - Vessel - Cargo - PIS,,,Dominican Republic,,Unrooted Cutting,,SAPO VERDE C001,36,18869,,,,,,23,,,,,,,,,,,,,,,
76,76,,JFK PIS,,,,,Airport - Aircraft - Cargo - PIS,,,Costa Rica,,Rooted Plant (including grafted),,LAS LIMAS,59,4300,,,,,,23,,,,,,,,,,,,,,,
76,76,,Miami PIS,,,,,Airport - Aircraft - Cargo - PIS,,,Guatemala,,Unrooted Cutting,,"Cactus Inter Co., LTD",0,282324,,,,,,26,,,,,,,,,,,,,,,
77,77,,Miami PIS,,,,,Airport - Aircraft - Cargo - PIS,,,Netherlands,,Meristem or Callus Tissue Culture (micropropagated/in vitro culture),,INNOVA PLANT DE COSTA RICA SA,1,7799,,,,,,27,,,,,,,,,,,,,,,
77,77,,Miami PIS,,,,,Airport - Aircraft - Cargo - PIS,,,India,,Unrooted Cutting,,ARBORETA NURSERIES CC,4,55574,,,,,,17,,,,,,,,,,,,,,,
77,77,,Miami PIS,,,,,Airport - Aircraft - Cargo - PIS,,,Indonesia,,Rooted Plant (including grafted),,Same as Shipper,3,8028,,,,,,9,,,,,,,,,,,,,,,
77,77,,Miami PIS,,,,,Airport - Aircraft - Cargo - PIS,,,Mexico,,Unrooted Cutting,,VIVERO INTERANACIONAL SA DE CV,3,23584,,,,,,16,,,,,,,,,,,,,,,
77,77,,Miami PIS,,,,,Airport - Aircraft - Cargo - PIS,,,Ecuador,,Unrooted Cutting,,Ornamentales Sapo Verde BOX 990,20,44412,,,,,,27,,,,,,,,,,,,,,,
77,77,,Miami PIS,,,,,Airport - Aircraft - Cargo - PIS,,,Guatemala,,Unrooted Cutting,,GREEN PLANT CUTTINGS,81,467957,,,,,,6,,,,,,,,,,,,,,,
77,77,,Miami PIS,,,,,Airport - Aircraft - Cargo - PIS,,,Mexico,,Rooted Cutting (including air layer),,LATHYFLORA KENYA LTD,19,635,,,,,,7,,,,,,,,,,,,,,,
77,77,,Los Angeles PIS,,,,,Airport - Aircraft - Cargo - PIS,,,Thailand,,Unrooted Cutting,,ASTERIX SA,1,23,,,,,,24,,,,,,,,,,,,,,,
77,77,,Linden PIS,,,,,Airport - Aircraft - Cargo - PIS,,,Costa Rica,,Unrooted Cutting,,WIT ORCHID THAILAND,14,373,,,,,,16,,,,,,,,,,,,,,,
77,77,,Miami PIS,,,,,Airport - Aircraft - Cargo - PIS,,,Zimbabwe,,Unrooted Cutting,,ZACATE ORNAMENTAL Y DECORATIVO S.A.,3,11775,,,,,,19,,,,,,,,,,,,,,,
77,77,,Miami PIS,,,,,Airport - Aircraft - Cargo - PIS,,,Costa Rica,,Unrooted Cutting,,INNOVA PLANT DE COSTA RICA SA,4,1529,,,,,,16,,,,,,,,,,,,,,,
77,77,,Miami PIS,,,,,Airport - Aircraft - Cargo - PIS,,,Costa Rica,,Rooted Plant (including grafted),,PLANTEXPO,8,1001,,,,,,16,,,,,,,,,,,,,,,
77,77,,Miami PIS,,,,,Airport - Aircraft - Cargo - PIS,,,Kenya,,Meristem or Callus Tissue Culture (micropropagated/in vitro culture),,CACTUSINTER CO LTD,4,7258,,,,,,27,,,,,,,,,,,,,,,
77,77,,Los Angeles PIS,,,,,Airport - Aircraft - Cargo - PIS,,,Guatemala,,Rooted Plant (including grafted),,AGROEXPORTADORA LA LAGUNA CHICHO,8,563,,,,,,22,,,,,,,,,,,,,,,
77,77,,Miami PIS,,,,,Airport - Aircraft - Cargo - PIS,,,Israel,,Unrooted Cutting,,AGROEXPORTADORA LA LAGUNA CHICHO,0,6297,,,,,,22,,,,,,,,,,,,,,,
77,77,,Atlanta PIS,,,,,Airport - Aircraft - Cargo - PIS,,,Japan,,Unrooted Cutting,,La Laguna Chichoj,60,24548,,,,,,24,,,,,,,,,,,,,,,
77,77,,Atlanta PIS,,,,,Airport - Aircraft - Cargo - PIS,,,Thailand,,Rooted Plant (including grafted),,Thanawit Pechmit,7,436,,,,,,23,,,,,,,,,,,,,,,
77,77,,Miami PIS,,,,,Airport - Aircraft - Cargo - PIS,,,Thailand,,Rooted Plant (including grafted),,PREMIUM ORNAMENTALES S.A.,1,200,,,,,,14,,,,,,,,,,,,,,,
77,77,,Linden PIS,,,,,Airport - Aircraft - Cargo - PIS,,,Netherlands,,Meristem or Callus Tissue Culture (micropropagated/in vitro culture),,"Cactus Inter Co., LTD",10,3713,,,,,,20,,,,,,,,,,,,,,,
77,77,,Miami PIS,,,,,Airport - Aircraft - Cargo - PIS,,,Taiwan,,Rooted Plant (including grafted),,Vita Farm Box 201-205,2,4291,,,,,,19,,,,,,,,,,,,,,,
77,77,,Los Angeles PIS,,,,,Airport - Aircraft - Cargo - PIS,,,China,,Rooted Plant (including grafted),,GILBERTO MERINO,2,10677,,,,,,13,,,,,,,,,,,,,,,
77,77,,Miami PIS,,,,,Airport - Aircraft - Cargo - PIS,,,Guatemala,,Rooted Plant (including grafted),,LAS LIMAS SA,0,160,,,,,,27,,,,,,,,,,,,,,,
77,77,,Miami PIS,,,,,Airport - Aircraft - Cargo - PIS,,,Guatemala,,Unrooted Cutting,,SOUTHERN INT'L DEVELOPMENT (SID)CO.,6,14695,,,,,,4,,,,,,,,,,,,,,,
77,77,,Miami PIS,,,,,Airport - Aircraft - Cargo - PIS,,,China,,Rooted Plant (including grafted),,Same as Shipper,118,4985,,,,,,5,,,,,,,,,,,,,,,
77,77,,Miami PIS,,,,,Airport - Aircraft - Cargo - PIS,,,Costa Rica,,Unrooted Cutting,,Plantas Ilimitadas ,1,3,,,,,,5,,,,,,,,,,,,,,,
78,78,,Miami PIS,,,,,Airport - Aircraft - Cargo - PIS,,,Brazil,,Unrooted Cutting,,INNOVAPLANT DE COSTA RICA,9,1875,,,,,,5,,,,,,,,,,,,,,,
78,78,,Los Angeles PIS,,,,,Airport - Aircraft - Cargo - PIS,,,China,,Rooted Plant (including grafted),,La Laguna Chichoj,31,54526,,,,,,19,,,,,,,,,,,,,,,
78,78,,Los Angeles PIS,,,,,Airport - Aircraft - Cargo - PIS,,,Guatemala,,Unrooted Plant,,INNOVA PLANT DE COSTA RICA SA,8,1404,,,,,,25,,,,,,,,,,,,,,,
78,78,,Miami PIS,,,,,Airport - Aircraft - Cargo - PIS,,,Costa Rica,,Unrooted Cutting,,PREMIUM ORNAMENTALES DRACAENA,3,2238,,,,,,2,,,,,,,,,,,,,,,
78,78,,Los Angeles PIS,,,,,Airport - Aircraft - Cargo - PIS,,,China,,Unrooted Cutting,,Vita Farms 701,23,13073,,,,,,5,,,,,,,,,,,,,,,
78,78,,Miami PIS,,,,,Airport - Aircraft - Cargo - PIS,,,Guatemala,,Unrooted Cutting,,COOPEINDIA R.L. BOX 37-57 ,13,52878,,,,,,16,,,,,,,,,,,,,,,
78,78,,JFK PIS,,,,,Airport - Aircraft - Cargo - PIS,,,Indonesia,,Unrooted Plant,,VITRO PLUS CV,25,41630,,,,,,18,,,,,,,,,,,,,,,
78,78,,JFK PIS,,,,,Airport - Aircraft - Cargo - PIS,,,Thailand,,Rooted Plant (including grafted),,"Cactus Inter Co., LTD",2,7138,,,,,,3,,,,,,,,,,,,,,,
78,78,,Los Angeles PIS,,,,,Airport - Aircraft - Cargo - PIS,,,Guatemala,,Unrooted Cutting,,LAS LIMAS S A,17,9795,,,,,,19,,,,,,,,,,,,,,,
78,78,,Miami PIS,,,,,Airport - Aircraft - Cargo - PIS,,,Costa Rica,,Meristem or Callus Tissue Culture (micropropagated/in vitro culture),,TER LAAK AMERICAS SOCIEDAD ANONI,0,3985,,,,,,2,,,,,,,,,,,,,,,
78,78,,Los Angeles PIS,,,,,Airport - Aircraft - Cargo - PIS,,,El Salvador,,Rooted Plant (including grafted),,MORAZAN,18,24383,,,,,,8,,,,,,,,,,,,,,,
78,78,,Miami PIS,,,,,Airport - Aircraft - Cargo - PIS,,,Thailand,,Unrooted Cutting,,TUCAN EXPORTERS,64,22382,,,,,,4,,,,,,,,,,,,,,,
78,78,,Miami PIS,,,,,Airport - Aircraft - Cargo - PIS,,,Kenya,,Unrooted Cutting,,"Cactus Inter Co., LTD",86,95063,,,,,,27,,,,,,,,,,,,,,,
78,78,,Linden PIS,,,,,Airport - Aircraft - Cargo - PIS,,,Colombia,,Unrooted Plant,,"Industrias Agricolas Centro Americanas, S.A.",12,3566,,,,,,9,,,,,,,,,,,,,,,
78,78,,Miami PIS,,,,,Airport - Aircraft - Cargo - PIS,,,"Korea, South",,Unrooted Cutting,,Saad Assaf Flower Bulbs Nurseries,10,39100,,,,,,28,,,,,,,,,,,,,,,
78,78,,Miami PIS,,,,,Airport - Aircraft - Cargo - PIS,,,Costa Rica,,Rooted Plant (including grafted),,ALL GREENS COSTA RICA SA,3,8504,,,,,,10,,,,,,,,,,,,,,,
78,78,,Los Angeles PIS,,,,,Airport - Aircraft - Cargo - PIS,,,Kenya,,Unrooted Cutting,,SUNSHINE HORTICULTURE CO,8,393217,,,,,,19,,,,,,,,,,,,,,,
78,78,,Beltsville PIS,,,,,Airport - Aircraft - Express Carrier - PIS,,,Costa Rica,,Unrooted Cutting,,ZACATE ORNAMENTAL Y DECORATIVO S.A.,7,5514,,,,,,24,,,,,,,,,,,,,,,
78,78,,Atlanta PIS,,,,,Airport - Aircraft - Cargo - PIS,,,Nicaragua,,Unrooted Cutting,,STK ORCHID NURSERY,62,48619,,,,,,3,,,,,,,,,,,,,,,
78,78,,Linden PIS,,,,,Airport - Aircraft - Cargo - PIS,,,Costa Rica,,Meristem or Callus Tissue Culture (micropropagated/in vitro culture),,Cerca del Paraiso ,1,14,,,,,,15,,,,,,,,,,,,,,,
78,78,,Miami PIS,,,,,Airport - Aircraft - Cargo - PIS,,,Costa Rica,,Unrooted Cutting,,PLANTAS Y FLORES  ORNAMENTALES,448,6947,,,,,,13,,,,,,,,,,,,,,,
78,78,,San Diego PIS,,,,,Airport - Aircraft - Cargo - PIS,,,Guatemala,,Unrooted Cutting,,Same as Shipper,1,63,,,,,,14,,,,,,,,,,,,,,,
78,78,,Miami PIS,,,,,Airport - Aircraft - Cargo - PIS,,,Sri Lanka,,Meristem or Callus Tissue Culture (micropropagated/in vitro culture),,COOPEINDIA R.L. BOX 37-57 ,3,1445,,,,,,5,,,,,,,,,,,,,,,
78,78,,Miami PIS,,,,,Airport - Aircraft - Cargo - PIS,,,Costa Rica,,Unrooted Plant,,PALMAS S DE RL,0,11134,,,,,,7,,,,,,,,,,,,,,,
78,78,,Miami PIS,,,,,Maritime Port - Vessel - Cargo - PIS,,,Thailand,,Rooted Cutting (including air layer),,Soloverde Limitada,6,472,,,,,,14,,,,,,,,,,,,,,,
79,79,,Atlanta PIS,,,,,Airport - Aircraft - Cargo - PIS,,,Japan,,Unrooted Cutting,,INNOVA PLANT,29,219078,,,,,,2,,,,,,,,,,,,,,,
79,79,,Orlando PIS,,,,,Airport - Aircraft - Cargo - PIS,,,Brazil,,Unrooted Cutting,,Not Selected,121,21,,,,,,22,,,,,,,,,,,,,,,
79,79,,Miami PIS,,,,,Airport - Aircraft - Cargo - PIS,,,China,,Rooted Plant (including grafted),,Wirote Makmoon,5,5434,,,,,,23,,,,,,,,,,,,,,,
79,79,,Los Angeles PIS,,,,,Maritime Port - Vessel - Cargo - PIS,,,Thailand,,Unrooted Cutting,,Not Selected,1,2,,,,,,13,,,,,,,,,,,,,,,
79,79,,Atlanta PIS,,,,,Maritime Port - Vessel - Cargo - PIS,,,Netherlands,,"Root cutting, crown, or clump, Tuberous Root",,BOTANIKA S.A.,4,747,,,,,,22,,,,,,,,,,,,,,,
79,79,,Orlando PIS,,,,,Airport - Aircraft - Cargo - PIS,,,Costa Rica,,Meristem or Callus Tissue Culture (micropropagated/in vitro culture),,LAS LIMAS S A,0,22975,,,,,,16,,,,,,,,,,,,,,,
79,79,,Miami PIS,,,,,Airport - Aircraft - Cargo - PIS,,,Taiwan,,Meristem or Callus Tissue Culture (micropropagated/in vitro culture),,QUELETZU S.A.,166,28639,,,,,,1,,,,,,,,,,,,,,,
79,79,,Miami PIS,,,,,Maritime Port - Vessel - Cargo - PIS,,,Costa Rica,,Rooted Plant (including grafted),,INNOVAPLANT DE COSTA RICA,41,45448,,,,,,2,,,,,,,,,,,,,,,
79,79,,Miami PIS,,,,,Airport - Aircraft - Cargo - PIS,,,Zimbabwe,,Unrooted Cutting,,Mr. Wirote Makmoon,22,42104,,,,,,20,,,,,,,,,,,,,,,
79,79,,Miami PIS,,,,,Airport - Aircraft - Cargo - PIS,,,Guatemala,,Unrooted Cutting,,Not Selected,28,34068,,,,,,27,,,,,,,,,,,,,,,
79,79,,JFK PIS,,,,,Airport - Aircraft - Cargo - PIS,,,Thailand,,Rooted Cutting (including air layer),,FOSHAN SHUNDE SUPERIOR TRADE CO,18,51963,,,,,,17,,,,,,,,,,,,,,,
79,79,,Beltsville PIS,,,,,Airport - Aircraft - Cargo - PIS,,,Dominican Republic,,Unrooted Cutting,,SAPO VERDE box 8001,2,32002,,,,,,20,,,,,,,,,,,,,,,
79,79,,Atlanta PIS,,,,,Airport - Aircraft - Cargo - PIS,,,Costa Rica,,Rooted Plant (including grafted),,BEAUTY LINE,4,1523,,,,,,14,,,,,,,,,,,,,,,
79,79,,Miami PIS,,,,,Airport - Aircraft - Cargo - PIS,,,Guatemala,,Rooted Plant (including grafted),,VIVEROS INTERNACIONALES SA DE CV,12,520,,,,,,13,,,,,,,,,,,,,,,
79,79,,Miami PIS,,,,,Airport - Aircraft - Cargo - PIS,,,Taiwan,,Meristem or Callus Tissue Culture (micropropagated/in vitro culture),,Same as Shipper,6,32823,,,,,,6,,,,,,,,,,,,,,,
79,79,,JFK PIS,,,,,Airport - Aircraft - Cargo - PIS,,,Costa Rica,,Unrooted Cutting,,AGROPECUARIA PENIEL (GUATEXOTIC),63,14320,,,,,,15,,,,,,,,,,,,,,,
79,79,,Miami PIS,,,,,Airport - Aircraft - Cargo - PIS,,,Netherlands,,Rooted Cutting (including air layer),,"TROPI PLANTS,S.A.",42,39545,,,,,,28,,,,,,,,,,,,,,,
79,79,,Miami PIS,,,,,Airport - Aircraft - Cargo - PIS,,,China,,Unrooted Cutting,,TURRIPLANTAS S.A. BOXES 130-131,14,6464,,,,,,5,,,,,,,,,,,,,,,
79,79,,Miami PIS,,,,,Airport - Aircraft - Cargo - PIS,,,Costa Rica,,Rooted Cutting (including air layer),,Same as Shipper,0,781,,,,,,23,,,,,,,,,,,,,,,
79,79,,Los Angeles PIS,,,,,Airport - Aircraft - Express Carrier - PIS,,,South Africa,,"Bulb, Corm, Rhizome, Tuberous Stem",,FIDES GUATEMALA SA,28,337,,,,,,24,,,,,,,,,,,,,,,
79,79,,Miami PIS,,,,,Maritime Port - Vessel - Cargo - PIS,,,Japan,,Unrooted Cutting,,Kantapat Kaewpradith,61,90458,,,,,,3,,,,,,,,,,,,,,,
79,79,,Miami PIS,,,,,Airport - Aircraft - Cargo - PIS,,,El Salvador,,Unrooted Cutting,,ALL GREEN COSTA RICA,117,290187,,,,,,24,,,,,,,,,,,,,,,
79,79,,Houston PIS,,,,,Airport - Aircraft - Cargo - PIS,,,Thailand,,Rooted Plant (including grafted),,KENYA CUTTINGS LIMITED,1,721,,,,,,2,,,,,,,,,,,,,,,
79,79,,Miami PIS,,,,,Airport - Aircraft - Cargo - PIS,,,Costa Rica,,Unrooted Cutting,,LA FLORESTA ORNAMENTALES S.A.,9,1592,,,,,,19,,,,,,,,,,,,,,,
79,79,,Miami PIS,,,,,Airport - Aircraft - Cargo - PIS,,,Poland,,Rooted Cutting (including air layer),,VITA FARMS.S.A,2,2685,,,,,,18,,,,,,,,,,,,,,,
80,80,,Beltsville PIS,,,,,Maritime Port - Vessel - Cargo - PIS,,,China,,Rooted Plant (including grafted),,BERKAH MELANO INDONESIA,18,10514,,,,,,26,,,,,,,,,,,,,,,
80,80,,Miami PIS,,,,,Airport - Aircraft - Cargo - PIS,,,Dominican Republic,,Rooted Plant (including grafted),,EXPORTADORA IMPERIO VERDE,4,16046,,,,,,1,,,,,,,,,,,,,,,
80,80,,Atlanta PIS,,,,,Airport - Aircraft - Cargo - PIS,,,Costa Rica,,Meristem or Callus Tissue Culture (micropropagated/in vitro culture),,PLANT SOURCE INTERNATIONAL MEXIC,1,4152,,,,,,16,,,,,,,,,,,,,,,
80,80,,Miami PIS,,,,,Airport - Aircraft - Cargo - PIS,,,Mexico,,Rooted Cutting (including air layer),,Not Selected,11,15968,,,,,,28,,,,,,,,,,,,,,,
80,80,,Los Angeles PIS,,,,,Airport - Aircraft - Cargo - PIS,,,Taiwan,,Rooted Plant (including grafted),,VIVERO INTERNATIONAL 1140,8,1871,,,,,,19,,,,,,,,,,,,,,,
80,80,,Miami PIS,,,,,Airport - Aircraft - Cargo - PIS,,,Costa Rica,,Meristem or Callus Tissue Culture (micropropagated/in vitro culture),,MUNDIFLORA FARM,12,5679,,,,,,16,,,,,,,,,,,,,,,
80,80,,Miami PIS,,,,,Airport - Aircraft - Cargo - PIS,,,Malaysia,,Unrooted Cutting,,Same as Shipper,6,4580,,,,,,8,,,,,,,,,,,,,,,
80,80,,Miami PIS,,,,,Airport - Aircraft - Cargo - PIS,,,Philippines,,Meristem or Callus Tissue Culture (micropropagated/in vitro culture),,Not Selected,3,10154,,,,,,2,,,,,,,,,,,,,,,
80,80,,Los Angeles PIS,,,,,Airport - Aircraft - Cargo - PIS,,,Costa Rica,,Rooted Plant (including grafted),,COOPEINDIA R.L. Box 7-10,0,15,,,,,,11,,,,,,,,,,,,,,,
80,80,,Miami PIS,,,,,Airport - Aircraft - Cargo - PIS,,,China,,Unrooted Cutting,,IVAGRO SA,22,27010,,,,,,7,,,,,,,,,,,,,,,
80,80,,Linden PIS,,,,,Airport - Aircraft - Cargo - PIS,,,Thailand,,Rooted Cutting (including air layer),,KAPOK PLANTAS,176,12629,,,,,,24,,,,,,,,,,,,,,,
80,80,,Miami PIS,,,,,Airport - Aircraft - Cargo - PIS,,,China,,"Bulb, Corm, Rhizome, Tuberous Stem",,"Wilberth Gonzalez Villegas, S.A.",1,87,,,,,,25,,,,,,,,,,,,,,,
80,80,,Miami PIS,,,,,Airport - Aircraft - Cargo - PIS,,,Guatemala,,Unrooted Cutting,,Ornamentales Sapo Verde 5 boxes,0,59,,,,,,16,,,,,,,,,,,,,,,
80,80,,Miami PIS,,,,,Airport - Aircraft - Cargo - PIS,,,Thailand,,Unrooted Cutting,,KAPOK PLANTS S A,7,108,,,,,,2,,,,,,,,,,,,,,,
80,80,,Miami PIS,,,,,Airport - Aircraft - Cargo - PIS,,,Costa Rica,,Unrooted Cutting,,IVAGRO SA 2450 (1-91),1,25,,,,,,18,,,,,,,,,,,,,,,
80,80,,Miami PIS,,,,,Airport - Aircraft - Cargo - PIS,,,Mexico,,Unrooted Plant,,DONGGUAN,1,11,,,,,,6,,,,,,,,,,,,,,,
80,80,,Houston PIS,,,,,Airport - Aircraft - Cargo - PIS,,,China,,Rooted Plant (including grafted),,THREETHAWAT PHRAESIWAROJ,1,2928,,,,,,12,,,,,,,,,,,,,,,
80,80,,Linden PIS,,,,,Airport - Aircraft - Cargo - PIS,,,Mexico,,Unrooted Plant,,Cerca del Paraiso ,11,14513,,,,,,14,,,,,,,,,,,,,,,
80,80,,Miami PIS,,,,,Maritime Port - Vessel - Cargo - PIS,,,Guatemala,,Unrooted Cutting,,COSTA FARMS,3,9498,,,,,,23,,,,,,,,,,,,,,,
80,80,,Miami PIS,,,,,Airport - Aircraft - Cargo - PIS,,,Taiwan,,Unrooted Cutting,,INNOVAPLANT DE COSTA RICA,6,31600,,,,,,4,,,,,,,,,,,,,,,
80,80,,Miami PIS,,,,,Maritime Port - Vessel - Cargo - PIS,,,Dominican Republic,,Unrooted Plant,,Mr. Wirote Makmoon,18,181240,,,,,,17,,,,,,,,,,,,,,,
80,80,,Los Angeles PIS,,,,,Airport - Aircraft - Cargo - PIS,,,Costa Rica,,Rooted Cutting (including air layer),,Jeffry Jimenez ,1,176157,,,,,,12,,,,,,,,,,,,,,,
80,80,,Miami PIS,,,,,Airport - Aircraft - Cargo - PIS,,,China,,Unrooted Plant,,KARN PATCHAM,2,12671,,,,,,5,,,,,,,,,,,,,,,
80,80,,JFK PIS,,,,,Airport - Aircraft - Cargo - PIS,,,Costa Rica,,Meristem or Callus Tissue Culture (micropropagated/in vitro culture),,PLANT INVESTMENTS SOCIEDAD ANONI,2,4642,,,,,,11,,,,,,,,,,,,,,,
80,80,,Linden PIS,,,,,Airport - Aircraft - Cargo - PIS,,,Thailand,,Meristem or Callus Tissue Culture (micropropagated/in vitro culture),,Not Selected,1,33751,,,,,,7,,,,,,,,,,,,,,,
81,81,,Miami PIS,,,,,Maritime Port - Vessel - Cargo - PIS,,,Mexico,,Rooted Cutting (including air layer),,KAPOK PLANTAS SA,29,23528,,,,,,10,,,,,,,,,,,,,,,
81,81,,Los Angeles PIS,,,,,Airport - Aircraft - Cargo - PIS,,,Costa Rica,,Unrooted Cutting,,Ornamentales Sapo Verde Box 212-324,8,34196,,,,,,18,,,,,,,,,,,,,,,
81,81,,Houston PIS,,,,,Airport - Aircraft - Cargo - PIS,,,Guatemala,,Rooted Plant (including grafted),,AGRIGENTUM S A,1,6793,,,,,,26,,,,,,,,,,,,,,,
81,81,,Linden PIS,,,,,Airport - Aircraft - Cargo - PIS,,,El Salvador,,Rooted Plant (including grafted),,Vita Farms 1701,10,10688,,,,,,15,,,,,,,,,,,,,,,
81,81,,Atlanta PIS,,,,,Airport - Aircraft - Cargo - PIS,,,Mexico,,Unrooted Plant,,Same as Shipper,1,42,,,,,,22,,,,,,,,,,,,,,,
81,81,,Atlanta PIS,,,,,Airport - Aircraft - Cargo - PIS,,,Mexico,,Unrooted Cutting,,AGRO MARIA LINDA S. A.,18,74706,,,,,,7,,,,,,,,,,,,,,,
81,81,,Linden PIS,,,,,Airport - Aircraft - Cargo - PIS,,,Netherlands,,Rooted Plant (including grafted),,ZHANGZHOU RICH LINK TRADING CO  LTD,7,6593,,,,,,25,,,,,,,,,,,,,,,
81,81,,Miami PIS,,,,,Airport - Aircraft - Cargo - PIS,,,China,,Rooted Plant (including grafted),,COOPERATIVA AGRICOLA REGIONAL Box 15-20,276,300504,,,,,,28,,,,,,,,,,,,,,,
81,81,,Miami PIS,,,,,Airport - Aircraft - Cargo - PIS,,,China,,Unrooted Cutting,,ORNAMENTALES LA CIMA S.A.,50,1840,,,,,,3,,,,,,,,,,,,,,,
81,81,,Miami PIS,,,,,Maritime Port - Vessel - Cargo - PIS,,,Indonesia,,Rooted Plant (including grafted),,ORNAMENTALES SAPO VERDE BOX 601-605,196,1363545,,,,,,15,,,,,,,,,,,,,,,
81,81,,Atlanta PIS,,,,,Airport - Aircraft - Cargo - PIS,,,Netherlands,,Unrooted Cutting,,ORNAMENTALES SAPO VERDE Box 401-402,10,19777,,,,,,16,,,,,,,,,,,,,,,
81,81,,Miami PIS,,,,,Airport - Aircraft - Cargo - PIS,,,Nicaragua,,Unrooted Cutting,,Ana Yancy Rodriquez Salazar ,29,100978,,,,,,4,,,,,,,,,,,,,,,
81,81,,Miami PIS,,,,,Airport - Aircraft - Cargo - PIS,,,Guatemala,,Unrooted Plant,,Same as Shipper,4,6583,,,,,,18,,,,,,,,,,,,,,,
81,81,,Miami PIS,,,,,Airport - Aircraft - Cargo - PIS,,,Thailand,,Meristem or Callus Tissue Culture (micropropagated/in vitro culture),,EXPORTACIONES DE PRODUCTOS GUATE,3,894,,,,,,7,,,,,,,,,,,,,,,
81,81,,Miami PIS,,,,,Airport - Aircraft - Cargo - PIS,,,Peru,,Unrooted Cutting,,ORNAMENTALES LA CIMA S.A.,7,1120,,,,,,25,,,,,,,,,,,,,,,
81,81,,Miami PIS,,,,,Airport - Aircraft - Cargo - PIS,,,Guatemala,,Rooted Plant (including grafted),,INNOVAPLANT DE COSTA RICA,1,1233,,,,,,27,,,,,,,,,,,,,,,
81,81,,JFK PIS,,,,,Airport - Aircraft - Cargo - PIS,,,France,,Rooted Plant (including grafted),,Costa Farms LLC,21,73167,,,,,,17,,,,,,,,,,,,,,,
81,81,,Miami PIS,,,,,Airport - Aircraft - Cargo - PIS,,,Costa Rica,,Meristem or Callus Tissue Culture (micropropagated/in vitro culture),,BLOOM SPOT,0,413,,,,,,26,,,,,,,,,,,,,,,
81,81,,Miami PIS,,,,,Airport - Aircraft - Cargo - PIS,,,Costa Rica,,Rooted Plant (including grafted),,INDUSTRIAS AGRICOLAS CENTRO AMER,1,684,,,,,,24,,,,,,,,,,,,,,,
81,81,,Miami PIS,,,,,Airport - Aircraft - Cargo - PIS,,,Guatemala,,Rooted Plant (including grafted),,PATTIDA THONGMAA,5,7247,,,,,,6,,,,,,,,,,,,,,,
81,81,,Miami PIS,,,,,Airport - Aircraft - Cargo - PIS,,,Taiwan,,Unrooted Cutting,,Not Selected,0,2,,,,,,6,,,,,,,,,,,,,,,
81,81,,Los Angeles PIS,,,,,Maritime Port - Vessel - Cargo - PIS,,,El Salvador,,Rooted Plant (including grafted),,FERTIPLANT B.V. IMPORT-EXPORT BOXES 1-8,4,3931,,,,,,7,,,,,,,,,,,,,,,
81,81,,Los Angeles PIS,,,,,Airport - Aircraft - Cargo - PIS,,,Dominican Republic,,Meristem or Callus Tissue Culture (micropropagated/in vitro culture),,"ZHANGZHOU SPRING SUNSHINE, IMPORT   EXPORT TRADE CO.LTD",4,1722,,,,,,8,,,,,,,,,,,,,,,
81,81,,Miami PIS,,,,,Maritime Port - Vessel - Cargo - PIS,,,El Salvador,,Unrooted Cutting,,SKYPLANT COSTA RICA,5,9953,,,,,,23,,,,,,,,,,,,,,,
81,81,,Miami PIS,,,,,Airport - Aircraft - Cargo - PIS,,,Guatemala,,"Bulb, Corm, Rhizome, Tuberous Stem",,CV Aestetich Greenery Nusantara,256,330744,,,,,,20,,,,,,,,,,,,,,,
82,82,,Linden PIS,,,,,Maritime Port - Vessel - Cargo - PIS,,,Mexico,,Rooted Cutting (including air layer),,NICALAAS J. SCHOENMAKER E OUTROS,21,10030,,,,,,24,,,,,,,,,,,,,,,
82,82,,Miami PIS,,,,,Airport - Aircraft - Cargo - PIS,,,Dominican Republic,,Unrooted Cutting,,Not Selected,11,7027,,,,,,1,,,,,,,,,,,,,,,
82,82,,Los Angeles PIS,,,,,Airport - Aircraft - Cargo - PIS,,,Dominican Republic,,Unrooted Cutting,,COSTA FAMRS LLC,8,8,,,,,,23,,,,,,,,,,,,,,,
82,82,,Miami PIS,,,,,Airport - Aircraft - Cargo - PIS,,,Taiwan,,Unrooted Cutting,,ZIMFLORA  PVT  LTD,9,18019,,,,,,21,,,,,,,,,,,,,,,
82,82,,JFK PIS,,,,,Airport - Aircraft - Cargo - PIS,,,China,,Rooted Cutting (including air layer),,DARWIN COLOMBIA S.A.S,5,12388,,,,,,16,,,,,,,,,,,,,,,
82,82,,Miami PIS,,,,,Airport - Aircraft - Cargo - PIS,,,Costa Rica,,Rooted Plant (including grafted),,Innovaplant de Costa Rica TC,10,23375,,,,,,12,,,,,,,,,,,,,,,
82,82,,Miami PIS,,,,,Airport - Aircraft - Cargo - PIS,,,China,,Unrooted Cutting,,VIVERO INTERNACIONAL S.A. DE C.V.,0,118955,,,,,,26,,,,,,,,,,,,,,,
82,82,,Los Angeles PIS,,,,,Maritime Port - Vessel - Cargo - PIS,,,Guatemala,,Unrooted Cutting,,Allaboutcactus Nursery,54,14163,,,,,,16,,,,,,,,,,,,,,,
82,82,,Linden PIS,,,,,Airport - Aircraft - Cargo - PIS,,,Thailand,,Rooted Plant (including grafted),,T C INTER LIMITED PARTNERSHIP,7,36,,,,,,10,,,,,,,,,,,,,,,
82,82,,Los Angeles PIS,,,,,Airport - Aircraft - Cargo - PIS,,,Costa Rica,,Meristem or Callus Tissue Culture (micropropagated/in vitro culture),,ARCO IRIS DEL CARIBE SA,33,15711,,,,,,12,,,,,,,,,,,,,,,
82,82,,Miami PIS,,,,,Airport - Aircraft - Cargo - PIS,,,Guatemala,,"Bulb, Corm, Rhizome, Tuberous Stem",,BEAUTY LINE GUATEMALA,11,62238,,,,,,4,,,,,,,,,,,,,,,
82,82,,Atlanta PIS,,,,,Airport - Aircraft - Cargo - PIS,,,Guatemala,,Unrooted Cutting,,CV KEBUN MAJU BERSAMA,0,55,,,,,,16,,,,,,,,,,,,,,,
82,82,,Honolulu PIS,,,,,Airport - Aircraft - Cargo - PIS,,,Costa Rica,,Unrooted Cutting,,Not Selected,21,52324,,,,,,9,,,,,,,,,,,,,,,
82,82,,Atlanta PIS,,,,,Maritime Port - Vessel - Cargo - PIS,,,Taiwan,,Unrooted Cutting,,Same as Shipper,2,12794,,,,,,25,,,,,,,,,,,,,,,
82,82,,Atlanta PIS,,,,,Maritime Port - Vessel - Cargo - PIS,,,Italy,,Rooted Plant (including grafted),,PLANTAS Y FLORES ORNAMENTALES CABH S.A,0,176,,,,,,1,,,,,,,,,,,,,,,
82,82,,Miami PIS,,,,,Airport - Aircraft - Cargo - PIS,,,Nicaragua,,Unrooted Plant,,GILBERTO MERINO,181,72412,,,,,,25,,,,,,,,,,,,,,,
82,82,,Beltsville PIS,,,,,Airport - Aircraft - Cargo - PIS,,,Costa Rica,,Rooted Plant (including grafted),,Phormiums Exporter S.A. 3 box,47,12894,,,,,,17,,,,,,,,,,,,,,,
82,82,,Miami PIS,,,,,Airport - Aircraft - Cargo - PIS,,,Guatemala,,Rooted Cutting (including air layer),,LA FLORESTA ORNAMENTALES S.A.,136,18,,,,,,19,,,,,,,,,,,,,,,
82,82,,Miami PIS,,,,,Airport - Aircraft - Cargo - PIS,,,Costa Rica,,Unrooted Cutting,,Same as Shipper,13,290,,,,,,6,,,,,,,,,,,,,,,
82,82,,Atlanta PIS,,,,,Maritime Port - Vessel - Cargo - PIS,,,Costa Rica,,Unrooted Cutting,,Not Selected,10,7590,,,,,,10,,,,,,,,,,,,,,,
82,82,,Atlanta PIS,,,,,Airport - Aircraft - Cargo - PIS,,,Netherlands,,"Bulb, Corm, Rhizome, Tuberous Stem",,"Wilberth Gonzalez Villegas, S.A.",2,871,,,,,,3,,,,,,,,,,,,,,,
82,82,,Miami PIS,,,,,Airport - Aircraft - Cargo - PIS,,,China,,Unrooted Cutting,,VITA FARMS Box 6501-6513,88,41927,,,,,,12,,,,,,,,,,,,,,,
82,82,,Miami PIS,,,,,Airport - Aircraft - Cargo - PIS,,,Indonesia,,Rooted Cutting (including air layer),,LAS LIMAS,13,4954,,,,,,17,,,,,,,,,,,,,,,
82,82,,Nogales PIS,,,,,Airport - Aircraft - Cargo - PIS,,,Costa Rica,,Rooted Plant (including grafted),,INDUSTRIAS AGRICOLAS 23-32,80,44631,,,,,,5,,,,,,,,,,,,,,,
82,82,,Miami PIS,,,,,Airport - Aircraft - Express Carrier - PIS,,,Canada,,Rooted Plant (including grafted),,VITA Farms Box 2301-2339,13,37246,,,,,,7,,,,,,,,,,,,,,,
83,83,,Los Angeles PIS,,,,,Maritime Port - Vessel - Cargo - PIS,,,Mexico,,Rooted Plant (including grafted),,M Y M PRODUCTORES S.A.,2,18411,,,,,,6,,,,,,,,,,,,,,,
83,83,,Miami PIS,,,,,Airport - Aircraft - Cargo - PIS,,,Guatemala,,Unrooted Cutting,,PLAIFA SETPUKDEE,220,567512,,,,,,2,,,,,,,,,,,,,,,
83,83,,Miami PIS,,,,,Airport - Aircraft - Cargo - PIS,,,Mexico,,Rooted Plant (including grafted),,ORQUIDEAS SANTO DOMINGO S.R.L,14,11799,,,,,,13,,,,,,,,,,,,,,,
83,83,,Miami PIS,,,,,Airport - Aircraft - Cargo - PIS,,,Mexico,,Unrooted Cutting,,SUNSHINE HORTICULTURE CO LTD,0,19,,,,,,19,,,,,,,,,,,,,,,
83,83,,Linden PIS,,,,,Airport - Aircraft - Cargo - PIS,,,China,,Meristem or Callus Tissue Culture (micropropagated/in vitro culture),,SAPO VERDE 9001,0,33,,,,,,11,,,,,,,,,,,,,,,
83,83,,Miami PIS,,,,,Airport - Aircraft - Cargo - PIS,,,Costa Rica,,Unrooted Cutting,,TER LAAK AMERICAS SOCIEDAD ANONI,4,299,,,,,,21,,,,,,,,,,,,,,,
83,83,,JFK PIS,,,,,Airport - Aircraft - Cargo - PIS,,,Netherlands,,Unrooted Cutting,,VIVERO LAS GARDENIAS,36,57480,,,,,,11,,,,,,,,,,,,,,,
83,83,,Miami PIS,,,,,Airport - Aircraft - Cargo - PIS,,,Thailand,,Rooted Plant (including grafted),,Mr. Wirote Makmoon,4,12321,,,,,,27,,,,,,,,,,,,,,,
83,83,,Miami PIS,,,,,Airport - Aircraft - Cargo - PIS,,,Viet Nam,,Rooted Plant (including grafted),,"Zhanjiang Yongxing Import and Export Trade Co., LTD.",22,64446,,,,,,22,,,,,,,,,,,,,,,
83,83,,Miami PIS,,,,,Airport - Aircraft - Cargo - PIS,,,Mexico,,Meristem or Callus Tissue Culture (micropropagated/in vitro culture),,COOPERATIVA AGRICOLA REGIONAL DE Box 25-27,26,6504,,,,,,14,,,,,,,,,,,,,,,
83,83,,Los Indios PIS,,,,,Airport - Aircraft - Cargo - PIS,,,Costa Rica,,Unrooted Plant,,VITA FARMS S.A. BOXES 010-038 & 090-093 & 039-062,6,727,,,,,,5,,,,,,,,,,,,,,,
83,83,,Miami PIS,,,,,Maritime Port - Vessel - Cargo - PIS,,,Taiwan,,Unrooted Cutting,,BEAUTY LINE GUATEMALA,6,7355,,,,,,7,,,,,,,,,,,,,,,
83,83,,Miami PIS,,,,,Airport - Aircraft - Cargo - PIS,,,Thailand,,Rooted Plant (including grafted),,VITRO PLUS BOX 1-4,1,917,,,,,,23,,,,,,,,,,,,,,,
83,83,,Miami PIS,,,,,Airport - Aircraft - Cargo - PIS,,,Guatemala,,Unrooted Cutting,,Anita Salazar Avila,0,416,,,,,,6,,,,,,,,,,,,,,,
83,83,,Atlanta PIS,,,,,Airport - Aircraft - Cargo - PIS,,,Thailand,,Unrooted Plant,,"PLANTAS ILIMITADAS, SOCIEDAD ANONIM",168,109204,,,,,,20,,,,,,,,,,,,,,,
83,83,,Miami PIS,,,,,Maritime Port - Vessel - Cargo - PIS,,,Guatemala,,Unrooted Plant,,LA FLORESTA ORNAMENTALES S.A.,16,347,,,,,,25,,,,,,,,,,,,,,,
83,83,,Miami PIS,,,,,Airport - Aircraft - Cargo - PIS,,,Guatemala,,Unrooted Cutting,,Not Selected,0,3927,,,,,,17,,,,,,,,,,,,,,,
83,83,,Miami PIS,,,,,Airport - Aircraft - Cargo - PIS,,,Guatemala,,Unrooted Cutting,,The Pida,0,94,,,,,,24,,,,,,,,,,,,,,,
83,83,,Los Angeles PIS,,,,,Airport - Aircraft - Cargo - PIS,,,Thailand,,Rooted Plant (including grafted),,TUCAN EXPORTERS,11,24788,,,,,,9,,,,,,,,,,,,,,,
83,83,,Miami PIS,,,,,Airport - Aircraft - Cargo - PIS,,,Guatemala,,Unrooted Cutting,,EDEN GARDEN FOR EXOTIC,5,281230,,,,,,16,,,,,,,,,,,,,,,
83,83,,Miami PIS,,,,,Airport - Aircraft - Express Carrier - PIS,,,India,,Rooted Cutting (including air layer),,AGROPECUARIA PENIEL SA,81,547151,,,,,,11,,,,,,,,,,,,,,,
83,83,,Miami PIS,,,,,Airport - Aircraft - Cargo - PIS,,,Taiwan,,Unrooted Plant,,Same as Shipper,38,561517,,,,,,20,,,,,,,,,,,,,,,
83,83,,Miami PIS,,,,,Airport - Aircraft - Cargo - PIS,,,Dominican Republic,,Unrooted Cutting,,TUCAN EXPORT BOX 1-57,54,16323,,,,,,4,,,,,,,,,,,,,,,
83,83,,Miami PIS,,,,,Airport - Aircraft - Cargo - PIS,,,Thailand,,Meristem or Callus Tissue Culture (micropropagated/in vitro culture),,Thanawit Pechmit,11,978,,,,,,24,,,,,,,,,,,,,,,
83,83,,Seattle PIS,,,,,Airport - Aircraft - Cargo - PIS,,,Netherlands,,Rooted Cutting (including air layer),,Ornamentales Sapo Verde 501,0,25,,,,,,1,,,,,,,,,,,,,,,
84,84,,Atlanta PIS,,,,,Airport - Aircraft - Cargo - PIS,,,Costa Rica,,Rooted Plant (including grafted),,KREERAT MANEECHOTT,15,4222,,,,,,1,,,,,,,,,,,,,,,
84,84,,JFK PIS,,,,,Airport - Aircraft - Cargo - PIS,,,Costa Rica,,Unrooted Cutting,,IVAGRO S.A. BOX 1-11,4,3532,,,,,,10,,,,,,,,,,,,,,,
84,84,,Los Angeles PIS,,,,,Airport - Aircraft - Cargo - PIS,,,Netherlands,,Unrooted Cutting,,Same as Shipper,0,14,,,,,,7,,,,,,,,,,,,,,,
84,84,,Miami PIS,,,,,Airport - Aircraft - Cargo - PIS,,,Taiwan,,Unrooted Cutting,,Kantapat Kaewpradith,36,36758,,,,,,21,,,,,,,,,,,,,,,
84,84,,Linden PIS,,,,,Airport - Aircraft - Cargo - PIS,,,Brazil,,Unrooted Cutting,,INNOVAPLANT DE COSTA RICA,146,978472,,,,,,16,,,,,,,,,,,,,,,
84,84,,Miami PIS,,,,,Airport - Aircraft - Cargo - PIS,,,Poland,,Unrooted Cutting,,FLORICULTURA Y CIA LTDA,33,32593,,,,,,2,,,,,,,,,,,,,,,
84,84,,Miami PIS,,,,,Airport - Aircraft - Cargo - PIS,,,Taiwan,,Unrooted Cutting,,TUCAN EXPORTERS,40,14,,,,,,2,,,,,,,,,,,,,,,
84,84,,Miami PIS,,,,,Airport - Aircraft - Cargo - PIS,,,India,,"Root cutting, crown, or clump, Tuberous Root",,Not Selected,122,77284,,,,,,8,,,,,,,,,,,,,,,
84,84,,Atlanta PIS,,,,,Airport - Aircraft - Cargo - PIS,,,Costa Rica,,Unrooted Cutting,,ANTHO ORNAMENTALES SA box 1-10,21,379,,,,,,15,,,,,,,,,,,,,,,
84,84,,Atlanta PIS,,,,,Airport - Aircraft - Cargo - PIS,,,Indonesia,,Unrooted Cutting,,COSTA FAMRS,24,155,,,,,,7,,,,,,,,,,,,,,,
84,84,,Seattle PIS,,,,,Airport - Aircraft - Cargo - PIS,,,Costa Rica,,"Root cutting, crown, or clump, Tuberous Root",,EXPORTADORA IMPERIO VERDE S.A.,40,22606,,,,,,4,,,,,,,,,,,,,,,
84,84,,Miami PIS,,,,,Airport - Aircraft - Cargo - PIS,,,Costa Rica,,Rooted Cutting (including air layer),,Same as Shipper,5,111695,,,,,,17,,,,,,,,,,,,,,,
84,84,,Los Indios PIS,,,,,Airport - Aircraft - Cargo - PIS,,,China,,Rooted Cutting (including air layer),,MICROPLANTAS S.A.,33,12331,,,,,,14,,,,,,,,,,,,,,,
84,84,,Miami PIS,,,,,Maritime Port - Vessel - Cargo - PIS,,,Guatemala,,Unrooted Plant,,GEOAGRO DE COSTA RICA,10,40776,,,,,,11,,,,,,,,,,,,,,,
84,84,,Miami PIS,,,,,Maritime Port - Vessel - Cargo - PIS,,,Mexico,,Rooted Plant (including grafted),,Ornamentales Sapo Verde Box 900-921,627,18563,,,,,,6,,,,,,,,,,,,,,,
84,84,,Miami PIS,,,,,Airport - Aircraft - Cargo - PIS,,,Sri Lanka,,Unrooted Plant,,SHENZEN TUOLI FLOWERS AND TREES,4,4677,,,,,,19,,,,,,,,,,,,,,,
84,84,,Atlanta PIS,,,,,Airport - Aircraft - Cargo - PIS,,,Thailand,,Unrooted Cutting,,LOS TARRALES S.A.,1,17767,,,,,,17,,,,,,,,,,,,,,,
84,84,,JFK PIS,,,,,Airport - Aircraft - Cargo - PIS,,,Taiwan,,Meristem or Callus Tissue Culture (micropropagated/in vitro culture),,Same as Shipper,38,48688,,,,,,5,,,,,,,,,,,,,,,
84,84,,Los Angeles PIS,,,,,Airport - Aircraft - Cargo - PIS,,,Guatemala,,Unrooted Plant,,PACHARA ORCHIDS INTERTRADE CO.LTD.,18,155929,,,,,,11,,,,,,,,,,,,,,,
84,84,,Atlanta PIS,,,,,Airport - Aircraft - Cargo - PIS,,,United Kingdom of Great Britain and N. Ireland,,Rooted Plant (including grafted),,Plantas Ornamentales de Costa Rica 1-15,3,39,,,,,,7,,,,,,,,,,,,,,,
84,84,,Miami PIS,,,,,Airport - Aircraft - Cargo - PIS,,,El Salvador,,Unrooted Cutting,,BEAUTY LINE GUATEMALA,0,7,,,,,,25,,,,,,,,,,,,,,,
84,84,,Los Angeles PIS,,,,,Airport - Aircraft - Cargo - PIS,,,"Korea, South",,Rooted Cutting (including air layer),,M Y M PRODUCTORES S A ,0,37,,,,,,7,,,,,,,,,,,,,,,
84,84,,Miami PIS,,,,,Airport - Aircraft - Cargo - PIS,,,Guatemala,,Unrooted Plant,,Jarad Sivipapong,5,43918,,,,,,5,,,,,,,,,,,,,,,
84,84,,Miami PIS,,,,,Airport - Aircraft - Cargo - PIS,,,Guatemala,,Unrooted Cutting,,POLDER CO LTD,0,2133,,,,,,23,,,,,,,,,,,,,,,
84,84,,Miami PIS,,,,,Airport - Aircraft - Cargo - PIS,,,Netherlands,,Unrooted Plant,,FOSACO CO LTD,0,2757,,,,,,21,,,,,,,,,,,,,,,
85,85,,Linden PIS,,,,,Airport - Aircraft - Cargo - PIS,,,Ecuador,,Unrooted Cutting,,BEAUTY LINE GUATEMALA S A,0,4,,,,,,14,,,,,,,,,,,,,,,
85,85,,Los Angeles PIS,,,,,Maritime Port - Vessel - Cargo - PIS,,,Uganda,,Unrooted Cutting,,Not Selected,3,51,,,,,,6,,,,,,,,,,,,,,,
85,85,,Miami PIS,,,,,Airport - Aircraft - Cargo - PIS,,,Costa Rica,,Meristem or Callus Tissue Culture (micropropagated/in vitro culture),,DARWIN COLOMBIA,36,19724,,,,,,16,,,,,,,,,,,,,,,
85,85,,Miami PIS,,,,,Airport - Aircraft - Cargo - PIS,,,Costa Rica,,"Root cutting, crown, or clump, Tuberous Root",,LAS LIMAS  SA,0,1017,,,,,,5,,,,,,,,,,,,,,,
85,85,,Miami PIS,,,,,Maritime Port - Vessel - Cargo - PIS,,,El Salvador,,Rooted Plant (including grafted),,CHING HUA ORCHIDS CO LTD.,15,84111,,,,,,13,,,,,,,,,,,,,,,
85,85,,Miami PIS,,,,,Airport - Aircraft - Cargo - PIS,,,Mexico,,"Bulb, Corm, Rhizome, Tuberous Stem",,FERTIPLANT BV.,95,184496,,,,,,13,,,,,,,,,,,,,,,
85,85,,JFK PIS,,,,,Airport - Aircraft - Cargo - PIS,,,Kenya,,Unrooted Cutting,,INNOVAPLANT DE COSTA RICA,79,1588,,,,,,26,,,,,,,,,,,,,,,
85,85,,Beltsville PIS,,,,,Airport - Aircraft - Cargo - PIS,,,Thailand,,Unrooted Cutting,,Cactus Inter Co. ,1,47,,,,,,26,,,,,,,,,,,,,,,
85,85,,Miami PIS,,,,,Maritime Port - Vessel - Cargo - PIS,,,Portugal,,Rooted Plant (including grafted),,DARWIN COLOMBIA SAS,1,161,,,,,,23,,,,,,,,,,,,,,,
85,85,,Los Angeles PIS,,,,,Airport - Aircraft - Cargo - PIS,,,Thailand,,Rooted Cutting (including air layer),,Same as Shipper,9,1967,,,,,,12,,,,,,,,,,,,,,,
85,85,,Miami PIS,,,,,Airport - Aircraft - Cargo - PIS,,,Mexico,,Unrooted Cutting,,GUATEXOTIC,84,34737,,,,,,14,,,,,,,,,,,,,,,
85,85,,Los Angeles PIS,,,,,Airport - Aircraft - Cargo - PIS,,,Mexico,,Rooted Plant (including grafted),,FINO FOLLAJE SA,17,644,,,,,,21,,,,,,,,,,,,,,,
85,85,,Miami PIS,,,,,Airport - Aircraft - Cargo - PIS,,,Costa Rica,,Rooted Plant (including grafted),,"SHU-LONG FLOWERS INDUSTRY CO., LTD.",54,76189,,,,,,7,,,,,,,,,,,,,,,
85,85,,Miami PIS,,,,,Airport - Aircraft - Cargo - PIS,,,Israel,,Unrooted Plant,,INNOVAPLANT DE COSTA RICA,16,46871,,,,,,21,,,,,,,,,,,,,,,
85,85,,Los Angeles PIS,,,,,Maritime Port - Vessel - Cargo - PIS,,,Guatemala,,Unrooted Cutting,,INVITRO INTERNATIONAL PVT LTD.,44,91,,,,,,6,,,,,,,,,,,,,,,
85,85,,Guam PIS,,,,,Airport - Aircraft - Cargo - PIS,,,Netherlands,,Rooted Plant (including grafted),,BERKAH MELANO INDONESIA,8,78129,,,,,,24,,,,,,,,,,,,,,,
85,85,,Miami PIS,,,,,Airport - Aircraft - Cargo - PIS,,,Ecuador,,Unrooted Cutting,,LAS LIMAS,0,0,,,,,,18,,,,,,,,,,,,,,,
85,85,,Miami PIS,,,,,Airport - Aircraft - Cargo - PIS,,,Costa Rica,,Unrooted Plant,,INDUSTRIAS AGRICOLAS CENTRO AMERICANAS,1,15,,,,,,4,,,,,,,,,,,,,,,
85,85,,Los Angeles PIS,,,,,Airport - Aircraft - Cargo - PIS,,,Costa Rica,,Unrooted Cutting,,Mr. Bomb Takomfoo,0,391,,,,,,5,,,,,,,,,,,,,,,
85,85,,Miami PIS,,,,,Airport - Aircraft - Cargo - PIS,,,"Korea, South",,Unrooted Cutting,,INNOVA PLANT DE COSTA RICA SA,2,7576,,,,,,10,,,,,,,,,,,,,,,
85,85,,Linden PIS,,,,,Airport - Aircraft - Cargo - PIS,,,Guatemala,,Rooted Plant (including grafted),,VITA FARMS Box 7801-7802,0,2006,,,,,,20,,,,,,,,,,,,,,,
85,85,,Houston PIS,,,,,Airport - Aircraft - Cargo - PIS,,,El Salvador,,Unrooted Cutting,,LA FLOR EXOTICA DEL CARIBE BULLIS SA,1,69,,,,,,20,,,,,,,,,,,,,,,
85,85,,Miami PIS,,,,,Airport - Aircraft - Cargo - PIS,,,Netherlands,,Rooted Plant (including grafted),,Costa Farms LLC,55,181197,,,,,,4,,,,,,,,,,,,,,,
85,85,,Miami PIS,,,,,Airport - Aircraft - Cargo - PIS,,,Costa Rica,,Unrooted Cutting,,VITA  FARM Box 1501,44,241452,,,,,,2,,,,,,,,,,,,,,,
85,85,,Atlanta PIS,,,,,Airport - Aircraft - Cargo - PIS,,,Costa Rica,,Rooted Plant (including grafted),,NATTA 1565 LIMITED PARTNERSHIP,1,1458,,,,,,12,,,,,,,,,,,,,,,
86,86,,Miami PIS,,,,,Airport - Aircraft - Cargo - PIS,,,Tanzania,,Rooted Plant (including grafted),,BEAUTY LINE GUATEMALA,0,2570,,,,,,22,,,,,,,,,,,,,,,
86,86,,Miami PIS,,,,,Airport - Aircraft - Cargo - PIS,,,Costa Rica,,Rooted Plant (including grafted),,TROPICA NURSERY LLP,0,45,,,,,,2,,,,,,,,,,,,,,,
86,86,,Miami PIS,,,,,Airport - Aircraft - Cargo - PIS,,,Netherlands,,Rooted Plant (including grafted),,Vita Farms 2301,3,1009,,,,,,14,,,,,,,,,,,,,,,
86,86,,Atlanta PIS,,,,,Airport - Aircraft - Cargo - PIS,,,Guatemala,,Rooted Plant (including grafted),,Costa Farms LLC,1,21,,,,,,25,,,,,,,,,,,,,,,
86,86,,Miami PIS,,,,,Airport - Aircraft - Cargo - PIS,,,Costa Rica,,"Bulb, Corm, Rhizome, Tuberous Stem",,VISHWAREKHA BIOTECH,0,0,,,,,,10,,,,,,,,,,,,,,,
86,86,,Los Angeles PIS,,,,,Maritime Port - Vessel - Cargo - PIS,,,Netherlands,,Meristem or Callus Tissue Culture (micropropagated/in vitro culture),,ORNAMENTES SAPO VERDE 1200,0,193,,,,,,14,,,,,,,,,,,,,,,
86,86,,Los Angeles PIS,,,,,Airport - Aircraft - Cargo - PIS,,,Guatemala,,"Bulb, Corm, Rhizome, Tuberous Stem",,SOUTHERN INT'L DEVELOPMENT (SID)CO.,6,5535,,,,,,15,,,,,,,,,,,,,,,
86,86,,Los Angeles PIS,,,,,Airport - Aircraft - Cargo - PIS,,,Guatemala,,Rooted Cutting (including air layer),,KARN PATCHAM,1,11518,,,,,,4,,,,,,,,,,,,,,,
86,86,,Miami PIS,,,,,Maritime Port - Vessel - Cargo - PIS,,,Japan,,Unrooted Cutting,,QUELETZU S A BOX 1-32,8,12367,,,,,,18,,,,,,,,,,,,,,,
86,86,,Honolulu PIS,,,,,Airport - Aircraft - Cargo - PIS,,,Guatemala,,Rooted Plant (including grafted),,Escactus,2,3545,,,,,,2,,,,,,,,,,,,,,,
86,86,,JFK PIS,,,,,Airport - Aircraft - Cargo - PIS,,,Guatemala,,Rooted Plant (including grafted),,Not Selected,97,231170,,,,,,13,,,,,,,,,,,,,,,
86,86,,JFK PIS,,,,,Airport - Aircraft - Cargo - PIS,,,Guatemala,,Unrooted Cutting,,BEAUTY LINE GUATEMALA,0,6351,,,,,,4,,,,,,,,,,,,,,,
86,86,,Miami PIS,,,,,Airport - Aircraft - Cargo - PIS,,,Costa Rica,,Unrooted Cutting,,T ORCHID LIMITED PARTNERSHIP,58,40433,,,,,,18,,,,,,,,,,,,,,,
86,86,,Miami PIS,,,,,Airport - Aircraft - Cargo - PIS,,,Costa Rica,,Budwood/Graftwood (scion),,ORNAMENTALES SAPO VERDE SA Box 1601-1609,17,513273,,,,,,18,,,,,,,,,,,,,,,
86,86,,Linden PIS,,,,,Airport - Aircraft - Cargo - PIS,,,China,,Unrooted Cutting,,FLORICULTURA Y CIA LTDA,118,345189,,,,,,12,,,,,,,,,,,,,,,
86,86,,Miami PIS,,,,,Airport - Aircraft - Cargo - PIS,,,Poland,,Rooted Plant (including grafted),,CHOM ORCHIDS,35,247780,,,,,,11,,,,,,,,,,,,,,,
86,86,,Miami PIS,,,,,Airport - Aircraft - Cargo - PIS,,,Netherlands,,Unrooted Plant,,ORNAMENTALES SAPO VERDE Box 301-304,11,108685,,,,,,8,,,,,,,,,,,,,,,
86,86,,Miami PIS,,,,,Maritime Port - Vessel - Cargo - PIS,,,China,,Meristem or Callus Tissue Culture (micropropagated/in vitro culture),,BALL HORTICULTURAL COMPANY,0,15,,,,,,28,,,,,,,,,,,,,,,
86,86,,Miami PIS,,,,,Airport - Aircraft - Cargo - PIS,,,Indonesia,,Meristem or Callus Tissue Culture (micropropagated/in vitro culture),,VITA FARM Box 1201-1240,20,13038,,,,,,24,,,,,,,,,,,,,,,
86,86,,Houston PIS,,,,,Airport - Aircraft - Cargo - PIS,,,China,,Unrooted Cutting,,Ornamentales Sapo Verde Box 701-703,1,200,,,,,,21,,,,,,,,,,,,,,,
86,86,,Miami PIS,,,,,Airport - Aircraft - Cargo - PIS,,,China,,"Bulb, Corm, Rhizome, Tuberous Stem",,MONRA S A,147,50173,,,,,,27,,,,,,,,,,,,,,,
86,86,,Miami PIS,,,,,Airport - Aircraft - Cargo - PIS,,,India,,Rooted Cutting (including air layer),,MICRO PLANTAS,23,37497,,,,,,1,,,,,,,,,,,,,,,
86,86,,Miami PIS,,,,,Airport - Aircraft - Cargo - PIS,,,Thailand,,Meristem or Callus Tissue Culture (micropropagated/in vitro culture),,LAS LIMAS S A,46,47948,,,,,,2,,,,,,,,,,,,,,,
86,86,,Miami PIS,,,,,Airport - Aircraft - Cargo - PIS,,,Costa Rica,,Meristem or Callus Tissue Culture (micropropagated/in vitro culture),,LATHYFLORA KENYA LTD,162,135544,,,,,,19,,,,,,,,,,,,,,,
86,86,,Los Angeles PIS,,,,,Airport - Aircraft - Cargo - PIS,,,Guatemala,,Rooted Cutting (including air layer),,Same as Shipper,0,22,,,,,,23,,,,,,,,,,,,,,,
87,87,,JFK PIS,,,,,Maritime Port - Vessel - Cargo - PIS,,,Netherlands,,Unrooted Cutting,,BEAUTY LINE GUATEMALA S A,7,57304,,,,,,24,,,,,,,,,,,,,,,
87,87,,Miami PIS,,,,,Land Border - Truck - Cargo - PIS,,,Costa Rica,,Unrooted Cutting,,BOTANIKA S.A.,0,370,,,,,,6,,,,,,,,,,,,,,,
87,87,,Los Angeles PIS,,,,,Airport - Aircraft - Cargo - PIS,,,Costa Rica,,Unrooted Cutting,,NOVA CANE COSTA RICA S.A,0,1,,,,,,17,,,,,,,,,,,,,,,
87,87,,Miami PIS,,,,,Airport - Aircraft - Cargo - PIS,,,Netherlands,,Rooted Plant (including grafted),,INNOVA PLANT DE COSTA RICA SA,53,20575,,,,,,18,,,,,,,,,,,,,,,
87,87,,Miami PIS,,,,,Airport - Aircraft - Mail - PIS Mail,,,Thailand,,Rooted Plant (including grafted),,DALAT HASFARM COMPANY LIMITED,108,9913,,,,,,7,,,,,,,,,,,,,,,
87,87,,Seattle PIS,,,,,Airport - Aircraft - Cargo - PIS,,,Netherlands,,Unrooted Cutting,,PLANTAS ORNAMENTALES LOS TARRALE,267,221690,,,,,,25,,,,,,,,,,,,,,,
87,87,,Los Angeles PIS,,,,,Maritime Port - Vessel - Cargo - PIS,,,Philippines,,Unrooted Plant,,KANJANA ORCHIDS CO LTD,3,4758,,,,,,6,,,,,,,,,,,,,,,
87,87,,Miami PIS,,,,,Airport - Aircraft - Cargo - PIS,,,Philippines,,Unrooted Cutting,,GEOAGRO DE COSTA RICA,1,4413,,,,,,5,,,,,,,,,,,,,,,
87,87,,Miami PIS,,,,,Airport - Aircraft - Cargo - PIS,,,Taiwan,,Meristem or Callus Tissue Culture (micropropagated/in vitro culture),,INVERSIONES LUA SA,290,16154,,,,,,8,,,,,,,,,,,,,,,
87,87,,Miami PIS,,,,,Airport - Aircraft - Mail - PIS Mail,,,Indonesia,,Unrooted Cutting,,BEAUTY LINE GUATEMALA,0,41,,,,,,10,,,,,,,,,,,,,,,
87,87,,Miami PIS,,,,,Airport - Aircraft - Cargo - PIS,,,Sri Lanka,,Unrooted Cutting,,RED FOX LAS MERCEDES  SA DE CV,7,97444,,,,,,22,,,,,,,,,,,,,,,
87,87,,Miami PIS,,,,,Airport - Aircraft - Cargo - PIS,,,Taiwan,,Unrooted Cutting,,"Plantas ilimitadas, sociedad anonima",1,5540,,,,,,13,,,,,,,,,,,,,,,
87,87,,Atlanta PIS,,,,,Airport - Aircraft - Cargo - PIS,,,Costa Rica,,Rooted Plant (including grafted),,KAPOK PLANTAS,2,164,,,,,,22,,,,,,,,,,,,,,,
87,87,,Miami PIS,,,,,Airport - Aircraft - Cargo - PIS,,,China,,Unrooted Cutting,,PALKI,2,956,,,,,,26,,,,,,,,,,,,,,,
87,87,,Seattle PIS,,,,,Airport - Aircraft - Cargo - PIS,,,Costa Rica,,Unrooted Cutting,,"MEI CEI ORCHIDS CO.,LTD.",7,490,,,,,,21,,,,,,,,,,,,,,,
87,87,,Beltsville PIS,,,,,Maritime Port - Vessel - Cargo - PIS,,,Guatemala,,Meristem or Callus Tissue Culture (micropropagated/in vitro culture),,VIVERO TIERRA NEGRA,9,3808,,,,,,24,,,,,,,,,,,,,,,
87,87,,Miami PIS,,,,,Maritime Port - Vessel - Cargo - PIS,,,Taiwan,,Unrooted Cutting,,AGRO MARIA LINDA S. A.,2,129,,,,,,11,,,,,,,,,,,,,,,
87,87,,Miami PIS,,,,,Airport - Aircraft - Cargo - PIS,,,Costa Rica,,Rooted Plant (including grafted),,BRISARE DE CUAUTLA S.P.R. DE R.L.,10,152302,,,,,,10,,,,,,,,,,,,,,,
87,87,,Miami PIS,,,,,Airport - Aircraft - Cargo - PIS,,,Kenya,,Rooted Plant (including grafted),,Ornamentales Sapo Verde SEEDS,1,5904,,,,,,24,,,,,,,,,,,,,,,
87,87,,Miami PIS,,,,,Airport - Aircraft - Express Carrier - PIS,,,Taiwan,,Rooted Plant (including grafted),,Wirote Makmoon,2,834,,,,,,25,,,,,,,,,,,,,,,
87,87,,Seattle PIS,,,,,Maritime Port - Vessel - Cargo - PIS,,,China,,Unrooted Cutting,,CV AMAZONE TROPICAL SS,1,18,,,,,,4,,,,,,,,,,,,,,,
87,87,,Miami PIS,,,,,Airport - Aircraft - Cargo - PIS,,,Peru,,Unrooted Cutting,,INNOVAPLANT DE COSTA RICA,7,222,,,,,,4,,,,,,,,,,,,,,,
87,87,,Miami PIS,,,,,Airport - Aircraft - Cargo - PIS,,,Thailand,,Unrooted Cutting,,Same as Shipper,19,173,,,,,,11,,,,,,,,,,,,,,,
87,87,,Los Angeles PIS,,,,,Airport - Aircraft - Cargo - PIS,,,Spain,,Rooted Plant (including grafted),,KAPOK PLANTS S A,1,22613,,,,,,25,,,,,,,,,,,,,,,
87,87,,Miami PIS,,,,,Airport - Aircraft - Cargo - PIS,,,Taiwan,,Unrooted Cutting,,AGROEXPORTADORA LA LAGUNA CHICHO 1-18,0,5902,,,,,,18,,,,,,,,,,,,,,,
88,88,,Miami PIS,,,,,Maritime Port - Vessel - Cargo - PIS,,,Taiwan,,Meristem or Callus Tissue Culture (micropropagated/in vitro culture),,PT. ALCHEMIE BERKAH BERSAMA,0,15,,,,,,1,,,,,,,,,,,,,,,
88,88,,Atlanta PIS,,,,,Airport - Aircraft - Cargo - PIS,,,Kenya,,Rooted Plant (including grafted),,ORNALO S.A.,0,205,,,,,,17,,,,,,,,,,,,,,,
88,88,,Miami PIS,,,,,Airport - Aircraft - Cargo - PIS,,,Peru,,Rooted Plant (including grafted),,ORNAMENTALES SAPO VERDE SA Box 1601-1609,1,19,,,,,,15,,,,,,,,,,,,,,,
88,88,,Miami PIS,,,,,Airport - Aircraft - Cargo - PIS,,,Guatemala,,Unrooted Cutting,,VITA FARMS 1301,0,526,,,,,,27,,,,,,,,,,,,,,,
88,88,,Miami PIS,,,,,Airport - Aircraft - Cargo - PIS,,,Netherlands,,Meristem or Callus Tissue Culture (micropropagated/in vitro culture),,Same as Shipper,4,9855,,,,,,4,,,,,,,,,,,,,,,
88,88,,Miami PIS,,,,,Airport - Aircraft - Cargo - PIS,,,Costa Rica,,Rooted Plant (including grafted),,AGRO KOMPASS S  A BOX 1-81,33,178961,,,,,,18,,,,,,,,,,,,,,,
88,88,,Houston PIS,,,,,Airport - Aircraft - Cargo - PIS,,,Taiwan,,Unrooted Cutting,,PLANT 1688,0,7019,,,,,,20,,,,,,,,,,,,,,,
88,88,,Los Angeles PIS,,,,,Airport - Aircraft - Cargo - PIS,,,Costa Rica,,Unrooted Plant,,TUCAN EXPORTERS,0,175,,,,,,3,,,,,,,,,,,,,,,
88,88,,Miami PIS,,,,,Airport - Aircraft - Cargo - PIS,,,Guatemala,,Rooted Plant (including grafted),,VITA FARMS 5801 ,3,2169,,,,,,6,,,,,,,,,,,,,,,
88,88,,Atlanta PIS,,,,,Airport - Aircraft - Cargo - PIS,,,Costa Rica,,Unrooted Cutting,,PULL LEAF,0,21307,,,,,,16,,,,,,,,,,,,,,,
88,88,,Linden PIS,,,,,Airport - Aircraft - Cargo - PIS,,,Guatemala,,Unrooted Cutting,,LA FLOR EXOTICA DEL CARIBE BULLIS SA,10,16378,,,,,,17,,,,,,,,,,,,,,,
88,88,,Miami PIS,,,,,Airport - Aircraft - Express Carrier - PIS,,,Netherlands,,Rooted Cutting (including air layer),,Bromelias De Colombia,10,70038,,,,,,1,,,,,,,,,,,,,,,
88,88,,Miami PIS,,,,,Airport - Aircraft - Cargo - PIS,,,Costa Rica,,Meristem or Callus Tissue Culture (micropropagated/in vitro culture),,Vita Farms 1701,48,265557,,,,,,18,,,,,,,,,,,,,,,
88,88,,JFK PIS,,,,,Maritime Port - Vessel - Cargo - PIS,,,Israel,,Unrooted Cutting,,BEAUTY LINE GUATEMALA,4,268,,,,,,10,,,,,,,,,,,,,,,
88,88,,Miami PIS,,,,,Airport - Aircraft - Cargo - PIS,,,Brazil,,Rooted Cutting (including air layer),,AGRO KOMPASS S.A.,15,32993,,,,,,28,,,,,,,,,,,,,,,
88,88,,Atlanta PIS,,,,,Airport - Aircraft - Cargo - PIS,,,Costa Rica,,Rooted Plant (including grafted),,Primeros en Follaje ,4,322,,,,,,19,,,,,,,,,,,,,,,
88,88,,Miami PIS,,,,,Airport - Aircraft - Cargo - PIS,,,Mexico,,Unrooted Cutting,,"Funjian Lingbo Imp, and Ex. Co, LTD",1,144,,,,,,2,,,,,,,,,,,,,,,
88,88,,Miami PIS,,,,,Airport - Aircraft - Cargo - PIS,,,China,,Rooted Plant (including grafted),,GUANGZHOU XINHE AGRICULTURAL DEVELO,30,8977,,,,,,1,,,,,,,,,,,,,,,
88,88,,Houston PIS,,,,,Airport - Aircraft - Cargo - PIS,,,Indonesia,,Unrooted Plant,,PLANT SOURCE INTERNATIONAL,0,121,,,,,,19,,,,,,,,,,,,,,,
88,88,,Miami PIS,,,,,Airport - Aircraft - Cargo - PIS,,,Guatemala,,Unrooted Cutting,,"FOSHAN SANSHUI YOUNG PLANTS Co., LTD",0,1,,,,,,14,,,,,,,,,,,,,,,
88,88,,Los Angeles PIS,,,,,Airport - Aircraft - Cargo - PIS,,,Indonesia,,Rooted Plant (including grafted),,COOPEINDIA Boxes 37-57,43,16327,,,,,,7,,,,,,,,,,,,,,,
88,88,,Los Angeles PIS,,,,,Airport - Aircraft - Cargo - PIS,,,Costa Rica,,Rooted Plant (including grafted),,AZIENDA AGRICOLA GIROMAGI,13,8372,,,,,,13,,,,,,,,,,,,,,,
88,88,,Linden PIS,,,,,Airport - Aircraft - Cargo - PIS,,,Dominican Republic,,Rooted Plant (including grafted),,BEAUTY LINE GUATEMALA,15,31,,,,,,25,,,,,,,,,,,,,,,
88,88,,Miami PIS,,,,,Airport - Aircraft - Cargo - PIS,,,Guatemala,,Unrooted Cutting,,Not Selected,5,3650,,,,,,5,,,,,,,,,,,,,,,
88,88,,Miami PIS,,,,,Airport - Aircraft - Cargo - PIS,,,Kenya,,Meristem or Callus Tissue Culture (micropropagated/in vitro culture),,IVAGRO S.A. BOX 1-11,5,18732,,,,,,12,,,,,,,,,,,,,,,
89,89,,Miami PIS,,,,,Maritime Port - Vessel - Cargo - PIS,,,Guatemala,,Rooted Plant (including grafted),,ZION PLANTS,10,23717,,,,,,9,,,,,,,,,,,,,,,
89,89,,Miami PIS,,,,,Airport - Aircraft - Cargo - PIS,,,China,,Unrooted Cutting,,Not Selected,1,14,,,,,,23,,,,,,,,,,,,,,,
89,89,,Atlanta PIS,,,,,Airport - Aircraft - Cargo - PIS,,,Dominican Republic,,Rooted Plant (including grafted),,TICOPLANT,3,5385,,,,,,23,,,,,,,,,,,,,,,
89,89,,Miami PIS,,,,,Airport - Aircraft - Cargo - PIS,,,Netherlands,,Unrooted Cutting,,ORNAMENTALES SAPO VERDE  1601,0,40,,,,,,14,,,,,,,,,,,,,,,
89,89,,Miami PIS,,,,,Airport - Aircraft - Cargo - PIS,,,Ecuador,,Rooted Cutting (including air layer),,Not Selected,13,25619,,,,,,8,,,,,,,,,,,,,,,
89,89,,Seattle PIS,,,,,Airport - Aircraft - Cargo - PIS,,,Guatemala,,Meristem or Callus Tissue Culture (micropropagated/in vitro culture),,SAPO VERDE 1201,9,2078,,,,,,26,,,,,,,,,,,,,,,
89,89,,Miami PIS,,,,,Airport - Aircraft - Cargo - PIS,,,Costa Rica,,Rooted Plant (including grafted),,PRODUCTOS VALPARAISO,1,907,,,,,,20,,,,,,,,,,,,,,,
89,89,,Atlanta PIS,,,,,Airport - Aircraft - Cargo - PIS,,,Mexico,,Rooted Cutting (including air layer),,Ornamentales Sapo Verde BOX 990,3,36909,,,,,,17,,,,,,,,,,,,,,,
89,89,,Miami PIS,,,,,Maritime Port - Vessel - Cargo - PIS,,,Netherlands,,Unrooted Cutting,,INDUSTRIAS AGRICOLAS CENTRO AMERICANAS,16,78938,,,,,,11,,,,,,,,,,,,,,,
89,89,,Miami PIS,,,,,Airport - Aircraft - Cargo - PIS,,,Poland,,Rooted Plant (including grafted),,MONRASA,0,14348,,,,,,11,,,,,,,,,,,,,,,
89,89,,Miami PIS,,,,,Airport - Aircraft - Cargo - PIS,,,China,,Unrooted Plant,,"FIDES GUATEMALA, S.A.",107,88253,,,,,,4,,,,,,,,,,,,,,,
89,89,,Miami PIS,,,,,Airport - Aircraft - Cargo - PIS,,,Mexico,,Rooted Plant (including grafted),,Mr. Wirote Makmoon,14,8,,,,,,9,,,,,,,,,,,,,,,
89,89,,Honolulu PIS,,,,,Airport - Aircraft - Cargo - PIS,,,Costa Rica,,Unrooted Cutting,,Ornamentales Sapo Verde 401-472,13,8085,,,,,,12,,,,,,,,,,,,,,,
89,89,,Atlanta PIS,,,,,Airport - Aircraft - Cargo - PIS,,,Viet Nam,,Rooted Cutting (including air layer),,FLORAMO S A,13,21908,,,,,,18,,,,,,,,,,,,,,,
89,89,,JFK PIS,,,,,Airport - Aircraft - Cargo - PIS,,,India,,Rooted Cutting (including air layer),,KULTANA ORCHIDS,1,6,,,,,,15,,,,,,,,,,,,,,,
89,89,,Miami PIS,,,,,Airport - Aircraft - Cargo - PIS,,,South Africa,,Unrooted Cutting,,HELOISA BORDIGNON LEME,3,240003,,,,,,21,,,,,,,,,,,,,,,
89,89,,Los Angeles PIS,,,,,Maritime Port - Vessel - Cargo - PIS,,,Costa Rica,,Rooted Plant (including grafted),,Costa Farms LLC,2,9751,,,,,,19,,,,,,,,,,,,,,,
89,89,,Miami PIS,,,,,Airport - Aircraft - Cargo - PIS,,,Uganda,,Rooted Plant (including grafted),,Nucharin Boonyawan,25,82059,,,,,,2,,,,,,,,,,,,,,,
89,89,,Miami PIS,,,,,Airport - Aircraft - Cargo - PIS,,,Costa Rica,,Rooted Plant (including grafted),,VITA  FARM Box 1501,23,153080,,,,,,26,,,,,,,,,,,,,,,
89,89,,Miami PIS,,,,,Maritime Port - Vessel - Cargo - PIS,,,Uganda,,Unrooted Cutting,,La Laguna Chichoj,4,8125,,,,,,19,,,,,,,,,,,,,,,
89,89,,Los Angeles PIS,,,,,Airport - Aircraft - Cargo - PIS,,,Brazil,,"Bulb, Corm, Rhizome, Tuberous Stem",,Same as Shipper,24,36766,,,,,,1,,,,,,,,,,,,,,,
89,89,,Miami PIS,,,,,Airport - Aircraft - Cargo - PIS,,,Mexico,,Rooted Plant (including grafted),,ANNIA FUENTES Box 101-103,1,1229,,,,,,7,,,,,,,,,,,,,,,
89,89,,Miami PIS,,,,,Airport - Aircraft - Express Carrier - PIS,,,Costa Rica,,Unrooted Cutting,,AGRO MARIA LINDA S. A.,68,283647,,,,,,19,,,,,,,,,,,,,,,
89,89,,Miami PIS,,,,,Airport - Aircraft - Cargo - PIS,,,Guatemala,,Unrooted Cutting,,VITA FARMS Box# 001-062,1,150,,,,,,21,,,,,,,,,,,,,,,
89,89,,Linden PIS,,,,,Airport - Aircraft - Cargo - PIS,,,China,,Unrooted Cutting,,Not Selected,70,54208,,,,,,25,,,,,,,,,,,,,,,
90,90,,Miami PIS,,,,,Airport - Aircraft - Cargo - PIS,,,Netherlands,,Unrooted Cutting,,KAPOK PLANTAS,2,760,,,,,,24,,,,,,,,,,,,,,,
90,90,,Miami PIS,,,,,Airport - Aircraft - Cargo - PIS,,,Kenya,,Unrooted Cutting,,VISSANU RUKSACHART,10,16902,,,,,,28,,,,,,,,,,,,,,,
90,90,,Seattle PIS,,,,,Maritime Port - Vessel - Cargo - PIS,,,Nicaragua,,Unrooted Cutting,,Not Selected,0,14,,,,,,17,,,,,,,,,,,,,,,
90,90,,Miami PIS,,,,,Maritime Port - Vessel - Cargo - PIS,,,Guatemala,,Rooted Plant (including grafted),,AGROINDUSTRIALES CHORTI S.A.,3,454,,,,,,24,,,,,,,,,,,,,,,
90,90,,Atlanta PIS,,,,,Airport - Aircraft - Cargo - PIS,,,Netherlands,,Unrooted Cutting,,LA FLORESTA ORNAMENTALES S.A. 1-9,2,4348,,,,,,26,,,,,,,,,,,,,,,
90,90,,Linden PIS,,,,,Airport - Aircraft - Cargo - PIS,,,Brazil,,Unrooted Cutting,,Ornamentales Sapo Verde 301-320,2,20421,,,,,,27,,,,,,,,,,,,,,,
90,90,,Los Angeles PIS,,,,,Airport - Aircraft - Cargo - PIS,,,Costa Rica,,Rooted Plant (including grafted),,COSTA FARM LLC,2,25446,,,,,,25,,,,,,,,,,,,,,,
90,90,,Miami PIS,,,,,Airport - Aircraft - Cargo - PIS,,,Mexico,,Unrooted Cutting,,FERTIPLANT BV.,5,28222,,,,,,24,,,,,,,,,,,,,,,
90,90,,Miami PIS,,,,,Airport - Aircraft - Cargo - PIS,,,Taiwan,,Unrooted Cutting,,"MEI CEI ORCHIDS CO.,LTD.",0,421,,,,,,13,,,,,,,,,,,,,,,
90,90,,Miami PIS,,,,,Maritime Port - Vessel - Cargo - PIS,,,Peru,,Meristem or Callus Tissue Culture (micropropagated/in vitro culture),,LATHYFLORA,5,30009,,,,,,10,,,,,,,,,,,,,,,
90,90,,Miami PIS,,,,,Airport - Aircraft - Cargo - PIS,,,China,,Rooted Plant (including grafted),,INNOVA PLANT DE COSTA RICA SA,1,427,,,,,,10,,,,,,,,,,,,,,,
90,90,,JFK PIS,,,,,Airport - Aircraft - Cargo - PIS,,,Guatemala,,Rooted Plant (including grafted),,INNOVA PLANT,3,33940,,,,,,16,,,,,,,,,,,,,,,
90,90,,Miami PIS,,,,,Airport - Aircraft - Cargo - PIS,,,Costa Rica,,Unrooted Cutting,,INNOVAPLANT DE COSTA RICA,3,74872,,,,,,20,,,,,,,,,,,,,,,
90,90,,Atlanta PIS,,,,,Airport - Aircraft - Cargo - PIS,,,Taiwan,,Rooted Plant (including grafted),,Same as Shipper,2,187,,,,,,3,,,,,,,,,,,,,,,
90,90,,Miami PIS,,,,,Airport - Aircraft - Cargo - PIS,,,Dominican Republic,,Unrooted Plant,,INNOVA PLANT DE COSTA RICA SA,7,9497,,,,,,6,,,,,,,,,,,,,,,
90,90,,Miami PIS,,,,,Airport - Aircraft - Cargo - PIS,,,Costa Rica,,Unrooted Cutting,,Not Selected,13,12180,,,,,,3,,,,,,,,,,,,,,,
90,90,,Orlando PIS,,,,,Airport - Aircraft - Cargo - PIS,,,Poland,,Meristem or Callus Tissue Culture (micropropagated/in vitro culture),,Same as Shipper,1,3704,,,,,,17,,,,,,,,,,,,,,,
90,90,,Miami PIS,,,,,Airport - Aircraft - Cargo - PIS,,,Zimbabwe,,Meristem or Callus Tissue Culture (micropropagated/in vitro culture),,CERCA DEL PARAISO S.A.,1,121,,,,,,20,,,,,,,,,,,,,,,
90,90,,Miami PIS,,,,,Airport - Aircraft - Cargo - PIS,,,Costa Rica,,Meristem or Callus Tissue Culture (micropropagated/in vitro culture),,FIDES GUATEMALA S A,11,1389,,,,,,26,,,,,,,,,,,,,,,
90,90,,Miami PIS,,,,,Maritime Port - Vessel - Cargo - PIS,,,Netherlands,,Meristem or Callus Tissue Culture (micropropagated/in vitro culture),,"YOUNG HOME ORCHID CO., LTD",1,16,,,,,,3,,,,,,,,,,,,,,,
90,90,,Miami PIS,,,,,Airport - Aircraft - Cargo - PIS,,,Netherlands,,Rooted Cutting (including air layer),,Not Selected,0,5,,,,,,21,,,,,,,,,,,,,,,
90,90,,Linden PIS,,,,,Airport - Aircraft - Cargo - PIS,,,Colombia,,"Bulb, Corm, Rhizome, Tuberous Stem",,COSTA FARMS DOM,124,156517,,,,,,20,,,,,,,,,,,,,,,
90,90,,Orlando PIS,,,,,Airport - Aircraft - Cargo - PIS,,,Taiwan,,Rooted Plant (including grafted),,DRACAENAS DE ALTURA,2,1195,,,,,,5,,,,,,,,,,,,,,,
90,90,,JFK PIS,,,,,Airport - Aircraft - Cargo - PIS,,,Guatemala,,Meristem or Callus Tissue Culture (micropropagated/in vitro culture),,FLORICULTURA Y CIA LTDA,3,187,,,,,,23,,,,,,,,,,,,,,,
90,90,,Atlanta PIS,,,,,Airport - Aircraft - Cargo - PIS,,,Costa Rica,,Unrooted Cutting,,INNOVA PLANT DE COSTA RICA SA,3,942,,,,,,3,,,,,,,,,,,,,,,
91,91,,Miami PIS,,,,,Airport - Aircraft - Cargo - PIS,,,China,,Unrooted Cutting,,PRODUCTOS VALPARAISO,46,6464,,,,,,13,,,,,,,,,,,,,,,
91,91,,Miami PIS,,,,,Airport - Aircraft - Cargo - PIS,,,Mexico,,Unrooted Cutting,,PT. FLORION,36,374211,,,,,,26,,,,,,,,,,,,,,,
91,91,,Miami PIS,,,,,Airport - Aircraft - Cargo - PIS,,,Indonesia,,Rooted Plant (including grafted),,"FOSHAN SANSHUI YOUNGPLANTS CO.,L",77,11850,,,,,,2,,,,,,,,,,,,,,,
91,91,,Miami PIS,,,,,Airport - Aircraft - Cargo - PIS,,,Guatemala,,Rooted Plant (including grafted),,Vivero Las Gardenias ,8,45201,,,,,,14,,,,,,,,,,,,,,,
91,91,,Miami PIS,,,,,Maritime Port - Vessel - Cargo - PIS,,,Dominican Republic,,Unrooted Cutting,,Same as Shipper,1,1392,,,,,,20,,,,,,,,,,,,,,,
91,91,,Miami PIS,,,,,Airport - Aircraft - Cargo - PIS,,,Netherlands,,Rooted Plant (including grafted),,Not Selected,1,14,,,,,,4,,,,,,,,,,,,,,,
91,91,,Miami PIS,,,,,Airport - Aircraft - Cargo - PIS,,,Thailand,,Unrooted Cutting,,TURRIPALTAS S.A.box 01-23,1,393,,,,,,15,,,,,,,,,,,,,,,
91,91,,Linden PIS,,,,,Airport - Aircraft - Cargo - PIS,,,Guatemala,,Rooted Cutting (including air layer),,DALAT HASFARM CO LTD,2,112,,,,,,19,,,,,,,,,,,,,,,
91,91,,Atlanta PIS,,,,,Airport - Aircraft - Cargo - PIS,,,Kenya,,"Bulb, Corm, Rhizome, Tuberous Stem",,BC BROMEIAS DE COLOMBIA SAS,181,6328,,,,,,3,,,,,,,,,,,,,,,
91,91,,Miami PIS,,,,,Airport - Aircraft - Cargo - PIS,,,Costa Rica,,Rooted Plant (including grafted),,"COOPEINDIA, R.L. 6-14",3,1610,,,,,,25,,,,,,,,,,,,,,,
91,91,,JFK PIS,,,,,Airport - Aircraft - Cargo - PIS,,,India,,"Bulb, Corm, Rhizome, Tuberous Stem",,SAAD ASSAF FLOWER BULBS NURSERIE,1,591,,,,,,17,,,,,,,,,,,,,,,
91,91,,Los Angeles PIS,,,,,Airport - Aircraft - Cargo - PIS,,,Guatemala,,Unrooted Cutting,,INNOVA PLANT DE COSTA RICA SA,4,13704,,,,,,18,,,,,,,,,,,,,,,
91,91,,Miami PIS,,,,,Airport - Aircraft - Cargo - PIS,,,Costa Rica,,Unrooted Cutting,,AGROPECUARIA HERMANOS PACHECO S,4,15354,,,,,,5,,,,,,,,,,,,,,,
91,91,,Atlanta PIS,,,,,Airport - Aircraft - Cargo - PIS,,,Indonesia,,Unrooted Cutting,,Same as Shipper,1,6493,,,,,,27,,,,,,,,,,,,,,,
91,91,,Atlanta PIS,,,,,Airport - Aircraft - Cargo - PIS,,,Dominican Republic,,Meristem or Callus Tissue Culture (micropropagated/in vitro culture),,LAS LIMAS,1,1778,,,,,,14,,,,,,,,,,,,,,,
91,91,,Linden PIS,,,,,Airport - Aircraft - Cargo - PIS,,,Mexico,,Unrooted Cutting,,FERTIPLANT B V,142,34435,,,,,,6,,,,,,,,,,,,,,,
91,91,,Miami PIS,,,,,Airport - Aircraft - Cargo - PIS,,,Kenya,,Rooted Plant (including grafted),,IVAGRO S.A. BOX 1-11,2,593,,,,,,19,,,,,,,,,,,,,,,
91,91,,Miami PIS,,,,,Airport - Aircraft - Cargo - PIS,,,Costa Rica,,Rooted Plant (including grafted),,Not Selected,1,19378,,,,,,2,,,,,,,,,,,,,,,
91,91,,Miami PIS,,,,,Airport - Aircraft - Cargo - PIS,,,Nicaragua,,Rooted Plant (including grafted),,PLANTAS ILIMITADAS S A 32,0,14,,,,,,18,,,,,,,,,,,,,,,
91,91,,Miami PIS,,,,,Airport - Aircraft - Cargo - PIS,,,Dominican Republic,,Meristem or Callus Tissue Culture (micropropagated/in vitro culture),,TICOPLANT,2,445,,,,,,15,,,,,,,,,,,,,,,
91,91,,Miami PIS,,,,,Airport - Aircraft - Cargo - PIS,,,Chile,,Unrooted Cutting,,LA FLORESTA ORNAMENTALES S A,1,14,,,,,,11,,,,,,,,,,,,,,,
91,91,,Miami PIS,,,,,Airport - Aircraft - Cargo - PIS,,,Viet Nam,,Meristem or Callus Tissue Culture (micropropagated/in vitro culture),,WANAPLUK GARDEN CO  LTD,9,61467,,,,,,11,,,,,,,,,,,,,,,
91,91,,Miami PIS,,,,,Maritime Port - Vessel - Cargo - PIS,,,Costa Rica,,"Bulb, Corm, Rhizome, Tuberous Stem",,MR. Chancha Bunnongprung,28,26586,,,,,,2,,,,,,,,,,,,,,,
91,91,,JFK PIS,,,,,Airport - Aircraft - Cargo - PIS,,,Netherlands,,Unrooted Cutting,,FLORICULTURA Y CIA LTDA,3,7847,,,,,,10,,,,,,,,,,,,,,,
91,91,,Miami PIS,,,,,Airport - Aircraft - Cargo - PIS,,,Netherlands,,"Bulb, Corm, Rhizome, Tuberous Stem",,Jeffry Jimenez ,1,15046,,,,,,22,,,,,,,,,,,,,,,
92,92,,Los Angeles PIS,,,,,Airport - Aircraft - Cargo - PIS,,,Costa Rica,,Unrooted Cutting,,Vita Farms Box 6801-6818,6,14485,,,,,,26,,,,,,,,,,,,,,,
92,92,,Miami PIS,,,,,Airport - Aircraft - Cargo - PIS,,,Indonesia,,Unrooted Cutting,,Phormiums Exporter S.A,1,1724,,,,,,3,,,,,,,,,,,,,,,
92,92,,Miami PIS,,,,,Airport - Aircraft - Cargo - PIS,,,Colombia,,Rooted Plant (including grafted),,VITA FARMS SA 1300,32,25856,,,,,,14,,,,,,,,,,,,,,,
92,92,,Miami PIS,,,,,Airport - Aircraft - Cargo - PIS,,,Mexico,,Rooted Plant (including grafted),,ORCHITECH LAB CO LTD,1,3769,,,,,,28,,,,,,,,,,,,,,,
92,92,,Los Angeles PIS,,,,,Airport - Aircraft - Cargo - PIS,,,"Korea, South",,Unrooted Cutting,,BC BROMELIAS DE COLOMBI SAS SA,8,81427,,,,,,23,,,,,,,,,,,,,,,
92,92,,Los Angeles PIS,,,,,Airport - Aircraft - Cargo - PIS,,,Ethiopia,,Rooted Plant (including grafted),,TROPI PLANTAS SA,10,25811,,,,,,22,,,,,,,,,,,,,,,
92,92,,Atlanta PIS,,,,,Airport - Aircraft - Cargo - PIS,,,Guatemala,,Unrooted Cutting,,ANTHO ORNAMENTALES SA box 1-10,57,546,,,,,,11,,,,,,,,,,,,,,,
92,92,,Los Angeles PIS,,,,,Airport - Aircraft - Cargo - PIS,,,Guatemala,,Meristem or Callus Tissue Culture (micropropagated/in vitro culture),,PLANTAS ILIMITADAS SOCIEDAD ANON,70,24190,,,,,,19,,,,,,,,,,,,,,,
92,92,,Miami PIS,,,,,Airport - Aircraft - Cargo - PIS,,,Taiwan,,Unrooted Cutting,,INNOVAPLANT DE COSTA RICA,1,20,,,,,,18,,,,,,,,,,,,,,,
92,92,,Miami PIS,,,,,Airport - Aircraft - Cargo - PIS,,,New Zealand,,Unrooted Plant,,Not Selected,255,10837,,,,,,26,,,,,,,,,,,,,,,
92,92,,Miami PIS,,,,,Airport - Aircraft - Cargo - PIS,,,Guatemala,,Rooted Cutting (including air layer),,PALMAS DE R.I,4,8663,,,,,,25,,,,,,,,,,,,,,,
92,92,,Miami PIS,,,,,Airport - Aircraft - Cargo - PIS,,,Thailand,,Unrooted Cutting,,BEAUTY LINE GUATEMALA,1,6955,,,,,,19,,,,,,,,,,,,,,,
92,92,,Linden PIS,,,,,Maritime Port - Vessel - Cargo - PIS,,,China,,Unrooted Plant,,PREMKAMON INTANIN,911,20755,,,,,,18,,,,,,,,,,,,,,,
92,92,,Atlanta PIS,,,,,Airport - Aircraft - Cargo - PIS,,,Poland,,Unrooted Cutting,,PLANTAS DE MI TIERRA S A,41,8446,,,,,,1,,,,,,,,,,,,,,,
92,92,,Miami PIS,,,,,Airport - Aircraft - Cargo - PIS,,,Thailand,,Meristem or Callus Tissue Culture (micropropagated/in vitro culture),,TICOPLANT,20,3181,,,,,,6,,,,,,,,,,,,,,,
92,92,,Miami PIS,,,,,Airport - Aircraft - Cargo - PIS,,,Costa Rica,,Unrooted Cutting,,Not Selected,6,484,,,,,,3,,,,,,,,,,,,,,,
92,92,,Miami PIS,,,,,Airport - Aircraft - Cargo - PIS,,,Indonesia,,Meristem or Callus Tissue Culture (micropropagated/in vitro culture),,NICOLAAS J. SCHOENMAKER E OUTROS,2,20054,,,,,,1,,,,,,,,,,,,,,,
92,92,,Miami PIS,,,,,Airport - Aircraft - Cargo - PIS,,,Costa Rica,,Rooted Cutting (including air layer),,PLANTAS DEL TAMBO S.A.S.,1,12295,,,,,,26,,,,,,,,,,,,,,,
92,92,,Los Indios PIS,,,,,Airport - Aircraft - Cargo - PIS,,,Guatemala,,"Root cutting, crown, or clump, Tuberous Root",,VITA FARMS Box 5501-5583,3,2912,,,,,,19,,,,,,,,,,,,,,,
92,92,,Miami PIS,,,,,Airport - Aircraft - Cargo - PIS,,,Costa Rica,,Unrooted Cutting,,Mr. Wirote Makmoon,36,3340,,,,,,15,,,,,,,,,,,,,,,
92,92,,Miami PIS,,,,,Maritime Port - Vessel - Cargo - PIS,,,Taiwan,,Rooted Plant (including grafted),,Same as Shipper,43,7829,,,,,,24,,,,,,,,,,,,,,,
92,92,,Miami PIS,,,,,Airport - Aircraft - Cargo - PIS,,,El Salvador,,Rooted Plant (including grafted),,Vivero Las Gardenias ,13,247,,,,,,5,,,,,,,,,,,,,,,
92,92,,Miami PIS,,,,,Land Border - Truck - Cargo - PIS,,,Japan,,Rooted Cutting (including air layer),,Not Selected,8,6099,,,,,,27,,,,,,,,,,,,,,,
92,92,,Beltsville PIS,,,,,Maritime Port - Vessel - Cargo - PIS,,,India,,Unrooted Cutting,,"PACHARA ORCHIDS INTERTRADE CO.,",3,96560,,,,,,12,,,,,,,,,,,,,,,
92,92,,Miami PIS,,,,,Airport - Aircraft - Cargo - PIS,,,Guatemala,,Unrooted Cutting,,SOCIEDAD TIGRA,48,15755,,,,,,22,,,,,,,,,,,,,,,
93,93,,Miami PIS,,,,,Airport - Aircraft - Cargo - PIS,,,Guatemala,,Meristem or Callus Tissue Culture (micropropagated/in vitro culture),,MAI AN PHU EXPORT IMPORT SERVICES T,14,218228,,,,,,28,,,,,,,,,,,,,,,
93,93,,Atlanta PIS,,,,,Maritime Port - Vessel - Cargo - PIS,,,Guatemala,,Rooted Plant (including grafted),,APO VERDE ,24,4796,,,,,,26,,,,,,,,,,,,,,,
93,93,,Miami PIS,,,,,Airport - Aircraft - Cargo - PIS,,,Singapore,,Unrooted Cutting,,VIVERO LAS GARDENIAS,10,2412,,,,,,9,,,,,,,,,,,,,,,
93,93,,Miami PIS,,,,,Airport - Aircraft - Cargo - PIS,,,Indonesia,,Meristem or Callus Tissue Culture (micropropagated/in vitro culture),,MISS CHANIN SAEHENG,6,45459,,,,,,25,,,,,,,,,,,,,,,
93,93,,Linden PIS,,,,,Airport - Aircraft - Cargo - PIS,,,Thailand,,Rooted Cutting (including air layer),,Tanyaphat Chongkitpiphat,13,28701,,,,,,5,,,,,,,,,,,,,,,
93,93,,Miami PIS,,,,,Airport - Aircraft - Cargo - PIS,,,Costa Rica,,Rooted Plant (including grafted),,Sawitree Kyriakides,21,14305,,,,,,16,,,,,,,,,,,,,,,
93,93,,Miami PIS,,,,,Airport - Aircraft - Cargo - PIS,,,Taiwan,,Rooted Plant (including grafted),,INNOVAPLANT DE COSTA RICA,0,201,,,,,,28,,,,,,,,,,,,,,,
93,93,,Miami PIS,,,,,Airport - Aircraft - Cargo - PIS,,,Costa Rica,,Unrooted Plant,,INVERSIONES LUA SA,2,4856,,,,,,3,,,,,,,,,,,,,,,
93,93,,Atlanta PIS,,,,,Airport - Aircraft - Cargo - PIS,,,Guatemala,,Rooted Plant (including grafted),,ORIENTAL AQUARIUM  S  PTE LTD,20,387312,,,,,,28,,,,,,,,,,,,,,,
93,93,,Miami PIS,,,,,Airport - Aircraft - Cargo - PIS,,,Taiwan,,Rooted Plant (including grafted),,Costa Farms LLC,94,210173,,,,,,4,,,,,,,,,,,,,,,
93,93,,Los Angeles PIS,,,,,Airport - Aircraft - Cargo - PIS,,,India,,Rooted Plant (including grafted),,VITA FARMS Box 8501-8510,7,2935,,,,,,4,,,,,,,,,,,,,,,
93,93,,JFK PIS,,,,,Airport - Aircraft - Cargo - PIS,,,Netherlands,,Unrooted Cutting,,"FLORES BOHEMIA,S.A.",29,29468,,,,,,28,,,,,,,,,,,,,,,
93,93,,Atlanta PIS,,,,,Airport - Aircraft - Cargo - PIS,,,Taiwan,,Unrooted Cutting,,LUCHA ORNAMENTAL S.A. BOX 101,1,2353,,,,,,26,,,,,,,,,,,,,,,
93,93,,Miami PIS,,,,,Airport - Aircraft - Cargo - PIS,,,Italy,,Meristem or Callus Tissue Culture (micropropagated/in vitro culture),,Same as Shipper,5,2808,,,,,,6,,,,,,,,,,,,,,,
93,93,,Atlanta PIS,,,,,Airport - Aircraft - Cargo - PIS,,,Thailand,,Rooted Plant (including grafted),,Same as Shipper,8,20922,,,,,,28,,,,,,,,,,,,,,,
93,93,,Atlanta PIS,,,,,Airport - Aircraft - Cargo - PIS,,,Mexico,,Rooted Plant (including grafted),,BOTANIKA S.A.,6,6840,,,,,,26,,,,,,,,,,,,,,,
93,93,,Miami PIS,,,,,Airport - Aircraft - Cargo - PIS,,,China,,Unrooted Cutting,,LOS TARRALES S.A.,19,1925,,,,,,28,,,,,,,,,,,,,,,
93,93,,Miami PIS,,,,,Airport - Aircraft - Cargo - PIS,,,Guatemala,,Unrooted Cutting,,INNOVA PLANT DE COSTA RICA SA,32,64546,,,,,,23,,,,,,,,,,,,,,,
93,93,,Los Angeles PIS,,,,,Airport - Aircraft - Cargo - PIS,,,Guatemala,,Meristem or Callus Tissue Culture (micropropagated/in vitro culture),,Prateep Suetrong,13,3384,,,,,,12,,,,,,,,,,,,,,,
93,93,,Miami PIS,,,,,Airport - Aircraft - Cargo - PIS,,,Costa Rica,,Rooted Cutting (including air layer),,Same as Shipper,4,577,,,,,,11,,,,,,,,,,,,,,,
93,93,,Miami PIS,,,,,Airport - Aircraft - Cargo - PIS,,,Costa Rica,,Rooted Plant (including grafted),,DARWIN COLOMBIA S.A.S,0,4756,,,,,,22,,,,,,,,,,,,,,,
93,93,,Los Angeles PIS,,,,,Maritime Port - Vessel - Cargo - PIS,,,Guatemala,,"Bulb, Corm, Rhizome, Tuberous Stem",,Ornamentales Sapo Verde Box 701-703,5,1733,,,,,,28,,,,,,,,,,,,,,,
93,93,,Miami PIS,,,,,Airport - Aircraft - Cargo - PIS,,,Costa Rica,,Rooted Cutting (including air layer),,LAS LIMAS,8,5227,,,,,,20,,,,,,,,,,,,,,,
93,93,,Miami PIS,,,,,Airport - Aircraft - Cargo - PIS,,,Costa Rica,,Rooted Plant (including grafted),,KAPOK PLANTS S A,31,5859,,,,,,23,,,,,,,,,,,,,,,
93,93,,Miami PIS,,,,,Airport - Aircraft - Cargo - PIS,,,Costa Rica,,Unrooted Cutting,,KEBOL PLANTS B V,1,0,,,,,,25,,,,,,,,,,,,,,,
94,94,,Miami PIS,,,,,Airport - Aircraft - Cargo - PIS,,,Guatemala,,Unrooted Plant,,ORNAMENTALES SAPO VERDE Box 401-402,18,1469,,,,,,14,,,,,,,,,,,,,,,
94,94,,JFK PIS,,,,,Airport - Aircraft - Cargo - PIS,,,Guatemala,,Unrooted Cutting,,INVERSIONES LUA SOCIEDAD ANONIMA,10,86892,,,,,,5,,,,,,,,,,,,,,,
94,94,,Miami PIS,,,,,Airport - Aircraft - Cargo - PIS,,,Costa Rica,,Unrooted Cutting,,MICHIGAN BOTANICALS RESOURCES,11,580,,,,,,2,,,,,,,,,,,,,,,
94,94,,Linden PIS,,,,,Airport - Aircraft - Mail - PIS Mail,,,Costa Rica,,Unrooted Cutting,,DGJ CAPCO DE COSTA RICA,3,437,,,,,,11,,,,,,,,,,,,,,,
94,94,,San Francisco PIS,,,,,Airport - Aircraft - Cargo - PIS,,,Honduras,,Unrooted Plant,,BANGKOK PLANT CO LTD,49,1399,,,,,,19,,,,,,,,,,,,,,,
94,94,,Miami PIS,,,,,Airport - Aircraft - Cargo - PIS,,,Thailand,,Unrooted Cutting,,CORPORACION TRINACRIA SOCIEDAD ANONIMA,9,2240,,,,,,25,,,,,,,,,,,,,,,
94,94,,Linden PIS,,,,,Airport - Aircraft - Cargo - PIS,,,Thailand,,Unrooted Cutting,,IVAGRO S.A.,21,122704,,,,,,5,,,,,,,,,,,,,,,
94,94,,Miami PIS,,,,,Airport - Aircraft - Cargo - PIS,,,Guatemala,,Unrooted Cutting,,Same as Shipper,0,542,,,,,,9,,,,,,,,,,,,,,,
94,94,,Miami PIS,,,,,Airport - Aircraft - Cargo - PIS,,,Viet Nam,,Rooted Plant (including grafted),,Nucharin Boonyawan,1,1,,,,,,10,,,,,,,,,,,,,,,
94,94,,Los Angeles PIS,,,,,Airport - Aircraft - Cargo - PIS,,,Israel,,Meristem or Callus Tissue Culture (micropropagated/in vitro culture),,LAS LIMAS,8,35,,,,,,28,,,,,,,,,,,,,,,
94,94,,Miami PIS,,,,,Airport - Aircraft - Cargo - PIS,,,Costa Rica,,Rooted Plant (including grafted),,ORIENTAL AQUARIUM LTD,0,96,,,,,,12,,,,,,,,,,,,,,,
94,94,,Atlanta PIS,,,,,Airport - Aircraft - Cargo - PIS,,,Costa Rica,,Rooted Plant (including grafted),,ECUAMAGIC S.A.,15,62192,,,,,,1,,,,,,,,,,,,,,,
94,94,,Los Angeles PIS,,,,,Airport - Aircraft - Cargo - PIS,,,China,,Rooted Cutting (including air layer),,RED FOX LAS MERCEDES  SA DE CV,14,95,,,,,,19,,,,,,,,,,,,,,,
94,94,,Miami PIS,,,,,Airport - Aircraft - Cargo - PIS,,,Guatemala,,Meristem or Callus Tissue Culture (micropropagated/in vitro culture),,INNOVA PLANT DE COSTA RICA SA,48,5411,,,,,,1,,,,,,,,,,,,,,,
94,94,,JFK PIS,,,,,Airport - Aircraft - Cargo - PIS,,,Guatemala,,Rooted Plant (including grafted),,AYO AGRIC E COM DE EQUP  AGRIC,0,865,,,,,,16,,,,,,,,,,,,,,,
94,94,,Miami PIS,,,,,Maritime Port - Vessel - Cargo - PIS,,,Guatemala,,Unrooted Cutting,,Same as Shipper,31,12718,,,,,,21,,,,,,,,,,,,,,,
94,94,,JFK PIS,,,,,Airport - Aircraft - Cargo - PIS,,,Netherlands,,Rooted Plant (including grafted),,"FIDES GUATEMALA, S.A.",1,11421,,,,,,26,,,,,,,,,,,,,,,
94,94,,Los Angeles PIS,,,,,Maritime Port - Vessel - Cargo - PIS,,,Thailand,,Unrooted Cutting,,VITA FARMS 7301,24,1133,,,,,,16,,,,,,,,,,,,,,,
94,94,,Miami PIS,,,,,Airport - Aircraft - Cargo - PIS,,,Thailand,,Unrooted Cutting,,VITA FARMS 8501-8512,1,36,,,,,,20,,,,,,,,,,,,,,,
94,94,,Atlanta PIS,,,,,Airport - Aircraft - Cargo - PIS,,,Thailand,,Unrooted Plant,,Vita Farms 2301-2347,3,18966,,,,,,1,,,,,,,,,,,,,,,
94,94,,Miami PIS,,,,,Airport - Aircraft - Cargo - PIS,,,Italy,,Unrooted Cutting,,PLANTAS DE SARAPIQUI,1,6,,,,,,15,,,,,,,,,,,,,,,
94,94,,Miami PIS,,,,,Airport - Aircraft - Cargo - PIS,,,Thailand,,Rooted Plant (including grafted),,NATTA 1565 LIMITED PARTNERSHIP,6,10834,,,,,,4,,,,,,,,,,,,,,,
94,94,,Miami PIS,,,,,Airport - Aircraft - Cargo - PIS,,,Dominican Republic,,Unrooted Cutting,,FINO FOLLAJE SA,1,476,,,,,,15,,,,,,,,,,,,,,,
94,94,,Linden PIS,,,,,Airport - Aircraft - Cargo - PIS,,,Indonesia,,Unrooted Cutting,,TUCAN EXPORTERS,3,1587,,,,,,2,,,,,,,,,,,,,,,
94,94,,Miami PIS,,,,,Airport - Aircraft - Cargo - PIS,,,Thailand,,Rooted Plant (including grafted),,VITA FARMS S.A 2301-2340,4,30421,,,,,,24,,,,,,,,,,,,,,,
95,95,,Guam PIS,,,,,Airport - Aircraft - Cargo - PIS,,,Colombia,,Unrooted Plant,,WOON LENG,2,7794,,,,,,4,,,,,,,,,,,,,,,
95,95,,Miami PIS,,,,,Airport - Aircraft - Cargo - PIS,,,Costa Rica,,Rooted Plant (including grafted),,TUCAN EXPORTERS,16,153618,,,,,,1,,,,,,,,,,,,,,,
95,95,,Linden PIS,,,,,Airport - Aircraft - Cargo - PIS,,,Netherlands,,Unrooted Cutting,,Dalat Has Farm Agrivina,0,2134,,,,,,1,,,,,,,,,,,,,,,
95,95,,Miami PIS,,,,,Airport - Aircraft - Cargo - PIS,,,Thailand,,Meristem or Callus Tissue Culture (micropropagated/in vitro culture),,ARCO IRIS DEL CARIBE S.A.,3404,5991,,,,,,18,,,,,,,,,,,,,,,
95,95,,Los Angeles PIS,,,,,Airport - Aircraft - Cargo - PIS,,,Guatemala,,Meristem or Callus Tissue Culture (micropropagated/in vitro culture),,Same as Shipper,366,23855,,,,,,7,,,,,,,,,,,,,,,
95,95,,Atlanta PIS,,,,,Airport - Aircraft - Cargo - PIS,,,Thailand,,"Bulb, Corm, Rhizome, Tuberous Stem",,RED FOX LAS MERCEDES  SA DE CV,5,14517,,,,,,14,,,,,,,,,,,,,,,
95,95,,San Diego PIS,,,,,Airport - Aircraft - Cargo - PIS,,,China,,Rooted Plant (including grafted),,BOCELS BROMELAIDS,25,43598,,,,,,28,,,,,,,,,,,,,,,
95,95,,Miami PIS,,,,,Airport - Aircraft - Cargo - PIS,,,Ecuador,,Unrooted Cutting,,KAPOK PLANTAS SA,7,6729,,,,,,17,,,,,,,,,,,,,,,
95,95,,Miami PIS,,,,,Airport - Aircraft - Cargo - PIS,,,Guatemala,,Unrooted Cutting,,BLOOM SPOT,0,2788,,,,,,18,,,,,,,,,,,,,,,
95,95,,Miami PIS,,,,,Maritime Port - Vessel - Cargo - PIS,,,Mexico,,Unrooted Plant,,Not Selected,0,169,,,,,,16,,,,,,,,,,,,,,,
95,95,,Miami PIS,,,,,Airport - Aircraft - Cargo - PIS,,,Guatemala,,Rooted Plant (including grafted),,MANOTE QUAHPHANIT,2,5209,,,,,,23,,,,,,,,,,,,,,,
95,95,,Miami PIS,,,,,Airport - Aircraft - Cargo - PIS,,,El Salvador,,Unrooted Cutting,,Not Selected,4,3509,,,,,,16,,,,,,,,,,,,,,,
95,95,,Miami PIS,,,,,Airport - Aircraft - Cargo - PIS,,,Netherlands,,Unrooted Plant,,INDUSTRIAS AGRICOLAS CENTRO AMER,0,75,,,,,,11,,,,,,,,,,,,,,,
95,95,,Miami PIS,,,,,Airport - Aircraft - Cargo - PIS,,,Netherlands,,Unrooted Cutting,,VITA FARMS.S.A,2,9936,,,,,,20,,,,,,,,,,,,,,,
95,95,,Linden PIS,,,,,Airport - Aircraft - Cargo - PIS,,,Costa Rica,,Rooted Plant (including grafted),,Same as Shipper,4,153,,,,,,11,,,,,,,,,,,,,,,
95,95,,Miami PIS,,,,,Maritime Port - Vessel - Cargo - PIS,,,Singapore,,Rooted Plant (including grafted),,AGROPECUARIA PENIEL (GUATEXOTIC),43,277764,,,,,,26,,,,,,,,,,,,,,,
95,95,,Miami PIS,,,,,Airport - Aircraft - Cargo - PIS,,,Netherlands,,Rooted Cutting (including air layer),,INNOVA PLANT DE COSTA RICA SA,779,35385,,,,,,22,,,,,,,,,,,,,,,
95,95,,Miami PIS,,,,,Airport - Aircraft - Cargo - PIS,,,Thailand,,Unrooted Cutting,,Not Selected,4,13530,,,,,,15,,,,,,,,,,,,,,,
95,95,,Los Angeles PIS,,,,,Airport - Aircraft - Cargo - PIS,,,Thailand,,Unrooted Cutting,,ATEN BIOTECH,11,4498,,,,,,14,,,,,,,,,,,,,,,
95,95,,Miami PIS,,,,,Airport - Aircraft - Cargo - PIS,,,Guatemala,,Unrooted Cutting,,INNOVA PLANT DE COSTA RICA SA,5,12421,,,,,,15,,,,,,,,,,,,,,,
95,95,,Miami PIS,,,,,Airport - Aircraft - Cargo - PIS,,,India,,Rooted Plant (including grafted),,La Laguna Chichoj,12,6494,,,,,,3,,,,,,,,,,,,,,,
95,95,,Linden PIS,,,,,Airport - Aircraft - Cargo - PIS,,,El Salvador,,"Root cutting, crown, or clump, Tuberous Root",,CACTUSINTER CO LTD,4,13862,,,,,,17,,,,,,,,,,,,,,,
95,95,,Linden PIS,,,,,Airport - Aircraft - Cargo - PIS,,,Nicaragua,,Meristem or Callus Tissue Culture (micropropagated/in vitro culture),,HV AGROPLANTAS S.R.L.,26,5366,,,,,,20,,,,,,,,,,,,,,,
95,95,,Miami PIS,,,,,Airport - Aircraft - Cargo - PIS,,,Philippines,,Rooted Plant (including grafted),,FLORICULTURA Y CIA LTDA,0,1981,,,,,,19,,,,,,,,,,,,,,,
95,95,,Miami PIS,,,,,Airport - Aircraft - Cargo - PIS,,,El Salvador,,Unrooted Plant,,LAS LIMAS,1,544,,,,,,25,,,,,,,,,,,,,,,
96,96,,Miami PIS,,,,,Airport - Aircraft - Cargo - PIS,,,Poland,,Rooted Plant (including grafted),,Topplant Laboratoies,24,4454,,,,,,6,,,,,,,,,,,,,,,
96,96,,Orlando PIS,,,,,Maritime Port - Vessel - Cargo - PIS,,,China,,Meristem or Callus Tissue Culture (micropropagated/in vitro culture),,Not Selected,0,171,,,,,,15,,,,,,,,,,,,,,,
96,96,,Miami PIS,,,,,Airport - Aircraft - Cargo - PIS,,,Costa Rica,,Unrooted Cutting,,LIANYUNGANG FLORWER KING,6,12497,,,,,,25,,,,,,,,,,,,,,,
96,96,,Los Angeles PIS,,,,,Maritime Port - Vessel - Cargo - PIS,,,China,,Unrooted Cutting,,ROYAL VAN ZANTEN LTD,13,15810,,,,,,9,,,,,,,,,,,,,,,
96,96,,Miami PIS,,,,,Airport - Aircraft - Cargo - PIS,,,Guatemala,,Unrooted Plant,,BEAUTY LINE GUATEMALA,92,249081,,,,,,22,,,,,,,,,,,,,,,
96,96,,Miami PIS,,,,,Maritime Port - Vessel - Cargo - PIS,,,Guatemala,,Unrooted Cutting,,IVAGRO S.A.,17,15076,,,,,,24,,,,,,,,,,,,,,,
96,96,,Miami PIS,,,,,Airport - Aircraft - Cargo - PIS,,,Costa Rica,,Unrooted Cutting,,"ZHANGZHOU SPRING SUNSHINE IMPORT & EXPORT TRADE CO., LTD",92,72376,,,,,,12,,,,,,,,,,,,,,,
96,96,,Nogales PIS,,,,,Airport - Aircraft - Cargo - PIS,,,Taiwan,,Unrooted Cutting,,FERNANDO DAVID CHAVES GONZALES,12,14698,,,,,,28,,,,,,,,,,,,,,,
96,96,,Miami PIS,,,,,Maritime Port - Vessel - Cargo - PIS,,,Indonesia,,Meristem or Callus Tissue Culture (micropropagated/in vitro culture),,Vita Farms 8101,8,44,,,,,,11,,,,,,,,,,,,,,,
96,96,,Los Angeles PIS,,,,,Airport - Aircraft - Cargo - PIS,,,Netherlands,,Unrooted Plant,,Ornamentales Sapo Verde SEEDS,58,15756,,,,,,14,,,,,,,,,,,,,,,
96,96,,Miami PIS,,,,,Airport - Aircraft - Cargo - PIS,,,Tanzania,,Unrooted Cutting,,LA FLORESTA ORNAMENTALES S.A.,18,128426,,,,,,20,,,,,,,,,,,,,,,
96,96,,Los Indios PIS,,,,,Airport - Aircraft - Cargo - PIS,,,Canada,,Unrooted Cutting,,Plantas De Mi Tierra S.A.,0,352,,,,,,8,,,,,,,,,,,,,,,
96,96,,Miami PIS,,,,,Airport - Aircraft - Cargo - PIS,,,Costa Rica,,"Bulb, Corm, Rhizome, Tuberous Stem",,CV. KEBUN MAJU BERSAMA,0,33493,,,,,,3,,,,,,,,,,,,,,,
96,96,,Miami PIS,,,,,Airport - Aircraft - Cargo - PIS,,,Taiwan,,Unrooted Cutting,,DARWIN COLOMBIA S.A.S,3,5626,,,,,,6,,,,,,,,,,,,,,,
96,96,,Miami PIS,,,,,Airport - Aircraft - Cargo - PIS,,,Taiwan,,Rooted Cutting (including air layer),,AGRIGENTUM S A,1,2155,,,,,,1,,,,,,,,,,,,,,,
96,96,,Seattle PIS,,,,,Maritime Port - Vessel - Cargo - PIS,,,China,,Rooted Plant (including grafted),,Vita farms 1101,11,3572,,,,,,14,,,,,,,,,,,,,,,
96,96,,Linden PIS,,,,,Airport - Aircraft - Cargo - PIS,,,Ecuador,,Unrooted Plant,,"LONG PRIDE BIOTECHNOLOGY CO., LTD",23,4010,,,,,,10,,,,,,,,,,,,,,,
96,96,,Miami PIS,,,,,Airport - Aircraft - Express Carrier - PIS,,,Germany,,Unrooted Cutting,,INNOVAPLANT DE COSTA RICA,0,550,,,,,,6,,,,,,,,,,,,,,,
96,96,,Miami PIS,,,,,Airport - Aircraft - Cargo - PIS,,,Germany,,Rooted Plant (including grafted),,KAPOK PLANTAS  SOCIEDAD ANONIMA,23,1534,,,,,,19,,,,,,,,,,,,,,,
96,96,,Miami PIS,,,,,Airport - Aircraft - Cargo - PIS,,,Guatemala,,Unrooted Cutting,,INNOVAPLANT DE COSTA RICA,3,15538,,,,,,10,,,,,,,,,,,,,,,
96,96,,Miami PIS,,,,,Airport - Aircraft - Cargo - PIS,,,China,,Unrooted Cutting,,COSTA FARMS,26,63830,,,,,,27,,,,,,,,,,,,,,,
96,96,,Miami PIS,,,,,Airport - Aircraft - Cargo - PIS,,,Guatemala,,Rooted Plant (including grafted),,VITA FARMS BOX 2301-2317,15,455,,,,,,16,,,,,,,,,,,,,,,
96,96,,Linden PIS,,,,,Airport - Aircraft - Cargo - PIS,,,Guatemala,,Unrooted Cutting,,-COOPEINDIA R.L. Box 17-21,30,28094,,,,,,10,,,,,,,,,,,,,,,
96,96,,Miami PIS,,,,,Airport - Aircraft - Cargo - PIS,,,Viet Nam,,Unrooted Cutting,,PRODUCTOS VALPARAISO,1,18781,,,,,,7,,,,,,,,,,,,,,,
96,96,,Los Indios PIS,,,,,Airport - Aircraft - Cargo - PIS,,,Guatemala,,Unrooted Cutting,,TESTASY INTERNATIONAL,22294,1791,,,,,,7,,,,,,,,,,,,,,,
97,97,,Miami PIS,,,,,Airport - Aircraft - Cargo - PIS,,,Belgium,,Meristem or Callus Tissue Culture (micropropagated/in vitro culture),,M Y M PRODUCTORES S A ,17,10350,,,,,,6,,,,,,,,,,,,,,,
97,97,,Miami PIS,,,,,Airport - Aircraft - Cargo - PIS,,,Netherlands,,Unrooted Cutting,,Same as Shipper,640,42693,,,,,,26,,,,,,,,,,,,,,,
97,97,,Miami PIS,,,,,Airport - Aircraft - Express Carrier - PIS,,,Thailand,,Rooted Cutting (including air layer),,ZACATE ORNAMENTAL Y DECORATIVO,5,18686,,,,,,8,,,,,,,,,,,,,,,
97,97,,Los Angeles PIS,,,,,Airport - Aircraft - Cargo - PIS,,,United States of America,,Rooted Plant (including grafted),,ORNAMENTAL DE SAPO  VERDE  1201,3,29157,,,,,,18,,,,,,,,,,,,,,,
97,97,,JFK PIS,,,,,Airport - Aircraft - Cargo - PIS,,,Netherlands,,Rooted Plant (including grafted),,AGRO MARIA LINDA S. A.,0,46,,,,,,9,,,,,,,,,,,,,,,
97,97,,Miami PIS,,,,,Airport - Aircraft - Cargo - PIS,,,Guatemala,,Rooted Plant (including grafted),,FUJIAN LINGBO IMP AND EXP CO LTD,51,90906,,,,,,9,,,,,,,,,,,,,,,
97,97,,Miami PIS,,,,,Airport - Aircraft - Cargo - PIS,,,Thailand,,Unrooted Cutting,,ANTHO ORNAMENTALES S.A 1-4,42,155,,,,,,2,,,,,,,,,,,,,,,
97,97,,Miami PIS,,,,,Airport - Aircraft - Cargo - PIS,,,Taiwan,,Unrooted Cutting,,INNOVAPLANT DE COSTA RICA,3,4692,,,,,,4,,,,,,,,,,,,,,,
97,97,,Miami PIS,,,,,Airport - Aircraft - Cargo - PIS,,,Guatemala,,Unrooted Cutting,,NAPAT THONGMEE,3,5208,,,,,,10,,,,,,,,,,,,,,,
97,97,,Linden PIS,,,,,Airport - Aircraft - Cargo - PIS,,,Guatemala,,Rooted Plant (including grafted),,BLOOMSPOT,18,250,,,,,,28,,,,,,,,,,,,,,,
97,97,,Miami PIS,,,,,Maritime Port - Vessel - Cargo - PIS,,,Thailand,,Unrooted Cutting,,Interfoliage,3,22852,,,,,,24,,,,,,,,,,,,,,,
97,97,,Miami PIS,,,,,Airport - Aircraft - Cargo - PIS,,,Costa Rica,,Unrooted Cutting,,GEKKO ENTERPRISE,3,2968,,,,,,14,,,,,,,,,,,,,,,
97,97,,Miami PIS,,,,,Airport - Aircraft - Cargo - PIS,,,Netherlands,,Rooted Plant (including grafted),,Not Selected,8,113433,,,,,,1,,,,,,,,,,,,,,,
97,97,,Miami PIS,,,,,Airport - Aircraft - Cargo - PIS,,,Canada,,Unrooted Cutting,,POPOW ORCHIDS,7,114510,,,,,,13,,,,,,,,,,,,,,,
97,97,,Atlanta PIS,,,,,Maritime Port - Vessel - Cargo - PIS,,,Costa Rica,,Meristem or Callus Tissue Culture (micropropagated/in vitro culture),,LA FLORESTA ORNAMENTALES S.A.,14,20864,,,,,,18,,,,,,,,,,,,,,,
97,97,,Miami PIS,,,,,Airport - Aircraft - Cargo - PIS,,,Guatemala,,Unrooted Cutting,,SUN HSIN JU,0,5,,,,,,8,,,,,,,,,,,,,,,
97,97,,Los Angeles PIS,,,,,Airport - Aircraft - Cargo - PIS,,,Sri Lanka,,Unrooted Cutting,,COSTA FAMRS LLC,2,265,,,,,,6,,,,,,,,,,,,,,,
97,97,,Los Angeles PIS,,,,,Airport - Aircraft - Cargo - PIS,,,Indonesia,,Rooted Plant (including grafted),,ANNIA FUENTES MARTINEZ 01-06,44,252873,,,,,,3,,,,,,,,,,,,,,,
97,97,,Miami PIS,,,,,Maritime Port - Vessel - Cargo - PIS,,,Costa Rica,,Meristem or Callus Tissue Culture (micropropagated/in vitro culture),,HSIEH CHIE LIANG,0,1,,,,,,22,,,,,,,,,,,,,,,
97,97,,Miami PIS,,,,,Airport - Aircraft - Cargo - PIS,,,Thailand,,Rooted Plant (including grafted),,LA FLORESTA ORNAMENTALES S.A.,14,739,,,,,,4,,,,,,,,,,,,,,,
97,97,,Miami PIS,,,,,Airport - Aircraft - Cargo - PIS,,,Netherlands,,Unrooted Plant,,PLANTAS ORNAMENTALES DE COSTA RICA,0,3059,,,,,,9,,,,,,,,,,,,,,,
97,97,,Atlanta PIS,,,,,Airport - Aircraft - Cargo - PIS,,,Indonesia,,Unrooted Cutting,,Not Selected,7,4244,,,,,,13,,,,,,,,,,,,,,,
97,97,,Miami PIS,,,,,Airport - Aircraft - Cargo - PIS,,,Kenya,,Unrooted Cutting,,Mr. Wirote Makmoon,938,886,,,,,,15,,,,,,,,,,,,,,,
97,97,,Honolulu PIS,,,,,Airport - Aircraft - Cargo - PIS,,,Costa Rica,,Rooted Plant (including grafted),,"ZION PLANTS, SOCIEDAD ANONIMA",11,5251,,,,,,15,,,,,,,,,,,,,,,
97,97,,Miami PIS,,,,,Airport - Aircraft - Cargo - PIS,,,Peru,,Unrooted Cutting,,DALAT HASFARM AGRIVINA LTD,12,39727,,,,,,21,,,,,,,,,,,,,,,
98,98,,Miami PIS,,,,,Airport - Aircraft - Cargo - PIS,,,Israel,,Rooted Plant (including grafted),,Obety Garden Export Company,1,98,,,,,,8,,,,,,,,,,,,,,,
98,98,,Los Angeles PIS,,,,,Airport - Aircraft - Cargo - PIS,,,Netherlands,,Rooted Plant (including grafted),,LAS LIMAS S A,1,65,,,,,,22,,,,,,,,,,,,,,,
98,98,,Los Angeles PIS,,,,,Airport - Aircraft - Cargo - PIS,,,Poland,,Rooted Cutting (including air layer),,DALAT HASFARM CO LTD,37,10970,,,,,,8,,,,,,,,,,,,,,,
98,98,,Miami PIS,,,,,Airport - Aircraft - Cargo - PIS,,,China,,Meristem or Callus Tissue Culture (micropropagated/in vitro culture),,SAPO VERDE 1001,4,9858,,,,,,23,,,,,,,,,,,,,,,
98,98,,Miami PIS,,,,,Airport - Aircraft - Cargo - PIS,,,China,,Unrooted Cutting,,Ornamentales de Sapo Verde  1001-10010,9,6087,,,,,,18,,,,,,,,,,,,,,,
98,98,,Miami PIS,,,,,Airport - Aircraft - Cargo - PIS,,,Guatemala,,Unrooted Cutting,,TURRIPLANTAS S.A. DRACAENA,2,131,,,,,,7,,,,,,,,,,,,,,,
98,98,,Atlanta PIS,,,,,Maritime Port - Vessel - Cargo - PIS,,,Thailand,,Rooted Cutting (including air layer),,BEAUTY LINE GUATEMALA,1,7,,,,,,17,,,,,,,,,,,,,,,
98,98,,JFK PIS,,,,,Airport - Aircraft - Cargo - PIS,,,Taiwan,,Meristem or Callus Tissue Culture (micropropagated/in vitro culture),,Same as Shipper,3,273,,,,,,6,,,,,,,,,,,,,,,
98,98,,Miami PIS,,,,,Airport - Aircraft - Cargo - PIS,,,Netherlands,,"Root cutting, crown, or clump, Tuberous Root",,Vita Farms BOXES 1002-1027,2,159,,,,,,19,,,,,,,,,,,,,,,
98,98,,Miami PIS,,,,,Maritime Port - Vessel - Cargo - PIS,,,India,,Unrooted Cutting,,ZHANGZHOU SUPERIOR IMPORT & EXPORT,642,24625,,,,,,23,,,,,,,,,,,,,,,
98,98,,Miami PIS,,,,,Airport - Aircraft - Cargo - PIS,,,Israel,,Unrooted Cutting,,Mr. Chanchai Bunnongprung,5,145110,,,,,,5,,,,,,,,,,,,,,,
98,98,,Miami PIS,,,,,Airport - Aircraft - Cargo - PIS,,,Thailand,,Unrooted Cutting,,INNOVA PLANT DE COSTA RICA SA,8,11606,,,,,,16,,,,,,,,,,,,,,,
98,98,,Miami PIS,,,,,Airport - Aircraft - Cargo - PIS,,,Costa Rica,,Rooted Plant (including grafted),,Vita Farms 1701,96,171923,,,,,,11,,,,,,,,,,,,,,,
98,98,,Miami PIS,,,,,Airport - Aircraft - Express Carrier - PIS,,,Costa Rica,,Rooted Plant (including grafted),,INNOVA PLANT DE COSTA RICA SA,33,9531,,,,,,15,,,,,,,,,,,,,,,
98,98,,Houston PIS,,,,,Airport - Aircraft - Cargo - PIS,,,Costa Rica,,Unrooted Cutting,,KANJARIN  HIRANWORAWUTHIKUL,524,1526,,,,,,3,,,,,,,,,,,,,,,
98,98,,Miami PIS,,,,,Airport - Aircraft - Cargo - PIS,,,Ecuador,,Unrooted Cutting,,INNOVA PLANT DE COSTA RICA SA,1,201,,,,,,23,,,,,,,,,,,,,,,
98,98,,Miami PIS,,,,,Airport - Aircraft - Cargo - PIS,,,Thailand,,Unrooted Cutting,,NOVA CANE CR,29,5628,,,,,,12,,,,,,,,,,,,,,,
98,98,,JFK PIS,,,,,Maritime Port - Vessel - Cargo - PIS,,,China,,Rooted Plant (including grafted),,AYO AGRICULTURA E COMERCIO,23,15884,,,,,,7,,,,,,,,,,,,,,,
98,98,,Miami PIS,,,,,Maritime Port - Vessel - Cargo - PIS,,,Thailand,,Rooted Plant (including grafted),,INNOVAPLANT DE COSTA RICA,2,9104,,,,,,24,,,,,,,,,,,,,,,
98,98,,Atlanta PIS,,,,,Airport - Aircraft - Express Carrier - PIS,,,Thailand,,Unrooted Cutting,,TUCAN EXPORTERS,0,2431,,,,,,2,,,,,,,,,,,,,,,
98,98,,Miami PIS,,,,,Airport - Aircraft - Cargo - PIS,,,Guatemala,,Rooted Plant (including grafted),,QUELETZU S A BOX 1-32,42,86646,,,,,,3,,,,,,,,,,,,,,,
98,98,,Miami PIS,,,,,Airport - Aircraft - Cargo - PIS,,,Dominican Republic,,Unrooted Plant,,FERTIPLANT BV,0,31,,,,,,13,,,,,,,,,,,,,,,
98,98,,Orlando PIS,,,,,Airport - Aircraft - Cargo - PIS,,,Netherlands,,Rooted Plant (including grafted),,Not Selected,34,795,,,,,,11,,,,,,,,,,,,,,,
98,98,,Miami PIS,,,,,Airport - Aircraft - Cargo - PIS,,,Guatemala,,Unrooted Cutting,,Miss Jariya Phromrat,682,12590,,,,,,24,,,,,,,,,,,,,,,
98,98,,Miami PIS,,,,,Airport - Aircraft - Cargo - PIS,,,Israel,,Unrooted Plant,,VITA FARMS Box# 001-062,19,58329,,,,,,19,,,,,,,,,,,,,,,
99,99,,Linden PIS,,,,,Airport - Aircraft - Cargo - PIS,,,Costa Rica,,Unrooted Cutting,,MICROPLANTAS S.A.,6,203,,,,,,8,,,,,,,,,,,,,,,
99,99,,Miami PIS,,,,,Airport - Aircraft - Cargo - PIS,,,Zimbabwe,,Rooted Plant (including grafted),,TROPICA DEL ATLANTICO,0,12,,,,,,23,,,,,,,,,,,,,,,
99,99,,Miami PIS,,,,,Maritime Port - Vessel - Cargo - PIS,,,Costa Rica,,Rooted Plant (including grafted),,FLORAPLANT SA DE CV,114,34,,,,,,9,,,,,,,,,,,,,,,
99,99,,JFK PIS,,,,,Airport - Aircraft - Cargo - PIS,,,Thailand,,Unrooted Cutting,,VITA FARMS Box 801-840,1,75,,,,,,6,,,,,,,,,,,,,,,
99,99,,Linden PIS,,,,,Airport - Aircraft - Cargo - PIS,,,Mexico,,Unrooted Cutting,,ATEN BIOTECH P LTD,10,19447,,,,,,23,,,,,,,,,,,,,,,
99,99,,Miami PIS,,,,,Airport - Aircraft - Cargo - PIS,,,Viet Nam,,Rooted Plant (including grafted),,Vita Farms Boxes 1201-1255,5,13,,,,,,25,,,,,,,,,,,,,,,
99,99,,Miami PIS,,,,,Airport - Aircraft - Cargo - PIS,,,Costa Rica,,Meristem or Callus Tissue Culture (micropropagated/in vitro culture),,DARWIN COLOMBIA S.A.S,56,78756,,,,,,2,,,,,,,,,,,,,,,
99,99,,Miami PIS,,,,,Airport - Aircraft - Cargo - PIS,,,Kenya,,Unrooted Cutting,,INVERSIONES AGROCOMERCIALES (IVAGRO),21,4464,,,,,,15,,,,,,,,,,,,,,,
99,99,,Miami PIS,,,,,Airport - Aircraft - Cargo - PIS,,,Thailand,,Unrooted Cutting,,"VIVERO INTERNACIONAL S,A DE C.V",18,573,,,,,,23,,,,,,,,,,,,,,,
99,99,,Carolina PIS,,,,,Airport - Aircraft - Cargo - PIS,,,El Salvador,,Rooted Plant (including grafted),,Same as Shipper,5,7724,,,,,,11,,,,,,,,,,,,,,,
99,99,,Los Indios PIS,,,,,Airport - Aircraft - Cargo - PIS,,,Thailand,,Unrooted Cutting,,INDUSTRIAS AGRICOLAS 23-32,13,51917,,,,,,27,,,,,,,,,,,,,,,
99,99,,Miami PIS,,,,,Airport - Aircraft - Cargo - PIS,,,Mexico,,Meristem or Callus Tissue Culture (micropropagated/in vitro culture),,MONRA SA,17,263642,,,,,,16,,,,,,,,,,,,,,,
99,99,,Atlanta PIS,,,,,Airport - Aircraft - Cargo - PIS,,,Ecuador,,Rooted Plant (including grafted),,BEAUTY LINE GUATEMALA,2,53,,,,,,3,,,,,,,,,,,,,,,
99,99,,Miami PIS,,,,,Airport - Aircraft - Cargo - PIS,,,Philippines,,Unrooted Cutting,,INVERSIONES AGROCOMERCIALES (IVAGRO),31,35875,,,,,,16,,,,,,,,,,,,,,,
99,99,,JFK PIS,,,,,Airport - Aircraft - Cargo - PIS,,,China,,Rooted Plant (including grafted),,LOS PINOS POPTUN,3,44733,,,,,,6,,,,,,,,,,,,,,,
99,99,,Seattle PIS,,,,,Airport - Aircraft - Cargo - PIS,,,Guatemala,,Unrooted Cutting,,Ornamentales de Sapo Verde  1001-10010,25,8544,,,,,,22,,,,,,,,,,,,,,,
99,99,,Los Angeles PIS,,,,,Airport - Aircraft - Cargo - PIS,,,El Salvador,,Rooted Plant (including grafted),,ANTHO ORNAMENTALES SA,0,329,,,,,,2,,,,,,,,,,,,,,,
99,99,,Miami PIS,,,,,Maritime Port - Vessel - Cargo - PIS,,,Mexico,,Rooted Plant (including grafted),,IVAGRO S.A. BOX 1-11,3,8444,,,,,,16,,,,,,,,,,,,,,,
99,99,,Los Angeles PIS,,,,,Airport - Aircraft - Cargo - PIS,,,Indonesia,,Rooted Plant (including grafted),,TROPICA DEL ATLANTICO,39,22225,,,,,,26,,,,,,,,,,,,,,,
99,99,,San Diego PIS,,,,,Airport - Aircraft - Cargo - PIS,,,Brazil,,"Root cutting, crown, or clump, Tuberous Root",,FLORICULTURA Y CIA LTDA,10,7253,,,,,,16,,,,,,,,,,,,,,,
99,99,,Los Angeles PIS,,,,,Airport - Aircraft - Cargo - PIS,,,Nicaragua,,Unrooted Cutting,,"PACHARA ORCHIDS INTERTRADE CO.,",172,61864,,,,,,24,,,,,,,,,,,,,,,
99,99,,Miami PIS,,,,,Airport - Aircraft - Cargo - PIS,,,Philippines,,Unrooted Cutting,,MICHIGAN BOTANICALS RESOURCES,3,6422,,,,,,25,,,,,,,,,,,,,,,
99,99,,Atlanta PIS,,,,,Airport - Aircraft - Cargo - PIS,,,Kenya,,Rooted Plant (including grafted),,GENEROS ECUATORIANOS,7,37274,,,,,,10,,,,,,,,,,,,,,,
99,99,,Los Angeles PIS,,,,,Airport - Aircraft - Cargo - PIS,,,India,,Rooted Plant (including grafted),,INNOVAPLANT DE COSTA RICA,23,1813,,,,,,17,,,,,,,,,,,,,,,
99,99,,JFK PIS,,,,,Airport - Aircraft - Cargo - PIS,,,China,,Unrooted Cutting,,INNOVA PLANT DE COSTA RICA SA,5,24041,,,,,,26,,,,,,,,,,,,,,,
100,100,,Miami PIS,,,,,Airport - Aircraft - Cargo - PIS,,,Costa Rica,,Rooted Plant (including grafted),,TUCAN EXPORTERS,318,53007,,,,,,21,,,,,,,,,,,,,,,
100,100,,Miami PIS,,,,,Airport - Aircraft - Cargo - PIS,,,China,,Rooted Plant (including grafted),,ZHONGSHAN BRIGHTEN FLORICULTURE,19,5089,,,,,,24,,,,,,,,,,,,,,,
100,100,,Los Angeles PIS,,,,,Airport - Aircraft - Cargo - PIS,,,China,,Unrooted Cutting,,CACTUSINTER CO LTD,238,17070,,,,,,19,,,,,,,,,,,,,,,
100,100,,Linden PIS,,,,,Airport - Aircraft - Cargo - PIS,,,Taiwan,,Unrooted Plant,,-COOPEINDIA R.L. Box 17-21,942,52931,,,,,,17,,,,,,,,,,,,,,,
100,100,,Miami PIS,,,,,Airport - Aircraft - Cargo - PIS,,,China,,Meristem or Callus Tissue Culture (micropropagated/in vitro culture),,"THAI EXOTIC GREENERY CO., LTD",9,14198,,,,,,27,,,,,,,,,,,,,,,
100,100,,Miami PIS,,,,,Airport - Aircraft - Cargo - PIS,,,Costa Rica,,Unrooted Cutting,,"TRIPLE Q INTERNATIONAL CO., LTD",18,775,,,,,,25,,,,,,,,,,,,,,,
100,100,,Miami PIS,,,,,Airport - Aircraft - Cargo - PIS,,,Guatemala,,Unrooted Cutting,,Anita Salazar Avila,2,486,,,,,,25,,,,,,,,,,,,,,,
100,100,,Miami PIS,,,,,Airport - Aircraft - Cargo - PIS,,,El Salvador,,Unrooted Cutting,,FERTIPLANT BV,23,138507,,,,,,19,,,,,,,,,,,,,,,
100,100,,Miami PIS,,,,,Airport - Aircraft - Cargo - PIS,,,Ethiopia,,Unrooted Cutting,,LATHY FLORA KENYA LIMITED,17,5194,,,,,,13,,,,,,,,,,,,,,,
100,100,,Miami PIS,,,,,Airport - Aircraft - Cargo - PIS,,,Costa Rica,,Rooted Plant (including grafted),,DARWIN COLOMBIA S.A.S,0,1624,,,,,,4,,,,,,,,,,,,,,,
100,100,,Atlanta PIS,,,,,Airport - Aircraft - Cargo - PIS,,,Guatemala,,Unrooted Cutting,,MICROPLANTAS S.A.,0,10162,,,,,,16,,,,,,,,,,,,,,,
100,100,,Miami PIS,,,,,Airport - Aircraft - Cargo - PIS,,,Guatemala,,"Bulb, Corm, Rhizome, Tuberous Stem",,SUPER NURSERY,1,282,,,,,,21,,,,,,,,,,,,,,,
100,100,,Miami PIS,,,,,Airport - Aircraft - Cargo - PIS,,,Guatemala,,Rooted Cutting (including air layer),,M & M Productores 1,49,157495,,,,,,18,,,,,,,,,,,,,,,
100,100,,Atlanta PIS,,,,,Airport - Aircraft - Express Carrier - PIS,,,China,,Unrooted Cutting,,DARWIN COLOMBIA S.A.S,60,191890,,,,,,2,,,,,,,,,,,,,,,
100,100,,Miami PIS,,,,,Airport - Aircraft - Cargo - PIS,,,Thailand,,Unrooted Plant,,Not Selected,7,3927,,,,,,20,,,,,,,,,,,,,,,
100,100,,Miami PIS,,,,,Airport - Aircraft - Cargo - PIS,,,India,,Rooted Plant (including grafted),,BI VERDE,3,225,,,,,,8,,,,,,,,,,,,,,,
100,100,,Atlanta PIS,,,,,Airport - Aircraft - Express Carrier - PIS,,,Guatemala,,Unrooted Cutting,,PLANTEXPO,1,593,,,,,,17,,,,,,,,,,,,,,,
100,100,,Miami PIS,,,,,Airport - Aircraft - Cargo - PIS,,,Honduras,,Unrooted Plant,,SHENZHEN ZHIZE WEISI SUPPLY CHAIN,39,26753,,,,,,28,,,,,,,,,,,,,,,
100,100,,Miami PIS,,,,,Airport - Aircraft - Cargo - PIS,,,Thailand,,Rooted Plant (including grafted),,PALKI  S.A.,1,77,,,,,,17,,,,,,,,,,,,,,,
100,100,,Miami PIS,,,,,Airport - Aircraft - Cargo - PIS,,,Netherlands,,Rooted Plant (including grafted),,M & R AGROEXPORTS,1,2229,,,,,,1,,,,,,,,,,,,,,,
100,100,,Miami PIS,,,,,Airport - Aircraft - Cargo - PIS,,,Guatemala,,Unrooted Plant,,Same as Shipper,11,4650,,,,,,3,,,,,,,,,,,,,,,
100,100,,Miami PIS,,,,,Airport - Aircraft - Cargo - PIS,,,Guatemala,,Rooted Plant (including grafted),,Not Selected,1,1443,,,,,,16,,,,,,,,,,,,,,,
100,100,,Miami PIS,,,,,Airport - Aircraft - Cargo - PIS,,,Japan,,Meristem or Callus Tissue Culture (micropropagated/in vitro culture),,Not Selected,7,14719,,,,,,21,,,,,,,,,,,,,,,
100,100,,Miami PIS,,,,,Maritime Port - Vessel - Cargo - PIS,,,Malaysia,,Unrooted Cutting,,KOREA FLORICULTURE AGRICULTURALCOO,5,10790,,,,,,11,,,,,,,,,,,,,,,
100,100,,JFK PIS,,,,,Airport - Aircraft - Cargo - PIS,,,Thailand,,Rooted Plant (including grafted),,DARWIN COLOMBIA SAS,152,729591,,,,,,11,,,,,,,,,,,,,,,
