INSPECTION_ID,INSPECTION_NUMBER,INSPECTION_LOCATION_ID,INSPECTION_LOCATION_NAME,INSPECTION_LOCATION_STATE_CODE,CATEGORY,SUBCATEGORY,PATHWAY_ID,PATHWAY,ID,COUNTRY_OF_ORIGIN_ID,COUNTRY_OF_ORIGIN_NAME,PROPAGATIVE_MATERIAL_TYPE_ID,PROPAGATIVE_MATERIAL_TYPE,PRODUCER_ID,PRODUCER_NAME,TOTAL_SAMPLING_UNITS,TOTAL_PLANT_QUANTITY,SUBMITTED_DATETIME,REMARKS,CONFIDENCE_LEVEL,RISK_RATING,DETECTION_LEVEL,REQUIRED_NUMBER_OF_BOXES,PULL_NUMBERS,IS_CERTIFIED_OFFSHORE_GREENHOUSE,IS_ACTIVE,CREATED_BY_USER_ID,CREATED_BY_USER_FIRST_NAME,CREATED_BY_USER_MIDDLE_NAME,CREATED_BY_USER_LAST_NAME,CREATED_DATETIME,MODIFIED_BY_USER_ID,MODIFIED_BY_USER_FIRST_NAME,MODIFIED_BY_USER_MIDDLE_NAME,MODIFIED_BY_USER_LAST_NAME,MODIFIED_DATETIME,remarks2,pack_plant,INSPECTION_LOCATION_NAME_PIS,PATHWAY_PIS,COUNTRY_OF_ORIGIN_NAME_PIS,PROPAGATIVE_MATERIAL_TYPE_PIS,TOTAL_SAMPLING_UNITS_PIS,TOTAL_PLANT_QUANTITY_PIS,PRODUCER,CREATED_DATETIME_PIS,INSPECTION_LOCATION_NAME_PIS,PATHWAY_PIS,COUNTRY_OF_ORIGIN_NAME_PIS,PROPAGATIVE_MATERIAL_TYPE_PIS,TOTAL_SAMPLING_UNITS_PIS,TOTAL_PLANT_QUANTITY_PIS,PRODUCER_PIS,CREATED_DATETIME_PIS
1,nan,,,,,,,,,,Tanzania,,,,,100,20000,,,,,,25,,,,,,,,,,,,,,,,,,,,,,,,,,,,,,,
1,nan,,,,,,,,,,Tanzania,,,,,100,20000,,,,,,25,,,,,,,,,,,,,,,,,,,,,,,,,,,,,,,
1,nan,,,,,,,,,,Tanzania,,,,,100,20000,,,,,,25,,,,,,,,,,,,,,,,,,,,,,,,,,,,,,,
1,nan,,,,,,,,,,Tanzania,,,,,100,20000,,,,,,25,,,,,,,,,,,,,,,,,,,,,,,,,,,,,,,
1,nan,,,,,,,,,,Tanzania,,,,,100,20000,,,,,,25,,,,,,,,,,,,,,,,,,,,,,,,,,,,,,,
1,nan,,,,,,,,,,Tanzania,,,,,100,20000,,,,,,25,,,,,,,,,,,,,,,,,,,,,,,,,,,,,,,
1,nan,,,,,,,,,,Tanzania,,,,,100,20000,,,,,,25,,,,,,,,,,,,,,,,,,,,,,,,,,,,,,,
1,nan,,,,,,,,,,Tanzania,,,,,100,20000,,,,,,25,,,,,,,,,,,,,,,,,,,,,,,,,,,,,,,
1,nan,,,,,,,,,,Tanzania,,,,,100,20000,,,,,,25,,,,,,,,,,,,,,,,,,,,,,,,,,,,,,,
1,nan,,,,,,,,,,Tanzania,,,,,100,20000,,,,,,25,,,,,,,,,,,,,,,,,,,,,,,,,,,,,,,
1,nan,,,,,,,,,,Tanzania,,,,,100,20000,,,,,,25,,,,,,,,,,,,,,,,,,,,,,,,,,,,,,,
1,nan,,,,,,,,,,Tanzania,,,,,100,20000,,,,,,25,,,,,,,,,,,,,,,,,,,,,,,,,,,,,,,
1,nan,,,,,,,,,,Tanzania,,,,,100,20000,,,,,,25,,,,,,,,,,,,,,,,,,,,,,,,,,,,,,,
1,nan,,,,,,,,,,Tanzania,,,,,100,20000,,,,,,25,,,,,,,,,,,,,,,,,,,,,,,,,,,,,,,
1,nan,,,,,,,,,,Tanzania,,,,,100,20000,,,,,,25,,,,,,,,,,,,,,,,,,,,,,,,,,,,,,,
1,nan,,,,,,,,,,Tanzania,,,,,100,20000,,,,,,25,,,,,,,,,,,,,,,,,,,,,,,,,,,,,,,
1,nan,,,,,,,,,,Tanzania,,,,,100,20000,,,,,,25,,,,,,,,,,,,,,,,,,,,,,,,,,,,,,,
1,nan,,,,,,,,,,Tanzania,,,,,100,20000,,,,,,25,,,,,,,,,,,,,,,,,,,,,,,,,,,,,,,
1,nan,,,,,,,,,,Tanzania,,,,,100,20000,,,,,,25,,,,,,,,,,,,,,,,,,,,,,,,,,,,,,,
1,nan,,,,,,,,,,Tanzania,,,,,100,20000,,,,,,25,,,,,,,,,,,,,,,,,,,,,,,,,,,,,,,
1,nan,,,,,,,,,,Tanzania,,,,,100,20000,,,,,,25,,,,,,,,,,,,,,,,,,,,,,,,,,,,,,,
1,nan,,,,,,,,,,Tanzania,,,,,100,20000,,,,,,25,,,,,,,,,,,,,,,,,,,,,,,,,,,,,,,
1,nan,,,,,,,,,,Tanzania,,,,,100,20000,,,,,,25,,,,,,,,,,,,,,,,,,,,,,,,,,,,,,,
1,nan,,,,,,,,,,Tanzania,,,,,100,20000,,,,,,25,,,,,,,,,,,,,,,,,,,,,,,,,,,,,,,
1,nan,,,,,,,,,,Tanzania,,,,,100,20000,,,,,,25,,,,,,,,,,,,,,,,,,,,,,,,,,,,,,,
2,nan,,,,,,,,,,India,,,,,100,20000,,,,,,25,,,,,,,,,,,,,,,,,,,,,,,,,,,,,,,
2,nan,,,,,,,,,,India,,,,,100,20000,,,,,,25,,,,,,,,,,,,,,,,,,,,,,,,,,,,,,,
2,nan,,,,,,,,,,India,,,,,100,20000,,,,,,25,,,,,,,,,,,,,,,,,,,,,,,,,,,,,,,
2,nan,,,,,,,,,,India,,,,,100,20000,,,,,,25,,,,,,,,,,,,,,,,,,,,,,,,,,,,,,,
2,nan,,,,,,,,,,India,,,,,100,20000,,,,,,25,,,,,,,,,,,,,,,,,,,,,,,,,,,,,,,
2,nan,,,,,,,,,,India,,,,,100,20000,,,,,,25,,,,,,,,,,,,,,,,,,,,,,,,,,,,,,,
2,nan,,,,,,,,,,India,,,,,100,20000,,,,,,25,,,,,,,,,,,,,,,,,,,,,,,,,,,,,,,
2,nan,,,,,,,,,,India,,,,,100,20000,,,,,,25,,,,,,,,,,,,,,,,,,,,,,,,,,,,,,,
2,nan,,,,,,,,,,India,,,,,100,20000,,,,,,25,,,,,,,,,,,,,,,,,,,,,,,,,,,,,,,
2,nan,,,,,,,,,,India,,,,,100,20000,,,,,,25,,,,,,,,,,,,,,,,,,,,,,,,,,,,,,,
2,nan,,,,,,,,,,India,,,,,100,20000,,,,,,25,,,,,,,,,,,,,,,,,,,,,,,,,,,,,,,
2,nan,,,,,,,,,,India,,,,,100,20000,,,,,,25,,,,,,,,,,,,,,,,,,,,,,,,,,,,,,,
2,nan,,,,,,,,,,India,,,,,100,20000,,,,,,25,,,,,,,,,,,,,,,,,,,,,,,,,,,,,,,
2,nan,,,,,,,,,,India,,,,,100,20000,,,,,,25,,,,,,,,,,,,,,,,,,,,,,,,,,,,,,,
2,nan,,,,,,,,,,India,,,,,100,20000,,,,,,25,,,,,,,,,,,,,,,,,,,,,,,,,,,,,,,
2,nan,,,,,,,,,,India,,,,,100,20000,,,,,,25,,,,,,,,,,,,,,,,,,,,,,,,,,,,,,,
2,nan,,,,,,,,,,India,,,,,100,20000,,,,,,25,,,,,,,,,,,,,,,,,,,,,,,,,,,,,,,
2,nan,,,,,,,,,,India,,,,,100,20000,,,,,,25,,,,,,,,,,,,,,,,,,,,,,,,,,,,,,,
2,nan,,,,,,,,,,India,,,,,100,20000,,,,,,25,,,,,,,,,,,,,,,,,,,,,,,,,,,,,,,
2,nan,,,,,,,,,,India,,,,,100,20000,,,,,,25,,,,,,,,,,,,,,,,,,,,,,,,,,,,,,,
2,nan,,,,,,,,,,India,,,,,100,20000,,,,,,25,,,,,,,,,,,,,,,,,,,,,,,,,,,,,,,
2,nan,,,,,,,,,,India,,,,,100,20000,,,,,,25,,,,,,,,,,,,,,,,,,,,,,,,,,,,,,,
2,nan,,,,,,,,,,India,,,,,100,20000,,,,,,25,,,,,,,,,,,,,,,,,,,,,,,,,,,,,,,
2,nan,,,,,,,,,,India,,,,,100,20000,,,,,,25,,,,,,,,,,,,,,,,,,,,,,,,,,,,,,,
2,nan,,,,,,,,,,India,,,,,100,20000,,,,,,25,,,,,,,,,,,,,,,,,,,,,,,,,,,,,,,
3,nan,,,,,,,,,,Israel,,,,,100,20000,,,,,,25,,,,,,,,,,,,,,,,,,,,,,,,,,,,,,,
3,nan,,,,,,,,,,Israel,,,,,100,20000,,,,,,25,,,,,,,,,,,,,,,,,,,,,,,,,,,,,,,
3,nan,,,,,,,,,,Israel,,,,,100,20000,,,,,,25,,,,,,,,,,,,,,,,,,,,,,,,,,,,,,,
3,nan,,,,,,,,,,Israel,,,,,100,20000,,,,,,25,,,,,,,,,,,,,,,,,,,,,,,,,,,,,,,
3,nan,,,,,,,,,,Israel,,,,,100,20000,,,,,,25,,,,,,,,,,,,,,,,,,,,,,,,,,,,,,,
3,nan,,,,,,,,,,Israel,,,,,100,20000,,,,,,25,,,,,,,,,,,,,,,,,,,,,,,,,,,,,,,
3,nan,,,,,,,,,,Israel,,,,,100,20000,,,,,,25,,,,,,,,,,,,,,,,,,,,,,,,,,,,,,,
3,nan,,,,,,,,,,Israel,,,,,100,20000,,,,,,25,,,,,,,,,,,,,,,,,,,,,,,,,,,,,,,
3,nan,,,,,,,,,,Israel,,,,,100,20000,,,,,,25,,,,,,,,,,,,,,,,,,,,,,,,,,,,,,,
3,nan,,,,,,,,,,Israel,,,,,100,20000,,,,,,25,,,,,,,,,,,,,,,,,,,,,,,,,,,,,,,
3,nan,,,,,,,,,,Israel,,,,,100,20000,,,,,,25,,,,,,,,,,,,,,,,,,,,,,,,,,,,,,,
3,nan,,,,,,,,,,Israel,,,,,100,20000,,,,,,25,,,,,,,,,,,,,,,,,,,,,,,,,,,,,,,
3,nan,,,,,,,,,,Israel,,,,,100,20000,,,,,,25,,,,,,,,,,,,,,,,,,,,,,,,,,,,,,,
3,nan,,,,,,,,,,Israel,,,,,100,20000,,,,,,25,,,,,,,,,,,,,,,,,,,,,,,,,,,,,,,
3,nan,,,,,,,,,,Israel,,,,,100,20000,,,,,,25,,,,,,,,,,,,,,,,,,,,,,,,,,,,,,,
3,nan,,,,,,,,,,Israel,,,,,100,20000,,,,,,25,,,,,,,,,,,,,,,,,,,,,,,,,,,,,,,
3,nan,,,,,,,,,,Israel,,,,,100,20000,,,,,,25,,,,,,,,,,,,,,,,,,,,,,,,,,,,,,,
3,nan,,,,,,,,,,Israel,,,,,100,20000,,,,,,25,,,,,,,,,,,,,,,,,,,,,,,,,,,,,,,
3,nan,,,,,,,,,,Israel,,,,,100,20000,,,,,,25,,,,,,,,,,,,,,,,,,,,,,,,,,,,,,,
3,nan,,,,,,,,,,Israel,,,,,100,20000,,,,,,25,,,,,,,,,,,,,,,,,,,,,,,,,,,,,,,
3,nan,,,,,,,,,,Israel,,,,,100,20000,,,,,,25,,,,,,,,,,,,,,,,,,,,,,,,,,,,,,,
3,nan,,,,,,,,,,Israel,,,,,100,20000,,,,,,25,,,,,,,,,,,,,,,,,,,,,,,,,,,,,,,
3,nan,,,,,,,,,,Israel,,,,,100,20000,,,,,,25,,,,,,,,,,,,,,,,,,,,,,,,,,,,,,,
3,nan,,,,,,,,,,Israel,,,,,100,20000,,,,,,25,,,,,,,,,,,,,,,,,,,,,,,,,,,,,,,
3,nan,,,,,,,,,,Israel,,,,,100,20000,,,,,,25,,,,,,,,,,,,,,,,,,,,,,,,,,,,,,,
4,nan,,,,,,,,,,Israel,,,,,100,20000,,,,,,25,,,,,,,,,,,,,,,,,,,,,,,,,,,,,,,
4,nan,,,,,,,,,,Israel,,,,,100,20000,,,,,,25,,,,,,,,,,,,,,,,,,,,,,,,,,,,,,,
4,nan,,,,,,,,,,Israel,,,,,100,20000,,,,,,25,,,,,,,,,,,,,,,,,,,,,,,,,,,,,,,
4,nan,,,,,,,,,,Israel,,,,,100,20000,,,,,,25,,,,,,,,,,,,,,,,,,,,,,,,,,,,,,,
4,nan,,,,,,,,,,Israel,,,,,100,20000,,,,,,25,,,,,,,,,,,,,,,,,,,,,,,,,,,,,,,
4,nan,,,,,,,,,,Israel,,,,,100,20000,,,,,,25,,,,,,,,,,,,,,,,,,,,,,,,,,,,,,,
4,nan,,,,,,,,,,Israel,,,,,100,20000,,,,,,25,,,,,,,,,,,,,,,,,,,,,,,,,,,,,,,
4,nan,,,,,,,,,,Israel,,,,,100,20000,,,,,,25,,,,,,,,,,,,,,,,,,,,,,,,,,,,,,,
4,nan,,,,,,,,,,Israel,,,,,100,20000,,,,,,25,,,,,,,,,,,,,,,,,,,,,,,,,,,,,,,
4,nan,,,,,,,,,,Israel,,,,,100,20000,,,,,,25,,,,,,,,,,,,,,,,,,,,,,,,,,,,,,,
4,nan,,,,,,,,,,Israel,,,,,100,20000,,,,,,25,,,,,,,,,,,,,,,,,,,,,,,,,,,,,,,
4,nan,,,,,,,,,,Israel,,,,,100,20000,,,,,,25,,,,,,,,,,,,,,,,,,,,,,,,,,,,,,,
4,nan,,,,,,,,,,Israel,,,,,100,20000,,,,,,25,,,,,,,,,,,,,,,,,,,,,,,,,,,,,,,
4,nan,,,,,,,,,,Israel,,,,,100,20000,,,,,,25,,,,,,,,,,,,,,,,,,,,,,,,,,,,,,,
4,nan,,,,,,,,,,Israel,,,,,100,20000,,,,,,25,,,,,,,,,,,,,,,,,,,,,,,,,,,,,,,
4,nan,,,,,,,,,,Israel,,,,,100,20000,,,,,,25,,,,,,,,,,,,,,,,,,,,,,,,,,,,,,,
4,nan,,,,,,,,,,Israel,,,,,100,20000,,,,,,25,,,,,,,,,,,,,,,,,,,,,,,,,,,,,,,
4,nan,,,,,,,,,,Israel,,,,,100,20000,,,,,,25,,,,,,,,,,,,,,,,,,,,,,,,,,,,,,,
4,nan,,,,,,,,,,Israel,,,,,100,20000,,,,,,25,,,,,,,,,,,,,,,,,,,,,,,,,,,,,,,
4,nan,,,,,,,,,,Israel,,,,,100,20000,,,,,,25,,,,,,,,,,,,,,,,,,,,,,,,,,,,,,,
4,nan,,,,,,,,,,Israel,,,,,100,20000,,,,,,25,,,,,,,,,,,,,,,,,,,,,,,,,,,,,,,
4,nan,,,,,,,,,,Israel,,,,,100,20000,,,,,,25,,,,,,,,,,,,,,,,,,,,,,,,,,,,,,,
4,nan,,,,,,,,,,Israel,,,,,100,20000,,,,,,25,,,,,,,,,,,,,,,,,,,,,,,,,,,,,,,
4,nan,,,,,,,,,,Israel,,,,,100,20000,,,,,,25,,,,,,,,,,,,,,,,,,,,,,,,,,,,,,,
4,nan,,,,,,,,,,Israel,,,,,100,20000,,,,,,25,,,,,,,,,,,,,,,,,,,,,,,,,,,,,,,
5,nan,,,,,,,,,,Netherlands,,,,,100,20000,,,,,,25,,,,,,,,,,,,,,,,,,,,,,,,,,,,,,,
5,nan,,,,,,,,,,Netherlands,,,,,100,20000,,,,,,25,,,,,,,,,,,,,,,,,,,,,,,,,,,,,,,
5,nan,,,,,,,,,,Netherlands,,,,,100,20000,,,,,,25,,,,,,,,,,,,,,,,,,,,,,,,,,,,,,,
5,nan,,,,,,,,,,Netherlands,,,,,100,20000,,,,,,25,,,,,,,,,,,,,,,,,,,,,,,,,,,,,,,
5,nan,,,,,,,,,,Netherlands,,,,,100,20000,,,,,,25,,,,,,,,,,,,,,,,,,,,,,,,,,,,,,,
5,nan,,,,,,,,,,Netherlands,,,,,100,20000,,,,,,25,,,,,,,,,,,,,,,,,,,,,,,,,,,,,,,
5,nan,,,,,,,,,,Netherlands,,,,,100,20000,,,,,,25,,,,,,,,,,,,,,,,,,,,,,,,,,,,,,,
5,nan,,,,,,,,,,Netherlands,,,,,100,20000,,,,,,25,,,,,,,,,,,,,,,,,,,,,,,,,,,,,,,
5,nan,,,,,,,,,,Netherlands,,,,,100,20000,,,,,,25,,,,,,,,,,,,,,,,,,,,,,,,,,,,,,,
5,nan,,,,,,,,,,Netherlands,,,,,100,20000,,,,,,25,,,,,,,,,,,,,,,,,,,,,,,,,,,,,,,
5,nan,,,,,,,,,,Netherlands,,,,,100,20000,,,,,,25,,,,,,,,,,,,,,,,,,,,,,,,,,,,,,,
5,nan,,,,,,,,,,Netherlands,,,,,100,20000,,,,,,25,,,,,,,,,,,,,,,,,,,,,,,,,,,,,,,
5,nan,,,,,,,,,,Netherlands,,,,,100,20000,,,,,,25,,,,,,,,,,,,,,,,,,,,,,,,,,,,,,,
5,nan,,,,,,,,,,Netherlands,,,,,100,20000,,,,,,25,,,,,,,,,,,,,,,,,,,,,,,,,,,,,,,
5,nan,,,,,,,,,,Netherlands,,,,,100,20000,,,,,,25,,,,,,,,,,,,,,,,,,,,,,,,,,,,,,,
5,nan,,,,,,,,,,Netherlands,,,,,100,20000,,,,,,25,,,,,,,,,,,,,,,,,,,,,,,,,,,,,,,
5,nan,,,,,,,,,,Netherlands,,,,,100,20000,,,,,,25,,,,,,,,,,,,,,,,,,,,,,,,,,,,,,,
5,nan,,,,,,,,,,Netherlands,,,,,100,20000,,,,,,25,,,,,,,,,,,,,,,,,,,,,,,,,,,,,,,
5,nan,,,,,,,,,,Netherlands,,,,,100,20000,,,,,,25,,,,,,,,,,,,,,,,,,,,,,,,,,,,,,,
5,nan,,,,,,,,,,Netherlands,,,,,100,20000,,,,,,25,,,,,,,,,,,,,,,,,,,,,,,,,,,,,,,
5,nan,,,,,,,,,,Netherlands,,,,,100,20000,,,,,,25,,,,,,,,,,,,,,,,,,,,,,,,,,,,,,,
5,nan,,,,,,,,,,Netherlands,,,,,100,20000,,,,,,25,,,,,,,,,,,,,,,,,,,,,,,,,,,,,,,
5,nan,,,,,,,,,,Netherlands,,,,,100,20000,,,,,,25,,,,,,,,,,,,,,,,,,,,,,,,,,,,,,,
5,nan,,,,,,,,,,Netherlands,,,,,100,20000,,,,,,25,,,,,,,,,,,,,,,,,,,,,,,,,,,,,,,
5,nan,,,,,,,,,,Netherlands,,,,,100,20000,,,,,,25,,,,,,,,,,,,,,,,,,,,,,,,,,,,,,,
6,nan,,,,,,,,,,Netherlands,,,,,100,20000,,,,,,25,,,,,,,,,,,,,,,,,,,,,,,,,,,,,,,
6,nan,,,,,,,,,,Netherlands,,,,,100,20000,,,,,,25,,,,,,,,,,,,,,,,,,,,,,,,,,,,,,,
6,nan,,,,,,,,,,Netherlands,,,,,100,20000,,,,,,25,,,,,,,,,,,,,,,,,,,,,,,,,,,,,,,
6,nan,,,,,,,,,,Netherlands,,,,,100,20000,,,,,,25,,,,,,,,,,,,,,,,,,,,,,,,,,,,,,,
6,nan,,,,,,,,,,Netherlands,,,,,100,20000,,,,,,25,,,,,,,,,,,,,,,,,,,,,,,,,,,,,,,
6,nan,,,,,,,,,,Netherlands,,,,,100,20000,,,,,,25,,,,,,,,,,,,,,,,,,,,,,,,,,,,,,,
6,nan,,,,,,,,,,Netherlands,,,,,100,20000,,,,,,25,,,,,,,,,,,,,,,,,,,,,,,,,,,,,,,
6,nan,,,,,,,,,,Netherlands,,,,,100,20000,,,,,,25,,,,,,,,,,,,,,,,,,,,,,,,,,,,,,,
6,nan,,,,,,,,,,Netherlands,,,,,100,20000,,,,,,25,,,,,,,,,,,,,,,,,,,,,,,,,,,,,,,
6,nan,,,,,,,,,,Netherlands,,,,,100,20000,,,,,,25,,,,,,,,,,,,,,,,,,,,,,,,,,,,,,,
6,nan,,,,,,,,,,Netherlands,,,,,100,20000,,,,,,25,,,,,,,,,,,,,,,,,,,,,,,,,,,,,,,
6,nan,,,,,,,,,,Netherlands,,,,,100,20000,,,,,,25,,,,,,,,,,,,,,,,,,,,,,,,,,,,,,,
6,nan,,,,,,,,,,Netherlands,,,,,100,20000,,,,,,25,,,,,,,,,,,,,,,,,,,,,,,,,,,,,,,
6,nan,,,,,,,,,,Netherlands,,,,,100,20000,,,,,,25,,,,,,,,,,,,,,,,,,,,,,,,,,,,,,,
6,nan,,,,,,,,,,Netherlands,,,,,100,20000,,,,,,25,,,,,,,,,,,,,,,,,,,,,,,,,,,,,,,
6,nan,,,,,,,,,,Netherlands,,,,,100,20000,,,,,,25,,,,,,,,,,,,,,,,,,,,,,,,,,,,,,,
6,nan,,,,,,,,,,Netherlands,,,,,100,20000,,,,,,25,,,,,,,,,,,,,,,,,,,,,,,,,,,,,,,
6,nan,,,,,,,,,,Netherlands,,,,,100,20000,,,,,,25,,,,,,,,,,,,,,,,,,,,,,,,,,,,,,,
6,nan,,,,,,,,,,Netherlands,,,,,100,20000,,,,,,25,,,,,,,,,,,,,,,,,,,,,,,,,,,,,,,
6,nan,,,,,,,,,,Netherlands,,,,,100,20000,,,,,,25,,,,,,,,,,,,,,,,,,,,,,,,,,,,,,,
6,nan,,,,,,,,,,Netherlands,,,,,100,20000,,,,,,25,,,,,,,,,,,,,,,,,,,,,,,,,,,,,,,
6,nan,,,,,,,,,,Netherlands,,,,,100,20000,,,,,,25,,,,,,,,,,,,,,,,,,,,,,,,,,,,,,,
6,nan,,,,,,,,,,Netherlands,,,,,100,20000,,,,,,25,,,,,,,,,,,,,,,,,,,,,,,,,,,,,,,
6,nan,,,,,,,,,,Netherlands,,,,,100,20000,,,,,,25,,,,,,,,,,,,,,,,,,,,,,,,,,,,,,,
6,nan,,,,,,,,,,Netherlands,,,,,100,20000,,,,,,25,,,,,,,,,,,,,,,,,,,,,,,,,,,,,,,
7,nan,,,,,,,,,,Japan,,,,,100,20000,,,,,,25,,,,,,,,,,,,,,,,,,,,,,,,,,,,,,,
7,nan,,,,,,,,,,Japan,,,,,100,20000,,,,,,25,,,,,,,,,,,,,,,,,,,,,,,,,,,,,,,
7,nan,,,,,,,,,,Japan,,,,,100,20000,,,,,,25,,,,,,,,,,,,,,,,,,,,,,,,,,,,,,,
7,nan,,,,,,,,,,Japan,,,,,100,20000,,,,,,25,,,,,,,,,,,,,,,,,,,,,,,,,,,,,,,
7,nan,,,,,,,,,,Japan,,,,,100,20000,,,,,,25,,,,,,,,,,,,,,,,,,,,,,,,,,,,,,,
7,nan,,,,,,,,,,Japan,,,,,100,20000,,,,,,25,,,,,,,,,,,,,,,,,,,,,,,,,,,,,,,
7,nan,,,,,,,,,,Japan,,,,,100,20000,,,,,,25,,,,,,,,,,,,,,,,,,,,,,,,,,,,,,,
7,nan,,,,,,,,,,Japan,,,,,100,20000,,,,,,25,,,,,,,,,,,,,,,,,,,,,,,,,,,,,,,
7,nan,,,,,,,,,,Japan,,,,,100,20000,,,,,,25,,,,,,,,,,,,,,,,,,,,,,,,,,,,,,,
7,nan,,,,,,,,,,Japan,,,,,100,20000,,,,,,25,,,,,,,,,,,,,,,,,,,,,,,,,,,,,,,
7,nan,,,,,,,,,,Japan,,,,,100,20000,,,,,,25,,,,,,,,,,,,,,,,,,,,,,,,,,,,,,,
7,nan,,,,,,,,,,Japan,,,,,100,20000,,,,,,25,,,,,,,,,,,,,,,,,,,,,,,,,,,,,,,
7,nan,,,,,,,,,,Japan,,,,,100,20000,,,,,,25,,,,,,,,,,,,,,,,,,,,,,,,,,,,,,,
7,nan,,,,,,,,,,Japan,,,,,100,20000,,,,,,25,,,,,,,,,,,,,,,,,,,,,,,,,,,,,,,
7,nan,,,,,,,,,,Japan,,,,,100,20000,,,,,,25,,,,,,,,,,,,,,,,,,,,,,,,,,,,,,,
7,nan,,,,,,,,,,Japan,,,,,100,20000,,,,,,25,,,,,,,,,,,,,,,,,,,,,,,,,,,,,,,
7,nan,,,,,,,,,,Japan,,,,,100,20000,,,,,,25,,,,,,,,,,,,,,,,,,,,,,,,,,,,,,,
7,nan,,,,,,,,,,Japan,,,,,100,20000,,,,,,25,,,,,,,,,,,,,,,,,,,,,,,,,,,,,,,
7,nan,,,,,,,,,,Japan,,,,,100,20000,,,,,,25,,,,,,,,,,,,,,,,,,,,,,,,,,,,,,,
7,nan,,,,,,,,,,Japan,,,,,100,20000,,,,,,25,,,,,,,,,,,,,,,,,,,,,,,,,,,,,,,
7,nan,,,,,,,,,,Japan,,,,,100,20000,,,,,,25,,,,,,,,,,,,,,,,,,,,,,,,,,,,,,,
7,nan,,,,,,,,,,Japan,,,,,100,20000,,,,,,25,,,,,,,,,,,,,,,,,,,,,,,,,,,,,,,
7,nan,,,,,,,,,,Japan,,,,,100,20000,,,,,,25,,,,,,,,,,,,,,,,,,,,,,,,,,,,,,,
7,nan,,,,,,,,,,Japan,,,,,100,20000,,,,,,25,,,,,,,,,,,,,,,,,,,,,,,,,,,,,,,
7,nan,,,,,,,,,,Japan,,,,,100,20000,,,,,,25,,,,,,,,,,,,,,,,,,,,,,,,,,,,,,,
8,nan,,,,,,,,,,Japan,,,,,100,20000,,,,,,25,,,,,,,,,,,,,,,,,,,,,,,,,,,,,,,
8,nan,,,,,,,,,,Japan,,,,,100,20000,,,,,,25,,,,,,,,,,,,,,,,,,,,,,,,,,,,,,,
8,nan,,,,,,,,,,Japan,,,,,100,20000,,,,,,25,,,,,,,,,,,,,,,,,,,,,,,,,,,,,,,
8,nan,,,,,,,,,,Japan,,,,,100,20000,,,,,,25,,,,,,,,,,,,,,,,,,,,,,,,,,,,,,,
8,nan,,,,,,,,,,Japan,,,,,100,20000,,,,,,25,,,,,,,,,,,,,,,,,,,,,,,,,,,,,,,
8,nan,,,,,,,,,,Japan,,,,,100,20000,,,,,,25,,,,,,,,,,,,,,,,,,,,,,,,,,,,,,,
8,nan,,,,,,,,,,Japan,,,,,100,20000,,,,,,25,,,,,,,,,,,,,,,,,,,,,,,,,,,,,,,
8,nan,,,,,,,,,,Japan,,,,,100,20000,,,,,,25,,,,,,,,,,,,,,,,,,,,,,,,,,,,,,,
8,nan,,,,,,,,,,Japan,,,,,100,20000,,,,,,25,,,,,,,,,,,,,,,,,,,,,,,,,,,,,,,
8,nan,,,,,,,,,,Japan,,,,,100,20000,,,,,,25,,,,,,,,,,,,,,,,,,,,,,,,,,,,,,,
8,nan,,,,,,,,,,Japan,,,,,100,20000,,,,,,25,,,,,,,,,,,,,,,,,,,,,,,,,,,,,,,
8,nan,,,,,,,,,,Japan,,,,,100,20000,,,,,,25,,,,,,,,,,,,,,,,,,,,,,,,,,,,,,,
8,nan,,,,,,,,,,Japan,,,,,100,20000,,,,,,25,,,,,,,,,,,,,,,,,,,,,,,,,,,,,,,
8,nan,,,,,,,,,,Japan,,,,,100,20000,,,,,,25,,,,,,,,,,,,,,,,,,,,,,,,,,,,,,,
8,nan,,,,,,,,,,Japan,,,,,100,20000,,,,,,25,,,,,,,,,,,,,,,,,,,,,,,,,,,,,,,
8,nan,,,,,,,,,,Japan,,,,,100,20000,,,,,,25,,,,,,,,,,,,,,,,,,,,,,,,,,,,,,,
8,nan,,,,,,,,,,Japan,,,,,100,20000,,,,,,25,,,,,,,,,,,,,,,,,,,,,,,,,,,,,,,
8,nan,,,,,,,,,,Japan,,,,,100,20000,,,,,,25,,,,,,,,,,,,,,,,,,,,,,,,,,,,,,,
8,nan,,,,,,,,,,Japan,,,,,100,20000,,,,,,25,,,,,,,,,,,,,,,,,,,,,,,,,,,,,,,
8,nan,,,,,,,,,,Japan,,,,,100,20000,,,,,,25,,,,,,,,,,,,,,,,,,,,,,,,,,,,,,,
8,nan,,,,,,,,,,Japan,,,,,100,20000,,,,,,25,,,,,,,,,,,,,,,,,,,,,,,,,,,,,,,
8,nan,,,,,,,,,,Japan,,,,,100,20000,,,,,,25,,,,,,,,,,,,,,,,,,,,,,,,,,,,,,,
8,nan,,,,,,,,,,Japan,,,,,100,20000,,,,,,25,,,,,,,,,,,,,,,,,,,,,,,,,,,,,,,
8,nan,,,,,,,,,,Japan,,,,,100,20000,,,,,,25,,,,,,,,,,,,,,,,,,,,,,,,,,,,,,,
8,nan,,,,,,,,,,Japan,,,,,100,20000,,,,,,25,,,,,,,,,,,,,,,,,,,,,,,,,,,,,,,
9,nan,,,,,,,,,,Tanzania,,,,,100,20000,,,,,,25,,,,,,,,,,,,,,,,,,,,,,,,,,,,,,,
9,nan,,,,,,,,,,Tanzania,,,,,100,20000,,,,,,25,,,,,,,,,,,,,,,,,,,,,,,,,,,,,,,
9,nan,,,,,,,,,,Tanzania,,,,,100,20000,,,,,,25,,,,,,,,,,,,,,,,,,,,,,,,,,,,,,,
9,nan,,,,,,,,,,Tanzania,,,,,100,20000,,,,,,25,,,,,,,,,,,,,,,,,,,,,,,,,,,,,,,
9,nan,,,,,,,,,,Tanzania,,,,,100,20000,,,,,,25,,,,,,,,,,,,,,,,,,,,,,,,,,,,,,,
9,nan,,,,,,,,,,Tanzania,,,,,100,20000,,,,,,25,,,,,,,,,,,,,,,,,,,,,,,,,,,,,,,
9,nan,,,,,,,,,,Tanzania,,,,,100,20000,,,,,,25,,,,,,,,,,,,,,,,,,,,,,,,,,,,,,,
9,nan,,,,,,,,,,Tanzania,,,,,100,20000,,,,,,25,,,,,,,,,,,,,,,,,,,,,,,,,,,,,,,
9,nan,,,,,,,,,,Tanzania,,,,,100,20000,,,,,,25,,,,,,,,,,,,,,,,,,,,,,,,,,,,,,,
9,nan,,,,,,,,,,Tanzania,,,,,100,20000,,,,,,25,,,,,,,,,,,,,,,,,,,,,,,,,,,,,,,
9,nan,,,,,,,,,,Tanzania,,,,,100,20000,,,,,,25,,,,,,,,,,,,,,,,,,,,,,,,,,,,,,,
9,nan,,,,,,,,,,Tanzania,,,,,100,20000,,,,,,25,,,,,,,,,,,,,,,,,,,,,,,,,,,,,,,
9,nan,,,,,,,,,,Tanzania,,,,,100,20000,,,,,,25,,,,,,,,,,,,,,,,,,,,,,,,,,,,,,,
9,nan,,,,,,,,,,Tanzania,,,,,100,20000,,,,,,25,,,,,,,,,,,,,,,,,,,,,,,,,,,,,,,
9,nan,,,,,,,,,,Tanzania,,,,,100,20000,,,,,,25,,,,,,,,,,,,,,,,,,,,,,,,,,,,,,,
9,nan,,,,,,,,,,Tanzania,,,,,100,20000,,,,,,25,,,,,,,,,,,,,,,,,,,,,,,,,,,,,,,
9,nan,,,,,,,,,,Tanzania,,,,,100,20000,,,,,,25,,,,,,,,,,,,,,,,,,,,,,,,,,,,,,,
9,nan,,,,,,,,,,Tanzania,,,,,100,20000,,,,,,25,,,,,,,,,,,,,,,,,,,,,,,,,,,,,,,
9,nan,,,,,,,,,,Tanzania,,,,,100,20000,,,,,,25,,,,,,,,,,,,,,,,,,,,,,,,,,,,,,,
9,nan,,,,,,,,,,Tanzania,,,,,100,20000,,,,,,25,,,,,,,,,,,,,,,,,,,,,,,,,,,,,,,
9,nan,,,,,,,,,,Tanzania,,,,,100,20000,,,,,,25,,,,,,,,,,,,,,,,,,,,,,,,,,,,,,,
9,nan,,,,,,,,,,Tanzania,,,,,100,20000,,,,,,25,,,,,,,,,,,,,,,,,,,,,,,,,,,,,,,
9,nan,,,,,,,,,,Tanzania,,,,,100,20000,,,,,,25,,,,,,,,,,,,,,,,,,,,,,,,,,,,,,,
9,nan,,,,,,,,,,Tanzania,,,,,100,20000,,,,,,25,,,,,,,,,,,,,,,,,,,,,,,,,,,,,,,
9,nan,,,,,,,,,,Tanzania,,,,,100,20000,,,,,,25,,,,,,,,,,,,,,,,,,,,,,,,,,,,,,,
10,nan,,,,,,,,,,Tanzania,,,,,100,20000,,,,,,25,,,,,,,,,,,,,,,,,,,,,,,,,,,,,,,
10,nan,,,,,,,,,,Tanzania,,,,,100,20000,,,,,,25,,,,,,,,,,,,,,,,,,,,,,,,,,,,,,,
10,nan,,,,,,,,,,Tanzania,,,,,100,20000,,,,,,25,,,,,,,,,,,,,,,,,,,,,,,,,,,,,,,
10,nan,,,,,,,,,,Tanzania,,,,,100,20000,,,,,,25,,,,,,,,,,,,,,,,,,,,,,,,,,,,,,,
10,nan,,,,,,,,,,Tanzania,,,,,100,20000,,,,,,25,,,,,,,,,,,,,,,,,,,,,,,,,,,,,,,
10,nan,,,,,,,,,,Tanzania,,,,,100,20000,,,,,,25,,,,,,,,,,,,,,,,,,,,,,,,,,,,,,,
10,nan,,,,,,,,,,Tanzania,,,,,100,20000,,,,,,25,,,,,,,,,,,,,,,,,,,,,,,,,,,,,,,
10,nan,,,,,,,,,,Tanzania,,,,,100,20000,,,,,,25,,,,,,,,,,,,,,,,,,,,,,,,,,,,,,,
10,nan,,,,,,,,,,Tanzania,,,,,100,20000,,,,,,25,,,,,,,,,,,,,,,,,,,,,,,,,,,,,,,
10,nan,,,,,,,,,,Tanzania,,,,,100,20000,,,,,,25,,,,,,,,,,,,,,,,,,,,,,,,,,,,,,,
10,nan,,,,,,,,,,Tanzania,,,,,100,20000,,,,,,25,,,,,,,,,,,,,,,,,,,,,,,,,,,,,,,
10,nan,,,,,,,,,,Tanzania,,,,,100,20000,,,,,,25,,,,,,,,,,,,,,,,,,,,,,,,,,,,,,,
10,nan,,,,,,,,,,Tanzania,,,,,100,20000,,,,,,25,,,,,,,,,,,,,,,,,,,,,,,,,,,,,,,
10,nan,,,,,,,,,,Tanzania,,,,,100,20000,,,,,,25,,,,,,,,,,,,,,,,,,,,,,,,,,,,,,,
10,nan,,,,,,,,,,Tanzania,,,,,100,20000,,,,,,25,,,,,,,,,,,,,,,,,,,,,,,,,,,,,,,
10,nan,,,,,,,,,,Tanzania,,,,,100,20000,,,,,,25,,,,,,,,,,,,,,,,,,,,,,,,,,,,,,,
10,nan,,,,,,,,,,Tanzania,,,,,100,20000,,,,,,25,,,,,,,,,,,,,,,,,,,,,,,,,,,,,,,
10,nan,,,,,,,,,,Tanzania,,,,,100,20000,,,,,,25,,,,,,,,,,,,,,,,,,,,,,,,,,,,,,,
10,nan,,,,,,,,,,Tanzania,,,,,100,20000,,,,,,25,,,,,,,,,,,,,,,,,,,,,,,,,,,,,,,
10,nan,,,,,,,,,,Tanzania,,,,,100,20000,,,,,,25,,,,,,,,,,,,,,,,,,,,,,,,,,,,,,,
10,nan,,,,,,,,,,Tanzania,,,,,100,20000,,,,,,25,,,,,,,,,,,,,,,,,,,,,,,,,,,,,,,
10,nan,,,,,,,,,,Tanzania,,,,,100,20000,,,,,,25,,,,,,,,,,,,,,,,,,,,,,,,,,,,,,,
10,nan,,,,,,,,,,Tanzania,,,,,100,20000,,,,,,25,,,,,,,,,,,,,,,,,,,,,,,,,,,,,,,
10,nan,,,,,,,,,,Tanzania,,,,,100,20000,,,,,,25,,,,,,,,,,,,,,,,,,,,,,,,,,,,,,,
10,nan,,,,,,,,,,Tanzania,,,,,100,20000,,,,,,25,,,,,,,,,,,,,,,,,,,,,,,,,,,,,,,
11,nan,,,,,,,,,,Israel,,,,,100,20000,,,,,,25,,,,,,,,,,,,,,,,,,,,,,,,,,,,,,,
11,nan,,,,,,,,,,Israel,,,,,100,20000,,,,,,25,,,,,,,,,,,,,,,,,,,,,,,,,,,,,,,
11,nan,,,,,,,,,,Israel,,,,,100,20000,,,,,,25,,,,,,,,,,,,,,,,,,,,,,,,,,,,,,,
11,nan,,,,,,,,,,Israel,,,,,100,20000,,,,,,25,,,,,,,,,,,,,,,,,,,,,,,,,,,,,,,
11,nan,,,,,,,,,,Israel,,,,,100,20000,,,,,,25,,,,,,,,,,,,,,,,,,,,,,,,,,,,,,,
11,nan,,,,,,,,,,Israel,,,,,100,20000,,,,,,25,,,,,,,,,,,,,,,,,,,,,,,,,,,,,,,
11,nan,,,,,,,,,,Israel,,,,,100,20000,,,,,,25,,,,,,,,,,,,,,,,,,,,,,,,,,,,,,,
11,nan,,,,,,,,,,Israel,,,,,100,20000,,,,,,25,,,,,,,,,,,,,,,,,,,,,,,,,,,,,,,
11,nan,,,,,,,,,,Israel,,,,,100,20000,,,,,,25,,,,,,,,,,,,,,,,,,,,,,,,,,,,,,,
11,nan,,,,,,,,,,Israel,,,,,100,20000,,,,,,25,,,,,,,,,,,,,,,,,,,,,,,,,,,,,,,
11,nan,,,,,,,,,,Israel,,,,,100,20000,,,,,,25,,,,,,,,,,,,,,,,,,,,,,,,,,,,,,,
11,nan,,,,,,,,,,Israel,,,,,100,20000,,,,,,25,,,,,,,,,,,,,,,,,,,,,,,,,,,,,,,
11,nan,,,,,,,,,,Israel,,,,,100,20000,,,,,,25,,,,,,,,,,,,,,,,,,,,,,,,,,,,,,,
11,nan,,,,,,,,,,Israel,,,,,100,20000,,,,,,25,,,,,,,,,,,,,,,,,,,,,,,,,,,,,,,
11,nan,,,,,,,,,,Israel,,,,,100,20000,,,,,,25,,,,,,,,,,,,,,,,,,,,,,,,,,,,,,,
11,nan,,,,,,,,,,Israel,,,,,100,20000,,,,,,25,,,,,,,,,,,,,,,,,,,,,,,,,,,,,,,
11,nan,,,,,,,,,,Israel,,,,,100,20000,,,,,,25,,,,,,,,,,,,,,,,,,,,,,,,,,,,,,,
11,nan,,,,,,,,,,Israel,,,,,100,20000,,,,,,25,,,,,,,,,,,,,,,,,,,,,,,,,,,,,,,
11,nan,,,,,,,,,,Israel,,,,,100,20000,,,,,,25,,,,,,,,,,,,,,,,,,,,,,,,,,,,,,,
11,nan,,,,,,,,,,Israel,,,,,100,20000,,,,,,25,,,,,,,,,,,,,,,,,,,,,,,,,,,,,,,
11,nan,,,,,,,,,,Israel,,,,,100,20000,,,,,,25,,,,,,,,,,,,,,,,,,,,,,,,,,,,,,,
11,nan,,,,,,,,,,Israel,,,,,100,20000,,,,,,25,,,,,,,,,,,,,,,,,,,,,,,,,,,,,,,
11,nan,,,,,,,,,,Israel,,,,,100,20000,,,,,,25,,,,,,,,,,,,,,,,,,,,,,,,,,,,,,,
11,nan,,,,,,,,,,Israel,,,,,100,20000,,,,,,25,,,,,,,,,,,,,,,,,,,,,,,,,,,,,,,
11,nan,,,,,,,,,,Israel,,,,,100,20000,,,,,,25,,,,,,,,,,,,,,,,,,,,,,,,,,,,,,,
12,nan,,,,,,,,,,Netherlands,,,,,100,20000,,,,,,25,,,,,,,,,,,,,,,,,,,,,,,,,,,,,,,
12,nan,,,,,,,,,,Netherlands,,,,,100,20000,,,,,,25,,,,,,,,,,,,,,,,,,,,,,,,,,,,,,,
12,nan,,,,,,,,,,Netherlands,,,,,100,20000,,,,,,25,,,,,,,,,,,,,,,,,,,,,,,,,,,,,,,
12,nan,,,,,,,,,,Netherlands,,,,,100,20000,,,,,,25,,,,,,,,,,,,,,,,,,,,,,,,,,,,,,,
12,nan,,,,,,,,,,Netherlands,,,,,100,20000,,,,,,25,,,,,,,,,,,,,,,,,,,,,,,,,,,,,,,
12,nan,,,,,,,,,,Netherlands,,,,,100,20000,,,,,,25,,,,,,,,,,,,,,,,,,,,,,,,,,,,,,,
12,nan,,,,,,,,,,Netherlands,,,,,100,20000,,,,,,25,,,,,,,,,,,,,,,,,,,,,,,,,,,,,,,
12,nan,,,,,,,,,,Netherlands,,,,,100,20000,,,,,,25,,,,,,,,,,,,,,,,,,,,,,,,,,,,,,,
12,nan,,,,,,,,,,Netherlands,,,,,100,20000,,,,,,25,,,,,,,,,,,,,,,,,,,,,,,,,,,,,,,
12,nan,,,,,,,,,,Netherlands,,,,,100,20000,,,,,,25,,,,,,,,,,,,,,,,,,,,,,,,,,,,,,,
12,nan,,,,,,,,,,Netherlands,,,,,100,20000,,,,,,25,,,,,,,,,,,,,,,,,,,,,,,,,,,,,,,
12,nan,,,,,,,,,,Netherlands,,,,,100,20000,,,,,,25,,,,,,,,,,,,,,,,,,,,,,,,,,,,,,,
12,nan,,,,,,,,,,Netherlands,,,,,100,20000,,,,,,25,,,,,,,,,,,,,,,,,,,,,,,,,,,,,,,
12,nan,,,,,,,,,,Netherlands,,,,,100,20000,,,,,,25,,,,,,,,,,,,,,,,,,,,,,,,,,,,,,,
12,nan,,,,,,,,,,Netherlands,,,,,100,20000,,,,,,25,,,,,,,,,,,,,,,,,,,,,,,,,,,,,,,
12,nan,,,,,,,,,,Netherlands,,,,,100,20000,,,,,,25,,,,,,,,,,,,,,,,,,,,,,,,,,,,,,,
12,nan,,,,,,,,,,Netherlands,,,,,100,20000,,,,,,25,,,,,,,,,,,,,,,,,,,,,,,,,,,,,,,
12,nan,,,,,,,,,,Netherlands,,,,,100,20000,,,,,,25,,,,,,,,,,,,,,,,,,,,,,,,,,,,,,,
12,nan,,,,,,,,,,Netherlands,,,,,100,20000,,,,,,25,,,,,,,,,,,,,,,,,,,,,,,,,,,,,,,
12,nan,,,,,,,,,,Netherlands,,,,,100,20000,,,,,,25,,,,,,,,,,,,,,,,,,,,,,,,,,,,,,,
12,nan,,,,,,,,,,Netherlands,,,,,100,20000,,,,,,25,,,,,,,,,,,,,,,,,,,,,,,,,,,,,,,
12,nan,,,,,,,,,,Netherlands,,,,,100,20000,,,,,,25,,,,,,,,,,,,,,,,,,,,,,,,,,,,,,,
12,nan,,,,,,,,,,Netherlands,,,,,100,20000,,,,,,25,,,,,,,,,,,,,,,,,,,,,,,,,,,,,,,
12,nan,,,,,,,,,,Netherlands,,,,,100,20000,,,,,,25,,,,,,,,,,,,,,,,,,,,,,,,,,,,,,,
12,nan,,,,,,,,,,Netherlands,,,,,100,20000,,,,,,25,,,,,,,,,,,,,,,,,,,,,,,,,,,,,,,
13,nan,,,,,,,,,,Mexico,,,,,100,20000,,,,,,25,,,,,,,,,,,,,,,,,,,,,,,,,,,,,,,
13,nan,,,,,,,,,,Mexico,,,,,100,20000,,,,,,25,,,,,,,,,,,,,,,,,,,,,,,,,,,,,,,
13,nan,,,,,,,,,,Mexico,,,,,100,20000,,,,,,25,,,,,,,,,,,,,,,,,,,,,,,,,,,,,,,
13,nan,,,,,,,,,,Mexico,,,,,100,20000,,,,,,25,,,,,,,,,,,,,,,,,,,,,,,,,,,,,,,
13,nan,,,,,,,,,,Mexico,,,,,100,20000,,,,,,25,,,,,,,,,,,,,,,,,,,,,,,,,,,,,,,
13,nan,,,,,,,,,,Mexico,,,,,100,20000,,,,,,25,,,,,,,,,,,,,,,,,,,,,,,,,,,,,,,
13,nan,,,,,,,,,,Mexico,,,,,100,20000,,,,,,25,,,,,,,,,,,,,,,,,,,,,,,,,,,,,,,
13,nan,,,,,,,,,,Mexico,,,,,100,20000,,,,,,25,,,,,,,,,,,,,,,,,,,,,,,,,,,,,,,
13,nan,,,,,,,,,,Mexico,,,,,100,20000,,,,,,25,,,,,,,,,,,,,,,,,,,,,,,,,,,,,,,
13,nan,,,,,,,,,,Mexico,,,,,100,20000,,,,,,25,,,,,,,,,,,,,,,,,,,,,,,,,,,,,,,
13,nan,,,,,,,,,,Mexico,,,,,100,20000,,,,,,25,,,,,,,,,,,,,,,,,,,,,,,,,,,,,,,
13,nan,,,,,,,,,,Mexico,,,,,100,20000,,,,,,25,,,,,,,,,,,,,,,,,,,,,,,,,,,,,,,
13,nan,,,,,,,,,,Mexico,,,,,100,20000,,,,,,25,,,,,,,,,,,,,,,,,,,,,,,,,,,,,,,
13,nan,,,,,,,,,,Mexico,,,,,100,20000,,,,,,25,,,,,,,,,,,,,,,,,,,,,,,,,,,,,,,
13,nan,,,,,,,,,,Mexico,,,,,100,20000,,,,,,25,,,,,,,,,,,,,,,,,,,,,,,,,,,,,,,
13,nan,,,,,,,,,,Mexico,,,,,100,20000,,,,,,25,,,,,,,,,,,,,,,,,,,,,,,,,,,,,,,
13,nan,,,,,,,,,,Mexico,,,,,100,20000,,,,,,25,,,,,,,,,,,,,,,,,,,,,,,,,,,,,,,
13,nan,,,,,,,,,,Mexico,,,,,100,20000,,,,,,25,,,,,,,,,,,,,,,,,,,,,,,,,,,,,,,
13,nan,,,,,,,,,,Mexico,,,,,100,20000,,,,,,25,,,,,,,,,,,,,,,,,,,,,,,,,,,,,,,
13,nan,,,,,,,,,,Mexico,,,,,100,20000,,,,,,25,,,,,,,,,,,,,,,,,,,,,,,,,,,,,,,
13,nan,,,,,,,,,,Mexico,,,,,100,20000,,,,,,25,,,,,,,,,,,,,,,,,,,,,,,,,,,,,,,
13,nan,,,,,,,,,,Mexico,,,,,100,20000,,,,,,25,,,,,,,,,,,,,,,,,,,,,,,,,,,,,,,
13,nan,,,,,,,,,,Mexico,,,,,100,20000,,,,,,25,,,,,,,,,,,,,,,,,,,,,,,,,,,,,,,
13,nan,,,,,,,,,,Mexico,,,,,100,20000,,,,,,25,,,,,,,,,,,,,,,,,,,,,,,,,,,,,,,
13,nan,,,,,,,,,,Mexico,,,,,100,20000,,,,,,25,,,,,,,,,,,,,,,,,,,,,,,,,,,,,,,
14,nan,,,,,,,,,,Japan,,,,,100,20000,,,,,,25,,,,,,,,,,,,,,,,,,,,,,,,,,,,,,,
14,nan,,,,,,,,,,Japan,,,,,100,20000,,,,,,25,,,,,,,,,,,,,,,,,,,,,,,,,,,,,,,
14,nan,,,,,,,,,,Japan,,,,,100,20000,,,,,,25,,,,,,,,,,,,,,,,,,,,,,,,,,,,,,,
14,nan,,,,,,,,,,Japan,,,,,100,20000,,,,,,25,,,,,,,,,,,,,,,,,,,,,,,,,,,,,,,
14,nan,,,,,,,,,,Japan,,,,,100,20000,,,,,,25,,,,,,,,,,,,,,,,,,,,,,,,,,,,,,,
14,nan,,,,,,,,,,Japan,,,,,100,20000,,,,,,25,,,,,,,,,,,,,,,,,,,,,,,,,,,,,,,
14,nan,,,,,,,,,,Japan,,,,,100,20000,,,,,,25,,,,,,,,,,,,,,,,,,,,,,,,,,,,,,,
14,nan,,,,,,,,,,Japan,,,,,100,20000,,,,,,25,,,,,,,,,,,,,,,,,,,,,,,,,,,,,,,
14,nan,,,,,,,,,,Japan,,,,,100,20000,,,,,,25,,,,,,,,,,,,,,,,,,,,,,,,,,,,,,,
14,nan,,,,,,,,,,Japan,,,,,100,20000,,,,,,25,,,,,,,,,,,,,,,,,,,,,,,,,,,,,,,
14,nan,,,,,,,,,,Japan,,,,,100,20000,,,,,,25,,,,,,,,,,,,,,,,,,,,,,,,,,,,,,,
14,nan,,,,,,,,,,Japan,,,,,100,20000,,,,,,25,,,,,,,,,,,,,,,,,,,,,,,,,,,,,,,
14,nan,,,,,,,,,,Japan,,,,,100,20000,,,,,,25,,,,,,,,,,,,,,,,,,,,,,,,,,,,,,,
14,nan,,,,,,,,,,Japan,,,,,100,20000,,,,,,25,,,,,,,,,,,,,,,,,,,,,,,,,,,,,,,
14,nan,,,,,,,,,,Japan,,,,,100,20000,,,,,,25,,,,,,,,,,,,,,,,,,,,,,,,,,,,,,,
14,nan,,,,,,,,,,Japan,,,,,100,20000,,,,,,25,,,,,,,,,,,,,,,,,,,,,,,,,,,,,,,
14,nan,,,,,,,,,,Japan,,,,,100,20000,,,,,,25,,,,,,,,,,,,,,,,,,,,,,,,,,,,,,,
14,nan,,,,,,,,,,Japan,,,,,100,20000,,,,,,25,,,,,,,,,,,,,,,,,,,,,,,,,,,,,,,
14,nan,,,,,,,,,,Japan,,,,,100,20000,,,,,,25,,,,,,,,,,,,,,,,,,,,,,,,,,,,,,,
14,nan,,,,,,,,,,Japan,,,,,100,20000,,,,,,25,,,,,,,,,,,,,,,,,,,,,,,,,,,,,,,
14,nan,,,,,,,,,,Japan,,,,,100,20000,,,,,,25,,,,,,,,,,,,,,,,,,,,,,,,,,,,,,,
14,nan,,,,,,,,,,Japan,,,,,100,20000,,,,,,25,,,,,,,,,,,,,,,,,,,,,,,,,,,,,,,
14,nan,,,,,,,,,,Japan,,,,,100,20000,,,,,,25,,,,,,,,,,,,,,,,,,,,,,,,,,,,,,,
14,nan,,,,,,,,,,Japan,,,,,100,20000,,,,,,25,,,,,,,,,,,,,,,,,,,,,,,,,,,,,,,
14,nan,,,,,,,,,,Japan,,,,,100,20000,,,,,,25,,,,,,,,,,,,,,,,,,,,,,,,,,,,,,,
15,nan,,,,,,,,,,Israel,,,,,100,20000,,,,,,25,,,,,,,,,,,,,,,,,,,,,,,,,,,,,,,
15,nan,,,,,,,,,,Israel,,,,,100,20000,,,,,,25,,,,,,,,,,,,,,,,,,,,,,,,,,,,,,,
15,nan,,,,,,,,,,Israel,,,,,100,20000,,,,,,25,,,,,,,,,,,,,,,,,,,,,,,,,,,,,,,
15,nan,,,,,,,,,,Israel,,,,,100,20000,,,,,,25,,,,,,,,,,,,,,,,,,,,,,,,,,,,,,,
15,nan,,,,,,,,,,Israel,,,,,100,20000,,,,,,25,,,,,,,,,,,,,,,,,,,,,,,,,,,,,,,
15,nan,,,,,,,,,,Israel,,,,,100,20000,,,,,,25,,,,,,,,,,,,,,,,,,,,,,,,,,,,,,,
15,nan,,,,,,,,,,Israel,,,,,100,20000,,,,,,25,,,,,,,,,,,,,,,,,,,,,,,,,,,,,,,
15,nan,,,,,,,,,,Israel,,,,,100,20000,,,,,,25,,,,,,,,,,,,,,,,,,,,,,,,,,,,,,,
15,nan,,,,,,,,,,Israel,,,,,100,20000,,,,,,25,,,,,,,,,,,,,,,,,,,,,,,,,,,,,,,
15,nan,,,,,,,,,,Israel,,,,,100,20000,,,,,,25,,,,,,,,,,,,,,,,,,,,,,,,,,,,,,,
15,nan,,,,,,,,,,Israel,,,,,100,20000,,,,,,25,,,,,,,,,,,,,,,,,,,,,,,,,,,,,,,
15,nan,,,,,,,,,,Israel,,,,,100,20000,,,,,,25,,,,,,,,,,,,,,,,,,,,,,,,,,,,,,,
15,nan,,,,,,,,,,Israel,,,,,100,20000,,,,,,25,,,,,,,,,,,,,,,,,,,,,,,,,,,,,,,
15,nan,,,,,,,,,,Israel,,,,,100,20000,,,,,,25,,,,,,,,,,,,,,,,,,,,,,,,,,,,,,,
15,nan,,,,,,,,,,Israel,,,,,100,20000,,,,,,25,,,,,,,,,,,,,,,,,,,,,,,,,,,,,,,
15,nan,,,,,,,,,,Israel,,,,,100,20000,,,,,,25,,,,,,,,,,,,,,,,,,,,,,,,,,,,,,,
15,nan,,,,,,,,,,Israel,,,,,100,20000,,,,,,25,,,,,,,,,,,,,,,,,,,,,,,,,,,,,,,
15,nan,,,,,,,,,,Israel,,,,,100,20000,,,,,,25,,,,,,,,,,,,,,,,,,,,,,,,,,,,,,,
15,nan,,,,,,,,,,Israel,,,,,100,20000,,,,,,25,,,,,,,,,,,,,,,,,,,,,,,,,,,,,,,
15,nan,,,,,,,,,,Israel,,,,,100,20000,,,,,,25,,,,,,,,,,,,,,,,,,,,,,,,,,,,,,,
15,nan,,,,,,,,,,Israel,,,,,100,20000,,,,,,25,,,,,,,,,,,,,,,,,,,,,,,,,,,,,,,
15,nan,,,,,,,,,,Israel,,,,,100,20000,,,,,,25,,,,,,,,,,,,,,,,,,,,,,,,,,,,,,,
15,nan,,,,,,,,,,Israel,,,,,100,20000,,,,,,25,,,,,,,,,,,,,,,,,,,,,,,,,,,,,,,
15,nan,,,,,,,,,,Israel,,,,,100,20000,,,,,,25,,,,,,,,,,,,,,,,,,,,,,,,,,,,,,,
15,nan,,,,,,,,,,Israel,,,,,100,20000,,,,,,25,,,,,,,,,,,,,,,,,,,,,,,,,,,,,,,
16,nan,,,,,,,,,,Tanzania,,,,,100,20000,,,,,,25,,,,,,,,,,,,,,,,,,,,,,,,,,,,,,,
16,nan,,,,,,,,,,Tanzania,,,,,100,20000,,,,,,25,,,,,,,,,,,,,,,,,,,,,,,,,,,,,,,
16,nan,,,,,,,,,,Tanzania,,,,,100,20000,,,,,,25,,,,,,,,,,,,,,,,,,,,,,,,,,,,,,,
16,nan,,,,,,,,,,Tanzania,,,,,100,20000,,,,,,25,,,,,,,,,,,,,,,,,,,,,,,,,,,,,,,
16,nan,,,,,,,,,,Tanzania,,,,,100,20000,,,,,,25,,,,,,,,,,,,,,,,,,,,,,,,,,,,,,,
16,nan,,,,,,,,,,Tanzania,,,,,100,20000,,,,,,25,,,,,,,,,,,,,,,,,,,,,,,,,,,,,,,
16,nan,,,,,,,,,,Tanzania,,,,,100,20000,,,,,,25,,,,,,,,,,,,,,,,,,,,,,,,,,,,,,,
16,nan,,,,,,,,,,Tanzania,,,,,100,20000,,,,,,25,,,,,,,,,,,,,,,,,,,,,,,,,,,,,,,
16,nan,,,,,,,,,,Tanzania,,,,,100,20000,,,,,,25,,,,,,,,,,,,,,,,,,,,,,,,,,,,,,,
16,nan,,,,,,,,,,Tanzania,,,,,100,20000,,,,,,25,,,,,,,,,,,,,,,,,,,,,,,,,,,,,,,
16,nan,,,,,,,,,,Tanzania,,,,,100,20000,,,,,,25,,,,,,,,,,,,,,,,,,,,,,,,,,,,,,,
16,nan,,,,,,,,,,Tanzania,,,,,100,20000,,,,,,25,,,,,,,,,,,,,,,,,,,,,,,,,,,,,,,
16,nan,,,,,,,,,,Tanzania,,,,,100,20000,,,,,,25,,,,,,,,,,,,,,,,,,,,,,,,,,,,,,,
16,nan,,,,,,,,,,Tanzania,,,,,100,20000,,,,,,25,,,,,,,,,,,,,,,,,,,,,,,,,,,,,,,
16,nan,,,,,,,,,,Tanzania,,,,,100,20000,,,,,,25,,,,,,,,,,,,,,,,,,,,,,,,,,,,,,,
16,nan,,,,,,,,,,Tanzania,,,,,100,20000,,,,,,25,,,,,,,,,,,,,,,,,,,,,,,,,,,,,,,
16,nan,,,,,,,,,,Tanzania,,,,,100,20000,,,,,,25,,,,,,,,,,,,,,,,,,,,,,,,,,,,,,,
16,nan,,,,,,,,,,Tanzania,,,,,100,20000,,,,,,25,,,,,,,,,,,,,,,,,,,,,,,,,,,,,,,
16,nan,,,,,,,,,,Tanzania,,,,,100,20000,,,,,,25,,,,,,,,,,,,,,,,,,,,,,,,,,,,,,,
16,nan,,,,,,,,,,Tanzania,,,,,100,20000,,,,,,25,,,,,,,,,,,,,,,,,,,,,,,,,,,,,,,
16,nan,,,,,,,,,,Tanzania,,,,,100,20000,,,,,,25,,,,,,,,,,,,,,,,,,,,,,,,,,,,,,,
16,nan,,,,,,,,,,Tanzania,,,,,100,20000,,,,,,25,,,,,,,,,,,,,,,,,,,,,,,,,,,,,,,
16,nan,,,,,,,,,,Tanzania,,,,,100,20000,,,,,,25,,,,,,,,,,,,,,,,,,,,,,,,,,,,,,,
16,nan,,,,,,,,,,Tanzania,,,,,100,20000,,,,,,25,,,,,,,,,,,,,,,,,,,,,,,,,,,,,,,
16,nan,,,,,,,,,,Tanzania,,,,,100,20000,,,,,,25,,,,,,,,,,,,,,,,,,,,,,,,,,,,,,,
17,nan,,,,,,,,,,New Zealand,,,,,100,20000,,,,,,25,,,,,,,,,,,,,,,,,,,,,,,,,,,,,,,
17,nan,,,,,,,,,,New Zealand,,,,,100,20000,,,,,,25,,,,,,,,,,,,,,,,,,,,,,,,,,,,,,,
17,nan,,,,,,,,,,New Zealand,,,,,100,20000,,,,,,25,,,,,,,,,,,,,,,,,,,,,,,,,,,,,,,
17,nan,,,,,,,,,,New Zealand,,,,,100,20000,,,,,,25,,,,,,,,,,,,,,,,,,,,,,,,,,,,,,,
17,nan,,,,,,,,,,New Zealand,,,,,100,20000,,,,,,25,,,,,,,,,,,,,,,,,,,,,,,,,,,,,,,
17,nan,,,,,,,,,,New Zealand,,,,,100,20000,,,,,,25,,,,,,,,,,,,,,,,,,,,,,,,,,,,,,,
17,nan,,,,,,,,,,New Zealand,,,,,100,20000,,,,,,25,,,,,,,,,,,,,,,,,,,,,,,,,,,,,,,
17,nan,,,,,,,,,,New Zealand,,,,,100,20000,,,,,,25,,,,,,,,,,,,,,,,,,,,,,,,,,,,,,,
17,nan,,,,,,,,,,New Zealand,,,,,100,20000,,,,,,25,,,,,,,,,,,,,,,,,,,,,,,,,,,,,,,
17,nan,,,,,,,,,,New Zealand,,,,,100,20000,,,,,,25,,,,,,,,,,,,,,,,,,,,,,,,,,,,,,,
17,nan,,,,,,,,,,New Zealand,,,,,100,20000,,,,,,25,,,,,,,,,,,,,,,,,,,,,,,,,,,,,,,
17,nan,,,,,,,,,,New Zealand,,,,,100,20000,,,,,,25,,,,,,,,,,,,,,,,,,,,,,,,,,,,,,,
17,nan,,,,,,,,,,New Zealand,,,,,100,20000,,,,,,25,,,,,,,,,,,,,,,,,,,,,,,,,,,,,,,
17,nan,,,,,,,,,,New Zealand,,,,,100,20000,,,,,,25,,,,,,,,,,,,,,,,,,,,,,,,,,,,,,,
17,nan,,,,,,,,,,New Zealand,,,,,100,20000,,,,,,25,,,,,,,,,,,,,,,,,,,,,,,,,,,,,,,
17,nan,,,,,,,,,,New Zealand,,,,,100,20000,,,,,,25,,,,,,,,,,,,,,,,,,,,,,,,,,,,,,,
17,nan,,,,,,,,,,New Zealand,,,,,100,20000,,,,,,25,,,,,,,,,,,,,,,,,,,,,,,,,,,,,,,
17,nan,,,,,,,,,,New Zealand,,,,,100,20000,,,,,,25,,,,,,,,,,,,,,,,,,,,,,,,,,,,,,,
17,nan,,,,,,,,,,New Zealand,,,,,100,20000,,,,,,25,,,,,,,,,,,,,,,,,,,,,,,,,,,,,,,
17,nan,,,,,,,,,,New Zealand,,,,,100,20000,,,,,,25,,,,,,,,,,,,,,,,,,,,,,,,,,,,,,,
17,nan,,,,,,,,,,New Zealand,,,,,100,20000,,,,,,25,,,,,,,,,,,,,,,,,,,,,,,,,,,,,,,
17,nan,,,,,,,,,,New Zealand,,,,,100,20000,,,,,,25,,,,,,,,,,,,,,,,,,,,,,,,,,,,,,,
17,nan,,,,,,,,,,New Zealand,,,,,100,20000,,,,,,25,,,,,,,,,,,,,,,,,,,,,,,,,,,,,,,
17,nan,,,,,,,,,,New Zealand,,,,,100,20000,,,,,,25,,,,,,,,,,,,,,,,,,,,,,,,,,,,,,,
17,nan,,,,,,,,,,New Zealand,,,,,100,20000,,,,,,25,,,,,,,,,,,,,,,,,,,,,,,,,,,,,,,
18,nan,,,,,,,,,,New Zealand,,,,,100,20000,,,,,,25,,,,,,,,,,,,,,,,,,,,,,,,,,,,,,,
18,nan,,,,,,,,,,New Zealand,,,,,100,20000,,,,,,25,,,,,,,,,,,,,,,,,,,,,,,,,,,,,,,
18,nan,,,,,,,,,,New Zealand,,,,,100,20000,,,,,,25,,,,,,,,,,,,,,,,,,,,,,,,,,,,,,,
18,nan,,,,,,,,,,New Zealand,,,,,100,20000,,,,,,25,,,,,,,,,,,,,,,,,,,,,,,,,,,,,,,
18,nan,,,,,,,,,,New Zealand,,,,,100,20000,,,,,,25,,,,,,,,,,,,,,,,,,,,,,,,,,,,,,,
18,nan,,,,,,,,,,New Zealand,,,,,100,20000,,,,,,25,,,,,,,,,,,,,,,,,,,,,,,,,,,,,,,
18,nan,,,,,,,,,,New Zealand,,,,,100,20000,,,,,,25,,,,,,,,,,,,,,,,,,,,,,,,,,,,,,,
18,nan,,,,,,,,,,New Zealand,,,,,100,20000,,,,,,25,,,,,,,,,,,,,,,,,,,,,,,,,,,,,,,
18,nan,,,,,,,,,,New Zealand,,,,,100,20000,,,,,,25,,,,,,,,,,,,,,,,,,,,,,,,,,,,,,,
18,nan,,,,,,,,,,New Zealand,,,,,100,20000,,,,,,25,,,,,,,,,,,,,,,,,,,,,,,,,,,,,,,
18,nan,,,,,,,,,,New Zealand,,,,,100,20000,,,,,,25,,,,,,,,,,,,,,,,,,,,,,,,,,,,,,,
18,nan,,,,,,,,,,New Zealand,,,,,100,20000,,,,,,25,,,,,,,,,,,,,,,,,,,,,,,,,,,,,,,
18,nan,,,,,,,,,,New Zealand,,,,,100,20000,,,,,,25,,,,,,,,,,,,,,,,,,,,,,,,,,,,,,,
18,nan,,,,,,,,,,New Zealand,,,,,100,20000,,,,,,25,,,,,,,,,,,,,,,,,,,,,,,,,,,,,,,
18,nan,,,,,,,,,,New Zealand,,,,,100,20000,,,,,,25,,,,,,,,,,,,,,,,,,,,,,,,,,,,,,,
18,nan,,,,,,,,,,New Zealand,,,,,100,20000,,,,,,25,,,,,,,,,,,,,,,,,,,,,,,,,,,,,,,
18,nan,,,,,,,,,,New Zealand,,,,,100,20000,,,,,,25,,,,,,,,,,,,,,,,,,,,,,,,,,,,,,,
18,nan,,,,,,,,,,New Zealand,,,,,100,20000,,,,,,25,,,,,,,,,,,,,,,,,,,,,,,,,,,,,,,
18,nan,,,,,,,,,,New Zealand,,,,,100,20000,,,,,,25,,,,,,,,,,,,,,,,,,,,,,,,,,,,,,,
18,nan,,,,,,,,,,New Zealand,,,,,100,20000,,,,,,25,,,,,,,,,,,,,,,,,,,,,,,,,,,,,,,
18,nan,,,,,,,,,,New Zealand,,,,,100,20000,,,,,,25,,,,,,,,,,,,,,,,,,,,,,,,,,,,,,,
18,nan,,,,,,,,,,New Zealand,,,,,100,20000,,,,,,25,,,,,,,,,,,,,,,,,,,,,,,,,,,,,,,
18,nan,,,,,,,,,,New Zealand,,,,,100,20000,,,,,,25,,,,,,,,,,,,,,,,,,,,,,,,,,,,,,,
18,nan,,,,,,,,,,New Zealand,,,,,100,20000,,,,,,25,,,,,,,,,,,,,,,,,,,,,,,,,,,,,,,
18,nan,,,,,,,,,,New Zealand,,,,,100,20000,,,,,,25,,,,,,,,,,,,,,,,,,,,,,,,,,,,,,,
19,nan,,,,,,,,,,New Zealand,,,,,100,20000,,,,,,25,,,,,,,,,,,,,,,,,,,,,,,,,,,,,,,
19,nan,,,,,,,,,,New Zealand,,,,,100,20000,,,,,,25,,,,,,,,,,,,,,,,,,,,,,,,,,,,,,,
19,nan,,,,,,,,,,New Zealand,,,,,100,20000,,,,,,25,,,,,,,,,,,,,,,,,,,,,,,,,,,,,,,
19,nan,,,,,,,,,,New Zealand,,,,,100,20000,,,,,,25,,,,,,,,,,,,,,,,,,,,,,,,,,,,,,,
19,nan,,,,,,,,,,New Zealand,,,,,100,20000,,,,,,25,,,,,,,,,,,,,,,,,,,,,,,,,,,,,,,
19,nan,,,,,,,,,,New Zealand,,,,,100,20000,,,,,,25,,,,,,,,,,,,,,,,,,,,,,,,,,,,,,,
19,nan,,,,,,,,,,New Zealand,,,,,100,20000,,,,,,25,,,,,,,,,,,,,,,,,,,,,,,,,,,,,,,
19,nan,,,,,,,,,,New Zealand,,,,,100,20000,,,,,,25,,,,,,,,,,,,,,,,,,,,,,,,,,,,,,,
19,nan,,,,,,,,,,New Zealand,,,,,100,20000,,,,,,25,,,,,,,,,,,,,,,,,,,,,,,,,,,,,,,
19,nan,,,,,,,,,,New Zealand,,,,,100,20000,,,,,,25,,,,,,,,,,,,,,,,,,,,,,,,,,,,,,,
19,nan,,,,,,,,,,New Zealand,,,,,100,20000,,,,,,25,,,,,,,,,,,,,,,,,,,,,,,,,,,,,,,
19,nan,,,,,,,,,,New Zealand,,,,,100,20000,,,,,,25,,,,,,,,,,,,,,,,,,,,,,,,,,,,,,,
19,nan,,,,,,,,,,New Zealand,,,,,100,20000,,,,,,25,,,,,,,,,,,,,,,,,,,,,,,,,,,,,,,
19,nan,,,,,,,,,,New Zealand,,,,,100,20000,,,,,,25,,,,,,,,,,,,,,,,,,,,,,,,,,,,,,,
19,nan,,,,,,,,,,New Zealand,,,,,100,20000,,,,,,25,,,,,,,,,,,,,,,,,,,,,,,,,,,,,,,
19,nan,,,,,,,,,,New Zealand,,,,,100,20000,,,,,,25,,,,,,,,,,,,,,,,,,,,,,,,,,,,,,,
19,nan,,,,,,,,,,New Zealand,,,,,100,20000,,,,,,25,,,,,,,,,,,,,,,,,,,,,,,,,,,,,,,
19,nan,,,,,,,,,,New Zealand,,,,,100,20000,,,,,,25,,,,,,,,,,,,,,,,,,,,,,,,,,,,,,,
19,nan,,,,,,,,,,New Zealand,,,,,100,20000,,,,,,25,,,,,,,,,,,,,,,,,,,,,,,,,,,,,,,
19,nan,,,,,,,,,,New Zealand,,,,,100,20000,,,,,,25,,,,,,,,,,,,,,,,,,,,,,,,,,,,,,,
19,nan,,,,,,,,,,New Zealand,,,,,100,20000,,,,,,25,,,,,,,,,,,,,,,,,,,,,,,,,,,,,,,
19,nan,,,,,,,,,,New Zealand,,,,,100,20000,,,,,,25,,,,,,,,,,,,,,,,,,,,,,,,,,,,,,,
19,nan,,,,,,,,,,New Zealand,,,,,100,20000,,,,,,25,,,,,,,,,,,,,,,,,,,,,,,,,,,,,,,
19,nan,,,,,,,,,,New Zealand,,,,,100,20000,,,,,,25,,,,,,,,,,,,,,,,,,,,,,,,,,,,,,,
19,nan,,,,,,,,,,New Zealand,,,,,100,20000,,,,,,25,,,,,,,,,,,,,,,,,,,,,,,,,,,,,,,
20,nan,,,,,,,,,,Japan,,,,,100,20000,,,,,,25,,,,,,,,,,,,,,,,,,,,,,,,,,,,,,,
20,nan,,,,,,,,,,Japan,,,,,100,20000,,,,,,25,,,,,,,,,,,,,,,,,,,,,,,,,,,,,,,
20,nan,,,,,,,,,,Japan,,,,,100,20000,,,,,,25,,,,,,,,,,,,,,,,,,,,,,,,,,,,,,,
20,nan,,,,,,,,,,Japan,,,,,100,20000,,,,,,25,,,,,,,,,,,,,,,,,,,,,,,,,,,,,,,
20,nan,,,,,,,,,,Japan,,,,,100,20000,,,,,,25,,,,,,,,,,,,,,,,,,,,,,,,,,,,,,,
20,nan,,,,,,,,,,Japan,,,,,100,20000,,,,,,25,,,,,,,,,,,,,,,,,,,,,,,,,,,,,,,
20,nan,,,,,,,,,,Japan,,,,,100,20000,,,,,,25,,,,,,,,,,,,,,,,,,,,,,,,,,,,,,,
20,nan,,,,,,,,,,Japan,,,,,100,20000,,,,,,25,,,,,,,,,,,,,,,,,,,,,,,,,,,,,,,
20,nan,,,,,,,,,,Japan,,,,,100,20000,,,,,,25,,,,,,,,,,,,,,,,,,,,,,,,,,,,,,,
20,nan,,,,,,,,,,Japan,,,,,100,20000,,,,,,25,,,,,,,,,,,,,,,,,,,,,,,,,,,,,,,
20,nan,,,,,,,,,,Japan,,,,,100,20000,,,,,,25,,,,,,,,,,,,,,,,,,,,,,,,,,,,,,,
20,nan,,,,,,,,,,Japan,,,,,100,20000,,,,,,25,,,,,,,,,,,,,,,,,,,,,,,,,,,,,,,
20,nan,,,,,,,,,,Japan,,,,,100,20000,,,,,,25,,,,,,,,,,,,,,,,,,,,,,,,,,,,,,,
20,nan,,,,,,,,,,Japan,,,,,100,20000,,,,,,25,,,,,,,,,,,,,,,,,,,,,,,,,,,,,,,
20,nan,,,,,,,,,,Japan,,,,,100,20000,,,,,,25,,,,,,,,,,,,,,,,,,,,,,,,,,,,,,,
20,nan,,,,,,,,,,Japan,,,,,100,20000,,,,,,25,,,,,,,,,,,,,,,,,,,,,,,,,,,,,,,
20,nan,,,,,,,,,,Japan,,,,,100,20000,,,,,,25,,,,,,,,,,,,,,,,,,,,,,,,,,,,,,,
20,nan,,,,,,,,,,Japan,,,,,100,20000,,,,,,25,,,,,,,,,,,,,,,,,,,,,,,,,,,,,,,
20,nan,,,,,,,,,,Japan,,,,,100,20000,,,,,,25,,,,,,,,,,,,,,,,,,,,,,,,,,,,,,,
20,nan,,,,,,,,,,Japan,,,,,100,20000,,,,,,25,,,,,,,,,,,,,,,,,,,,,,,,,,,,,,,
20,nan,,,,,,,,,,Japan,,,,,100,20000,,,,,,25,,,,,,,,,,,,,,,,,,,,,,,,,,,,,,,
20,nan,,,,,,,,,,Japan,,,,,100,20000,,,,,,25,,,,,,,,,,,,,,,,,,,,,,,,,,,,,,,
20,nan,,,,,,,,,,Japan,,,,,100,20000,,,,,,25,,,,,,,,,,,,,,,,,,,,,,,,,,,,,,,
20,nan,,,,,,,,,,Japan,,,,,100,20000,,,,,,25,,,,,,,,,,,,,,,,,,,,,,,,,,,,,,,
20,nan,,,,,,,,,,Japan,,,,,100,20000,,,,,,25,,,,,,,,,,,,,,,,,,,,,,,,,,,,,,,
21,nan,,,,,,,,,,Tanzania,,,,,100,20000,,,,,,25,,,,,,,,,,,,,,,,,,,,,,,,,,,,,,,
21,nan,,,,,,,,,,Tanzania,,,,,100,20000,,,,,,25,,,,,,,,,,,,,,,,,,,,,,,,,,,,,,,
21,nan,,,,,,,,,,Tanzania,,,,,100,20000,,,,,,25,,,,,,,,,,,,,,,,,,,,,,,,,,,,,,,
21,nan,,,,,,,,,,Tanzania,,,,,100,20000,,,,,,25,,,,,,,,,,,,,,,,,,,,,,,,,,,,,,,
21,nan,,,,,,,,,,Tanzania,,,,,100,20000,,,,,,25,,,,,,,,,,,,,,,,,,,,,,,,,,,,,,,
21,nan,,,,,,,,,,Tanzania,,,,,100,20000,,,,,,25,,,,,,,,,,,,,,,,,,,,,,,,,,,,,,,
21,nan,,,,,,,,,,Tanzania,,,,,100,20000,,,,,,25,,,,,,,,,,,,,,,,,,,,,,,,,,,,,,,
21,nan,,,,,,,,,,Tanzania,,,,,100,20000,,,,,,25,,,,,,,,,,,,,,,,,,,,,,,,,,,,,,,
21,nan,,,,,,,,,,Tanzania,,,,,100,20000,,,,,,25,,,,,,,,,,,,,,,,,,,,,,,,,,,,,,,
21,nan,,,,,,,,,,Tanzania,,,,,100,20000,,,,,,25,,,,,,,,,,,,,,,,,,,,,,,,,,,,,,,
21,nan,,,,,,,,,,Tanzania,,,,,100,20000,,,,,,25,,,,,,,,,,,,,,,,,,,,,,,,,,,,,,,
21,nan,,,,,,,,,,Tanzania,,,,,100,20000,,,,,,25,,,,,,,,,,,,,,,,,,,,,,,,,,,,,,,
21,nan,,,,,,,,,,Tanzania,,,,,100,20000,,,,,,25,,,,,,,,,,,,,,,,,,,,,,,,,,,,,,,
21,nan,,,,,,,,,,Tanzania,,,,,100,20000,,,,,,25,,,,,,,,,,,,,,,,,,,,,,,,,,,,,,,
21,nan,,,,,,,,,,Tanzania,,,,,100,20000,,,,,,25,,,,,,,,,,,,,,,,,,,,,,,,,,,,,,,
21,nan,,,,,,,,,,Tanzania,,,,,100,20000,,,,,,25,,,,,,,,,,,,,,,,,,,,,,,,,,,,,,,
21,nan,,,,,,,,,,Tanzania,,,,,100,20000,,,,,,25,,,,,,,,,,,,,,,,,,,,,,,,,,,,,,,
21,nan,,,,,,,,,,Tanzania,,,,,100,20000,,,,,,25,,,,,,,,,,,,,,,,,,,,,,,,,,,,,,,
21,nan,,,,,,,,,,Tanzania,,,,,100,20000,,,,,,25,,,,,,,,,,,,,,,,,,,,,,,,,,,,,,,
21,nan,,,,,,,,,,Tanzania,,,,,100,20000,,,,,,25,,,,,,,,,,,,,,,,,,,,,,,,,,,,,,,
21,nan,,,,,,,,,,Tanzania,,,,,100,20000,,,,,,25,,,,,,,,,,,,,,,,,,,,,,,,,,,,,,,
21,nan,,,,,,,,,,Tanzania,,,,,100,20000,,,,,,25,,,,,,,,,,,,,,,,,,,,,,,,,,,,,,,
21,nan,,,,,,,,,,Tanzania,,,,,100,20000,,,,,,25,,,,,,,,,,,,,,,,,,,,,,,,,,,,,,,
21,nan,,,,,,,,,,Tanzania,,,,,100,20000,,,,,,25,,,,,,,,,,,,,,,,,,,,,,,,,,,,,,,
21,nan,,,,,,,,,,Tanzania,,,,,100,20000,,,,,,25,,,,,,,,,,,,,,,,,,,,,,,,,,,,,,,
22,nan,,,,,,,,,,New Zealand,,,,,100,20000,,,,,,25,,,,,,,,,,,,,,,,,,,,,,,,,,,,,,,
22,nan,,,,,,,,,,New Zealand,,,,,100,20000,,,,,,25,,,,,,,,,,,,,,,,,,,,,,,,,,,,,,,
22,nan,,,,,,,,,,New Zealand,,,,,100,20000,,,,,,25,,,,,,,,,,,,,,,,,,,,,,,,,,,,,,,
22,nan,,,,,,,,,,New Zealand,,,,,100,20000,,,,,,25,,,,,,,,,,,,,,,,,,,,,,,,,,,,,,,
22,nan,,,,,,,,,,New Zealand,,,,,100,20000,,,,,,25,,,,,,,,,,,,,,,,,,,,,,,,,,,,,,,
22,nan,,,,,,,,,,New Zealand,,,,,100,20000,,,,,,25,,,,,,,,,,,,,,,,,,,,,,,,,,,,,,,
22,nan,,,,,,,,,,New Zealand,,,,,100,20000,,,,,,25,,,,,,,,,,,,,,,,,,,,,,,,,,,,,,,
22,nan,,,,,,,,,,New Zealand,,,,,100,20000,,,,,,25,,,,,,,,,,,,,,,,,,,,,,,,,,,,,,,
22,nan,,,,,,,,,,New Zealand,,,,,100,20000,,,,,,25,,,,,,,,,,,,,,,,,,,,,,,,,,,,,,,
22,nan,,,,,,,,,,New Zealand,,,,,100,20000,,,,,,25,,,,,,,,,,,,,,,,,,,,,,,,,,,,,,,
22,nan,,,,,,,,,,New Zealand,,,,,100,20000,,,,,,25,,,,,,,,,,,,,,,,,,,,,,,,,,,,,,,
22,nan,,,,,,,,,,New Zealand,,,,,100,20000,,,,,,25,,,,,,,,,,,,,,,,,,,,,,,,,,,,,,,
22,nan,,,,,,,,,,New Zealand,,,,,100,20000,,,,,,25,,,,,,,,,,,,,,,,,,,,,,,,,,,,,,,
22,nan,,,,,,,,,,New Zealand,,,,,100,20000,,,,,,25,,,,,,,,,,,,,,,,,,,,,,,,,,,,,,,
22,nan,,,,,,,,,,New Zealand,,,,,100,20000,,,,,,25,,,,,,,,,,,,,,,,,,,,,,,,,,,,,,,
22,nan,,,,,,,,,,New Zealand,,,,,100,20000,,,,,,25,,,,,,,,,,,,,,,,,,,,,,,,,,,,,,,
22,nan,,,,,,,,,,New Zealand,,,,,100,20000,,,,,,25,,,,,,,,,,,,,,,,,,,,,,,,,,,,,,,
22,nan,,,,,,,,,,New Zealand,,,,,100,20000,,,,,,25,,,,,,,,,,,,,,,,,,,,,,,,,,,,,,,
22,nan,,,,,,,,,,New Zealand,,,,,100,20000,,,,,,25,,,,,,,,,,,,,,,,,,,,,,,,,,,,,,,
22,nan,,,,,,,,,,New Zealand,,,,,100,20000,,,,,,25,,,,,,,,,,,,,,,,,,,,,,,,,,,,,,,
22,nan,,,,,,,,,,New Zealand,,,,,100,20000,,,,,,25,,,,,,,,,,,,,,,,,,,,,,,,,,,,,,,
22,nan,,,,,,,,,,New Zealand,,,,,100,20000,,,,,,25,,,,,,,,,,,,,,,,,,,,,,,,,,,,,,,
22,nan,,,,,,,,,,New Zealand,,,,,100,20000,,,,,,25,,,,,,,,,,,,,,,,,,,,,,,,,,,,,,,
22,nan,,,,,,,,,,New Zealand,,,,,100,20000,,,,,,25,,,,,,,,,,,,,,,,,,,,,,,,,,,,,,,
22,nan,,,,,,,,,,New Zealand,,,,,100,20000,,,,,,25,,,,,,,,,,,,,,,,,,,,,,,,,,,,,,,
23,nan,,,,,,,,,,Israel,,,,,100,20000,,,,,,25,,,,,,,,,,,,,,,,,,,,,,,,,,,,,,,
23,nan,,,,,,,,,,Israel,,,,,100,20000,,,,,,25,,,,,,,,,,,,,,,,,,,,,,,,,,,,,,,
23,nan,,,,,,,,,,Israel,,,,,100,20000,,,,,,25,,,,,,,,,,,,,,,,,,,,,,,,,,,,,,,
23,nan,,,,,,,,,,Israel,,,,,100,20000,,,,,,25,,,,,,,,,,,,,,,,,,,,,,,,,,,,,,,
23,nan,,,,,,,,,,Israel,,,,,100,20000,,,,,,25,,,,,,,,,,,,,,,,,,,,,,,,,,,,,,,
23,nan,,,,,,,,,,Israel,,,,,100,20000,,,,,,25,,,,,,,,,,,,,,,,,,,,,,,,,,,,,,,
23,nan,,,,,,,,,,Israel,,,,,100,20000,,,,,,25,,,,,,,,,,,,,,,,,,,,,,,,,,,,,,,
23,nan,,,,,,,,,,Israel,,,,,100,20000,,,,,,25,,,,,,,,,,,,,,,,,,,,,,,,,,,,,,,
23,nan,,,,,,,,,,Israel,,,,,100,20000,,,,,,25,,,,,,,,,,,,,,,,,,,,,,,,,,,,,,,
23,nan,,,,,,,,,,Israel,,,,,100,20000,,,,,,25,,,,,,,,,,,,,,,,,,,,,,,,,,,,,,,
23,nan,,,,,,,,,,Israel,,,,,100,20000,,,,,,25,,,,,,,,,,,,,,,,,,,,,,,,,,,,,,,
23,nan,,,,,,,,,,Israel,,,,,100,20000,,,,,,25,,,,,,,,,,,,,,,,,,,,,,,,,,,,,,,
23,nan,,,,,,,,,,Israel,,,,,100,20000,,,,,,25,,,,,,,,,,,,,,,,,,,,,,,,,,,,,,,
23,nan,,,,,,,,,,Israel,,,,,100,20000,,,,,,25,,,,,,,,,,,,,,,,,,,,,,,,,,,,,,,
23,nan,,,,,,,,,,Israel,,,,,100,20000,,,,,,25,,,,,,,,,,,,,,,,,,,,,,,,,,,,,,,
23,nan,,,,,,,,,,Israel,,,,,100,20000,,,,,,25,,,,,,,,,,,,,,,,,,,,,,,,,,,,,,,
23,nan,,,,,,,,,,Israel,,,,,100,20000,,,,,,25,,,,,,,,,,,,,,,,,,,,,,,,,,,,,,,
23,nan,,,,,,,,,,Israel,,,,,100,20000,,,,,,25,,,,,,,,,,,,,,,,,,,,,,,,,,,,,,,
23,nan,,,,,,,,,,Israel,,,,,100,20000,,,,,,25,,,,,,,,,,,,,,,,,,,,,,,,,,,,,,,
23,nan,,,,,,,,,,Israel,,,,,100,20000,,,,,,25,,,,,,,,,,,,,,,,,,,,,,,,,,,,,,,
23,nan,,,,,,,,,,Israel,,,,,100,20000,,,,,,25,,,,,,,,,,,,,,,,,,,,,,,,,,,,,,,
23,nan,,,,,,,,,,Israel,,,,,100,20000,,,,,,25,,,,,,,,,,,,,,,,,,,,,,,,,,,,,,,
23,nan,,,,,,,,,,Israel,,,,,100,20000,,,,,,25,,,,,,,,,,,,,,,,,,,,,,,,,,,,,,,
23,nan,,,,,,,,,,Israel,,,,,100,20000,,,,,,25,,,,,,,,,,,,,,,,,,,,,,,,,,,,,,,
23,nan,,,,,,,,,,Israel,,,,,100,20000,,,,,,25,,,,,,,,,,,,,,,,,,,,,,,,,,,,,,,
24,nan,,,,,,,,,,Netherlands,,,,,100,20000,,,,,,25,,,,,,,,,,,,,,,,,,,,,,,,,,,,,,,
24,nan,,,,,,,,,,Netherlands,,,,,100,20000,,,,,,25,,,,,,,,,,,,,,,,,,,,,,,,,,,,,,,
24,nan,,,,,,,,,,Netherlands,,,,,100,20000,,,,,,25,,,,,,,,,,,,,,,,,,,,,,,,,,,,,,,
24,nan,,,,,,,,,,Netherlands,,,,,100,20000,,,,,,25,,,,,,,,,,,,,,,,,,,,,,,,,,,,,,,
24,nan,,,,,,,,,,Netherlands,,,,,100,20000,,,,,,25,,,,,,,,,,,,,,,,,,,,,,,,,,,,,,,
24,nan,,,,,,,,,,Netherlands,,,,,100,20000,,,,,,25,,,,,,,,,,,,,,,,,,,,,,,,,,,,,,,
24,nan,,,,,,,,,,Netherlands,,,,,100,20000,,,,,,25,,,,,,,,,,,,,,,,,,,,,,,,,,,,,,,
24,nan,,,,,,,,,,Netherlands,,,,,100,20000,,,,,,25,,,,,,,,,,,,,,,,,,,,,,,,,,,,,,,
24,nan,,,,,,,,,,Netherlands,,,,,100,20000,,,,,,25,,,,,,,,,,,,,,,,,,,,,,,,,,,,,,,
24,nan,,,,,,,,,,Netherlands,,,,,100,20000,,,,,,25,,,,,,,,,,,,,,,,,,,,,,,,,,,,,,,
24,nan,,,,,,,,,,Netherlands,,,,,100,20000,,,,,,25,,,,,,,,,,,,,,,,,,,,,,,,,,,,,,,
24,nan,,,,,,,,,,Netherlands,,,,,100,20000,,,,,,25,,,,,,,,,,,,,,,,,,,,,,,,,,,,,,,
24,nan,,,,,,,,,,Netherlands,,,,,100,20000,,,,,,25,,,,,,,,,,,,,,,,,,,,,,,,,,,,,,,
24,nan,,,,,,,,,,Netherlands,,,,,100,20000,,,,,,25,,,,,,,,,,,,,,,,,,,,,,,,,,,,,,,
24,nan,,,,,,,,,,Netherlands,,,,,100,20000,,,,,,25,,,,,,,,,,,,,,,,,,,,,,,,,,,,,,,
24,nan,,,,,,,,,,Netherlands,,,,,100,20000,,,,,,25,,,,,,,,,,,,,,,,,,,,,,,,,,,,,,,
24,nan,,,,,,,,,,Netherlands,,,,,100,20000,,,,,,25,,,,,,,,,,,,,,,,,,,,,,,,,,,,,,,
24,nan,,,,,,,,,,Netherlands,,,,,100,20000,,,,,,25,,,,,,,,,,,,,,,,,,,,,,,,,,,,,,,
24,nan,,,,,,,,,,Netherlands,,,,,100,20000,,,,,,25,,,,,,,,,,,,,,,,,,,,,,,,,,,,,,,
24,nan,,,,,,,,,,Netherlands,,,,,100,20000,,,,,,25,,,,,,,,,,,,,,,,,,,,,,,,,,,,,,,
24,nan,,,,,,,,,,Netherlands,,,,,100,20000,,,,,,25,,,,,,,,,,,,,,,,,,,,,,,,,,,,,,,
24,nan,,,,,,,,,,Netherlands,,,,,100,20000,,,,,,25,,,,,,,,,,,,,,,,,,,,,,,,,,,,,,,
24,nan,,,,,,,,,,Netherlands,,,,,100,20000,,,,,,25,,,,,,,,,,,,,,,,,,,,,,,,,,,,,,,
24,nan,,,,,,,,,,Netherlands,,,,,100,20000,,,,,,25,,,,,,,,,,,,,,,,,,,,,,,,,,,,,,,
24,nan,,,,,,,,,,Netherlands,,,,,100,20000,,,,,,25,,,,,,,,,,,,,,,,,,,,,,,,,,,,,,,
25,nan,,,,,,,,,,Netherlands,,,,,100,20000,,,,,,25,,,,,,,,,,,,,,,,,,,,,,,,,,,,,,,
25,nan,,,,,,,,,,Netherlands,,,,,100,20000,,,,,,25,,,,,,,,,,,,,,,,,,,,,,,,,,,,,,,
25,nan,,,,,,,,,,Netherlands,,,,,100,20000,,,,,,25,,,,,,,,,,,,,,,,,,,,,,,,,,,,,,,
25,nan,,,,,,,,,,Netherlands,,,,,100,20000,,,,,,25,,,,,,,,,,,,,,,,,,,,,,,,,,,,,,,
25,nan,,,,,,,,,,Netherlands,,,,,100,20000,,,,,,25,,,,,,,,,,,,,,,,,,,,,,,,,,,,,,,
25,nan,,,,,,,,,,Netherlands,,,,,100,20000,,,,,,25,,,,,,,,,,,,,,,,,,,,,,,,,,,,,,,
25,nan,,,,,,,,,,Netherlands,,,,,100,20000,,,,,,25,,,,,,,,,,,,,,,,,,,,,,,,,,,,,,,
25,nan,,,,,,,,,,Netherlands,,,,,100,20000,,,,,,25,,,,,,,,,,,,,,,,,,,,,,,,,,,,,,,
25,nan,,,,,,,,,,Netherlands,,,,,100,20000,,,,,,25,,,,,,,,,,,,,,,,,,,,,,,,,,,,,,,
25,nan,,,,,,,,,,Netherlands,,,,,100,20000,,,,,,25,,,,,,,,,,,,,,,,,,,,,,,,,,,,,,,
25,nan,,,,,,,,,,Netherlands,,,,,100,20000,,,,,,25,,,,,,,,,,,,,,,,,,,,,,,,,,,,,,,
25,nan,,,,,,,,,,Netherlands,,,,,100,20000,,,,,,25,,,,,,,,,,,,,,,,,,,,,,,,,,,,,,,
25,nan,,,,,,,,,,Netherlands,,,,,100,20000,,,,,,25,,,,,,,,,,,,,,,,,,,,,,,,,,,,,,,
25,nan,,,,,,,,,,Netherlands,,,,,100,20000,,,,,,25,,,,,,,,,,,,,,,,,,,,,,,,,,,,,,,
25,nan,,,,,,,,,,Netherlands,,,,,100,20000,,,,,,25,,,,,,,,,,,,,,,,,,,,,,,,,,,,,,,
25,nan,,,,,,,,,,Netherlands,,,,,100,20000,,,,,,25,,,,,,,,,,,,,,,,,,,,,,,,,,,,,,,
25,nan,,,,,,,,,,Netherlands,,,,,100,20000,,,,,,25,,,,,,,,,,,,,,,,,,,,,,,,,,,,,,,
25,nan,,,,,,,,,,Netherlands,,,,,100,20000,,,,,,25,,,,,,,,,,,,,,,,,,,,,,,,,,,,,,,
25,nan,,,,,,,,,,Netherlands,,,,,100,20000,,,,,,25,,,,,,,,,,,,,,,,,,,,,,,,,,,,,,,
25,nan,,,,,,,,,,Netherlands,,,,,100,20000,,,,,,25,,,,,,,,,,,,,,,,,,,,,,,,,,,,,,,
25,nan,,,,,,,,,,Netherlands,,,,,100,20000,,,,,,25,,,,,,,,,,,,,,,,,,,,,,,,,,,,,,,
25,nan,,,,,,,,,,Netherlands,,,,,100,20000,,,,,,25,,,,,,,,,,,,,,,,,,,,,,,,,,,,,,,
25,nan,,,,,,,,,,Netherlands,,,,,100,20000,,,,,,25,,,,,,,,,,,,,,,,,,,,,,,,,,,,,,,
25,nan,,,,,,,,,,Netherlands,,,,,100,20000,,,,,,25,,,,,,,,,,,,,,,,,,,,,,,,,,,,,,,
25,nan,,,,,,,,,,Netherlands,,,,,100,20000,,,,,,25,,,,,,,,,,,,,,,,,,,,,,,,,,,,,,,
26,nan,,,,,,,,,,New Zealand,,,,,100,20000,,,,,,25,,,,,,,,,,,,,,,,,,,,,,,,,,,,,,,
26,nan,,,,,,,,,,New Zealand,,,,,100,20000,,,,,,25,,,,,,,,,,,,,,,,,,,,,,,,,,,,,,,
26,nan,,,,,,,,,,New Zealand,,,,,100,20000,,,,,,25,,,,,,,,,,,,,,,,,,,,,,,,,,,,,,,
26,nan,,,,,,,,,,New Zealand,,,,,100,20000,,,,,,25,,,,,,,,,,,,,,,,,,,,,,,,,,,,,,,
26,nan,,,,,,,,,,New Zealand,,,,,100,20000,,,,,,25,,,,,,,,,,,,,,,,,,,,,,,,,,,,,,,
26,nan,,,,,,,,,,New Zealand,,,,,100,20000,,,,,,25,,,,,,,,,,,,,,,,,,,,,,,,,,,,,,,
26,nan,,,,,,,,,,New Zealand,,,,,100,20000,,,,,,25,,,,,,,,,,,,,,,,,,,,,,,,,,,,,,,
26,nan,,,,,,,,,,New Zealand,,,,,100,20000,,,,,,25,,,,,,,,,,,,,,,,,,,,,,,,,,,,,,,
26,nan,,,,,,,,,,New Zealand,,,,,100,20000,,,,,,25,,,,,,,,,,,,,,,,,,,,,,,,,,,,,,,
26,nan,,,,,,,,,,New Zealand,,,,,100,20000,,,,,,25,,,,,,,,,,,,,,,,,,,,,,,,,,,,,,,
26,nan,,,,,,,,,,New Zealand,,,,,100,20000,,,,,,25,,,,,,,,,,,,,,,,,,,,,,,,,,,,,,,
26,nan,,,,,,,,,,New Zealand,,,,,100,20000,,,,,,25,,,,,,,,,,,,,,,,,,,,,,,,,,,,,,,
26,nan,,,,,,,,,,New Zealand,,,,,100,20000,,,,,,25,,,,,,,,,,,,,,,,,,,,,,,,,,,,,,,
26,nan,,,,,,,,,,New Zealand,,,,,100,20000,,,,,,25,,,,,,,,,,,,,,,,,,,,,,,,,,,,,,,
26,nan,,,,,,,,,,New Zealand,,,,,100,20000,,,,,,25,,,,,,,,,,,,,,,,,,,,,,,,,,,,,,,
26,nan,,,,,,,,,,New Zealand,,,,,100,20000,,,,,,25,,,,,,,,,,,,,,,,,,,,,,,,,,,,,,,
26,nan,,,,,,,,,,New Zealand,,,,,100,20000,,,,,,25,,,,,,,,,,,,,,,,,,,,,,,,,,,,,,,
26,nan,,,,,,,,,,New Zealand,,,,,100,20000,,,,,,25,,,,,,,,,,,,,,,,,,,,,,,,,,,,,,,
26,nan,,,,,,,,,,New Zealand,,,,,100,20000,,,,,,25,,,,,,,,,,,,,,,,,,,,,,,,,,,,,,,
26,nan,,,,,,,,,,New Zealand,,,,,100,20000,,,,,,25,,,,,,,,,,,,,,,,,,,,,,,,,,,,,,,
26,nan,,,,,,,,,,New Zealand,,,,,100,20000,,,,,,25,,,,,,,,,,,,,,,,,,,,,,,,,,,,,,,
26,nan,,,,,,,,,,New Zealand,,,,,100,20000,,,,,,25,,,,,,,,,,,,,,,,,,,,,,,,,,,,,,,
26,nan,,,,,,,,,,New Zealand,,,,,100,20000,,,,,,25,,,,,,,,,,,,,,,,,,,,,,,,,,,,,,,
26,nan,,,,,,,,,,New Zealand,,,,,100,20000,,,,,,25,,,,,,,,,,,,,,,,,,,,,,,,,,,,,,,
26,nan,,,,,,,,,,New Zealand,,,,,100,20000,,,,,,25,,,,,,,,,,,,,,,,,,,,,,,,,,,,,,,
27,nan,,,,,,,,,,Japan,,,,,100,20000,,,,,,25,,,,,,,,,,,,,,,,,,,,,,,,,,,,,,,
27,nan,,,,,,,,,,Japan,,,,,100,20000,,,,,,25,,,,,,,,,,,,,,,,,,,,,,,,,,,,,,,
27,nan,,,,,,,,,,Japan,,,,,100,20000,,,,,,25,,,,,,,,,,,,,,,,,,,,,,,,,,,,,,,
27,nan,,,,,,,,,,Japan,,,,,100,20000,,,,,,25,,,,,,,,,,,,,,,,,,,,,,,,,,,,,,,
27,nan,,,,,,,,,,Japan,,,,,100,20000,,,,,,25,,,,,,,,,,,,,,,,,,,,,,,,,,,,,,,
27,nan,,,,,,,,,,Japan,,,,,100,20000,,,,,,25,,,,,,,,,,,,,,,,,,,,,,,,,,,,,,,
27,nan,,,,,,,,,,Japan,,,,,100,20000,,,,,,25,,,,,,,,,,,,,,,,,,,,,,,,,,,,,,,
27,nan,,,,,,,,,,Japan,,,,,100,20000,,,,,,25,,,,,,,,,,,,,,,,,,,,,,,,,,,,,,,
27,nan,,,,,,,,,,Japan,,,,,100,20000,,,,,,25,,,,,,,,,,,,,,,,,,,,,,,,,,,,,,,
27,nan,,,,,,,,,,Japan,,,,,100,20000,,,,,,25,,,,,,,,,,,,,,,,,,,,,,,,,,,,,,,
27,nan,,,,,,,,,,Japan,,,,,100,20000,,,,,,25,,,,,,,,,,,,,,,,,,,,,,,,,,,,,,,
27,nan,,,,,,,,,,Japan,,,,,100,20000,,,,,,25,,,,,,,,,,,,,,,,,,,,,,,,,,,,,,,
27,nan,,,,,,,,,,Japan,,,,,100,20000,,,,,,25,,,,,,,,,,,,,,,,,,,,,,,,,,,,,,,
27,nan,,,,,,,,,,Japan,,,,,100,20000,,,,,,25,,,,,,,,,,,,,,,,,,,,,,,,,,,,,,,
27,nan,,,,,,,,,,Japan,,,,,100,20000,,,,,,25,,,,,,,,,,,,,,,,,,,,,,,,,,,,,,,
27,nan,,,,,,,,,,Japan,,,,,100,20000,,,,,,25,,,,,,,,,,,,,,,,,,,,,,,,,,,,,,,
27,nan,,,,,,,,,,Japan,,,,,100,20000,,,,,,25,,,,,,,,,,,,,,,,,,,,,,,,,,,,,,,
27,nan,,,,,,,,,,Japan,,,,,100,20000,,,,,,25,,,,,,,,,,,,,,,,,,,,,,,,,,,,,,,
27,nan,,,,,,,,,,Japan,,,,,100,20000,,,,,,25,,,,,,,,,,,,,,,,,,,,,,,,,,,,,,,
27,nan,,,,,,,,,,Japan,,,,,100,20000,,,,,,25,,,,,,,,,,,,,,,,,,,,,,,,,,,,,,,
27,nan,,,,,,,,,,Japan,,,,,100,20000,,,,,,25,,,,,,,,,,,,,,,,,,,,,,,,,,,,,,,
27,nan,,,,,,,,,,Japan,,,,,100,20000,,,,,,25,,,,,,,,,,,,,,,,,,,,,,,,,,,,,,,
27,nan,,,,,,,,,,Japan,,,,,100,20000,,,,,,25,,,,,,,,,,,,,,,,,,,,,,,,,,,,,,,
27,nan,,,,,,,,,,Japan,,,,,100,20000,,,,,,25,,,,,,,,,,,,,,,,,,,,,,,,,,,,,,,
27,nan,,,,,,,,,,Japan,,,,,100,20000,,,,,,25,,,,,,,,,,,,,,,,,,,,,,,,,,,,,,,
28,nan,,,,,,,,,,Tanzania,,,,,100,20000,,,,,,25,,,,,,,,,,,,,,,,,,,,,,,,,,,,,,,
28,nan,,,,,,,,,,Tanzania,,,,,100,20000,,,,,,25,,,,,,,,,,,,,,,,,,,,,,,,,,,,,,,
28,nan,,,,,,,,,,Tanzania,,,,,100,20000,,,,,,25,,,,,,,,,,,,,,,,,,,,,,,,,,,,,,,
28,nan,,,,,,,,,,Tanzania,,,,,100,20000,,,,,,25,,,,,,,,,,,,,,,,,,,,,,,,,,,,,,,
28,nan,,,,,,,,,,Tanzania,,,,,100,20000,,,,,,25,,,,,,,,,,,,,,,,,,,,,,,,,,,,,,,
28,nan,,,,,,,,,,Tanzania,,,,,100,20000,,,,,,25,,,,,,,,,,,,,,,,,,,,,,,,,,,,,,,
28,nan,,,,,,,,,,Tanzania,,,,,100,20000,,,,,,25,,,,,,,,,,,,,,,,,,,,,,,,,,,,,,,
28,nan,,,,,,,,,,Tanzania,,,,,100,20000,,,,,,25,,,,,,,,,,,,,,,,,,,,,,,,,,,,,,,
28,nan,,,,,,,,,,Tanzania,,,,,100,20000,,,,,,25,,,,,,,,,,,,,,,,,,,,,,,,,,,,,,,
28,nan,,,,,,,,,,Tanzania,,,,,100,20000,,,,,,25,,,,,,,,,,,,,,,,,,,,,,,,,,,,,,,
28,nan,,,,,,,,,,Tanzania,,,,,100,20000,,,,,,25,,,,,,,,,,,,,,,,,,,,,,,,,,,,,,,
28,nan,,,,,,,,,,Tanzania,,,,,100,20000,,,,,,25,,,,,,,,,,,,,,,,,,,,,,,,,,,,,,,
28,nan,,,,,,,,,,Tanzania,,,,,100,20000,,,,,,25,,,,,,,,,,,,,,,,,,,,,,,,,,,,,,,
28,nan,,,,,,,,,,Tanzania,,,,,100,20000,,,,,,25,,,,,,,,,,,,,,,,,,,,,,,,,,,,,,,
28,nan,,,,,,,,,,Tanzania,,,,,100,20000,,,,,,25,,,,,,,,,,,,,,,,,,,,,,,,,,,,,,,
28,nan,,,,,,,,,,Tanzania,,,,,100,20000,,,,,,25,,,,,,,,,,,,,,,,,,,,,,,,,,,,,,,
28,nan,,,,,,,,,,Tanzania,,,,,100,20000,,,,,,25,,,,,,,,,,,,,,,,,,,,,,,,,,,,,,,
28,nan,,,,,,,,,,Tanzania,,,,,100,20000,,,,,,25,,,,,,,,,,,,,,,,,,,,,,,,,,,,,,,
28,nan,,,,,,,,,,Tanzania,,,,,100,20000,,,,,,25,,,,,,,,,,,,,,,,,,,,,,,,,,,,,,,
28,nan,,,,,,,,,,Tanzania,,,,,100,20000,,,,,,25,,,,,,,,,,,,,,,,,,,,,,,,,,,,,,,
28,nan,,,,,,,,,,Tanzania,,,,,100,20000,,,,,,25,,,,,,,,,,,,,,,,,,,,,,,,,,,,,,,
28,nan,,,,,,,,,,Tanzania,,,,,100,20000,,,,,,25,,,,,,,,,,,,,,,,,,,,,,,,,,,,,,,
28,nan,,,,,,,,,,Tanzania,,,,,100,20000,,,,,,25,,,,,,,,,,,,,,,,,,,,,,,,,,,,,,,
28,nan,,,,,,,,,,Tanzania,,,,,100,20000,,,,,,25,,,,,,,,,,,,,,,,,,,,,,,,,,,,,,,
28,nan,,,,,,,,,,Tanzania,,,,,100,20000,,,,,,25,,,,,,,,,,,,,,,,,,,,,,,,,,,,,,,
29,nan,,,,,,,,,,India,,,,,100,20000,,,,,,25,,,,,,,,,,,,,,,,,,,,,,,,,,,,,,,
29,nan,,,,,,,,,,India,,,,,100,20000,,,,,,25,,,,,,,,,,,,,,,,,,,,,,,,,,,,,,,
29,nan,,,,,,,,,,India,,,,,100,20000,,,,,,25,,,,,,,,,,,,,,,,,,,,,,,,,,,,,,,
29,nan,,,,,,,,,,India,,,,,100,20000,,,,,,25,,,,,,,,,,,,,,,,,,,,,,,,,,,,,,,
29,nan,,,,,,,,,,India,,,,,100,20000,,,,,,25,,,,,,,,,,,,,,,,,,,,,,,,,,,,,,,
29,nan,,,,,,,,,,India,,,,,100,20000,,,,,,25,,,,,,,,,,,,,,,,,,,,,,,,,,,,,,,
29,nan,,,,,,,,,,India,,,,,100,20000,,,,,,25,,,,,,,,,,,,,,,,,,,,,,,,,,,,,,,
29,nan,,,,,,,,,,India,,,,,100,20000,,,,,,25,,,,,,,,,,,,,,,,,,,,,,,,,,,,,,,
29,nan,,,,,,,,,,India,,,,,100,20000,,,,,,25,,,,,,,,,,,,,,,,,,,,,,,,,,,,,,,
29,nan,,,,,,,,,,India,,,,,100,20000,,,,,,25,,,,,,,,,,,,,,,,,,,,,,,,,,,,,,,
29,nan,,,,,,,,,,India,,,,,100,20000,,,,,,25,,,,,,,,,,,,,,,,,,,,,,,,,,,,,,,
29,nan,,,,,,,,,,India,,,,,100,20000,,,,,,25,,,,,,,,,,,,,,,,,,,,,,,,,,,,,,,
29,nan,,,,,,,,,,India,,,,,100,20000,,,,,,25,,,,,,,,,,,,,,,,,,,,,,,,,,,,,,,
29,nan,,,,,,,,,,India,,,,,100,20000,,,,,,25,,,,,,,,,,,,,,,,,,,,,,,,,,,,,,,
29,nan,,,,,,,,,,India,,,,,100,20000,,,,,,25,,,,,,,,,,,,,,,,,,,,,,,,,,,,,,,
29,nan,,,,,,,,,,India,,,,,100,20000,,,,,,25,,,,,,,,,,,,,,,,,,,,,,,,,,,,,,,
29,nan,,,,,,,,,,India,,,,,100,20000,,,,,,25,,,,,,,,,,,,,,,,,,,,,,,,,,,,,,,
29,nan,,,,,,,,,,India,,,,,100,20000,,,,,,25,,,,,,,,,,,,,,,,,,,,,,,,,,,,,,,
29,nan,,,,,,,,,,India,,,,,100,20000,,,,,,25,,,,,,,,,,,,,,,,,,,,,,,,,,,,,,,
29,nan,,,,,,,,,,India,,,,,100,20000,,,,,,25,,,,,,,,,,,,,,,,,,,,,,,,,,,,,,,
29,nan,,,,,,,,,,India,,,,,100,20000,,,,,,25,,,,,,,,,,,,,,,,,,,,,,,,,,,,,,,
29,nan,,,,,,,,,,India,,,,,100,20000,,,,,,25,,,,,,,,,,,,,,,,,,,,,,,,,,,,,,,
29,nan,,,,,,,,,,India,,,,,100,20000,,,,,,25,,,,,,,,,,,,,,,,,,,,,,,,,,,,,,,
29,nan,,,,,,,,,,India,,,,,100,20000,,,,,,25,,,,,,,,,,,,,,,,,,,,,,,,,,,,,,,
29,nan,,,,,,,,,,India,,,,,100,20000,,,,,,25,,,,,,,,,,,,,,,,,,,,,,,,,,,,,,,
30,nan,,,,,,,,,,Japan,,,,,100,20000,,,,,,25,,,,,,,,,,,,,,,,,,,,,,,,,,,,,,,
30,nan,,,,,,,,,,Japan,,,,,100,20000,,,,,,25,,,,,,,,,,,,,,,,,,,,,,,,,,,,,,,
30,nan,,,,,,,,,,Japan,,,,,100,20000,,,,,,25,,,,,,,,,,,,,,,,,,,,,,,,,,,,,,,
30,nan,,,,,,,,,,Japan,,,,,100,20000,,,,,,25,,,,,,,,,,,,,,,,,,,,,,,,,,,,,,,
30,nan,,,,,,,,,,Japan,,,,,100,20000,,,,,,25,,,,,,,,,,,,,,,,,,,,,,,,,,,,,,,
30,nan,,,,,,,,,,Japan,,,,,100,20000,,,,,,25,,,,,,,,,,,,,,,,,,,,,,,,,,,,,,,
30,nan,,,,,,,,,,Japan,,,,,100,20000,,,,,,25,,,,,,,,,,,,,,,,,,,,,,,,,,,,,,,
30,nan,,,,,,,,,,Japan,,,,,100,20000,,,,,,25,,,,,,,,,,,,,,,,,,,,,,,,,,,,,,,
30,nan,,,,,,,,,,Japan,,,,,100,20000,,,,,,25,,,,,,,,,,,,,,,,,,,,,,,,,,,,,,,
30,nan,,,,,,,,,,Japan,,,,,100,20000,,,,,,25,,,,,,,,,,,,,,,,,,,,,,,,,,,,,,,
30,nan,,,,,,,,,,Japan,,,,,100,20000,,,,,,25,,,,,,,,,,,,,,,,,,,,,,,,,,,,,,,
30,nan,,,,,,,,,,Japan,,,,,100,20000,,,,,,25,,,,,,,,,,,,,,,,,,,,,,,,,,,,,,,
30,nan,,,,,,,,,,Japan,,,,,100,20000,,,,,,25,,,,,,,,,,,,,,,,,,,,,,,,,,,,,,,
30,nan,,,,,,,,,,Japan,,,,,100,20000,,,,,,25,,,,,,,,,,,,,,,,,,,,,,,,,,,,,,,
30,nan,,,,,,,,,,Japan,,,,,100,20000,,,,,,25,,,,,,,,,,,,,,,,,,,,,,,,,,,,,,,
30,nan,,,,,,,,,,Japan,,,,,100,20000,,,,,,25,,,,,,,,,,,,,,,,,,,,,,,,,,,,,,,
30,nan,,,,,,,,,,Japan,,,,,100,20000,,,,,,25,,,,,,,,,,,,,,,,,,,,,,,,,,,,,,,
30,nan,,,,,,,,,,Japan,,,,,100,20000,,,,,,25,,,,,,,,,,,,,,,,,,,,,,,,,,,,,,,
30,nan,,,,,,,,,,Japan,,,,,100,20000,,,,,,25,,,,,,,,,,,,,,,,,,,,,,,,,,,,,,,
30,nan,,,,,,,,,,Japan,,,,,100,20000,,,,,,25,,,,,,,,,,,,,,,,,,,,,,,,,,,,,,,
30,nan,,,,,,,,,,Japan,,,,,100,20000,,,,,,25,,,,,,,,,,,,,,,,,,,,,,,,,,,,,,,
30,nan,,,,,,,,,,Japan,,,,,100,20000,,,,,,25,,,,,,,,,,,,,,,,,,,,,,,,,,,,,,,
30,nan,,,,,,,,,,Japan,,,,,100,20000,,,,,,25,,,,,,,,,,,,,,,,,,,,,,,,,,,,,,,
30,nan,,,,,,,,,,Japan,,,,,100,20000,,,,,,25,,,,,,,,,,,,,,,,,,,,,,,,,,,,,,,
30,nan,,,,,,,,,,Japan,,,,,100,20000,,,,,,25,,,,,,,,,,,,,,,,,,,,,,,,,,,,,,,
31,nan,,,,,,,,,,Japan,,,,,100,20000,,,,,,25,,,,,,,,,,,,,,,,,,,,,,,,,,,,,,,
31,nan,,,,,,,,,,Japan,,,,,100,20000,,,,,,25,,,,,,,,,,,,,,,,,,,,,,,,,,,,,,,
31,nan,,,,,,,,,,Japan,,,,,100,20000,,,,,,25,,,,,,,,,,,,,,,,,,,,,,,,,,,,,,,
31,nan,,,,,,,,,,Japan,,,,,100,20000,,,,,,25,,,,,,,,,,,,,,,,,,,,,,,,,,,,,,,
31,nan,,,,,,,,,,Japan,,,,,100,20000,,,,,,25,,,,,,,,,,,,,,,,,,,,,,,,,,,,,,,
31,nan,,,,,,,,,,Japan,,,,,100,20000,,,,,,25,,,,,,,,,,,,,,,,,,,,,,,,,,,,,,,
31,nan,,,,,,,,,,Japan,,,,,100,20000,,,,,,25,,,,,,,,,,,,,,,,,,,,,,,,,,,,,,,
31,nan,,,,,,,,,,Japan,,,,,100,20000,,,,,,25,,,,,,,,,,,,,,,,,,,,,,,,,,,,,,,
31,nan,,,,,,,,,,Japan,,,,,100,20000,,,,,,25,,,,,,,,,,,,,,,,,,,,,,,,,,,,,,,
31,nan,,,,,,,,,,Japan,,,,,100,20000,,,,,,25,,,,,,,,,,,,,,,,,,,,,,,,,,,,,,,
31,nan,,,,,,,,,,Japan,,,,,100,20000,,,,,,25,,,,,,,,,,,,,,,,,,,,,,,,,,,,,,,
31,nan,,,,,,,,,,Japan,,,,,100,20000,,,,,,25,,,,,,,,,,,,,,,,,,,,,,,,,,,,,,,
31,nan,,,,,,,,,,Japan,,,,,100,20000,,,,,,25,,,,,,,,,,,,,,,,,,,,,,,,,,,,,,,
31,nan,,,,,,,,,,Japan,,,,,100,20000,,,,,,25,,,,,,,,,,,,,,,,,,,,,,,,,,,,,,,
31,nan,,,,,,,,,,Japan,,,,,100,20000,,,,,,25,,,,,,,,,,,,,,,,,,,,,,,,,,,,,,,
31,nan,,,,,,,,,,Japan,,,,,100,20000,,,,,,25,,,,,,,,,,,,,,,,,,,,,,,,,,,,,,,
31,nan,,,,,,,,,,Japan,,,,,100,20000,,,,,,25,,,,,,,,,,,,,,,,,,,,,,,,,,,,,,,
31,nan,,,,,,,,,,Japan,,,,,100,20000,,,,,,25,,,,,,,,,,,,,,,,,,,,,,,,,,,,,,,
31,nan,,,,,,,,,,Japan,,,,,100,20000,,,,,,25,,,,,,,,,,,,,,,,,,,,,,,,,,,,,,,
31,nan,,,,,,,,,,Japan,,,,,100,20000,,,,,,25,,,,,,,,,,,,,,,,,,,,,,,,,,,,,,,
31,nan,,,,,,,,,,Japan,,,,,100,20000,,,,,,25,,,,,,,,,,,,,,,,,,,,,,,,,,,,,,,
31,nan,,,,,,,,,,Japan,,,,,100,20000,,,,,,25,,,,,,,,,,,,,,,,,,,,,,,,,,,,,,,
31,nan,,,,,,,,,,Japan,,,,,100,20000,,,,,,25,,,,,,,,,,,,,,,,,,,,,,,,,,,,,,,
31,nan,,,,,,,,,,Japan,,,,,100,20000,,,,,,25,,,,,,,,,,,,,,,,,,,,,,,,,,,,,,,
31,nan,,,,,,,,,,Japan,,,,,100,20000,,,,,,25,,,,,,,,,,,,,,,,,,,,,,,,,,,,,,,
32,nan,,,,,,,,,,India,,,,,100,20000,,,,,,25,,,,,,,,,,,,,,,,,,,,,,,,,,,,,,,
32,nan,,,,,,,,,,India,,,,,100,20000,,,,,,25,,,,,,,,,,,,,,,,,,,,,,,,,,,,,,,
32,nan,,,,,,,,,,India,,,,,100,20000,,,,,,25,,,,,,,,,,,,,,,,,,,,,,,,,,,,,,,
32,nan,,,,,,,,,,India,,,,,100,20000,,,,,,25,,,,,,,,,,,,,,,,,,,,,,,,,,,,,,,
32,nan,,,,,,,,,,India,,,,,100,20000,,,,,,25,,,,,,,,,,,,,,,,,,,,,,,,,,,,,,,
32,nan,,,,,,,,,,India,,,,,100,20000,,,,,,25,,,,,,,,,,,,,,,,,,,,,,,,,,,,,,,
32,nan,,,,,,,,,,India,,,,,100,20000,,,,,,25,,,,,,,,,,,,,,,,,,,,,,,,,,,,,,,
32,nan,,,,,,,,,,India,,,,,100,20000,,,,,,25,,,,,,,,,,,,,,,,,,,,,,,,,,,,,,,
32,nan,,,,,,,,,,India,,,,,100,20000,,,,,,25,,,,,,,,,,,,,,,,,,,,,,,,,,,,,,,
32,nan,,,,,,,,,,India,,,,,100,20000,,,,,,25,,,,,,,,,,,,,,,,,,,,,,,,,,,,,,,
32,nan,,,,,,,,,,India,,,,,100,20000,,,,,,25,,,,,,,,,,,,,,,,,,,,,,,,,,,,,,,
32,nan,,,,,,,,,,India,,,,,100,20000,,,,,,25,,,,,,,,,,,,,,,,,,,,,,,,,,,,,,,
32,nan,,,,,,,,,,India,,,,,100,20000,,,,,,25,,,,,,,,,,,,,,,,,,,,,,,,,,,,,,,
32,nan,,,,,,,,,,India,,,,,100,20000,,,,,,25,,,,,,,,,,,,,,,,,,,,,,,,,,,,,,,
32,nan,,,,,,,,,,India,,,,,100,20000,,,,,,25,,,,,,,,,,,,,,,,,,,,,,,,,,,,,,,
32,nan,,,,,,,,,,India,,,,,100,20000,,,,,,25,,,,,,,,,,,,,,,,,,,,,,,,,,,,,,,
32,nan,,,,,,,,,,India,,,,,100,20000,,,,,,25,,,,,,,,,,,,,,,,,,,,,,,,,,,,,,,
32,nan,,,,,,,,,,India,,,,,100,20000,,,,,,25,,,,,,,,,,,,,,,,,,,,,,,,,,,,,,,
32,nan,,,,,,,,,,India,,,,,100,20000,,,,,,25,,,,,,,,,,,,,,,,,,,,,,,,,,,,,,,
32,nan,,,,,,,,,,India,,,,,100,20000,,,,,,25,,,,,,,,,,,,,,,,,,,,,,,,,,,,,,,
32,nan,,,,,,,,,,India,,,,,100,20000,,,,,,25,,,,,,,,,,,,,,,,,,,,,,,,,,,,,,,
32,nan,,,,,,,,,,India,,,,,100,20000,,,,,,25,,,,,,,,,,,,,,,,,,,,,,,,,,,,,,,
32,nan,,,,,,,,,,India,,,,,100,20000,,,,,,25,,,,,,,,,,,,,,,,,,,,,,,,,,,,,,,
32,nan,,,,,,,,,,India,,,,,100,20000,,,,,,25,,,,,,,,,,,,,,,,,,,,,,,,,,,,,,,
32,nan,,,,,,,,,,India,,,,,100,20000,,,,,,25,,,,,,,,,,,,,,,,,,,,,,,,,,,,,,,
33,nan,,,,,,,,,,Netherlands,,,,,100,20000,,,,,,25,,,,,,,,,,,,,,,,,,,,,,,,,,,,,,,
33,nan,,,,,,,,,,Netherlands,,,,,100,20000,,,,,,25,,,,,,,,,,,,,,,,,,,,,,,,,,,,,,,
33,nan,,,,,,,,,,Netherlands,,,,,100,20000,,,,,,25,,,,,,,,,,,,,,,,,,,,,,,,,,,,,,,
33,nan,,,,,,,,,,Netherlands,,,,,100,20000,,,,,,25,,,,,,,,,,,,,,,,,,,,,,,,,,,,,,,
33,nan,,,,,,,,,,Netherlands,,,,,100,20000,,,,,,25,,,,,,,,,,,,,,,,,,,,,,,,,,,,,,,
33,nan,,,,,,,,,,Netherlands,,,,,100,20000,,,,,,25,,,,,,,,,,,,,,,,,,,,,,,,,,,,,,,
33,nan,,,,,,,,,,Netherlands,,,,,100,20000,,,,,,25,,,,,,,,,,,,,,,,,,,,,,,,,,,,,,,
33,nan,,,,,,,,,,Netherlands,,,,,100,20000,,,,,,25,,,,,,,,,,,,,,,,,,,,,,,,,,,,,,,
33,nan,,,,,,,,,,Netherlands,,,,,100,20000,,,,,,25,,,,,,,,,,,,,,,,,,,,,,,,,,,,,,,
33,nan,,,,,,,,,,Netherlands,,,,,100,20000,,,,,,25,,,,,,,,,,,,,,,,,,,,,,,,,,,,,,,
33,nan,,,,,,,,,,Netherlands,,,,,100,20000,,,,,,25,,,,,,,,,,,,,,,,,,,,,,,,,,,,,,,
33,nan,,,,,,,,,,Netherlands,,,,,100,20000,,,,,,25,,,,,,,,,,,,,,,,,,,,,,,,,,,,,,,
33,nan,,,,,,,,,,Netherlands,,,,,100,20000,,,,,,25,,,,,,,,,,,,,,,,,,,,,,,,,,,,,,,
33,nan,,,,,,,,,,Netherlands,,,,,100,20000,,,,,,25,,,,,,,,,,,,,,,,,,,,,,,,,,,,,,,
33,nan,,,,,,,,,,Netherlands,,,,,100,20000,,,,,,25,,,,,,,,,,,,,,,,,,,,,,,,,,,,,,,
33,nan,,,,,,,,,,Netherlands,,,,,100,20000,,,,,,25,,,,,,,,,,,,,,,,,,,,,,,,,,,,,,,
33,nan,,,,,,,,,,Netherlands,,,,,100,20000,,,,,,25,,,,,,,,,,,,,,,,,,,,,,,,,,,,,,,
33,nan,,,,,,,,,,Netherlands,,,,,100,20000,,,,,,25,,,,,,,,,,,,,,,,,,,,,,,,,,,,,,,
33,nan,,,,,,,,,,Netherlands,,,,,100,20000,,,,,,25,,,,,,,,,,,,,,,,,,,,,,,,,,,,,,,
33,nan,,,,,,,,,,Netherlands,,,,,100,20000,,,,,,25,,,,,,,,,,,,,,,,,,,,,,,,,,,,,,,
33,nan,,,,,,,,,,Netherlands,,,,,100,20000,,,,,,25,,,,,,,,,,,,,,,,,,,,,,,,,,,,,,,
33,nan,,,,,,,,,,Netherlands,,,,,100,20000,,,,,,25,,,,,,,,,,,,,,,,,,,,,,,,,,,,,,,
33,nan,,,,,,,,,,Netherlands,,,,,100,20000,,,,,,25,,,,,,,,,,,,,,,,,,,,,,,,,,,,,,,
33,nan,,,,,,,,,,Netherlands,,,,,100,20000,,,,,,25,,,,,,,,,,,,,,,,,,,,,,,,,,,,,,,
33,nan,,,,,,,,,,Netherlands,,,,,100,20000,,,,,,25,,,,,,,,,,,,,,,,,,,,,,,,,,,,,,,
34,nan,,,,,,,,,,New Zealand,,,,,100,20000,,,,,,25,,,,,,,,,,,,,,,,,,,,,,,,,,,,,,,
34,nan,,,,,,,,,,New Zealand,,,,,100,20000,,,,,,25,,,,,,,,,,,,,,,,,,,,,,,,,,,,,,,
34,nan,,,,,,,,,,New Zealand,,,,,100,20000,,,,,,25,,,,,,,,,,,,,,,,,,,,,,,,,,,,,,,
34,nan,,,,,,,,,,New Zealand,,,,,100,20000,,,,,,25,,,,,,,,,,,,,,,,,,,,,,,,,,,,,,,
34,nan,,,,,,,,,,New Zealand,,,,,100,20000,,,,,,25,,,,,,,,,,,,,,,,,,,,,,,,,,,,,,,
34,nan,,,,,,,,,,New Zealand,,,,,100,20000,,,,,,25,,,,,,,,,,,,,,,,,,,,,,,,,,,,,,,
34,nan,,,,,,,,,,New Zealand,,,,,100,20000,,,,,,25,,,,,,,,,,,,,,,,,,,,,,,,,,,,,,,
34,nan,,,,,,,,,,New Zealand,,,,,100,20000,,,,,,25,,,,,,,,,,,,,,,,,,,,,,,,,,,,,,,
34,nan,,,,,,,,,,New Zealand,,,,,100,20000,,,,,,25,,,,,,,,,,,,,,,,,,,,,,,,,,,,,,,
34,nan,,,,,,,,,,New Zealand,,,,,100,20000,,,,,,25,,,,,,,,,,,,,,,,,,,,,,,,,,,,,,,
34,nan,,,,,,,,,,New Zealand,,,,,100,20000,,,,,,25,,,,,,,,,,,,,,,,,,,,,,,,,,,,,,,
34,nan,,,,,,,,,,New Zealand,,,,,100,20000,,,,,,25,,,,,,,,,,,,,,,,,,,,,,,,,,,,,,,
34,nan,,,,,,,,,,New Zealand,,,,,100,20000,,,,,,25,,,,,,,,,,,,,,,,,,,,,,,,,,,,,,,
34,nan,,,,,,,,,,New Zealand,,,,,100,20000,,,,,,25,,,,,,,,,,,,,,,,,,,,,,,,,,,,,,,
34,nan,,,,,,,,,,New Zealand,,,,,100,20000,,,,,,25,,,,,,,,,,,,,,,,,,,,,,,,,,,,,,,
34,nan,,,,,,,,,,New Zealand,,,,,100,20000,,,,,,25,,,,,,,,,,,,,,,,,,,,,,,,,,,,,,,
34,nan,,,,,,,,,,New Zealand,,,,,100,20000,,,,,,25,,,,,,,,,,,,,,,,,,,,,,,,,,,,,,,
34,nan,,,,,,,,,,New Zealand,,,,,100,20000,,,,,,25,,,,,,,,,,,,,,,,,,,,,,,,,,,,,,,
34,nan,,,,,,,,,,New Zealand,,,,,100,20000,,,,,,25,,,,,,,,,,,,,,,,,,,,,,,,,,,,,,,
34,nan,,,,,,,,,,New Zealand,,,,,100,20000,,,,,,25,,,,,,,,,,,,,,,,,,,,,,,,,,,,,,,
34,nan,,,,,,,,,,New Zealand,,,,,100,20000,,,,,,25,,,,,,,,,,,,,,,,,,,,,,,,,,,,,,,
34,nan,,,,,,,,,,New Zealand,,,,,100,20000,,,,,,25,,,,,,,,,,,,,,,,,,,,,,,,,,,,,,,
34,nan,,,,,,,,,,New Zealand,,,,,100,20000,,,,,,25,,,,,,,,,,,,,,,,,,,,,,,,,,,,,,,
34,nan,,,,,,,,,,New Zealand,,,,,100,20000,,,,,,25,,,,,,,,,,,,,,,,,,,,,,,,,,,,,,,
34,nan,,,,,,,,,,New Zealand,,,,,100,20000,,,,,,25,,,,,,,,,,,,,,,,,,,,,,,,,,,,,,,
35,nan,,,,,,,,,,Tanzania,,,,,100,20000,,,,,,25,,,,,,,,,,,,,,,,,,,,,,,,,,,,,,,
35,nan,,,,,,,,,,Tanzania,,,,,100,20000,,,,,,25,,,,,,,,,,,,,,,,,,,,,,,,,,,,,,,
35,nan,,,,,,,,,,Tanzania,,,,,100,20000,,,,,,25,,,,,,,,,,,,,,,,,,,,,,,,,,,,,,,
35,nan,,,,,,,,,,Tanzania,,,,,100,20000,,,,,,25,,,,,,,,,,,,,,,,,,,,,,,,,,,,,,,
35,nan,,,,,,,,,,Tanzania,,,,,100,20000,,,,,,25,,,,,,,,,,,,,,,,,,,,,,,,,,,,,,,
35,nan,,,,,,,,,,Tanzania,,,,,100,20000,,,,,,25,,,,,,,,,,,,,,,,,,,,,,,,,,,,,,,
35,nan,,,,,,,,,,Tanzania,,,,,100,20000,,,,,,25,,,,,,,,,,,,,,,,,,,,,,,,,,,,,,,
35,nan,,,,,,,,,,Tanzania,,,,,100,20000,,,,,,25,,,,,,,,,,,,,,,,,,,,,,,,,,,,,,,
35,nan,,,,,,,,,,Tanzania,,,,,100,20000,,,,,,25,,,,,,,,,,,,,,,,,,,,,,,,,,,,,,,
35,nan,,,,,,,,,,Tanzania,,,,,100,20000,,,,,,25,,,,,,,,,,,,,,,,,,,,,,,,,,,,,,,
35,nan,,,,,,,,,,Tanzania,,,,,100,20000,,,,,,25,,,,,,,,,,,,,,,,,,,,,,,,,,,,,,,
35,nan,,,,,,,,,,Tanzania,,,,,100,20000,,,,,,25,,,,,,,,,,,,,,,,,,,,,,,,,,,,,,,
35,nan,,,,,,,,,,Tanzania,,,,,100,20000,,,,,,25,,,,,,,,,,,,,,,,,,,,,,,,,,,,,,,
35,nan,,,,,,,,,,Tanzania,,,,,100,20000,,,,,,25,,,,,,,,,,,,,,,,,,,,,,,,,,,,,,,
35,nan,,,,,,,,,,Tanzania,,,,,100,20000,,,,,,25,,,,,,,,,,,,,,,,,,,,,,,,,,,,,,,
35,nan,,,,,,,,,,Tanzania,,,,,100,20000,,,,,,25,,,,,,,,,,,,,,,,,,,,,,,,,,,,,,,
35,nan,,,,,,,,,,Tanzania,,,,,100,20000,,,,,,25,,,,,,,,,,,,,,,,,,,,,,,,,,,,,,,
35,nan,,,,,,,,,,Tanzania,,,,,100,20000,,,,,,25,,,,,,,,,,,,,,,,,,,,,,,,,,,,,,,
35,nan,,,,,,,,,,Tanzania,,,,,100,20000,,,,,,25,,,,,,,,,,,,,,,,,,,,,,,,,,,,,,,
35,nan,,,,,,,,,,Tanzania,,,,,100,20000,,,,,,25,,,,,,,,,,,,,,,,,,,,,,,,,,,,,,,
35,nan,,,,,,,,,,Tanzania,,,,,100,20000,,,,,,25,,,,,,,,,,,,,,,,,,,,,,,,,,,,,,,
35,nan,,,,,,,,,,Tanzania,,,,,100,20000,,,,,,25,,,,,,,,,,,,,,,,,,,,,,,,,,,,,,,
35,nan,,,,,,,,,,Tanzania,,,,,100,20000,,,,,,25,,,,,,,,,,,,,,,,,,,,,,,,,,,,,,,
35,nan,,,,,,,,,,Tanzania,,,,,100,20000,,,,,,25,,,,,,,,,,,,,,,,,,,,,,,,,,,,,,,
35,nan,,,,,,,,,,Tanzania,,,,,100,20000,,,,,,25,,,,,,,,,,,,,,,,,,,,,,,,,,,,,,,
36,nan,,,,,,,,,,Mexico,,,,,100,20000,,,,,,25,,,,,,,,,,,,,,,,,,,,,,,,,,,,,,,
36,nan,,,,,,,,,,Mexico,,,,,100,20000,,,,,,25,,,,,,,,,,,,,,,,,,,,,,,,,,,,,,,
36,nan,,,,,,,,,,Mexico,,,,,100,20000,,,,,,25,,,,,,,,,,,,,,,,,,,,,,,,,,,,,,,
36,nan,,,,,,,,,,Mexico,,,,,100,20000,,,,,,25,,,,,,,,,,,,,,,,,,,,,,,,,,,,,,,
36,nan,,,,,,,,,,Mexico,,,,,100,20000,,,,,,25,,,,,,,,,,,,,,,,,,,,,,,,,,,,,,,
36,nan,,,,,,,,,,Mexico,,,,,100,20000,,,,,,25,,,,,,,,,,,,,,,,,,,,,,,,,,,,,,,
36,nan,,,,,,,,,,Mexico,,,,,100,20000,,,,,,25,,,,,,,,,,,,,,,,,,,,,,,,,,,,,,,
36,nan,,,,,,,,,,Mexico,,,,,100,20000,,,,,,25,,,,,,,,,,,,,,,,,,,,,,,,,,,,,,,
36,nan,,,,,,,,,,Mexico,,,,,100,20000,,,,,,25,,,,,,,,,,,,,,,,,,,,,,,,,,,,,,,
36,nan,,,,,,,,,,Mexico,,,,,100,20000,,,,,,25,,,,,,,,,,,,,,,,,,,,,,,,,,,,,,,
36,nan,,,,,,,,,,Mexico,,,,,100,20000,,,,,,25,,,,,,,,,,,,,,,,,,,,,,,,,,,,,,,
36,nan,,,,,,,,,,Mexico,,,,,100,20000,,,,,,25,,,,,,,,,,,,,,,,,,,,,,,,,,,,,,,
36,nan,,,,,,,,,,Mexico,,,,,100,20000,,,,,,25,,,,,,,,,,,,,,,,,,,,,,,,,,,,,,,
36,nan,,,,,,,,,,Mexico,,,,,100,20000,,,,,,25,,,,,,,,,,,,,,,,,,,,,,,,,,,,,,,
36,nan,,,,,,,,,,Mexico,,,,,100,20000,,,,,,25,,,,,,,,,,,,,,,,,,,,,,,,,,,,,,,
36,nan,,,,,,,,,,Mexico,,,,,100,20000,,,,,,25,,,,,,,,,,,,,,,,,,,,,,,,,,,,,,,
36,nan,,,,,,,,,,Mexico,,,,,100,20000,,,,,,25,,,,,,,,,,,,,,,,,,,,,,,,,,,,,,,
36,nan,,,,,,,,,,Mexico,,,,,100,20000,,,,,,25,,,,,,,,,,,,,,,,,,,,,,,,,,,,,,,
36,nan,,,,,,,,,,Mexico,,,,,100,20000,,,,,,25,,,,,,,,,,,,,,,,,,,,,,,,,,,,,,,
36,nan,,,,,,,,,,Mexico,,,,,100,20000,,,,,,25,,,,,,,,,,,,,,,,,,,,,,,,,,,,,,,
36,nan,,,,,,,,,,Mexico,,,,,100,20000,,,,,,25,,,,,,,,,,,,,,,,,,,,,,,,,,,,,,,
36,nan,,,,,,,,,,Mexico,,,,,100,20000,,,,,,25,,,,,,,,,,,,,,,,,,,,,,,,,,,,,,,
36,nan,,,,,,,,,,Mexico,,,,,100,20000,,,,,,25,,,,,,,,,,,,,,,,,,,,,,,,,,,,,,,
36,nan,,,,,,,,,,Mexico,,,,,100,20000,,,,,,25,,,,,,,,,,,,,,,,,,,,,,,,,,,,,,,
36,nan,,,,,,,,,,Mexico,,,,,100,20000,,,,,,25,,,,,,,,,,,,,,,,,,,,,,,,,,,,,,,
37,nan,,,,,,,,,,India,,,,,100,20000,,,,,,25,,,,,,,,,,,,,,,,,,,,,,,,,,,,,,,
37,nan,,,,,,,,,,India,,,,,100,20000,,,,,,25,,,,,,,,,,,,,,,,,,,,,,,,,,,,,,,
37,nan,,,,,,,,,,India,,,,,100,20000,,,,,,25,,,,,,,,,,,,,,,,,,,,,,,,,,,,,,,
37,nan,,,,,,,,,,India,,,,,100,20000,,,,,,25,,,,,,,,,,,,,,,,,,,,,,,,,,,,,,,
37,nan,,,,,,,,,,India,,,,,100,20000,,,,,,25,,,,,,,,,,,,,,,,,,,,,,,,,,,,,,,
37,nan,,,,,,,,,,India,,,,,100,20000,,,,,,25,,,,,,,,,,,,,,,,,,,,,,,,,,,,,,,
37,nan,,,,,,,,,,India,,,,,100,20000,,,,,,25,,,,,,,,,,,,,,,,,,,,,,,,,,,,,,,
37,nan,,,,,,,,,,India,,,,,100,20000,,,,,,25,,,,,,,,,,,,,,,,,,,,,,,,,,,,,,,
37,nan,,,,,,,,,,India,,,,,100,20000,,,,,,25,,,,,,,,,,,,,,,,,,,,,,,,,,,,,,,
37,nan,,,,,,,,,,India,,,,,100,20000,,,,,,25,,,,,,,,,,,,,,,,,,,,,,,,,,,,,,,
37,nan,,,,,,,,,,India,,,,,100,20000,,,,,,25,,,,,,,,,,,,,,,,,,,,,,,,,,,,,,,
37,nan,,,,,,,,,,India,,,,,100,20000,,,,,,25,,,,,,,,,,,,,,,,,,,,,,,,,,,,,,,
37,nan,,,,,,,,,,India,,,,,100,20000,,,,,,25,,,,,,,,,,,,,,,,,,,,,,,,,,,,,,,
37,nan,,,,,,,,,,India,,,,,100,20000,,,,,,25,,,,,,,,,,,,,,,,,,,,,,,,,,,,,,,
37,nan,,,,,,,,,,India,,,,,100,20000,,,,,,25,,,,,,,,,,,,,,,,,,,,,,,,,,,,,,,
37,nan,,,,,,,,,,India,,,,,100,20000,,,,,,25,,,,,,,,,,,,,,,,,,,,,,,,,,,,,,,
37,nan,,,,,,,,,,India,,,,,100,20000,,,,,,25,,,,,,,,,,,,,,,,,,,,,,,,,,,,,,,
37,nan,,,,,,,,,,India,,,,,100,20000,,,,,,25,,,,,,,,,,,,,,,,,,,,,,,,,,,,,,,
37,nan,,,,,,,,,,India,,,,,100,20000,,,,,,25,,,,,,,,,,,,,,,,,,,,,,,,,,,,,,,
37,nan,,,,,,,,,,India,,,,,100,20000,,,,,,25,,,,,,,,,,,,,,,,,,,,,,,,,,,,,,,
37,nan,,,,,,,,,,India,,,,,100,20000,,,,,,25,,,,,,,,,,,,,,,,,,,,,,,,,,,,,,,
37,nan,,,,,,,,,,India,,,,,100,20000,,,,,,25,,,,,,,,,,,,,,,,,,,,,,,,,,,,,,,
37,nan,,,,,,,,,,India,,,,,100,20000,,,,,,25,,,,,,,,,,,,,,,,,,,,,,,,,,,,,,,
37,nan,,,,,,,,,,India,,,,,100,20000,,,,,,25,,,,,,,,,,,,,,,,,,,,,,,,,,,,,,,
37,nan,,,,,,,,,,India,,,,,100,20000,,,,,,25,,,,,,,,,,,,,,,,,,,,,,,,,,,,,,,
38,nan,,,,,,,,,,Israel,,,,,100,20000,,,,,,25,,,,,,,,,,,,,,,,,,,,,,,,,,,,,,,
38,nan,,,,,,,,,,Israel,,,,,100,20000,,,,,,25,,,,,,,,,,,,,,,,,,,,,,,,,,,,,,,
38,nan,,,,,,,,,,Israel,,,,,100,20000,,,,,,25,,,,,,,,,,,,,,,,,,,,,,,,,,,,,,,
38,nan,,,,,,,,,,Israel,,,,,100,20000,,,,,,25,,,,,,,,,,,,,,,,,,,,,,,,,,,,,,,
38,nan,,,,,,,,,,Israel,,,,,100,20000,,,,,,25,,,,,,,,,,,,,,,,,,,,,,,,,,,,,,,
38,nan,,,,,,,,,,Israel,,,,,100,20000,,,,,,25,,,,,,,,,,,,,,,,,,,,,,,,,,,,,,,
38,nan,,,,,,,,,,Israel,,,,,100,20000,,,,,,25,,,,,,,,,,,,,,,,,,,,,,,,,,,,,,,
38,nan,,,,,,,,,,Israel,,,,,100,20000,,,,,,25,,,,,,,,,,,,,,,,,,,,,,,,,,,,,,,
38,nan,,,,,,,,,,Israel,,,,,100,20000,,,,,,25,,,,,,,,,,,,,,,,,,,,,,,,,,,,,,,
38,nan,,,,,,,,,,Israel,,,,,100,20000,,,,,,25,,,,,,,,,,,,,,,,,,,,,,,,,,,,,,,
38,nan,,,,,,,,,,Israel,,,,,100,20000,,,,,,25,,,,,,,,,,,,,,,,,,,,,,,,,,,,,,,
38,nan,,,,,,,,,,Israel,,,,,100,20000,,,,,,25,,,,,,,,,,,,,,,,,,,,,,,,,,,,,,,
38,nan,,,,,,,,,,Israel,,,,,100,20000,,,,,,25,,,,,,,,,,,,,,,,,,,,,,,,,,,,,,,
38,nan,,,,,,,,,,Israel,,,,,100,20000,,,,,,25,,,,,,,,,,,,,,,,,,,,,,,,,,,,,,,
38,nan,,,,,,,,,,Israel,,,,,100,20000,,,,,,25,,,,,,,,,,,,,,,,,,,,,,,,,,,,,,,
38,nan,,,,,,,,,,Israel,,,,,100,20000,,,,,,25,,,,,,,,,,,,,,,,,,,,,,,,,,,,,,,
38,nan,,,,,,,,,,Israel,,,,,100,20000,,,,,,25,,,,,,,,,,,,,,,,,,,,,,,,,,,,,,,
38,nan,,,,,,,,,,Israel,,,,,100,20000,,,,,,25,,,,,,,,,,,,,,,,,,,,,,,,,,,,,,,
38,nan,,,,,,,,,,Israel,,,,,100,20000,,,,,,25,,,,,,,,,,,,,,,,,,,,,,,,,,,,,,,
38,nan,,,,,,,,,,Israel,,,,,100,20000,,,,,,25,,,,,,,,,,,,,,,,,,,,,,,,,,,,,,,
38,nan,,,,,,,,,,Israel,,,,,100,20000,,,,,,25,,,,,,,,,,,,,,,,,,,,,,,,,,,,,,,
38,nan,,,,,,,,,,Israel,,,,,100,20000,,,,,,25,,,,,,,,,,,,,,,,,,,,,,,,,,,,,,,
38,nan,,,,,,,,,,Israel,,,,,100,20000,,,,,,25,,,,,,,,,,,,,,,,,,,,,,,,,,,,,,,
38,nan,,,,,,,,,,Israel,,,,,100,20000,,,,,,25,,,,,,,,,,,,,,,,,,,,,,,,,,,,,,,
38,nan,,,,,,,,,,Israel,,,,,100,20000,,,,,,25,,,,,,,,,,,,,,,,,,,,,,,,,,,,,,,
39,nan,,,,,,,,,,India,,,,,100,20000,,,,,,25,,,,,,,,,,,,,,,,,,,,,,,,,,,,,,,
39,nan,,,,,,,,,,India,,,,,100,20000,,,,,,25,,,,,,,,,,,,,,,,,,,,,,,,,,,,,,,
39,nan,,,,,,,,,,India,,,,,100,20000,,,,,,25,,,,,,,,,,,,,,,,,,,,,,,,,,,,,,,
39,nan,,,,,,,,,,India,,,,,100,20000,,,,,,25,,,,,,,,,,,,,,,,,,,,,,,,,,,,,,,
39,nan,,,,,,,,,,India,,,,,100,20000,,,,,,25,,,,,,,,,,,,,,,,,,,,,,,,,,,,,,,
39,nan,,,,,,,,,,India,,,,,100,20000,,,,,,25,,,,,,,,,,,,,,,,,,,,,,,,,,,,,,,
39,nan,,,,,,,,,,India,,,,,100,20000,,,,,,25,,,,,,,,,,,,,,,,,,,,,,,,,,,,,,,
39,nan,,,,,,,,,,India,,,,,100,20000,,,,,,25,,,,,,,,,,,,,,,,,,,,,,,,,,,,,,,
39,nan,,,,,,,,,,India,,,,,100,20000,,,,,,25,,,,,,,,,,,,,,,,,,,,,,,,,,,,,,,
39,nan,,,,,,,,,,India,,,,,100,20000,,,,,,25,,,,,,,,,,,,,,,,,,,,,,,,,,,,,,,
39,nan,,,,,,,,,,India,,,,,100,20000,,,,,,25,,,,,,,,,,,,,,,,,,,,,,,,,,,,,,,
39,nan,,,,,,,,,,India,,,,,100,20000,,,,,,25,,,,,,,,,,,,,,,,,,,,,,,,,,,,,,,
39,nan,,,,,,,,,,India,,,,,100,20000,,,,,,25,,,,,,,,,,,,,,,,,,,,,,,,,,,,,,,
39,nan,,,,,,,,,,India,,,,,100,20000,,,,,,25,,,,,,,,,,,,,,,,,,,,,,,,,,,,,,,
39,nan,,,,,,,,,,India,,,,,100,20000,,,,,,25,,,,,,,,,,,,,,,,,,,,,,,,,,,,,,,
39,nan,,,,,,,,,,India,,,,,100,20000,,,,,,25,,,,,,,,,,,,,,,,,,,,,,,,,,,,,,,
39,nan,,,,,,,,,,India,,,,,100,20000,,,,,,25,,,,,,,,,,,,,,,,,,,,,,,,,,,,,,,
39,nan,,,,,,,,,,India,,,,,100,20000,,,,,,25,,,,,,,,,,,,,,,,,,,,,,,,,,,,,,,
39,nan,,,,,,,,,,India,,,,,100,20000,,,,,,25,,,,,,,,,,,,,,,,,,,,,,,,,,,,,,,
39,nan,,,,,,,,,,India,,,,,100,20000,,,,,,25,,,,,,,,,,,,,,,,,,,,,,,,,,,,,,,
39,nan,,,,,,,,,,India,,,,,100,20000,,,,,,25,,,,,,,,,,,,,,,,,,,,,,,,,,,,,,,
39,nan,,,,,,,,,,India,,,,,100,20000,,,,,,25,,,,,,,,,,,,,,,,,,,,,,,,,,,,,,,
39,nan,,,,,,,,,,India,,,,,100,20000,,,,,,25,,,,,,,,,,,,,,,,,,,,,,,,,,,,,,,
39,nan,,,,,,,,,,India,,,,,100,20000,,,,,,25,,,,,,,,,,,,,,,,,,,,,,,,,,,,,,,
39,nan,,,,,,,,,,India,,,,,100,20000,,,,,,25,,,,,,,,,,,,,,,,,,,,,,,,,,,,,,,
40,nan,,,,,,,,,,Mexico,,,,,100,20000,,,,,,25,,,,,,,,,,,,,,,,,,,,,,,,,,,,,,,
40,nan,,,,,,,,,,Mexico,,,,,100,20000,,,,,,25,,,,,,,,,,,,,,,,,,,,,,,,,,,,,,,
40,nan,,,,,,,,,,Mexico,,,,,100,20000,,,,,,25,,,,,,,,,,,,,,,,,,,,,,,,,,,,,,,
40,nan,,,,,,,,,,Mexico,,,,,100,20000,,,,,,25,,,,,,,,,,,,,,,,,,,,,,,,,,,,,,,
40,nan,,,,,,,,,,Mexico,,,,,100,20000,,,,,,25,,,,,,,,,,,,,,,,,,,,,,,,,,,,,,,
40,nan,,,,,,,,,,Mexico,,,,,100,20000,,,,,,25,,,,,,,,,,,,,,,,,,,,,,,,,,,,,,,
40,nan,,,,,,,,,,Mexico,,,,,100,20000,,,,,,25,,,,,,,,,,,,,,,,,,,,,,,,,,,,,,,
40,nan,,,,,,,,,,Mexico,,,,,100,20000,,,,,,25,,,,,,,,,,,,,,,,,,,,,,,,,,,,,,,
40,nan,,,,,,,,,,Mexico,,,,,100,20000,,,,,,25,,,,,,,,,,,,,,,,,,,,,,,,,,,,,,,
40,nan,,,,,,,,,,Mexico,,,,,100,20000,,,,,,25,,,,,,,,,,,,,,,,,,,,,,,,,,,,,,,
40,nan,,,,,,,,,,Mexico,,,,,100,20000,,,,,,25,,,,,,,,,,,,,,,,,,,,,,,,,,,,,,,
40,nan,,,,,,,,,,Mexico,,,,,100,20000,,,,,,25,,,,,,,,,,,,,,,,,,,,,,,,,,,,,,,
40,nan,,,,,,,,,,Mexico,,,,,100,20000,,,,,,25,,,,,,,,,,,,,,,,,,,,,,,,,,,,,,,
40,nan,,,,,,,,,,Mexico,,,,,100,20000,,,,,,25,,,,,,,,,,,,,,,,,,,,,,,,,,,,,,,
40,nan,,,,,,,,,,Mexico,,,,,100,20000,,,,,,25,,,,,,,,,,,,,,,,,,,,,,,,,,,,,,,
40,nan,,,,,,,,,,Mexico,,,,,100,20000,,,,,,25,,,,,,,,,,,,,,,,,,,,,,,,,,,,,,,
40,nan,,,,,,,,,,Mexico,,,,,100,20000,,,,,,25,,,,,,,,,,,,,,,,,,,,,,,,,,,,,,,
40,nan,,,,,,,,,,Mexico,,,,,100,20000,,,,,,25,,,,,,,,,,,,,,,,,,,,,,,,,,,,,,,
40,nan,,,,,,,,,,Mexico,,,,,100,20000,,,,,,25,,,,,,,,,,,,,,,,,,,,,,,,,,,,,,,
40,nan,,,,,,,,,,Mexico,,,,,100,20000,,,,,,25,,,,,,,,,,,,,,,,,,,,,,,,,,,,,,,
40,nan,,,,,,,,,,Mexico,,,,,100,20000,,,,,,25,,,,,,,,,,,,,,,,,,,,,,,,,,,,,,,
40,nan,,,,,,,,,,Mexico,,,,,100,20000,,,,,,25,,,,,,,,,,,,,,,,,,,,,,,,,,,,,,,
40,nan,,,,,,,,,,Mexico,,,,,100,20000,,,,,,25,,,,,,,,,,,,,,,,,,,,,,,,,,,,,,,
40,nan,,,,,,,,,,Mexico,,,,,100,20000,,,,,,25,,,,,,,,,,,,,,,,,,,,,,,,,,,,,,,
40,nan,,,,,,,,,,Mexico,,,,,100,20000,,,,,,25,,,,,,,,,,,,,,,,,,,,,,,,,,,,,,,
41,nan,,,,,,,,,,Netherlands,,,,,100,20000,,,,,,25,,,,,,,,,,,,,,,,,,,,,,,,,,,,,,,
41,nan,,,,,,,,,,Netherlands,,,,,100,20000,,,,,,25,,,,,,,,,,,,,,,,,,,,,,,,,,,,,,,
41,nan,,,,,,,,,,Netherlands,,,,,100,20000,,,,,,25,,,,,,,,,,,,,,,,,,,,,,,,,,,,,,,
41,nan,,,,,,,,,,Netherlands,,,,,100,20000,,,,,,25,,,,,,,,,,,,,,,,,,,,,,,,,,,,,,,
41,nan,,,,,,,,,,Netherlands,,,,,100,20000,,,,,,25,,,,,,,,,,,,,,,,,,,,,,,,,,,,,,,
41,nan,,,,,,,,,,Netherlands,,,,,100,20000,,,,,,25,,,,,,,,,,,,,,,,,,,,,,,,,,,,,,,
41,nan,,,,,,,,,,Netherlands,,,,,100,20000,,,,,,25,,,,,,,,,,,,,,,,,,,,,,,,,,,,,,,
41,nan,,,,,,,,,,Netherlands,,,,,100,20000,,,,,,25,,,,,,,,,,,,,,,,,,,,,,,,,,,,,,,
41,nan,,,,,,,,,,Netherlands,,,,,100,20000,,,,,,25,,,,,,,,,,,,,,,,,,,,,,,,,,,,,,,
41,nan,,,,,,,,,,Netherlands,,,,,100,20000,,,,,,25,,,,,,,,,,,,,,,,,,,,,,,,,,,,,,,
41,nan,,,,,,,,,,Netherlands,,,,,100,20000,,,,,,25,,,,,,,,,,,,,,,,,,,,,,,,,,,,,,,
41,nan,,,,,,,,,,Netherlands,,,,,100,20000,,,,,,25,,,,,,,,,,,,,,,,,,,,,,,,,,,,,,,
41,nan,,,,,,,,,,Netherlands,,,,,100,20000,,,,,,25,,,,,,,,,,,,,,,,,,,,,,,,,,,,,,,
41,nan,,,,,,,,,,Netherlands,,,,,100,20000,,,,,,25,,,,,,,,,,,,,,,,,,,,,,,,,,,,,,,
41,nan,,,,,,,,,,Netherlands,,,,,100,20000,,,,,,25,,,,,,,,,,,,,,,,,,,,,,,,,,,,,,,
41,nan,,,,,,,,,,Netherlands,,,,,100,20000,,,,,,25,,,,,,,,,,,,,,,,,,,,,,,,,,,,,,,
41,nan,,,,,,,,,,Netherlands,,,,,100,20000,,,,,,25,,,,,,,,,,,,,,,,,,,,,,,,,,,,,,,
41,nan,,,,,,,,,,Netherlands,,,,,100,20000,,,,,,25,,,,,,,,,,,,,,,,,,,,,,,,,,,,,,,
41,nan,,,,,,,,,,Netherlands,,,,,100,20000,,,,,,25,,,,,,,,,,,,,,,,,,,,,,,,,,,,,,,
41,nan,,,,,,,,,,Netherlands,,,,,100,20000,,,,,,25,,,,,,,,,,,,,,,,,,,,,,,,,,,,,,,
41,nan,,,,,,,,,,Netherlands,,,,,100,20000,,,,,,25,,,,,,,,,,,,,,,,,,,,,,,,,,,,,,,
41,nan,,,,,,,,,,Netherlands,,,,,100,20000,,,,,,25,,,,,,,,,,,,,,,,,,,,,,,,,,,,,,,
41,nan,,,,,,,,,,Netherlands,,,,,100,20000,,,,,,25,,,,,,,,,,,,,,,,,,,,,,,,,,,,,,,
41,nan,,,,,,,,,,Netherlands,,,,,100,20000,,,,,,25,,,,,,,,,,,,,,,,,,,,,,,,,,,,,,,
41,nan,,,,,,,,,,Netherlands,,,,,100,20000,,,,,,25,,,,,,,,,,,,,,,,,,,,,,,,,,,,,,,
42,nan,,,,,,,,,,Japan,,,,,100,20000,,,,,,25,,,,,,,,,,,,,,,,,,,,,,,,,,,,,,,
42,nan,,,,,,,,,,Japan,,,,,100,20000,,,,,,25,,,,,,,,,,,,,,,,,,,,,,,,,,,,,,,
42,nan,,,,,,,,,,Japan,,,,,100,20000,,,,,,25,,,,,,,,,,,,,,,,,,,,,,,,,,,,,,,
42,nan,,,,,,,,,,Japan,,,,,100,20000,,,,,,25,,,,,,,,,,,,,,,,,,,,,,,,,,,,,,,
42,nan,,,,,,,,,,Japan,,,,,100,20000,,,,,,25,,,,,,,,,,,,,,,,,,,,,,,,,,,,,,,
42,nan,,,,,,,,,,Japan,,,,,100,20000,,,,,,25,,,,,,,,,,,,,,,,,,,,,,,,,,,,,,,
42,nan,,,,,,,,,,Japan,,,,,100,20000,,,,,,25,,,,,,,,,,,,,,,,,,,,,,,,,,,,,,,
42,nan,,,,,,,,,,Japan,,,,,100,20000,,,,,,25,,,,,,,,,,,,,,,,,,,,,,,,,,,,,,,
42,nan,,,,,,,,,,Japan,,,,,100,20000,,,,,,25,,,,,,,,,,,,,,,,,,,,,,,,,,,,,,,
42,nan,,,,,,,,,,Japan,,,,,100,20000,,,,,,25,,,,,,,,,,,,,,,,,,,,,,,,,,,,,,,
42,nan,,,,,,,,,,Japan,,,,,100,20000,,,,,,25,,,,,,,,,,,,,,,,,,,,,,,,,,,,,,,
42,nan,,,,,,,,,,Japan,,,,,100,20000,,,,,,25,,,,,,,,,,,,,,,,,,,,,,,,,,,,,,,
42,nan,,,,,,,,,,Japan,,,,,100,20000,,,,,,25,,,,,,,,,,,,,,,,,,,,,,,,,,,,,,,
42,nan,,,,,,,,,,Japan,,,,,100,20000,,,,,,25,,,,,,,,,,,,,,,,,,,,,,,,,,,,,,,
42,nan,,,,,,,,,,Japan,,,,,100,20000,,,,,,25,,,,,,,,,,,,,,,,,,,,,,,,,,,,,,,
42,nan,,,,,,,,,,Japan,,,,,100,20000,,,,,,25,,,,,,,,,,,,,,,,,,,,,,,,,,,,,,,
42,nan,,,,,,,,,,Japan,,,,,100,20000,,,,,,25,,,,,,,,,,,,,,,,,,,,,,,,,,,,,,,
42,nan,,,,,,,,,,Japan,,,,,100,20000,,,,,,25,,,,,,,,,,,,,,,,,,,,,,,,,,,,,,,
42,nan,,,,,,,,,,Japan,,,,,100,20000,,,,,,25,,,,,,,,,,,,,,,,,,,,,,,,,,,,,,,
42,nan,,,,,,,,,,Japan,,,,,100,20000,,,,,,25,,,,,,,,,,,,,,,,,,,,,,,,,,,,,,,
42,nan,,,,,,,,,,Japan,,,,,100,20000,,,,,,25,,,,,,,,,,,,,,,,,,,,,,,,,,,,,,,
42,nan,,,,,,,,,,Japan,,,,,100,20000,,,,,,25,,,,,,,,,,,,,,,,,,,,,,,,,,,,,,,
42,nan,,,,,,,,,,Japan,,,,,100,20000,,,,,,25,,,,,,,,,,,,,,,,,,,,,,,,,,,,,,,
42,nan,,,,,,,,,,Japan,,,,,100,20000,,,,,,25,,,,,,,,,,,,,,,,,,,,,,,,,,,,,,,
42,nan,,,,,,,,,,Japan,,,,,100,20000,,,,,,25,,,,,,,,,,,,,,,,,,,,,,,,,,,,,,,
43,nan,,,,,,,,,,Tanzania,,,,,100,20000,,,,,,25,,,,,,,,,,,,,,,,,,,,,,,,,,,,,,,
43,nan,,,,,,,,,,Tanzania,,,,,100,20000,,,,,,25,,,,,,,,,,,,,,,,,,,,,,,,,,,,,,,
43,nan,,,,,,,,,,Tanzania,,,,,100,20000,,,,,,25,,,,,,,,,,,,,,,,,,,,,,,,,,,,,,,
43,nan,,,,,,,,,,Tanzania,,,,,100,20000,,,,,,25,,,,,,,,,,,,,,,,,,,,,,,,,,,,,,,
43,nan,,,,,,,,,,Tanzania,,,,,100,20000,,,,,,25,,,,,,,,,,,,,,,,,,,,,,,,,,,,,,,
43,nan,,,,,,,,,,Tanzania,,,,,100,20000,,,,,,25,,,,,,,,,,,,,,,,,,,,,,,,,,,,,,,
43,nan,,,,,,,,,,Tanzania,,,,,100,20000,,,,,,25,,,,,,,,,,,,,,,,,,,,,,,,,,,,,,,
43,nan,,,,,,,,,,Tanzania,,,,,100,20000,,,,,,25,,,,,,,,,,,,,,,,,,,,,,,,,,,,,,,
43,nan,,,,,,,,,,Tanzania,,,,,100,20000,,,,,,25,,,,,,,,,,,,,,,,,,,,,,,,,,,,,,,
43,nan,,,,,,,,,,Tanzania,,,,,100,20000,,,,,,25,,,,,,,,,,,,,,,,,,,,,,,,,,,,,,,
43,nan,,,,,,,,,,Tanzania,,,,,100,20000,,,,,,25,,,,,,,,,,,,,,,,,,,,,,,,,,,,,,,
43,nan,,,,,,,,,,Tanzania,,,,,100,20000,,,,,,25,,,,,,,,,,,,,,,,,,,,,,,,,,,,,,,
43,nan,,,,,,,,,,Tanzania,,,,,100,20000,,,,,,25,,,,,,,,,,,,,,,,,,,,,,,,,,,,,,,
43,nan,,,,,,,,,,Tanzania,,,,,100,20000,,,,,,25,,,,,,,,,,,,,,,,,,,,,,,,,,,,,,,
43,nan,,,,,,,,,,Tanzania,,,,,100,20000,,,,,,25,,,,,,,,,,,,,,,,,,,,,,,,,,,,,,,
43,nan,,,,,,,,,,Tanzania,,,,,100,20000,,,,,,25,,,,,,,,,,,,,,,,,,,,,,,,,,,,,,,
43,nan,,,,,,,,,,Tanzania,,,,,100,20000,,,,,,25,,,,,,,,,,,,,,,,,,,,,,,,,,,,,,,
43,nan,,,,,,,,,,Tanzania,,,,,100,20000,,,,,,25,,,,,,,,,,,,,,,,,,,,,,,,,,,,,,,
43,nan,,,,,,,,,,Tanzania,,,,,100,20000,,,,,,25,,,,,,,,,,,,,,,,,,,,,,,,,,,,,,,
43,nan,,,,,,,,,,Tanzania,,,,,100,20000,,,,,,25,,,,,,,,,,,,,,,,,,,,,,,,,,,,,,,
43,nan,,,,,,,,,,Tanzania,,,,,100,20000,,,,,,25,,,,,,,,,,,,,,,,,,,,,,,,,,,,,,,
43,nan,,,,,,,,,,Tanzania,,,,,100,20000,,,,,,25,,,,,,,,,,,,,,,,,,,,,,,,,,,,,,,
43,nan,,,,,,,,,,Tanzania,,,,,100,20000,,,,,,25,,,,,,,,,,,,,,,,,,,,,,,,,,,,,,,
43,nan,,,,,,,,,,Tanzania,,,,,100,20000,,,,,,25,,,,,,,,,,,,,,,,,,,,,,,,,,,,,,,
43,nan,,,,,,,,,,Tanzania,,,,,100,20000,,,,,,25,,,,,,,,,,,,,,,,,,,,,,,,,,,,,,,
44,nan,,,,,,,,,,India,,,,,100,20000,,,,,,25,,,,,,,,,,,,,,,,,,,,,,,,,,,,,,,
44,nan,,,,,,,,,,India,,,,,100,20000,,,,,,25,,,,,,,,,,,,,,,,,,,,,,,,,,,,,,,
44,nan,,,,,,,,,,India,,,,,100,20000,,,,,,25,,,,,,,,,,,,,,,,,,,,,,,,,,,,,,,
44,nan,,,,,,,,,,India,,,,,100,20000,,,,,,25,,,,,,,,,,,,,,,,,,,,,,,,,,,,,,,
44,nan,,,,,,,,,,India,,,,,100,20000,,,,,,25,,,,,,,,,,,,,,,,,,,,,,,,,,,,,,,
44,nan,,,,,,,,,,India,,,,,100,20000,,,,,,25,,,,,,,,,,,,,,,,,,,,,,,,,,,,,,,
44,nan,,,,,,,,,,India,,,,,100,20000,,,,,,25,,,,,,,,,,,,,,,,,,,,,,,,,,,,,,,
44,nan,,,,,,,,,,India,,,,,100,20000,,,,,,25,,,,,,,,,,,,,,,,,,,,,,,,,,,,,,,
44,nan,,,,,,,,,,India,,,,,100,20000,,,,,,25,,,,,,,,,,,,,,,,,,,,,,,,,,,,,,,
44,nan,,,,,,,,,,India,,,,,100,20000,,,,,,25,,,,,,,,,,,,,,,,,,,,,,,,,,,,,,,
44,nan,,,,,,,,,,India,,,,,100,20000,,,,,,25,,,,,,,,,,,,,,,,,,,,,,,,,,,,,,,
44,nan,,,,,,,,,,India,,,,,100,20000,,,,,,25,,,,,,,,,,,,,,,,,,,,,,,,,,,,,,,
44,nan,,,,,,,,,,India,,,,,100,20000,,,,,,25,,,,,,,,,,,,,,,,,,,,,,,,,,,,,,,
44,nan,,,,,,,,,,India,,,,,100,20000,,,,,,25,,,,,,,,,,,,,,,,,,,,,,,,,,,,,,,
44,nan,,,,,,,,,,India,,,,,100,20000,,,,,,25,,,,,,,,,,,,,,,,,,,,,,,,,,,,,,,
44,nan,,,,,,,,,,India,,,,,100,20000,,,,,,25,,,,,,,,,,,,,,,,,,,,,,,,,,,,,,,
44,nan,,,,,,,,,,India,,,,,100,20000,,,,,,25,,,,,,,,,,,,,,,,,,,,,,,,,,,,,,,
44,nan,,,,,,,,,,India,,,,,100,20000,,,,,,25,,,,,,,,,,,,,,,,,,,,,,,,,,,,,,,
44,nan,,,,,,,,,,India,,,,,100,20000,,,,,,25,,,,,,,,,,,,,,,,,,,,,,,,,,,,,,,
44,nan,,,,,,,,,,India,,,,,100,20000,,,,,,25,,,,,,,,,,,,,,,,,,,,,,,,,,,,,,,
44,nan,,,,,,,,,,India,,,,,100,20000,,,,,,25,,,,,,,,,,,,,,,,,,,,,,,,,,,,,,,
44,nan,,,,,,,,,,India,,,,,100,20000,,,,,,25,,,,,,,,,,,,,,,,,,,,,,,,,,,,,,,
44,nan,,,,,,,,,,India,,,,,100,20000,,,,,,25,,,,,,,,,,,,,,,,,,,,,,,,,,,,,,,
44,nan,,,,,,,,,,India,,,,,100,20000,,,,,,25,,,,,,,,,,,,,,,,,,,,,,,,,,,,,,,
44,nan,,,,,,,,,,India,,,,,100,20000,,,,,,25,,,,,,,,,,,,,,,,,,,,,,,,,,,,,,,
45,nan,,,,,,,,,,India,,,,,100,20000,,,,,,25,,,,,,,,,,,,,,,,,,,,,,,,,,,,,,,
45,nan,,,,,,,,,,India,,,,,100,20000,,,,,,25,,,,,,,,,,,,,,,,,,,,,,,,,,,,,,,
45,nan,,,,,,,,,,India,,,,,100,20000,,,,,,25,,,,,,,,,,,,,,,,,,,,,,,,,,,,,,,
45,nan,,,,,,,,,,India,,,,,100,20000,,,,,,25,,,,,,,,,,,,,,,,,,,,,,,,,,,,,,,
45,nan,,,,,,,,,,India,,,,,100,20000,,,,,,25,,,,,,,,,,,,,,,,,,,,,,,,,,,,,,,
45,nan,,,,,,,,,,India,,,,,100,20000,,,,,,25,,,,,,,,,,,,,,,,,,,,,,,,,,,,,,,
45,nan,,,,,,,,,,India,,,,,100,20000,,,,,,25,,,,,,,,,,,,,,,,,,,,,,,,,,,,,,,
45,nan,,,,,,,,,,India,,,,,100,20000,,,,,,25,,,,,,,,,,,,,,,,,,,,,,,,,,,,,,,
45,nan,,,,,,,,,,India,,,,,100,20000,,,,,,25,,,,,,,,,,,,,,,,,,,,,,,,,,,,,,,
45,nan,,,,,,,,,,India,,,,,100,20000,,,,,,25,,,,,,,,,,,,,,,,,,,,,,,,,,,,,,,
45,nan,,,,,,,,,,India,,,,,100,20000,,,,,,25,,,,,,,,,,,,,,,,,,,,,,,,,,,,,,,
45,nan,,,,,,,,,,India,,,,,100,20000,,,,,,25,,,,,,,,,,,,,,,,,,,,,,,,,,,,,,,
45,nan,,,,,,,,,,India,,,,,100,20000,,,,,,25,,,,,,,,,,,,,,,,,,,,,,,,,,,,,,,
45,nan,,,,,,,,,,India,,,,,100,20000,,,,,,25,,,,,,,,,,,,,,,,,,,,,,,,,,,,,,,
45,nan,,,,,,,,,,India,,,,,100,20000,,,,,,25,,,,,,,,,,,,,,,,,,,,,,,,,,,,,,,
45,nan,,,,,,,,,,India,,,,,100,20000,,,,,,25,,,,,,,,,,,,,,,,,,,,,,,,,,,,,,,
45,nan,,,,,,,,,,India,,,,,100,20000,,,,,,25,,,,,,,,,,,,,,,,,,,,,,,,,,,,,,,
45,nan,,,,,,,,,,India,,,,,100,20000,,,,,,25,,,,,,,,,,,,,,,,,,,,,,,,,,,,,,,
45,nan,,,,,,,,,,India,,,,,100,20000,,,,,,25,,,,,,,,,,,,,,,,,,,,,,,,,,,,,,,
45,nan,,,,,,,,,,India,,,,,100,20000,,,,,,25,,,,,,,,,,,,,,,,,,,,,,,,,,,,,,,
45,nan,,,,,,,,,,India,,,,,100,20000,,,,,,25,,,,,,,,,,,,,,,,,,,,,,,,,,,,,,,
45,nan,,,,,,,,,,India,,,,,100,20000,,,,,,25,,,,,,,,,,,,,,,,,,,,,,,,,,,,,,,
45,nan,,,,,,,,,,India,,,,,100,20000,,,,,,25,,,,,,,,,,,,,,,,,,,,,,,,,,,,,,,
45,nan,,,,,,,,,,India,,,,,100,20000,,,,,,25,,,,,,,,,,,,,,,,,,,,,,,,,,,,,,,
45,nan,,,,,,,,,,India,,,,,100,20000,,,,,,25,,,,,,,,,,,,,,,,,,,,,,,,,,,,,,,
46,nan,,,,,,,,,,Tanzania,,,,,100,20000,,,,,,25,,,,,,,,,,,,,,,,,,,,,,,,,,,,,,,
46,nan,,,,,,,,,,Tanzania,,,,,100,20000,,,,,,25,,,,,,,,,,,,,,,,,,,,,,,,,,,,,,,
46,nan,,,,,,,,,,Tanzania,,,,,100,20000,,,,,,25,,,,,,,,,,,,,,,,,,,,,,,,,,,,,,,
46,nan,,,,,,,,,,Tanzania,,,,,100,20000,,,,,,25,,,,,,,,,,,,,,,,,,,,,,,,,,,,,,,
46,nan,,,,,,,,,,Tanzania,,,,,100,20000,,,,,,25,,,,,,,,,,,,,,,,,,,,,,,,,,,,,,,
46,nan,,,,,,,,,,Tanzania,,,,,100,20000,,,,,,25,,,,,,,,,,,,,,,,,,,,,,,,,,,,,,,
46,nan,,,,,,,,,,Tanzania,,,,,100,20000,,,,,,25,,,,,,,,,,,,,,,,,,,,,,,,,,,,,,,
46,nan,,,,,,,,,,Tanzania,,,,,100,20000,,,,,,25,,,,,,,,,,,,,,,,,,,,,,,,,,,,,,,
46,nan,,,,,,,,,,Tanzania,,,,,100,20000,,,,,,25,,,,,,,,,,,,,,,,,,,,,,,,,,,,,,,
46,nan,,,,,,,,,,Tanzania,,,,,100,20000,,,,,,25,,,,,,,,,,,,,,,,,,,,,,,,,,,,,,,
46,nan,,,,,,,,,,Tanzania,,,,,100,20000,,,,,,25,,,,,,,,,,,,,,,,,,,,,,,,,,,,,,,
46,nan,,,,,,,,,,Tanzania,,,,,100,20000,,,,,,25,,,,,,,,,,,,,,,,,,,,,,,,,,,,,,,
46,nan,,,,,,,,,,Tanzania,,,,,100,20000,,,,,,25,,,,,,,,,,,,,,,,,,,,,,,,,,,,,,,
46,nan,,,,,,,,,,Tanzania,,,,,100,20000,,,,,,25,,,,,,,,,,,,,,,,,,,,,,,,,,,,,,,
46,nan,,,,,,,,,,Tanzania,,,,,100,20000,,,,,,25,,,,,,,,,,,,,,,,,,,,,,,,,,,,,,,
46,nan,,,,,,,,,,Tanzania,,,,,100,20000,,,,,,25,,,,,,,,,,,,,,,,,,,,,,,,,,,,,,,
46,nan,,,,,,,,,,Tanzania,,,,,100,20000,,,,,,25,,,,,,,,,,,,,,,,,,,,,,,,,,,,,,,
46,nan,,,,,,,,,,Tanzania,,,,,100,20000,,,,,,25,,,,,,,,,,,,,,,,,,,,,,,,,,,,,,,
46,nan,,,,,,,,,,Tanzania,,,,,100,20000,,,,,,25,,,,,,,,,,,,,,,,,,,,,,,,,,,,,,,
46,nan,,,,,,,,,,Tanzania,,,,,100,20000,,,,,,25,,,,,,,,,,,,,,,,,,,,,,,,,,,,,,,
46,nan,,,,,,,,,,Tanzania,,,,,100,20000,,,,,,25,,,,,,,,,,,,,,,,,,,,,,,,,,,,,,,
46,nan,,,,,,,,,,Tanzania,,,,,100,20000,,,,,,25,,,,,,,,,,,,,,,,,,,,,,,,,,,,,,,
46,nan,,,,,,,,,,Tanzania,,,,,100,20000,,,,,,25,,,,,,,,,,,,,,,,,,,,,,,,,,,,,,,
46,nan,,,,,,,,,,Tanzania,,,,,100,20000,,,,,,25,,,,,,,,,,,,,,,,,,,,,,,,,,,,,,,
46,nan,,,,,,,,,,Tanzania,,,,,100,20000,,,,,,25,,,,,,,,,,,,,,,,,,,,,,,,,,,,,,,
47,nan,,,,,,,,,,Tanzania,,,,,100,20000,,,,,,25,,,,,,,,,,,,,,,,,,,,,,,,,,,,,,,
47,nan,,,,,,,,,,Tanzania,,,,,100,20000,,,,,,25,,,,,,,,,,,,,,,,,,,,,,,,,,,,,,,
47,nan,,,,,,,,,,Tanzania,,,,,100,20000,,,,,,25,,,,,,,,,,,,,,,,,,,,,,,,,,,,,,,
47,nan,,,,,,,,,,Tanzania,,,,,100,20000,,,,,,25,,,,,,,,,,,,,,,,,,,,,,,,,,,,,,,
47,nan,,,,,,,,,,Tanzania,,,,,100,20000,,,,,,25,,,,,,,,,,,,,,,,,,,,,,,,,,,,,,,
47,nan,,,,,,,,,,Tanzania,,,,,100,20000,,,,,,25,,,,,,,,,,,,,,,,,,,,,,,,,,,,,,,
47,nan,,,,,,,,,,Tanzania,,,,,100,20000,,,,,,25,,,,,,,,,,,,,,,,,,,,,,,,,,,,,,,
47,nan,,,,,,,,,,Tanzania,,,,,100,20000,,,,,,25,,,,,,,,,,,,,,,,,,,,,,,,,,,,,,,
47,nan,,,,,,,,,,Tanzania,,,,,100,20000,,,,,,25,,,,,,,,,,,,,,,,,,,,,,,,,,,,,,,
47,nan,,,,,,,,,,Tanzania,,,,,100,20000,,,,,,25,,,,,,,,,,,,,,,,,,,,,,,,,,,,,,,
47,nan,,,,,,,,,,Tanzania,,,,,100,20000,,,,,,25,,,,,,,,,,,,,,,,,,,,,,,,,,,,,,,
47,nan,,,,,,,,,,Tanzania,,,,,100,20000,,,,,,25,,,,,,,,,,,,,,,,,,,,,,,,,,,,,,,
47,nan,,,,,,,,,,Tanzania,,,,,100,20000,,,,,,25,,,,,,,,,,,,,,,,,,,,,,,,,,,,,,,
47,nan,,,,,,,,,,Tanzania,,,,,100,20000,,,,,,25,,,,,,,,,,,,,,,,,,,,,,,,,,,,,,,
47,nan,,,,,,,,,,Tanzania,,,,,100,20000,,,,,,25,,,,,,,,,,,,,,,,,,,,,,,,,,,,,,,
47,nan,,,,,,,,,,Tanzania,,,,,100,20000,,,,,,25,,,,,,,,,,,,,,,,,,,,,,,,,,,,,,,
47,nan,,,,,,,,,,Tanzania,,,,,100,20000,,,,,,25,,,,,,,,,,,,,,,,,,,,,,,,,,,,,,,
47,nan,,,,,,,,,,Tanzania,,,,,100,20000,,,,,,25,,,,,,,,,,,,,,,,,,,,,,,,,,,,,,,
47,nan,,,,,,,,,,Tanzania,,,,,100,20000,,,,,,25,,,,,,,,,,,,,,,,,,,,,,,,,,,,,,,
47,nan,,,,,,,,,,Tanzania,,,,,100,20000,,,,,,25,,,,,,,,,,,,,,,,,,,,,,,,,,,,,,,
47,nan,,,,,,,,,,Tanzania,,,,,100,20000,,,,,,25,,,,,,,,,,,,,,,,,,,,,,,,,,,,,,,
47,nan,,,,,,,,,,Tanzania,,,,,100,20000,,,,,,25,,,,,,,,,,,,,,,,,,,,,,,,,,,,,,,
47,nan,,,,,,,,,,Tanzania,,,,,100,20000,,,,,,25,,,,,,,,,,,,,,,,,,,,,,,,,,,,,,,
47,nan,,,,,,,,,,Tanzania,,,,,100,20000,,,,,,25,,,,,,,,,,,,,,,,,,,,,,,,,,,,,,,
47,nan,,,,,,,,,,Tanzania,,,,,100,20000,,,,,,25,,,,,,,,,,,,,,,,,,,,,,,,,,,,,,,
48,nan,,,,,,,,,,India,,,,,100,20000,,,,,,25,,,,,,,,,,,,,,,,,,,,,,,,,,,,,,,
48,nan,,,,,,,,,,India,,,,,100,20000,,,,,,25,,,,,,,,,,,,,,,,,,,,,,,,,,,,,,,
48,nan,,,,,,,,,,India,,,,,100,20000,,,,,,25,,,,,,,,,,,,,,,,,,,,,,,,,,,,,,,
48,nan,,,,,,,,,,India,,,,,100,20000,,,,,,25,,,,,,,,,,,,,,,,,,,,,,,,,,,,,,,
48,nan,,,,,,,,,,India,,,,,100,20000,,,,,,25,,,,,,,,,,,,,,,,,,,,,,,,,,,,,,,
48,nan,,,,,,,,,,India,,,,,100,20000,,,,,,25,,,,,,,,,,,,,,,,,,,,,,,,,,,,,,,
48,nan,,,,,,,,,,India,,,,,100,20000,,,,,,25,,,,,,,,,,,,,,,,,,,,,,,,,,,,,,,
48,nan,,,,,,,,,,India,,,,,100,20000,,,,,,25,,,,,,,,,,,,,,,,,,,,,,,,,,,,,,,
48,nan,,,,,,,,,,India,,,,,100,20000,,,,,,25,,,,,,,,,,,,,,,,,,,,,,,,,,,,,,,
48,nan,,,,,,,,,,India,,,,,100,20000,,,,,,25,,,,,,,,,,,,,,,,,,,,,,,,,,,,,,,
48,nan,,,,,,,,,,India,,,,,100,20000,,,,,,25,,,,,,,,,,,,,,,,,,,,,,,,,,,,,,,
48,nan,,,,,,,,,,India,,,,,100,20000,,,,,,25,,,,,,,,,,,,,,,,,,,,,,,,,,,,,,,
48,nan,,,,,,,,,,India,,,,,100,20000,,,,,,25,,,,,,,,,,,,,,,,,,,,,,,,,,,,,,,
48,nan,,,,,,,,,,India,,,,,100,20000,,,,,,25,,,,,,,,,,,,,,,,,,,,,,,,,,,,,,,
48,nan,,,,,,,,,,India,,,,,100,20000,,,,,,25,,,,,,,,,,,,,,,,,,,,,,,,,,,,,,,
48,nan,,,,,,,,,,India,,,,,100,20000,,,,,,25,,,,,,,,,,,,,,,,,,,,,,,,,,,,,,,
48,nan,,,,,,,,,,India,,,,,100,20000,,,,,,25,,,,,,,,,,,,,,,,,,,,,,,,,,,,,,,
48,nan,,,,,,,,,,India,,,,,100,20000,,,,,,25,,,,,,,,,,,,,,,,,,,,,,,,,,,,,,,
48,nan,,,,,,,,,,India,,,,,100,20000,,,,,,25,,,,,,,,,,,,,,,,,,,,,,,,,,,,,,,
48,nan,,,,,,,,,,India,,,,,100,20000,,,,,,25,,,,,,,,,,,,,,,,,,,,,,,,,,,,,,,
48,nan,,,,,,,,,,India,,,,,100,20000,,,,,,25,,,,,,,,,,,,,,,,,,,,,,,,,,,,,,,
48,nan,,,,,,,,,,India,,,,,100,20000,,,,,,25,,,,,,,,,,,,,,,,,,,,,,,,,,,,,,,
48,nan,,,,,,,,,,India,,,,,100,20000,,,,,,25,,,,,,,,,,,,,,,,,,,,,,,,,,,,,,,
48,nan,,,,,,,,,,India,,,,,100,20000,,,,,,25,,,,,,,,,,,,,,,,,,,,,,,,,,,,,,,
48,nan,,,,,,,,,,India,,,,,100,20000,,,,,,25,,,,,,,,,,,,,,,,,,,,,,,,,,,,,,,
49,nan,,,,,,,,,,Japan,,,,,100,20000,,,,,,25,,,,,,,,,,,,,,,,,,,,,,,,,,,,,,,
49,nan,,,,,,,,,,Japan,,,,,100,20000,,,,,,25,,,,,,,,,,,,,,,,,,,,,,,,,,,,,,,
49,nan,,,,,,,,,,Japan,,,,,100,20000,,,,,,25,,,,,,,,,,,,,,,,,,,,,,,,,,,,,,,
49,nan,,,,,,,,,,Japan,,,,,100,20000,,,,,,25,,,,,,,,,,,,,,,,,,,,,,,,,,,,,,,
49,nan,,,,,,,,,,Japan,,,,,100,20000,,,,,,25,,,,,,,,,,,,,,,,,,,,,,,,,,,,,,,
49,nan,,,,,,,,,,Japan,,,,,100,20000,,,,,,25,,,,,,,,,,,,,,,,,,,,,,,,,,,,,,,
49,nan,,,,,,,,,,Japan,,,,,100,20000,,,,,,25,,,,,,,,,,,,,,,,,,,,,,,,,,,,,,,
49,nan,,,,,,,,,,Japan,,,,,100,20000,,,,,,25,,,,,,,,,,,,,,,,,,,,,,,,,,,,,,,
49,nan,,,,,,,,,,Japan,,,,,100,20000,,,,,,25,,,,,,,,,,,,,,,,,,,,,,,,,,,,,,,
49,nan,,,,,,,,,,Japan,,,,,100,20000,,,,,,25,,,,,,,,,,,,,,,,,,,,,,,,,,,,,,,
49,nan,,,,,,,,,,Japan,,,,,100,20000,,,,,,25,,,,,,,,,,,,,,,,,,,,,,,,,,,,,,,
49,nan,,,,,,,,,,Japan,,,,,100,20000,,,,,,25,,,,,,,,,,,,,,,,,,,,,,,,,,,,,,,
49,nan,,,,,,,,,,Japan,,,,,100,20000,,,,,,25,,,,,,,,,,,,,,,,,,,,,,,,,,,,,,,
49,nan,,,,,,,,,,Japan,,,,,100,20000,,,,,,25,,,,,,,,,,,,,,,,,,,,,,,,,,,,,,,
49,nan,,,,,,,,,,Japan,,,,,100,20000,,,,,,25,,,,,,,,,,,,,,,,,,,,,,,,,,,,,,,
49,nan,,,,,,,,,,Japan,,,,,100,20000,,,,,,25,,,,,,,,,,,,,,,,,,,,,,,,,,,,,,,
49,nan,,,,,,,,,,Japan,,,,,100,20000,,,,,,25,,,,,,,,,,,,,,,,,,,,,,,,,,,,,,,
49,nan,,,,,,,,,,Japan,,,,,100,20000,,,,,,25,,,,,,,,,,,,,,,,,,,,,,,,,,,,,,,
49,nan,,,,,,,,,,Japan,,,,,100,20000,,,,,,25,,,,,,,,,,,,,,,,,,,,,,,,,,,,,,,
49,nan,,,,,,,,,,Japan,,,,,100,20000,,,,,,25,,,,,,,,,,,,,,,,,,,,,,,,,,,,,,,
49,nan,,,,,,,,,,Japan,,,,,100,20000,,,,,,25,,,,,,,,,,,,,,,,,,,,,,,,,,,,,,,
49,nan,,,,,,,,,,Japan,,,,,100,20000,,,,,,25,,,,,,,,,,,,,,,,,,,,,,,,,,,,,,,
49,nan,,,,,,,,,,Japan,,,,,100,20000,,,,,,25,,,,,,,,,,,,,,,,,,,,,,,,,,,,,,,
49,nan,,,,,,,,,,Japan,,,,,100,20000,,,,,,25,,,,,,,,,,,,,,,,,,,,,,,,,,,,,,,
49,nan,,,,,,,,,,Japan,,,,,100,20000,,,,,,25,,,,,,,,,,,,,,,,,,,,,,,,,,,,,,,
50,nan,,,,,,,,,,Tanzania,,,,,100,20000,,,,,,25,,,,,,,,,,,,,,,,,,,,,,,,,,,,,,,
50,nan,,,,,,,,,,Tanzania,,,,,100,20000,,,,,,25,,,,,,,,,,,,,,,,,,,,,,,,,,,,,,,
50,nan,,,,,,,,,,Tanzania,,,,,100,20000,,,,,,25,,,,,,,,,,,,,,,,,,,,,,,,,,,,,,,
50,nan,,,,,,,,,,Tanzania,,,,,100,20000,,,,,,25,,,,,,,,,,,,,,,,,,,,,,,,,,,,,,,
50,nan,,,,,,,,,,Tanzania,,,,,100,20000,,,,,,25,,,,,,,,,,,,,,,,,,,,,,,,,,,,,,,
50,nan,,,,,,,,,,Tanzania,,,,,100,20000,,,,,,25,,,,,,,,,,,,,,,,,,,,,,,,,,,,,,,
50,nan,,,,,,,,,,Tanzania,,,,,100,20000,,,,,,25,,,,,,,,,,,,,,,,,,,,,,,,,,,,,,,
50,nan,,,,,,,,,,Tanzania,,,,,100,20000,,,,,,25,,,,,,,,,,,,,,,,,,,,,,,,,,,,,,,
50,nan,,,,,,,,,,Tanzania,,,,,100,20000,,,,,,25,,,,,,,,,,,,,,,,,,,,,,,,,,,,,,,
50,nan,,,,,,,,,,Tanzania,,,,,100,20000,,,,,,25,,,,,,,,,,,,,,,,,,,,,,,,,,,,,,,
50,nan,,,,,,,,,,Tanzania,,,,,100,20000,,,,,,25,,,,,,,,,,,,,,,,,,,,,,,,,,,,,,,
50,nan,,,,,,,,,,Tanzania,,,,,100,20000,,,,,,25,,,,,,,,,,,,,,,,,,,,,,,,,,,,,,,
50,nan,,,,,,,,,,Tanzania,,,,,100,20000,,,,,,25,,,,,,,,,,,,,,,,,,,,,,,,,,,,,,,
50,nan,,,,,,,,,,Tanzania,,,,,100,20000,,,,,,25,,,,,,,,,,,,,,,,,,,,,,,,,,,,,,,
50,nan,,,,,,,,,,Tanzania,,,,,100,20000,,,,,,25,,,,,,,,,,,,,,,,,,,,,,,,,,,,,,,
50,nan,,,,,,,,,,Tanzania,,,,,100,20000,,,,,,25,,,,,,,,,,,,,,,,,,,,,,,,,,,,,,,
50,nan,,,,,,,,,,Tanzania,,,,,100,20000,,,,,,25,,,,,,,,,,,,,,,,,,,,,,,,,,,,,,,
50,nan,,,,,,,,,,Tanzania,,,,,100,20000,,,,,,25,,,,,,,,,,,,,,,,,,,,,,,,,,,,,,,
50,nan,,,,,,,,,,Tanzania,,,,,100,20000,,,,,,25,,,,,,,,,,,,,,,,,,,,,,,,,,,,,,,
50,nan,,,,,,,,,,Tanzania,,,,,100,20000,,,,,,25,,,,,,,,,,,,,,,,,,,,,,,,,,,,,,,
50,nan,,,,,,,,,,Tanzania,,,,,100,20000,,,,,,25,,,,,,,,,,,,,,,,,,,,,,,,,,,,,,,
50,nan,,,,,,,,,,Tanzania,,,,,100,20000,,,,,,25,,,,,,,,,,,,,,,,,,,,,,,,,,,,,,,
50,nan,,,,,,,,,,Tanzania,,,,,100,20000,,,,,,25,,,,,,,,,,,,,,,,,,,,,,,,,,,,,,,
50,nan,,,,,,,,,,Tanzania,,,,,100,20000,,,,,,25,,,,,,,,,,,,,,,,,,,,,,,,,,,,,,,
50,nan,,,,,,,,,,Tanzania,,,,,100,20000,,,,,,25,,,,,,,,,,,,,,,,,,,,,,,,,,,,,,,
51,nan,,,,,,,,,,Japan,,,,,100,20000,,,,,,25,,,,,,,,,,,,,,,,,,,,,,,,,,,,,,,
51,nan,,,,,,,,,,Japan,,,,,100,20000,,,,,,25,,,,,,,,,,,,,,,,,,,,,,,,,,,,,,,
51,nan,,,,,,,,,,Japan,,,,,100,20000,,,,,,25,,,,,,,,,,,,,,,,,,,,,,,,,,,,,,,
51,nan,,,,,,,,,,Japan,,,,,100,20000,,,,,,25,,,,,,,,,,,,,,,,,,,,,,,,,,,,,,,
51,nan,,,,,,,,,,Japan,,,,,100,20000,,,,,,25,,,,,,,,,,,,,,,,,,,,,,,,,,,,,,,
51,nan,,,,,,,,,,Japan,,,,,100,20000,,,,,,25,,,,,,,,,,,,,,,,,,,,,,,,,,,,,,,
51,nan,,,,,,,,,,Japan,,,,,100,20000,,,,,,25,,,,,,,,,,,,,,,,,,,,,,,,,,,,,,,
51,nan,,,,,,,,,,Japan,,,,,100,20000,,,,,,25,,,,,,,,,,,,,,,,,,,,,,,,,,,,,,,
51,nan,,,,,,,,,,Japan,,,,,100,20000,,,,,,25,,,,,,,,,,,,,,,,,,,,,,,,,,,,,,,
51,nan,,,,,,,,,,Japan,,,,,100,20000,,,,,,25,,,,,,,,,,,,,,,,,,,,,,,,,,,,,,,
51,nan,,,,,,,,,,Japan,,,,,100,20000,,,,,,25,,,,,,,,,,,,,,,,,,,,,,,,,,,,,,,
51,nan,,,,,,,,,,Japan,,,,,100,20000,,,,,,25,,,,,,,,,,,,,,,,,,,,,,,,,,,,,,,
51,nan,,,,,,,,,,Japan,,,,,100,20000,,,,,,25,,,,,,,,,,,,,,,,,,,,,,,,,,,,,,,
51,nan,,,,,,,,,,Japan,,,,,100,20000,,,,,,25,,,,,,,,,,,,,,,,,,,,,,,,,,,,,,,
51,nan,,,,,,,,,,Japan,,,,,100,20000,,,,,,25,,,,,,,,,,,,,,,,,,,,,,,,,,,,,,,
51,nan,,,,,,,,,,Japan,,,,,100,20000,,,,,,25,,,,,,,,,,,,,,,,,,,,,,,,,,,,,,,
51,nan,,,,,,,,,,Japan,,,,,100,20000,,,,,,25,,,,,,,,,,,,,,,,,,,,,,,,,,,,,,,
51,nan,,,,,,,,,,Japan,,,,,100,20000,,,,,,25,,,,,,,,,,,,,,,,,,,,,,,,,,,,,,,
51,nan,,,,,,,,,,Japan,,,,,100,20000,,,,,,25,,,,,,,,,,,,,,,,,,,,,,,,,,,,,,,
51,nan,,,,,,,,,,Japan,,,,,100,20000,,,,,,25,,,,,,,,,,,,,,,,,,,,,,,,,,,,,,,
51,nan,,,,,,,,,,Japan,,,,,100,20000,,,,,,25,,,,,,,,,,,,,,,,,,,,,,,,,,,,,,,
51,nan,,,,,,,,,,Japan,,,,,100,20000,,,,,,25,,,,,,,,,,,,,,,,,,,,,,,,,,,,,,,
51,nan,,,,,,,,,,Japan,,,,,100,20000,,,,,,25,,,,,,,,,,,,,,,,,,,,,,,,,,,,,,,
51,nan,,,,,,,,,,Japan,,,,,100,20000,,,,,,25,,,,,,,,,,,,,,,,,,,,,,,,,,,,,,,
51,nan,,,,,,,,,,Japan,,,,,100,20000,,,,,,25,,,,,,,,,,,,,,,,,,,,,,,,,,,,,,,
52,nan,,,,,,,,,,Mexico,,,,,100,20000,,,,,,25,,,,,,,,,,,,,,,,,,,,,,,,,,,,,,,
52,nan,,,,,,,,,,Mexico,,,,,100,20000,,,,,,25,,,,,,,,,,,,,,,,,,,,,,,,,,,,,,,
52,nan,,,,,,,,,,Mexico,,,,,100,20000,,,,,,25,,,,,,,,,,,,,,,,,,,,,,,,,,,,,,,
52,nan,,,,,,,,,,Mexico,,,,,100,20000,,,,,,25,,,,,,,,,,,,,,,,,,,,,,,,,,,,,,,
52,nan,,,,,,,,,,Mexico,,,,,100,20000,,,,,,25,,,,,,,,,,,,,,,,,,,,,,,,,,,,,,,
52,nan,,,,,,,,,,Mexico,,,,,100,20000,,,,,,25,,,,,,,,,,,,,,,,,,,,,,,,,,,,,,,
52,nan,,,,,,,,,,Mexico,,,,,100,20000,,,,,,25,,,,,,,,,,,,,,,,,,,,,,,,,,,,,,,
52,nan,,,,,,,,,,Mexico,,,,,100,20000,,,,,,25,,,,,,,,,,,,,,,,,,,,,,,,,,,,,,,
52,nan,,,,,,,,,,Mexico,,,,,100,20000,,,,,,25,,,,,,,,,,,,,,,,,,,,,,,,,,,,,,,
52,nan,,,,,,,,,,Mexico,,,,,100,20000,,,,,,25,,,,,,,,,,,,,,,,,,,,,,,,,,,,,,,
52,nan,,,,,,,,,,Mexico,,,,,100,20000,,,,,,25,,,,,,,,,,,,,,,,,,,,,,,,,,,,,,,
52,nan,,,,,,,,,,Mexico,,,,,100,20000,,,,,,25,,,,,,,,,,,,,,,,,,,,,,,,,,,,,,,
52,nan,,,,,,,,,,Mexico,,,,,100,20000,,,,,,25,,,,,,,,,,,,,,,,,,,,,,,,,,,,,,,
52,nan,,,,,,,,,,Mexico,,,,,100,20000,,,,,,25,,,,,,,,,,,,,,,,,,,,,,,,,,,,,,,
52,nan,,,,,,,,,,Mexico,,,,,100,20000,,,,,,25,,,,,,,,,,,,,,,,,,,,,,,,,,,,,,,
52,nan,,,,,,,,,,Mexico,,,,,100,20000,,,,,,25,,,,,,,,,,,,,,,,,,,,,,,,,,,,,,,
52,nan,,,,,,,,,,Mexico,,,,,100,20000,,,,,,25,,,,,,,,,,,,,,,,,,,,,,,,,,,,,,,
52,nan,,,,,,,,,,Mexico,,,,,100,20000,,,,,,25,,,,,,,,,,,,,,,,,,,,,,,,,,,,,,,
52,nan,,,,,,,,,,Mexico,,,,,100,20000,,,,,,25,,,,,,,,,,,,,,,,,,,,,,,,,,,,,,,
52,nan,,,,,,,,,,Mexico,,,,,100,20000,,,,,,25,,,,,,,,,,,,,,,,,,,,,,,,,,,,,,,
52,nan,,,,,,,,,,Mexico,,,,,100,20000,,,,,,25,,,,,,,,,,,,,,,,,,,,,,,,,,,,,,,
52,nan,,,,,,,,,,Mexico,,,,,100,20000,,,,,,25,,,,,,,,,,,,,,,,,,,,,,,,,,,,,,,
52,nan,,,,,,,,,,Mexico,,,,,100,20000,,,,,,25,,,,,,,,,,,,,,,,,,,,,,,,,,,,,,,
52,nan,,,,,,,,,,Mexico,,,,,100,20000,,,,,,25,,,,,,,,,,,,,,,,,,,,,,,,,,,,,,,
52,nan,,,,,,,,,,Mexico,,,,,100,20000,,,,,,25,,,,,,,,,,,,,,,,,,,,,,,,,,,,,,,
53,nan,,,,,,,,,,Mexico,,,,,100,20000,,,,,,25,,,,,,,,,,,,,,,,,,,,,,,,,,,,,,,
53,nan,,,,,,,,,,Mexico,,,,,100,20000,,,,,,25,,,,,,,,,,,,,,,,,,,,,,,,,,,,,,,
53,nan,,,,,,,,,,Mexico,,,,,100,20000,,,,,,25,,,,,,,,,,,,,,,,,,,,,,,,,,,,,,,
53,nan,,,,,,,,,,Mexico,,,,,100,20000,,,,,,25,,,,,,,,,,,,,,,,,,,,,,,,,,,,,,,
53,nan,,,,,,,,,,Mexico,,,,,100,20000,,,,,,25,,,,,,,,,,,,,,,,,,,,,,,,,,,,,,,
53,nan,,,,,,,,,,Mexico,,,,,100,20000,,,,,,25,,,,,,,,,,,,,,,,,,,,,,,,,,,,,,,
53,nan,,,,,,,,,,Mexico,,,,,100,20000,,,,,,25,,,,,,,,,,,,,,,,,,,,,,,,,,,,,,,
53,nan,,,,,,,,,,Mexico,,,,,100,20000,,,,,,25,,,,,,,,,,,,,,,,,,,,,,,,,,,,,,,
53,nan,,,,,,,,,,Mexico,,,,,100,20000,,,,,,25,,,,,,,,,,,,,,,,,,,,,,,,,,,,,,,
53,nan,,,,,,,,,,Mexico,,,,,100,20000,,,,,,25,,,,,,,,,,,,,,,,,,,,,,,,,,,,,,,
53,nan,,,,,,,,,,Mexico,,,,,100,20000,,,,,,25,,,,,,,,,,,,,,,,,,,,,,,,,,,,,,,
53,nan,,,,,,,,,,Mexico,,,,,100,20000,,,,,,25,,,,,,,,,,,,,,,,,,,,,,,,,,,,,,,
53,nan,,,,,,,,,,Mexico,,,,,100,20000,,,,,,25,,,,,,,,,,,,,,,,,,,,,,,,,,,,,,,
53,nan,,,,,,,,,,Mexico,,,,,100,20000,,,,,,25,,,,,,,,,,,,,,,,,,,,,,,,,,,,,,,
53,nan,,,,,,,,,,Mexico,,,,,100,20000,,,,,,25,,,,,,,,,,,,,,,,,,,,,,,,,,,,,,,
53,nan,,,,,,,,,,Mexico,,,,,100,20000,,,,,,25,,,,,,,,,,,,,,,,,,,,,,,,,,,,,,,
53,nan,,,,,,,,,,Mexico,,,,,100,20000,,,,,,25,,,,,,,,,,,,,,,,,,,,,,,,,,,,,,,
53,nan,,,,,,,,,,Mexico,,,,,100,20000,,,,,,25,,,,,,,,,,,,,,,,,,,,,,,,,,,,,,,
53,nan,,,,,,,,,,Mexico,,,,,100,20000,,,,,,25,,,,,,,,,,,,,,,,,,,,,,,,,,,,,,,
53,nan,,,,,,,,,,Mexico,,,,,100,20000,,,,,,25,,,,,,,,,,,,,,,,,,,,,,,,,,,,,,,
53,nan,,,,,,,,,,Mexico,,,,,100,20000,,,,,,25,,,,,,,,,,,,,,,,,,,,,,,,,,,,,,,
53,nan,,,,,,,,,,Mexico,,,,,100,20000,,,,,,25,,,,,,,,,,,,,,,,,,,,,,,,,,,,,,,
53,nan,,,,,,,,,,Mexico,,,,,100,20000,,,,,,25,,,,,,,,,,,,,,,,,,,,,,,,,,,,,,,
53,nan,,,,,,,,,,Mexico,,,,,100,20000,,,,,,25,,,,,,,,,,,,,,,,,,,,,,,,,,,,,,,
53,nan,,,,,,,,,,Mexico,,,,,100,20000,,,,,,25,,,,,,,,,,,,,,,,,,,,,,,,,,,,,,,
54,nan,,,,,,,,,,Mexico,,,,,100,20000,,,,,,25,,,,,,,,,,,,,,,,,,,,,,,,,,,,,,,
54,nan,,,,,,,,,,Mexico,,,,,100,20000,,,,,,25,,,,,,,,,,,,,,,,,,,,,,,,,,,,,,,
54,nan,,,,,,,,,,Mexico,,,,,100,20000,,,,,,25,,,,,,,,,,,,,,,,,,,,,,,,,,,,,,,
54,nan,,,,,,,,,,Mexico,,,,,100,20000,,,,,,25,,,,,,,,,,,,,,,,,,,,,,,,,,,,,,,
54,nan,,,,,,,,,,Mexico,,,,,100,20000,,,,,,25,,,,,,,,,,,,,,,,,,,,,,,,,,,,,,,
54,nan,,,,,,,,,,Mexico,,,,,100,20000,,,,,,25,,,,,,,,,,,,,,,,,,,,,,,,,,,,,,,
54,nan,,,,,,,,,,Mexico,,,,,100,20000,,,,,,25,,,,,,,,,,,,,,,,,,,,,,,,,,,,,,,
54,nan,,,,,,,,,,Mexico,,,,,100,20000,,,,,,25,,,,,,,,,,,,,,,,,,,,,,,,,,,,,,,
54,nan,,,,,,,,,,Mexico,,,,,100,20000,,,,,,25,,,,,,,,,,,,,,,,,,,,,,,,,,,,,,,
54,nan,,,,,,,,,,Mexico,,,,,100,20000,,,,,,25,,,,,,,,,,,,,,,,,,,,,,,,,,,,,,,
54,nan,,,,,,,,,,Mexico,,,,,100,20000,,,,,,25,,,,,,,,,,,,,,,,,,,,,,,,,,,,,,,
54,nan,,,,,,,,,,Mexico,,,,,100,20000,,,,,,25,,,,,,,,,,,,,,,,,,,,,,,,,,,,,,,
54,nan,,,,,,,,,,Mexico,,,,,100,20000,,,,,,25,,,,,,,,,,,,,,,,,,,,,,,,,,,,,,,
54,nan,,,,,,,,,,Mexico,,,,,100,20000,,,,,,25,,,,,,,,,,,,,,,,,,,,,,,,,,,,,,,
54,nan,,,,,,,,,,Mexico,,,,,100,20000,,,,,,25,,,,,,,,,,,,,,,,,,,,,,,,,,,,,,,
54,nan,,,,,,,,,,Mexico,,,,,100,20000,,,,,,25,,,,,,,,,,,,,,,,,,,,,,,,,,,,,,,
54,nan,,,,,,,,,,Mexico,,,,,100,20000,,,,,,25,,,,,,,,,,,,,,,,,,,,,,,,,,,,,,,
54,nan,,,,,,,,,,Mexico,,,,,100,20000,,,,,,25,,,,,,,,,,,,,,,,,,,,,,,,,,,,,,,
54,nan,,,,,,,,,,Mexico,,,,,100,20000,,,,,,25,,,,,,,,,,,,,,,,,,,,,,,,,,,,,,,
54,nan,,,,,,,,,,Mexico,,,,,100,20000,,,,,,25,,,,,,,,,,,,,,,,,,,,,,,,,,,,,,,
54,nan,,,,,,,,,,Mexico,,,,,100,20000,,,,,,25,,,,,,,,,,,,,,,,,,,,,,,,,,,,,,,
54,nan,,,,,,,,,,Mexico,,,,,100,20000,,,,,,25,,,,,,,,,,,,,,,,,,,,,,,,,,,,,,,
54,nan,,,,,,,,,,Mexico,,,,,100,20000,,,,,,25,,,,,,,,,,,,,,,,,,,,,,,,,,,,,,,
54,nan,,,,,,,,,,Mexico,,,,,100,20000,,,,,,25,,,,,,,,,,,,,,,,,,,,,,,,,,,,,,,
54,nan,,,,,,,,,,Mexico,,,,,100,20000,,,,,,25,,,,,,,,,,,,,,,,,,,,,,,,,,,,,,,
55,nan,,,,,,,,,,Israel,,,,,100,20000,,,,,,25,,,,,,,,,,,,,,,,,,,,,,,,,,,,,,,
55,nan,,,,,,,,,,Israel,,,,,100,20000,,,,,,25,,,,,,,,,,,,,,,,,,,,,,,,,,,,,,,
55,nan,,,,,,,,,,Israel,,,,,100,20000,,,,,,25,,,,,,,,,,,,,,,,,,,,,,,,,,,,,,,
55,nan,,,,,,,,,,Israel,,,,,100,20000,,,,,,25,,,,,,,,,,,,,,,,,,,,,,,,,,,,,,,
55,nan,,,,,,,,,,Israel,,,,,100,20000,,,,,,25,,,,,,,,,,,,,,,,,,,,,,,,,,,,,,,
55,nan,,,,,,,,,,Israel,,,,,100,20000,,,,,,25,,,,,,,,,,,,,,,,,,,,,,,,,,,,,,,
55,nan,,,,,,,,,,Israel,,,,,100,20000,,,,,,25,,,,,,,,,,,,,,,,,,,,,,,,,,,,,,,
55,nan,,,,,,,,,,Israel,,,,,100,20000,,,,,,25,,,,,,,,,,,,,,,,,,,,,,,,,,,,,,,
55,nan,,,,,,,,,,Israel,,,,,100,20000,,,,,,25,,,,,,,,,,,,,,,,,,,,,,,,,,,,,,,
55,nan,,,,,,,,,,Israel,,,,,100,20000,,,,,,25,,,,,,,,,,,,,,,,,,,,,,,,,,,,,,,
55,nan,,,,,,,,,,Israel,,,,,100,20000,,,,,,25,,,,,,,,,,,,,,,,,,,,,,,,,,,,,,,
55,nan,,,,,,,,,,Israel,,,,,100,20000,,,,,,25,,,,,,,,,,,,,,,,,,,,,,,,,,,,,,,
55,nan,,,,,,,,,,Israel,,,,,100,20000,,,,,,25,,,,,,,,,,,,,,,,,,,,,,,,,,,,,,,
55,nan,,,,,,,,,,Israel,,,,,100,20000,,,,,,25,,,,,,,,,,,,,,,,,,,,,,,,,,,,,,,
55,nan,,,,,,,,,,Israel,,,,,100,20000,,,,,,25,,,,,,,,,,,,,,,,,,,,,,,,,,,,,,,
55,nan,,,,,,,,,,Israel,,,,,100,20000,,,,,,25,,,,,,,,,,,,,,,,,,,,,,,,,,,,,,,
55,nan,,,,,,,,,,Israel,,,,,100,20000,,,,,,25,,,,,,,,,,,,,,,,,,,,,,,,,,,,,,,
55,nan,,,,,,,,,,Israel,,,,,100,20000,,,,,,25,,,,,,,,,,,,,,,,,,,,,,,,,,,,,,,
55,nan,,,,,,,,,,Israel,,,,,100,20000,,,,,,25,,,,,,,,,,,,,,,,,,,,,,,,,,,,,,,
55,nan,,,,,,,,,,Israel,,,,,100,20000,,,,,,25,,,,,,,,,,,,,,,,,,,,,,,,,,,,,,,
55,nan,,,,,,,,,,Israel,,,,,100,20000,,,,,,25,,,,,,,,,,,,,,,,,,,,,,,,,,,,,,,
55,nan,,,,,,,,,,Israel,,,,,100,20000,,,,,,25,,,,,,,,,,,,,,,,,,,,,,,,,,,,,,,
55,nan,,,,,,,,,,Israel,,,,,100,20000,,,,,,25,,,,,,,,,,,,,,,,,,,,,,,,,,,,,,,
55,nan,,,,,,,,,,Israel,,,,,100,20000,,,,,,25,,,,,,,,,,,,,,,,,,,,,,,,,,,,,,,
55,nan,,,,,,,,,,Israel,,,,,100,20000,,,,,,25,,,,,,,,,,,,,,,,,,,,,,,,,,,,,,,
56,nan,,,,,,,,,,Israel,,,,,100,20000,,,,,,25,,,,,,,,,,,,,,,,,,,,,,,,,,,,,,,
56,nan,,,,,,,,,,Israel,,,,,100,20000,,,,,,25,,,,,,,,,,,,,,,,,,,,,,,,,,,,,,,
56,nan,,,,,,,,,,Israel,,,,,100,20000,,,,,,25,,,,,,,,,,,,,,,,,,,,,,,,,,,,,,,
56,nan,,,,,,,,,,Israel,,,,,100,20000,,,,,,25,,,,,,,,,,,,,,,,,,,,,,,,,,,,,,,
56,nan,,,,,,,,,,Israel,,,,,100,20000,,,,,,25,,,,,,,,,,,,,,,,,,,,,,,,,,,,,,,
56,nan,,,,,,,,,,Israel,,,,,100,20000,,,,,,25,,,,,,,,,,,,,,,,,,,,,,,,,,,,,,,
56,nan,,,,,,,,,,Israel,,,,,100,20000,,,,,,25,,,,,,,,,,,,,,,,,,,,,,,,,,,,,,,
56,nan,,,,,,,,,,Israel,,,,,100,20000,,,,,,25,,,,,,,,,,,,,,,,,,,,,,,,,,,,,,,
56,nan,,,,,,,,,,Israel,,,,,100,20000,,,,,,25,,,,,,,,,,,,,,,,,,,,,,,,,,,,,,,
56,nan,,,,,,,,,,Israel,,,,,100,20000,,,,,,25,,,,,,,,,,,,,,,,,,,,,,,,,,,,,,,
56,nan,,,,,,,,,,Israel,,,,,100,20000,,,,,,25,,,,,,,,,,,,,,,,,,,,,,,,,,,,,,,
56,nan,,,,,,,,,,Israel,,,,,100,20000,,,,,,25,,,,,,,,,,,,,,,,,,,,,,,,,,,,,,,
56,nan,,,,,,,,,,Israel,,,,,100,20000,,,,,,25,,,,,,,,,,,,,,,,,,,,,,,,,,,,,,,
56,nan,,,,,,,,,,Israel,,,,,100,20000,,,,,,25,,,,,,,,,,,,,,,,,,,,,,,,,,,,,,,
56,nan,,,,,,,,,,Israel,,,,,100,20000,,,,,,25,,,,,,,,,,,,,,,,,,,,,,,,,,,,,,,
56,nan,,,,,,,,,,Israel,,,,,100,20000,,,,,,25,,,,,,,,,,,,,,,,,,,,,,,,,,,,,,,
56,nan,,,,,,,,,,Israel,,,,,100,20000,,,,,,25,,,,,,,,,,,,,,,,,,,,,,,,,,,,,,,
56,nan,,,,,,,,,,Israel,,,,,100,20000,,,,,,25,,,,,,,,,,,,,,,,,,,,,,,,,,,,,,,
56,nan,,,,,,,,,,Israel,,,,,100,20000,,,,,,25,,,,,,,,,,,,,,,,,,,,,,,,,,,,,,,
56,nan,,,,,,,,,,Israel,,,,,100,20000,,,,,,25,,,,,,,,,,,,,,,,,,,,,,,,,,,,,,,
56,nan,,,,,,,,,,Israel,,,,,100,20000,,,,,,25,,,,,,,,,,,,,,,,,,,,,,,,,,,,,,,
56,nan,,,,,,,,,,Israel,,,,,100,20000,,,,,,25,,,,,,,,,,,,,,,,,,,,,,,,,,,,,,,
56,nan,,,,,,,,,,Israel,,,,,100,20000,,,,,,25,,,,,,,,,,,,,,,,,,,,,,,,,,,,,,,
56,nan,,,,,,,,,,Israel,,,,,100,20000,,,,,,25,,,,,,,,,,,,,,,,,,,,,,,,,,,,,,,
56,nan,,,,,,,,,,Israel,,,,,100,20000,,,,,,25,,,,,,,,,,,,,,,,,,,,,,,,,,,,,,,
57,nan,,,,,,,,,,Tanzania,,,,,100,20000,,,,,,25,,,,,,,,,,,,,,,,,,,,,,,,,,,,,,,
57,nan,,,,,,,,,,Tanzania,,,,,100,20000,,,,,,25,,,,,,,,,,,,,,,,,,,,,,,,,,,,,,,
57,nan,,,,,,,,,,Tanzania,,,,,100,20000,,,,,,25,,,,,,,,,,,,,,,,,,,,,,,,,,,,,,,
57,nan,,,,,,,,,,Tanzania,,,,,100,20000,,,,,,25,,,,,,,,,,,,,,,,,,,,,,,,,,,,,,,
57,nan,,,,,,,,,,Tanzania,,,,,100,20000,,,,,,25,,,,,,,,,,,,,,,,,,,,,,,,,,,,,,,
57,nan,,,,,,,,,,Tanzania,,,,,100,20000,,,,,,25,,,,,,,,,,,,,,,,,,,,,,,,,,,,,,,
57,nan,,,,,,,,,,Tanzania,,,,,100,20000,,,,,,25,,,,,,,,,,,,,,,,,,,,,,,,,,,,,,,
57,nan,,,,,,,,,,Tanzania,,,,,100,20000,,,,,,25,,,,,,,,,,,,,,,,,,,,,,,,,,,,,,,
57,nan,,,,,,,,,,Tanzania,,,,,100,20000,,,,,,25,,,,,,,,,,,,,,,,,,,,,,,,,,,,,,,
57,nan,,,,,,,,,,Tanzania,,,,,100,20000,,,,,,25,,,,,,,,,,,,,,,,,,,,,,,,,,,,,,,
57,nan,,,,,,,,,,Tanzania,,,,,100,20000,,,,,,25,,,,,,,,,,,,,,,,,,,,,,,,,,,,,,,
57,nan,,,,,,,,,,Tanzania,,,,,100,20000,,,,,,25,,,,,,,,,,,,,,,,,,,,,,,,,,,,,,,
57,nan,,,,,,,,,,Tanzania,,,,,100,20000,,,,,,25,,,,,,,,,,,,,,,,,,,,,,,,,,,,,,,
57,nan,,,,,,,,,,Tanzania,,,,,100,20000,,,,,,25,,,,,,,,,,,,,,,,,,,,,,,,,,,,,,,
57,nan,,,,,,,,,,Tanzania,,,,,100,20000,,,,,,25,,,,,,,,,,,,,,,,,,,,,,,,,,,,,,,
57,nan,,,,,,,,,,Tanzania,,,,,100,20000,,,,,,25,,,,,,,,,,,,,,,,,,,,,,,,,,,,,,,
57,nan,,,,,,,,,,Tanzania,,,,,100,20000,,,,,,25,,,,,,,,,,,,,,,,,,,,,,,,,,,,,,,
57,nan,,,,,,,,,,Tanzania,,,,,100,20000,,,,,,25,,,,,,,,,,,,,,,,,,,,,,,,,,,,,,,
57,nan,,,,,,,,,,Tanzania,,,,,100,20000,,,,,,25,,,,,,,,,,,,,,,,,,,,,,,,,,,,,,,
57,nan,,,,,,,,,,Tanzania,,,,,100,20000,,,,,,25,,,,,,,,,,,,,,,,,,,,,,,,,,,,,,,
57,nan,,,,,,,,,,Tanzania,,,,,100,20000,,,,,,25,,,,,,,,,,,,,,,,,,,,,,,,,,,,,,,
57,nan,,,,,,,,,,Tanzania,,,,,100,20000,,,,,,25,,,,,,,,,,,,,,,,,,,,,,,,,,,,,,,
57,nan,,,,,,,,,,Tanzania,,,,,100,20000,,,,,,25,,,,,,,,,,,,,,,,,,,,,,,,,,,,,,,
57,nan,,,,,,,,,,Tanzania,,,,,100,20000,,,,,,25,,,,,,,,,,,,,,,,,,,,,,,,,,,,,,,
57,nan,,,,,,,,,,Tanzania,,,,,100,20000,,,,,,25,,,,,,,,,,,,,,,,,,,,,,,,,,,,,,,
58,nan,,,,,,,,,,Japan,,,,,100,20000,,,,,,25,,,,,,,,,,,,,,,,,,,,,,,,,,,,,,,
58,nan,,,,,,,,,,Japan,,,,,100,20000,,,,,,25,,,,,,,,,,,,,,,,,,,,,,,,,,,,,,,
58,nan,,,,,,,,,,Japan,,,,,100,20000,,,,,,25,,,,,,,,,,,,,,,,,,,,,,,,,,,,,,,
58,nan,,,,,,,,,,Japan,,,,,100,20000,,,,,,25,,,,,,,,,,,,,,,,,,,,,,,,,,,,,,,
58,nan,,,,,,,,,,Japan,,,,,100,20000,,,,,,25,,,,,,,,,,,,,,,,,,,,,,,,,,,,,,,
58,nan,,,,,,,,,,Japan,,,,,100,20000,,,,,,25,,,,,,,,,,,,,,,,,,,,,,,,,,,,,,,
58,nan,,,,,,,,,,Japan,,,,,100,20000,,,,,,25,,,,,,,,,,,,,,,,,,,,,,,,,,,,,,,
58,nan,,,,,,,,,,Japan,,,,,100,20000,,,,,,25,,,,,,,,,,,,,,,,,,,,,,,,,,,,,,,
58,nan,,,,,,,,,,Japan,,,,,100,20000,,,,,,25,,,,,,,,,,,,,,,,,,,,,,,,,,,,,,,
58,nan,,,,,,,,,,Japan,,,,,100,20000,,,,,,25,,,,,,,,,,,,,,,,,,,,,,,,,,,,,,,
58,nan,,,,,,,,,,Japan,,,,,100,20000,,,,,,25,,,,,,,,,,,,,,,,,,,,,,,,,,,,,,,
58,nan,,,,,,,,,,Japan,,,,,100,20000,,,,,,25,,,,,,,,,,,,,,,,,,,,,,,,,,,,,,,
58,nan,,,,,,,,,,Japan,,,,,100,20000,,,,,,25,,,,,,,,,,,,,,,,,,,,,,,,,,,,,,,
58,nan,,,,,,,,,,Japan,,,,,100,20000,,,,,,25,,,,,,,,,,,,,,,,,,,,,,,,,,,,,,,
58,nan,,,,,,,,,,Japan,,,,,100,20000,,,,,,25,,,,,,,,,,,,,,,,,,,,,,,,,,,,,,,
58,nan,,,,,,,,,,Japan,,,,,100,20000,,,,,,25,,,,,,,,,,,,,,,,,,,,,,,,,,,,,,,
58,nan,,,,,,,,,,Japan,,,,,100,20000,,,,,,25,,,,,,,,,,,,,,,,,,,,,,,,,,,,,,,
58,nan,,,,,,,,,,Japan,,,,,100,20000,,,,,,25,,,,,,,,,,,,,,,,,,,,,,,,,,,,,,,
58,nan,,,,,,,,,,Japan,,,,,100,20000,,,,,,25,,,,,,,,,,,,,,,,,,,,,,,,,,,,,,,
58,nan,,,,,,,,,,Japan,,,,,100,20000,,,,,,25,,,,,,,,,,,,,,,,,,,,,,,,,,,,,,,
58,nan,,,,,,,,,,Japan,,,,,100,20000,,,,,,25,,,,,,,,,,,,,,,,,,,,,,,,,,,,,,,
58,nan,,,,,,,,,,Japan,,,,,100,20000,,,,,,25,,,,,,,,,,,,,,,,,,,,,,,,,,,,,,,
58,nan,,,,,,,,,,Japan,,,,,100,20000,,,,,,25,,,,,,,,,,,,,,,,,,,,,,,,,,,,,,,
58,nan,,,,,,,,,,Japan,,,,,100,20000,,,,,,25,,,,,,,,,,,,,,,,,,,,,,,,,,,,,,,
58,nan,,,,,,,,,,Japan,,,,,100,20000,,,,,,25,,,,,,,,,,,,,,,,,,,,,,,,,,,,,,,
59,nan,,,,,,,,,,Netherlands,,,,,100,20000,,,,,,25,,,,,,,,,,,,,,,,,,,,,,,,,,,,,,,
59,nan,,,,,,,,,,Netherlands,,,,,100,20000,,,,,,25,,,,,,,,,,,,,,,,,,,,,,,,,,,,,,,
59,nan,,,,,,,,,,Netherlands,,,,,100,20000,,,,,,25,,,,,,,,,,,,,,,,,,,,,,,,,,,,,,,
59,nan,,,,,,,,,,Netherlands,,,,,100,20000,,,,,,25,,,,,,,,,,,,,,,,,,,,,,,,,,,,,,,
59,nan,,,,,,,,,,Netherlands,,,,,100,20000,,,,,,25,,,,,,,,,,,,,,,,,,,,,,,,,,,,,,,
59,nan,,,,,,,,,,Netherlands,,,,,100,20000,,,,,,25,,,,,,,,,,,,,,,,,,,,,,,,,,,,,,,
59,nan,,,,,,,,,,Netherlands,,,,,100,20000,,,,,,25,,,,,,,,,,,,,,,,,,,,,,,,,,,,,,,
59,nan,,,,,,,,,,Netherlands,,,,,100,20000,,,,,,25,,,,,,,,,,,,,,,,,,,,,,,,,,,,,,,
59,nan,,,,,,,,,,Netherlands,,,,,100,20000,,,,,,25,,,,,,,,,,,,,,,,,,,,,,,,,,,,,,,
59,nan,,,,,,,,,,Netherlands,,,,,100,20000,,,,,,25,,,,,,,,,,,,,,,,,,,,,,,,,,,,,,,
59,nan,,,,,,,,,,Netherlands,,,,,100,20000,,,,,,25,,,,,,,,,,,,,,,,,,,,,,,,,,,,,,,
59,nan,,,,,,,,,,Netherlands,,,,,100,20000,,,,,,25,,,,,,,,,,,,,,,,,,,,,,,,,,,,,,,
59,nan,,,,,,,,,,Netherlands,,,,,100,20000,,,,,,25,,,,,,,,,,,,,,,,,,,,,,,,,,,,,,,
59,nan,,,,,,,,,,Netherlands,,,,,100,20000,,,,,,25,,,,,,,,,,,,,,,,,,,,,,,,,,,,,,,
59,nan,,,,,,,,,,Netherlands,,,,,100,20000,,,,,,25,,,,,,,,,,,,,,,,,,,,,,,,,,,,,,,
59,nan,,,,,,,,,,Netherlands,,,,,100,20000,,,,,,25,,,,,,,,,,,,,,,,,,,,,,,,,,,,,,,
59,nan,,,,,,,,,,Netherlands,,,,,100,20000,,,,,,25,,,,,,,,,,,,,,,,,,,,,,,,,,,,,,,
59,nan,,,,,,,,,,Netherlands,,,,,100,20000,,,,,,25,,,,,,,,,,,,,,,,,,,,,,,,,,,,,,,
59,nan,,,,,,,,,,Netherlands,,,,,100,20000,,,,,,25,,,,,,,,,,,,,,,,,,,,,,,,,,,,,,,
59,nan,,,,,,,,,,Netherlands,,,,,100,20000,,,,,,25,,,,,,,,,,,,,,,,,,,,,,,,,,,,,,,
59,nan,,,,,,,,,,Netherlands,,,,,100,20000,,,,,,25,,,,,,,,,,,,,,,,,,,,,,,,,,,,,,,
59,nan,,,,,,,,,,Netherlands,,,,,100,20000,,,,,,25,,,,,,,,,,,,,,,,,,,,,,,,,,,,,,,
59,nan,,,,,,,,,,Netherlands,,,,,100,20000,,,,,,25,,,,,,,,,,,,,,,,,,,,,,,,,,,,,,,
59,nan,,,,,,,,,,Netherlands,,,,,100,20000,,,,,,25,,,,,,,,,,,,,,,,,,,,,,,,,,,,,,,
59,nan,,,,,,,,,,Netherlands,,,,,100,20000,,,,,,25,,,,,,,,,,,,,,,,,,,,,,,,,,,,,,,
60,nan,,,,,,,,,,New Zealand,,,,,100,20000,,,,,,25,,,,,,,,,,,,,,,,,,,,,,,,,,,,,,,
60,nan,,,,,,,,,,New Zealand,,,,,100,20000,,,,,,25,,,,,,,,,,,,,,,,,,,,,,,,,,,,,,,
60,nan,,,,,,,,,,New Zealand,,,,,100,20000,,,,,,25,,,,,,,,,,,,,,,,,,,,,,,,,,,,,,,
60,nan,,,,,,,,,,New Zealand,,,,,100,20000,,,,,,25,,,,,,,,,,,,,,,,,,,,,,,,,,,,,,,
60,nan,,,,,,,,,,New Zealand,,,,,100,20000,,,,,,25,,,,,,,,,,,,,,,,,,,,,,,,,,,,,,,
60,nan,,,,,,,,,,New Zealand,,,,,100,20000,,,,,,25,,,,,,,,,,,,,,,,,,,,,,,,,,,,,,,
60,nan,,,,,,,,,,New Zealand,,,,,100,20000,,,,,,25,,,,,,,,,,,,,,,,,,,,,,,,,,,,,,,
60,nan,,,,,,,,,,New Zealand,,,,,100,20000,,,,,,25,,,,,,,,,,,,,,,,,,,,,,,,,,,,,,,
60,nan,,,,,,,,,,New Zealand,,,,,100,20000,,,,,,25,,,,,,,,,,,,,,,,,,,,,,,,,,,,,,,
60,nan,,,,,,,,,,New Zealand,,,,,100,20000,,,,,,25,,,,,,,,,,,,,,,,,,,,,,,,,,,,,,,
60,nan,,,,,,,,,,New Zealand,,,,,100,20000,,,,,,25,,,,,,,,,,,,,,,,,,,,,,,,,,,,,,,
60,nan,,,,,,,,,,New Zealand,,,,,100,20000,,,,,,25,,,,,,,,,,,,,,,,,,,,,,,,,,,,,,,
60,nan,,,,,,,,,,New Zealand,,,,,100,20000,,,,,,25,,,,,,,,,,,,,,,,,,,,,,,,,,,,,,,
60,nan,,,,,,,,,,New Zealand,,,,,100,20000,,,,,,25,,,,,,,,,,,,,,,,,,,,,,,,,,,,,,,
60,nan,,,,,,,,,,New Zealand,,,,,100,20000,,,,,,25,,,,,,,,,,,,,,,,,,,,,,,,,,,,,,,
60,nan,,,,,,,,,,New Zealand,,,,,100,20000,,,,,,25,,,,,,,,,,,,,,,,,,,,,,,,,,,,,,,
60,nan,,,,,,,,,,New Zealand,,,,,100,20000,,,,,,25,,,,,,,,,,,,,,,,,,,,,,,,,,,,,,,
60,nan,,,,,,,,,,New Zealand,,,,,100,20000,,,,,,25,,,,,,,,,,,,,,,,,,,,,,,,,,,,,,,
60,nan,,,,,,,,,,New Zealand,,,,,100,20000,,,,,,25,,,,,,,,,,,,,,,,,,,,,,,,,,,,,,,
60,nan,,,,,,,,,,New Zealand,,,,,100,20000,,,,,,25,,,,,,,,,,,,,,,,,,,,,,,,,,,,,,,
60,nan,,,,,,,,,,New Zealand,,,,,100,20000,,,,,,25,,,,,,,,,,,,,,,,,,,,,,,,,,,,,,,
60,nan,,,,,,,,,,New Zealand,,,,,100,20000,,,,,,25,,,,,,,,,,,,,,,,,,,,,,,,,,,,,,,
60,nan,,,,,,,,,,New Zealand,,,,,100,20000,,,,,,25,,,,,,,,,,,,,,,,,,,,,,,,,,,,,,,
60,nan,,,,,,,,,,New Zealand,,,,,100,20000,,,,,,25,,,,,,,,,,,,,,,,,,,,,,,,,,,,,,,
60,nan,,,,,,,,,,New Zealand,,,,,100,20000,,,,,,25,,,,,,,,,,,,,,,,,,,,,,,,,,,,,,,
61,nan,,,,,,,,,,New Zealand,,,,,100,20000,,,,,,25,,,,,,,,,,,,,,,,,,,,,,,,,,,,,,,
61,nan,,,,,,,,,,New Zealand,,,,,100,20000,,,,,,25,,,,,,,,,,,,,,,,,,,,,,,,,,,,,,,
61,nan,,,,,,,,,,New Zealand,,,,,100,20000,,,,,,25,,,,,,,,,,,,,,,,,,,,,,,,,,,,,,,
61,nan,,,,,,,,,,New Zealand,,,,,100,20000,,,,,,25,,,,,,,,,,,,,,,,,,,,,,,,,,,,,,,
61,nan,,,,,,,,,,New Zealand,,,,,100,20000,,,,,,25,,,,,,,,,,,,,,,,,,,,,,,,,,,,,,,
61,nan,,,,,,,,,,New Zealand,,,,,100,20000,,,,,,25,,,,,,,,,,,,,,,,,,,,,,,,,,,,,,,
61,nan,,,,,,,,,,New Zealand,,,,,100,20000,,,,,,25,,,,,,,,,,,,,,,,,,,,,,,,,,,,,,,
61,nan,,,,,,,,,,New Zealand,,,,,100,20000,,,,,,25,,,,,,,,,,,,,,,,,,,,,,,,,,,,,,,
61,nan,,,,,,,,,,New Zealand,,,,,100,20000,,,,,,25,,,,,,,,,,,,,,,,,,,,,,,,,,,,,,,
61,nan,,,,,,,,,,New Zealand,,,,,100,20000,,,,,,25,,,,,,,,,,,,,,,,,,,,,,,,,,,,,,,
61,nan,,,,,,,,,,New Zealand,,,,,100,20000,,,,,,25,,,,,,,,,,,,,,,,,,,,,,,,,,,,,,,
61,nan,,,,,,,,,,New Zealand,,,,,100,20000,,,,,,25,,,,,,,,,,,,,,,,,,,,,,,,,,,,,,,
61,nan,,,,,,,,,,New Zealand,,,,,100,20000,,,,,,25,,,,,,,,,,,,,,,,,,,,,,,,,,,,,,,
61,nan,,,,,,,,,,New Zealand,,,,,100,20000,,,,,,25,,,,,,,,,,,,,,,,,,,,,,,,,,,,,,,
61,nan,,,,,,,,,,New Zealand,,,,,100,20000,,,,,,25,,,,,,,,,,,,,,,,,,,,,,,,,,,,,,,
61,nan,,,,,,,,,,New Zealand,,,,,100,20000,,,,,,25,,,,,,,,,,,,,,,,,,,,,,,,,,,,,,,
61,nan,,,,,,,,,,New Zealand,,,,,100,20000,,,,,,25,,,,,,,,,,,,,,,,,,,,,,,,,,,,,,,
61,nan,,,,,,,,,,New Zealand,,,,,100,20000,,,,,,25,,,,,,,,,,,,,,,,,,,,,,,,,,,,,,,
61,nan,,,,,,,,,,New Zealand,,,,,100,20000,,,,,,25,,,,,,,,,,,,,,,,,,,,,,,,,,,,,,,
61,nan,,,,,,,,,,New Zealand,,,,,100,20000,,,,,,25,,,,,,,,,,,,,,,,,,,,,,,,,,,,,,,
61,nan,,,,,,,,,,New Zealand,,,,,100,20000,,,,,,25,,,,,,,,,,,,,,,,,,,,,,,,,,,,,,,
61,nan,,,,,,,,,,New Zealand,,,,,100,20000,,,,,,25,,,,,,,,,,,,,,,,,,,,,,,,,,,,,,,
61,nan,,,,,,,,,,New Zealand,,,,,100,20000,,,,,,25,,,,,,,,,,,,,,,,,,,,,,,,,,,,,,,
61,nan,,,,,,,,,,New Zealand,,,,,100,20000,,,,,,25,,,,,,,,,,,,,,,,,,,,,,,,,,,,,,,
61,nan,,,,,,,,,,New Zealand,,,,,100,20000,,,,,,25,,,,,,,,,,,,,,,,,,,,,,,,,,,,,,,
62,nan,,,,,,,,,,Tanzania,,,,,100,20000,,,,,,25,,,,,,,,,,,,,,,,,,,,,,,,,,,,,,,
62,nan,,,,,,,,,,Tanzania,,,,,100,20000,,,,,,25,,,,,,,,,,,,,,,,,,,,,,,,,,,,,,,
62,nan,,,,,,,,,,Tanzania,,,,,100,20000,,,,,,25,,,,,,,,,,,,,,,,,,,,,,,,,,,,,,,
62,nan,,,,,,,,,,Tanzania,,,,,100,20000,,,,,,25,,,,,,,,,,,,,,,,,,,,,,,,,,,,,,,
62,nan,,,,,,,,,,Tanzania,,,,,100,20000,,,,,,25,,,,,,,,,,,,,,,,,,,,,,,,,,,,,,,
62,nan,,,,,,,,,,Tanzania,,,,,100,20000,,,,,,25,,,,,,,,,,,,,,,,,,,,,,,,,,,,,,,
62,nan,,,,,,,,,,Tanzania,,,,,100,20000,,,,,,25,,,,,,,,,,,,,,,,,,,,,,,,,,,,,,,
62,nan,,,,,,,,,,Tanzania,,,,,100,20000,,,,,,25,,,,,,,,,,,,,,,,,,,,,,,,,,,,,,,
62,nan,,,,,,,,,,Tanzania,,,,,100,20000,,,,,,25,,,,,,,,,,,,,,,,,,,,,,,,,,,,,,,
62,nan,,,,,,,,,,Tanzania,,,,,100,20000,,,,,,25,,,,,,,,,,,,,,,,,,,,,,,,,,,,,,,
62,nan,,,,,,,,,,Tanzania,,,,,100,20000,,,,,,25,,,,,,,,,,,,,,,,,,,,,,,,,,,,,,,
62,nan,,,,,,,,,,Tanzania,,,,,100,20000,,,,,,25,,,,,,,,,,,,,,,,,,,,,,,,,,,,,,,
62,nan,,,,,,,,,,Tanzania,,,,,100,20000,,,,,,25,,,,,,,,,,,,,,,,,,,,,,,,,,,,,,,
62,nan,,,,,,,,,,Tanzania,,,,,100,20000,,,,,,25,,,,,,,,,,,,,,,,,,,,,,,,,,,,,,,
62,nan,,,,,,,,,,Tanzania,,,,,100,20000,,,,,,25,,,,,,,,,,,,,,,,,,,,,,,,,,,,,,,
62,nan,,,,,,,,,,Tanzania,,,,,100,20000,,,,,,25,,,,,,,,,,,,,,,,,,,,,,,,,,,,,,,
62,nan,,,,,,,,,,Tanzania,,,,,100,20000,,,,,,25,,,,,,,,,,,,,,,,,,,,,,,,,,,,,,,
62,nan,,,,,,,,,,Tanzania,,,,,100,20000,,,,,,25,,,,,,,,,,,,,,,,,,,,,,,,,,,,,,,
62,nan,,,,,,,,,,Tanzania,,,,,100,20000,,,,,,25,,,,,,,,,,,,,,,,,,,,,,,,,,,,,,,
62,nan,,,,,,,,,,Tanzania,,,,,100,20000,,,,,,25,,,,,,,,,,,,,,,,,,,,,,,,,,,,,,,
62,nan,,,,,,,,,,Tanzania,,,,,100,20000,,,,,,25,,,,,,,,,,,,,,,,,,,,,,,,,,,,,,,
62,nan,,,,,,,,,,Tanzania,,,,,100,20000,,,,,,25,,,,,,,,,,,,,,,,,,,,,,,,,,,,,,,
62,nan,,,,,,,,,,Tanzania,,,,,100,20000,,,,,,25,,,,,,,,,,,,,,,,,,,,,,,,,,,,,,,
62,nan,,,,,,,,,,Tanzania,,,,,100,20000,,,,,,25,,,,,,,,,,,,,,,,,,,,,,,,,,,,,,,
62,nan,,,,,,,,,,Tanzania,,,,,100,20000,,,,,,25,,,,,,,,,,,,,,,,,,,,,,,,,,,,,,,
63,nan,,,,,,,,,,Tanzania,,,,,100,20000,,,,,,25,,,,,,,,,,,,,,,,,,,,,,,,,,,,,,,
63,nan,,,,,,,,,,Tanzania,,,,,100,20000,,,,,,25,,,,,,,,,,,,,,,,,,,,,,,,,,,,,,,
63,nan,,,,,,,,,,Tanzania,,,,,100,20000,,,,,,25,,,,,,,,,,,,,,,,,,,,,,,,,,,,,,,
63,nan,,,,,,,,,,Tanzania,,,,,100,20000,,,,,,25,,,,,,,,,,,,,,,,,,,,,,,,,,,,,,,
63,nan,,,,,,,,,,Tanzania,,,,,100,20000,,,,,,25,,,,,,,,,,,,,,,,,,,,,,,,,,,,,,,
63,nan,,,,,,,,,,Tanzania,,,,,100,20000,,,,,,25,,,,,,,,,,,,,,,,,,,,,,,,,,,,,,,
63,nan,,,,,,,,,,Tanzania,,,,,100,20000,,,,,,25,,,,,,,,,,,,,,,,,,,,,,,,,,,,,,,
63,nan,,,,,,,,,,Tanzania,,,,,100,20000,,,,,,25,,,,,,,,,,,,,,,,,,,,,,,,,,,,,,,
63,nan,,,,,,,,,,Tanzania,,,,,100,20000,,,,,,25,,,,,,,,,,,,,,,,,,,,,,,,,,,,,,,
63,nan,,,,,,,,,,Tanzania,,,,,100,20000,,,,,,25,,,,,,,,,,,,,,,,,,,,,,,,,,,,,,,
63,nan,,,,,,,,,,Tanzania,,,,,100,20000,,,,,,25,,,,,,,,,,,,,,,,,,,,,,,,,,,,,,,
63,nan,,,,,,,,,,Tanzania,,,,,100,20000,,,,,,25,,,,,,,,,,,,,,,,,,,,,,,,,,,,,,,
63,nan,,,,,,,,,,Tanzania,,,,,100,20000,,,,,,25,,,,,,,,,,,,,,,,,,,,,,,,,,,,,,,
63,nan,,,,,,,,,,Tanzania,,,,,100,20000,,,,,,25,,,,,,,,,,,,,,,,,,,,,,,,,,,,,,,
63,nan,,,,,,,,,,Tanzania,,,,,100,20000,,,,,,25,,,,,,,,,,,,,,,,,,,,,,,,,,,,,,,
63,nan,,,,,,,,,,Tanzania,,,,,100,20000,,,,,,25,,,,,,,,,,,,,,,,,,,,,,,,,,,,,,,
63,nan,,,,,,,,,,Tanzania,,,,,100,20000,,,,,,25,,,,,,,,,,,,,,,,,,,,,,,,,,,,,,,
63,nan,,,,,,,,,,Tanzania,,,,,100,20000,,,,,,25,,,,,,,,,,,,,,,,,,,,,,,,,,,,,,,
63,nan,,,,,,,,,,Tanzania,,,,,100,20000,,,,,,25,,,,,,,,,,,,,,,,,,,,,,,,,,,,,,,
63,nan,,,,,,,,,,Tanzania,,,,,100,20000,,,,,,25,,,,,,,,,,,,,,,,,,,,,,,,,,,,,,,
63,nan,,,,,,,,,,Tanzania,,,,,100,20000,,,,,,25,,,,,,,,,,,,,,,,,,,,,,,,,,,,,,,
63,nan,,,,,,,,,,Tanzania,,,,,100,20000,,,,,,25,,,,,,,,,,,,,,,,,,,,,,,,,,,,,,,
63,nan,,,,,,,,,,Tanzania,,,,,100,20000,,,,,,25,,,,,,,,,,,,,,,,,,,,,,,,,,,,,,,
63,nan,,,,,,,,,,Tanzania,,,,,100,20000,,,,,,25,,,,,,,,,,,,,,,,,,,,,,,,,,,,,,,
63,nan,,,,,,,,,,Tanzania,,,,,100,20000,,,,,,25,,,,,,,,,,,,,,,,,,,,,,,,,,,,,,,
64,nan,,,,,,,,,,Israel,,,,,100,20000,,,,,,25,,,,,,,,,,,,,,,,,,,,,,,,,,,,,,,
64,nan,,,,,,,,,,Israel,,,,,100,20000,,,,,,25,,,,,,,,,,,,,,,,,,,,,,,,,,,,,,,
64,nan,,,,,,,,,,Israel,,,,,100,20000,,,,,,25,,,,,,,,,,,,,,,,,,,,,,,,,,,,,,,
64,nan,,,,,,,,,,Israel,,,,,100,20000,,,,,,25,,,,,,,,,,,,,,,,,,,,,,,,,,,,,,,
64,nan,,,,,,,,,,Israel,,,,,100,20000,,,,,,25,,,,,,,,,,,,,,,,,,,,,,,,,,,,,,,
64,nan,,,,,,,,,,Israel,,,,,100,20000,,,,,,25,,,,,,,,,,,,,,,,,,,,,,,,,,,,,,,
64,nan,,,,,,,,,,Israel,,,,,100,20000,,,,,,25,,,,,,,,,,,,,,,,,,,,,,,,,,,,,,,
64,nan,,,,,,,,,,Israel,,,,,100,20000,,,,,,25,,,,,,,,,,,,,,,,,,,,,,,,,,,,,,,
64,nan,,,,,,,,,,Israel,,,,,100,20000,,,,,,25,,,,,,,,,,,,,,,,,,,,,,,,,,,,,,,
64,nan,,,,,,,,,,Israel,,,,,100,20000,,,,,,25,,,,,,,,,,,,,,,,,,,,,,,,,,,,,,,
64,nan,,,,,,,,,,Israel,,,,,100,20000,,,,,,25,,,,,,,,,,,,,,,,,,,,,,,,,,,,,,,
64,nan,,,,,,,,,,Israel,,,,,100,20000,,,,,,25,,,,,,,,,,,,,,,,,,,,,,,,,,,,,,,
64,nan,,,,,,,,,,Israel,,,,,100,20000,,,,,,25,,,,,,,,,,,,,,,,,,,,,,,,,,,,,,,
64,nan,,,,,,,,,,Israel,,,,,100,20000,,,,,,25,,,,,,,,,,,,,,,,,,,,,,,,,,,,,,,
64,nan,,,,,,,,,,Israel,,,,,100,20000,,,,,,25,,,,,,,,,,,,,,,,,,,,,,,,,,,,,,,
64,nan,,,,,,,,,,Israel,,,,,100,20000,,,,,,25,,,,,,,,,,,,,,,,,,,,,,,,,,,,,,,
64,nan,,,,,,,,,,Israel,,,,,100,20000,,,,,,25,,,,,,,,,,,,,,,,,,,,,,,,,,,,,,,
64,nan,,,,,,,,,,Israel,,,,,100,20000,,,,,,25,,,,,,,,,,,,,,,,,,,,,,,,,,,,,,,
64,nan,,,,,,,,,,Israel,,,,,100,20000,,,,,,25,,,,,,,,,,,,,,,,,,,,,,,,,,,,,,,
64,nan,,,,,,,,,,Israel,,,,,100,20000,,,,,,25,,,,,,,,,,,,,,,,,,,,,,,,,,,,,,,
64,nan,,,,,,,,,,Israel,,,,,100,20000,,,,,,25,,,,,,,,,,,,,,,,,,,,,,,,,,,,,,,
64,nan,,,,,,,,,,Israel,,,,,100,20000,,,,,,25,,,,,,,,,,,,,,,,,,,,,,,,,,,,,,,
64,nan,,,,,,,,,,Israel,,,,,100,20000,,,,,,25,,,,,,,,,,,,,,,,,,,,,,,,,,,,,,,
64,nan,,,,,,,,,,Israel,,,,,100,20000,,,,,,25,,,,,,,,,,,,,,,,,,,,,,,,,,,,,,,
64,nan,,,,,,,,,,Israel,,,,,100,20000,,,,,,25,,,,,,,,,,,,,,,,,,,,,,,,,,,,,,,
65,nan,,,,,,,,,,India,,,,,100,20000,,,,,,25,,,,,,,,,,,,,,,,,,,,,,,,,,,,,,,
65,nan,,,,,,,,,,India,,,,,100,20000,,,,,,25,,,,,,,,,,,,,,,,,,,,,,,,,,,,,,,
65,nan,,,,,,,,,,India,,,,,100,20000,,,,,,25,,,,,,,,,,,,,,,,,,,,,,,,,,,,,,,
65,nan,,,,,,,,,,India,,,,,100,20000,,,,,,25,,,,,,,,,,,,,,,,,,,,,,,,,,,,,,,
65,nan,,,,,,,,,,India,,,,,100,20000,,,,,,25,,,,,,,,,,,,,,,,,,,,,,,,,,,,,,,
65,nan,,,,,,,,,,India,,,,,100,20000,,,,,,25,,,,,,,,,,,,,,,,,,,,,,,,,,,,,,,
65,nan,,,,,,,,,,India,,,,,100,20000,,,,,,25,,,,,,,,,,,,,,,,,,,,,,,,,,,,,,,
65,nan,,,,,,,,,,India,,,,,100,20000,,,,,,25,,,,,,,,,,,,,,,,,,,,,,,,,,,,,,,
65,nan,,,,,,,,,,India,,,,,100,20000,,,,,,25,,,,,,,,,,,,,,,,,,,,,,,,,,,,,,,
65,nan,,,,,,,,,,India,,,,,100,20000,,,,,,25,,,,,,,,,,,,,,,,,,,,,,,,,,,,,,,
65,nan,,,,,,,,,,India,,,,,100,20000,,,,,,25,,,,,,,,,,,,,,,,,,,,,,,,,,,,,,,
65,nan,,,,,,,,,,India,,,,,100,20000,,,,,,25,,,,,,,,,,,,,,,,,,,,,,,,,,,,,,,
65,nan,,,,,,,,,,India,,,,,100,20000,,,,,,25,,,,,,,,,,,,,,,,,,,,,,,,,,,,,,,
65,nan,,,,,,,,,,India,,,,,100,20000,,,,,,25,,,,,,,,,,,,,,,,,,,,,,,,,,,,,,,
65,nan,,,,,,,,,,India,,,,,100,20000,,,,,,25,,,,,,,,,,,,,,,,,,,,,,,,,,,,,,,
65,nan,,,,,,,,,,India,,,,,100,20000,,,,,,25,,,,,,,,,,,,,,,,,,,,,,,,,,,,,,,
65,nan,,,,,,,,,,India,,,,,100,20000,,,,,,25,,,,,,,,,,,,,,,,,,,,,,,,,,,,,,,
65,nan,,,,,,,,,,India,,,,,100,20000,,,,,,25,,,,,,,,,,,,,,,,,,,,,,,,,,,,,,,
65,nan,,,,,,,,,,India,,,,,100,20000,,,,,,25,,,,,,,,,,,,,,,,,,,,,,,,,,,,,,,
65,nan,,,,,,,,,,India,,,,,100,20000,,,,,,25,,,,,,,,,,,,,,,,,,,,,,,,,,,,,,,
65,nan,,,,,,,,,,India,,,,,100,20000,,,,,,25,,,,,,,,,,,,,,,,,,,,,,,,,,,,,,,
65,nan,,,,,,,,,,India,,,,,100,20000,,,,,,25,,,,,,,,,,,,,,,,,,,,,,,,,,,,,,,
65,nan,,,,,,,,,,India,,,,,100,20000,,,,,,25,,,,,,,,,,,,,,,,,,,,,,,,,,,,,,,
65,nan,,,,,,,,,,India,,,,,100,20000,,,,,,25,,,,,,,,,,,,,,,,,,,,,,,,,,,,,,,
65,nan,,,,,,,,,,India,,,,,100,20000,,,,,,25,,,,,,,,,,,,,,,,,,,,,,,,,,,,,,,
66,nan,,,,,,,,,,India,,,,,100,20000,,,,,,25,,,,,,,,,,,,,,,,,,,,,,,,,,,,,,,
66,nan,,,,,,,,,,India,,,,,100,20000,,,,,,25,,,,,,,,,,,,,,,,,,,,,,,,,,,,,,,
66,nan,,,,,,,,,,India,,,,,100,20000,,,,,,25,,,,,,,,,,,,,,,,,,,,,,,,,,,,,,,
66,nan,,,,,,,,,,India,,,,,100,20000,,,,,,25,,,,,,,,,,,,,,,,,,,,,,,,,,,,,,,
66,nan,,,,,,,,,,India,,,,,100,20000,,,,,,25,,,,,,,,,,,,,,,,,,,,,,,,,,,,,,,
66,nan,,,,,,,,,,India,,,,,100,20000,,,,,,25,,,,,,,,,,,,,,,,,,,,,,,,,,,,,,,
66,nan,,,,,,,,,,India,,,,,100,20000,,,,,,25,,,,,,,,,,,,,,,,,,,,,,,,,,,,,,,
66,nan,,,,,,,,,,India,,,,,100,20000,,,,,,25,,,,,,,,,,,,,,,,,,,,,,,,,,,,,,,
66,nan,,,,,,,,,,India,,,,,100,20000,,,,,,25,,,,,,,,,,,,,,,,,,,,,,,,,,,,,,,
66,nan,,,,,,,,,,India,,,,,100,20000,,,,,,25,,,,,,,,,,,,,,,,,,,,,,,,,,,,,,,
66,nan,,,,,,,,,,India,,,,,100,20000,,,,,,25,,,,,,,,,,,,,,,,,,,,,,,,,,,,,,,
66,nan,,,,,,,,,,India,,,,,100,20000,,,,,,25,,,,,,,,,,,,,,,,,,,,,,,,,,,,,,,
66,nan,,,,,,,,,,India,,,,,100,20000,,,,,,25,,,,,,,,,,,,,,,,,,,,,,,,,,,,,,,
66,nan,,,,,,,,,,India,,,,,100,20000,,,,,,25,,,,,,,,,,,,,,,,,,,,,,,,,,,,,,,
66,nan,,,,,,,,,,India,,,,,100,20000,,,,,,25,,,,,,,,,,,,,,,,,,,,,,,,,,,,,,,
66,nan,,,,,,,,,,India,,,,,100,20000,,,,,,25,,,,,,,,,,,,,,,,,,,,,,,,,,,,,,,
66,nan,,,,,,,,,,India,,,,,100,20000,,,,,,25,,,,,,,,,,,,,,,,,,,,,,,,,,,,,,,
66,nan,,,,,,,,,,India,,,,,100,20000,,,,,,25,,,,,,,,,,,,,,,,,,,,,,,,,,,,,,,
66,nan,,,,,,,,,,India,,,,,100,20000,,,,,,25,,,,,,,,,,,,,,,,,,,,,,,,,,,,,,,
66,nan,,,,,,,,,,India,,,,,100,20000,,,,,,25,,,,,,,,,,,,,,,,,,,,,,,,,,,,,,,
66,nan,,,,,,,,,,India,,,,,100,20000,,,,,,25,,,,,,,,,,,,,,,,,,,,,,,,,,,,,,,
66,nan,,,,,,,,,,India,,,,,100,20000,,,,,,25,,,,,,,,,,,,,,,,,,,,,,,,,,,,,,,
66,nan,,,,,,,,,,India,,,,,100,20000,,,,,,25,,,,,,,,,,,,,,,,,,,,,,,,,,,,,,,
66,nan,,,,,,,,,,India,,,,,100,20000,,,,,,25,,,,,,,,,,,,,,,,,,,,,,,,,,,,,,,
66,nan,,,,,,,,,,India,,,,,100,20000,,,,,,25,,,,,,,,,,,,,,,,,,,,,,,,,,,,,,,
67,nan,,,,,,,,,,India,,,,,100,20000,,,,,,25,,,,,,,,,,,,,,,,,,,,,,,,,,,,,,,
67,nan,,,,,,,,,,India,,,,,100,20000,,,,,,25,,,,,,,,,,,,,,,,,,,,,,,,,,,,,,,
67,nan,,,,,,,,,,India,,,,,100,20000,,,,,,25,,,,,,,,,,,,,,,,,,,,,,,,,,,,,,,
67,nan,,,,,,,,,,India,,,,,100,20000,,,,,,25,,,,,,,,,,,,,,,,,,,,,,,,,,,,,,,
67,nan,,,,,,,,,,India,,,,,100,20000,,,,,,25,,,,,,,,,,,,,,,,,,,,,,,,,,,,,,,
67,nan,,,,,,,,,,India,,,,,100,20000,,,,,,25,,,,,,,,,,,,,,,,,,,,,,,,,,,,,,,
67,nan,,,,,,,,,,India,,,,,100,20000,,,,,,25,,,,,,,,,,,,,,,,,,,,,,,,,,,,,,,
67,nan,,,,,,,,,,India,,,,,100,20000,,,,,,25,,,,,,,,,,,,,,,,,,,,,,,,,,,,,,,
67,nan,,,,,,,,,,India,,,,,100,20000,,,,,,25,,,,,,,,,,,,,,,,,,,,,,,,,,,,,,,
67,nan,,,,,,,,,,India,,,,,100,20000,,,,,,25,,,,,,,,,,,,,,,,,,,,,,,,,,,,,,,
67,nan,,,,,,,,,,India,,,,,100,20000,,,,,,25,,,,,,,,,,,,,,,,,,,,,,,,,,,,,,,
67,nan,,,,,,,,,,India,,,,,100,20000,,,,,,25,,,,,,,,,,,,,,,,,,,,,,,,,,,,,,,
67,nan,,,,,,,,,,India,,,,,100,20000,,,,,,25,,,,,,,,,,,,,,,,,,,,,,,,,,,,,,,
67,nan,,,,,,,,,,India,,,,,100,20000,,,,,,25,,,,,,,,,,,,,,,,,,,,,,,,,,,,,,,
67,nan,,,,,,,,,,India,,,,,100,20000,,,,,,25,,,,,,,,,,,,,,,,,,,,,,,,,,,,,,,
67,nan,,,,,,,,,,India,,,,,100,20000,,,,,,25,,,,,,,,,,,,,,,,,,,,,,,,,,,,,,,
67,nan,,,,,,,,,,India,,,,,100,20000,,,,,,25,,,,,,,,,,,,,,,,,,,,,,,,,,,,,,,
67,nan,,,,,,,,,,India,,,,,100,20000,,,,,,25,,,,,,,,,,,,,,,,,,,,,,,,,,,,,,,
67,nan,,,,,,,,,,India,,,,,100,20000,,,,,,25,,,,,,,,,,,,,,,,,,,,,,,,,,,,,,,
67,nan,,,,,,,,,,India,,,,,100,20000,,,,,,25,,,,,,,,,,,,,,,,,,,,,,,,,,,,,,,
67,nan,,,,,,,,,,India,,,,,100,20000,,,,,,25,,,,,,,,,,,,,,,,,,,,,,,,,,,,,,,
67,nan,,,,,,,,,,India,,,,,100,20000,,,,,,25,,,,,,,,,,,,,,,,,,,,,,,,,,,,,,,
67,nan,,,,,,,,,,India,,,,,100,20000,,,,,,25,,,,,,,,,,,,,,,,,,,,,,,,,,,,,,,
67,nan,,,,,,,,,,India,,,,,100,20000,,,,,,25,,,,,,,,,,,,,,,,,,,,,,,,,,,,,,,
67,nan,,,,,,,,,,India,,,,,100,20000,,,,,,25,,,,,,,,,,,,,,,,,,,,,,,,,,,,,,,
68,nan,,,,,,,,,,Japan,,,,,100,20000,,,,,,25,,,,,,,,,,,,,,,,,,,,,,,,,,,,,,,
68,nan,,,,,,,,,,Japan,,,,,100,20000,,,,,,25,,,,,,,,,,,,,,,,,,,,,,,,,,,,,,,
68,nan,,,,,,,,,,Japan,,,,,100,20000,,,,,,25,,,,,,,,,,,,,,,,,,,,,,,,,,,,,,,
68,nan,,,,,,,,,,Japan,,,,,100,20000,,,,,,25,,,,,,,,,,,,,,,,,,,,,,,,,,,,,,,
68,nan,,,,,,,,,,Japan,,,,,100,20000,,,,,,25,,,,,,,,,,,,,,,,,,,,,,,,,,,,,,,
68,nan,,,,,,,,,,Japan,,,,,100,20000,,,,,,25,,,,,,,,,,,,,,,,,,,,,,,,,,,,,,,
68,nan,,,,,,,,,,Japan,,,,,100,20000,,,,,,25,,,,,,,,,,,,,,,,,,,,,,,,,,,,,,,
68,nan,,,,,,,,,,Japan,,,,,100,20000,,,,,,25,,,,,,,,,,,,,,,,,,,,,,,,,,,,,,,
68,nan,,,,,,,,,,Japan,,,,,100,20000,,,,,,25,,,,,,,,,,,,,,,,,,,,,,,,,,,,,,,
68,nan,,,,,,,,,,Japan,,,,,100,20000,,,,,,25,,,,,,,,,,,,,,,,,,,,,,,,,,,,,,,
68,nan,,,,,,,,,,Japan,,,,,100,20000,,,,,,25,,,,,,,,,,,,,,,,,,,,,,,,,,,,,,,
68,nan,,,,,,,,,,Japan,,,,,100,20000,,,,,,25,,,,,,,,,,,,,,,,,,,,,,,,,,,,,,,
68,nan,,,,,,,,,,Japan,,,,,100,20000,,,,,,25,,,,,,,,,,,,,,,,,,,,,,,,,,,,,,,
68,nan,,,,,,,,,,Japan,,,,,100,20000,,,,,,25,,,,,,,,,,,,,,,,,,,,,,,,,,,,,,,
68,nan,,,,,,,,,,Japan,,,,,100,20000,,,,,,25,,,,,,,,,,,,,,,,,,,,,,,,,,,,,,,
68,nan,,,,,,,,,,Japan,,,,,100,20000,,,,,,25,,,,,,,,,,,,,,,,,,,,,,,,,,,,,,,
68,nan,,,,,,,,,,Japan,,,,,100,20000,,,,,,25,,,,,,,,,,,,,,,,,,,,,,,,,,,,,,,
68,nan,,,,,,,,,,Japan,,,,,100,20000,,,,,,25,,,,,,,,,,,,,,,,,,,,,,,,,,,,,,,
68,nan,,,,,,,,,,Japan,,,,,100,20000,,,,,,25,,,,,,,,,,,,,,,,,,,,,,,,,,,,,,,
68,nan,,,,,,,,,,Japan,,,,,100,20000,,,,,,25,,,,,,,,,,,,,,,,,,,,,,,,,,,,,,,
68,nan,,,,,,,,,,Japan,,,,,100,20000,,,,,,25,,,,,,,,,,,,,,,,,,,,,,,,,,,,,,,
68,nan,,,,,,,,,,Japan,,,,,100,20000,,,,,,25,,,,,,,,,,,,,,,,,,,,,,,,,,,,,,,
68,nan,,,,,,,,,,Japan,,,,,100,20000,,,,,,25,,,,,,,,,,,,,,,,,,,,,,,,,,,,,,,
68,nan,,,,,,,,,,Japan,,,,,100,20000,,,,,,25,,,,,,,,,,,,,,,,,,,,,,,,,,,,,,,
68,nan,,,,,,,,,,Japan,,,,,100,20000,,,,,,25,,,,,,,,,,,,,,,,,,,,,,,,,,,,,,,
69,nan,,,,,,,,,,New Zealand,,,,,100,20000,,,,,,25,,,,,,,,,,,,,,,,,,,,,,,,,,,,,,,
69,nan,,,,,,,,,,New Zealand,,,,,100,20000,,,,,,25,,,,,,,,,,,,,,,,,,,,,,,,,,,,,,,
69,nan,,,,,,,,,,New Zealand,,,,,100,20000,,,,,,25,,,,,,,,,,,,,,,,,,,,,,,,,,,,,,,
69,nan,,,,,,,,,,New Zealand,,,,,100,20000,,,,,,25,,,,,,,,,,,,,,,,,,,,,,,,,,,,,,,
69,nan,,,,,,,,,,New Zealand,,,,,100,20000,,,,,,25,,,,,,,,,,,,,,,,,,,,,,,,,,,,,,,
69,nan,,,,,,,,,,New Zealand,,,,,100,20000,,,,,,25,,,,,,,,,,,,,,,,,,,,,,,,,,,,,,,
69,nan,,,,,,,,,,New Zealand,,,,,100,20000,,,,,,25,,,,,,,,,,,,,,,,,,,,,,,,,,,,,,,
69,nan,,,,,,,,,,New Zealand,,,,,100,20000,,,,,,25,,,,,,,,,,,,,,,,,,,,,,,,,,,,,,,
69,nan,,,,,,,,,,New Zealand,,,,,100,20000,,,,,,25,,,,,,,,,,,,,,,,,,,,,,,,,,,,,,,
69,nan,,,,,,,,,,New Zealand,,,,,100,20000,,,,,,25,,,,,,,,,,,,,,,,,,,,,,,,,,,,,,,
69,nan,,,,,,,,,,New Zealand,,,,,100,20000,,,,,,25,,,,,,,,,,,,,,,,,,,,,,,,,,,,,,,
69,nan,,,,,,,,,,New Zealand,,,,,100,20000,,,,,,25,,,,,,,,,,,,,,,,,,,,,,,,,,,,,,,
69,nan,,,,,,,,,,New Zealand,,,,,100,20000,,,,,,25,,,,,,,,,,,,,,,,,,,,,,,,,,,,,,,
69,nan,,,,,,,,,,New Zealand,,,,,100,20000,,,,,,25,,,,,,,,,,,,,,,,,,,,,,,,,,,,,,,
69,nan,,,,,,,,,,New Zealand,,,,,100,20000,,,,,,25,,,,,,,,,,,,,,,,,,,,,,,,,,,,,,,
69,nan,,,,,,,,,,New Zealand,,,,,100,20000,,,,,,25,,,,,,,,,,,,,,,,,,,,,,,,,,,,,,,
69,nan,,,,,,,,,,New Zealand,,,,,100,20000,,,,,,25,,,,,,,,,,,,,,,,,,,,,,,,,,,,,,,
69,nan,,,,,,,,,,New Zealand,,,,,100,20000,,,,,,25,,,,,,,,,,,,,,,,,,,,,,,,,,,,,,,
69,nan,,,,,,,,,,New Zealand,,,,,100,20000,,,,,,25,,,,,,,,,,,,,,,,,,,,,,,,,,,,,,,
69,nan,,,,,,,,,,New Zealand,,,,,100,20000,,,,,,25,,,,,,,,,,,,,,,,,,,,,,,,,,,,,,,
69,nan,,,,,,,,,,New Zealand,,,,,100,20000,,,,,,25,,,,,,,,,,,,,,,,,,,,,,,,,,,,,,,
69,nan,,,,,,,,,,New Zealand,,,,,100,20000,,,,,,25,,,,,,,,,,,,,,,,,,,,,,,,,,,,,,,
69,nan,,,,,,,,,,New Zealand,,,,,100,20000,,,,,,25,,,,,,,,,,,,,,,,,,,,,,,,,,,,,,,
69,nan,,,,,,,,,,New Zealand,,,,,100,20000,,,,,,25,,,,,,,,,,,,,,,,,,,,,,,,,,,,,,,
69,nan,,,,,,,,,,New Zealand,,,,,100,20000,,,,,,25,,,,,,,,,,,,,,,,,,,,,,,,,,,,,,,
70,nan,,,,,,,,,,India,,,,,100,20000,,,,,,25,,,,,,,,,,,,,,,,,,,,,,,,,,,,,,,
70,nan,,,,,,,,,,India,,,,,100,20000,,,,,,25,,,,,,,,,,,,,,,,,,,,,,,,,,,,,,,
70,nan,,,,,,,,,,India,,,,,100,20000,,,,,,25,,,,,,,,,,,,,,,,,,,,,,,,,,,,,,,
70,nan,,,,,,,,,,India,,,,,100,20000,,,,,,25,,,,,,,,,,,,,,,,,,,,,,,,,,,,,,,
70,nan,,,,,,,,,,India,,,,,100,20000,,,,,,25,,,,,,,,,,,,,,,,,,,,,,,,,,,,,,,
70,nan,,,,,,,,,,India,,,,,100,20000,,,,,,25,,,,,,,,,,,,,,,,,,,,,,,,,,,,,,,
70,nan,,,,,,,,,,India,,,,,100,20000,,,,,,25,,,,,,,,,,,,,,,,,,,,,,,,,,,,,,,
70,nan,,,,,,,,,,India,,,,,100,20000,,,,,,25,,,,,,,,,,,,,,,,,,,,,,,,,,,,,,,
70,nan,,,,,,,,,,India,,,,,100,20000,,,,,,25,,,,,,,,,,,,,,,,,,,,,,,,,,,,,,,
70,nan,,,,,,,,,,India,,,,,100,20000,,,,,,25,,,,,,,,,,,,,,,,,,,,,,,,,,,,,,,
70,nan,,,,,,,,,,India,,,,,100,20000,,,,,,25,,,,,,,,,,,,,,,,,,,,,,,,,,,,,,,
70,nan,,,,,,,,,,India,,,,,100,20000,,,,,,25,,,,,,,,,,,,,,,,,,,,,,,,,,,,,,,
70,nan,,,,,,,,,,India,,,,,100,20000,,,,,,25,,,,,,,,,,,,,,,,,,,,,,,,,,,,,,,
70,nan,,,,,,,,,,India,,,,,100,20000,,,,,,25,,,,,,,,,,,,,,,,,,,,,,,,,,,,,,,
70,nan,,,,,,,,,,India,,,,,100,20000,,,,,,25,,,,,,,,,,,,,,,,,,,,,,,,,,,,,,,
70,nan,,,,,,,,,,India,,,,,100,20000,,,,,,25,,,,,,,,,,,,,,,,,,,,,,,,,,,,,,,
70,nan,,,,,,,,,,India,,,,,100,20000,,,,,,25,,,,,,,,,,,,,,,,,,,,,,,,,,,,,,,
70,nan,,,,,,,,,,India,,,,,100,20000,,,,,,25,,,,,,,,,,,,,,,,,,,,,,,,,,,,,,,
70,nan,,,,,,,,,,India,,,,,100,20000,,,,,,25,,,,,,,,,,,,,,,,,,,,,,,,,,,,,,,
70,nan,,,,,,,,,,India,,,,,100,20000,,,,,,25,,,,,,,,,,,,,,,,,,,,,,,,,,,,,,,
70,nan,,,,,,,,,,India,,,,,100,20000,,,,,,25,,,,,,,,,,,,,,,,,,,,,,,,,,,,,,,
70,nan,,,,,,,,,,India,,,,,100,20000,,,,,,25,,,,,,,,,,,,,,,,,,,,,,,,,,,,,,,
70,nan,,,,,,,,,,India,,,,,100,20000,,,,,,25,,,,,,,,,,,,,,,,,,,,,,,,,,,,,,,
70,nan,,,,,,,,,,India,,,,,100,20000,,,,,,25,,,,,,,,,,,,,,,,,,,,,,,,,,,,,,,
70,nan,,,,,,,,,,India,,,,,100,20000,,,,,,25,,,,,,,,,,,,,,,,,,,,,,,,,,,,,,,
71,nan,,,,,,,,,,Tanzania,,,,,100,20000,,,,,,25,,,,,,,,,,,,,,,,,,,,,,,,,,,,,,,
71,nan,,,,,,,,,,Tanzania,,,,,100,20000,,,,,,25,,,,,,,,,,,,,,,,,,,,,,,,,,,,,,,
71,nan,,,,,,,,,,Tanzania,,,,,100,20000,,,,,,25,,,,,,,,,,,,,,,,,,,,,,,,,,,,,,,
71,nan,,,,,,,,,,Tanzania,,,,,100,20000,,,,,,25,,,,,,,,,,,,,,,,,,,,,,,,,,,,,,,
71,nan,,,,,,,,,,Tanzania,,,,,100,20000,,,,,,25,,,,,,,,,,,,,,,,,,,,,,,,,,,,,,,
71,nan,,,,,,,,,,Tanzania,,,,,100,20000,,,,,,25,,,,,,,,,,,,,,,,,,,,,,,,,,,,,,,
71,nan,,,,,,,,,,Tanzania,,,,,100,20000,,,,,,25,,,,,,,,,,,,,,,,,,,,,,,,,,,,,,,
71,nan,,,,,,,,,,Tanzania,,,,,100,20000,,,,,,25,,,,,,,,,,,,,,,,,,,,,,,,,,,,,,,
71,nan,,,,,,,,,,Tanzania,,,,,100,20000,,,,,,25,,,,,,,,,,,,,,,,,,,,,,,,,,,,,,,
71,nan,,,,,,,,,,Tanzania,,,,,100,20000,,,,,,25,,,,,,,,,,,,,,,,,,,,,,,,,,,,,,,
71,nan,,,,,,,,,,Tanzania,,,,,100,20000,,,,,,25,,,,,,,,,,,,,,,,,,,,,,,,,,,,,,,
71,nan,,,,,,,,,,Tanzania,,,,,100,20000,,,,,,25,,,,,,,,,,,,,,,,,,,,,,,,,,,,,,,
71,nan,,,,,,,,,,Tanzania,,,,,100,20000,,,,,,25,,,,,,,,,,,,,,,,,,,,,,,,,,,,,,,
71,nan,,,,,,,,,,Tanzania,,,,,100,20000,,,,,,25,,,,,,,,,,,,,,,,,,,,,,,,,,,,,,,
71,nan,,,,,,,,,,Tanzania,,,,,100,20000,,,,,,25,,,,,,,,,,,,,,,,,,,,,,,,,,,,,,,
71,nan,,,,,,,,,,Tanzania,,,,,100,20000,,,,,,25,,,,,,,,,,,,,,,,,,,,,,,,,,,,,,,
71,nan,,,,,,,,,,Tanzania,,,,,100,20000,,,,,,25,,,,,,,,,,,,,,,,,,,,,,,,,,,,,,,
71,nan,,,,,,,,,,Tanzania,,,,,100,20000,,,,,,25,,,,,,,,,,,,,,,,,,,,,,,,,,,,,,,
71,nan,,,,,,,,,,Tanzania,,,,,100,20000,,,,,,25,,,,,,,,,,,,,,,,,,,,,,,,,,,,,,,
71,nan,,,,,,,,,,Tanzania,,,,,100,20000,,,,,,25,,,,,,,,,,,,,,,,,,,,,,,,,,,,,,,
71,nan,,,,,,,,,,Tanzania,,,,,100,20000,,,,,,25,,,,,,,,,,,,,,,,,,,,,,,,,,,,,,,
71,nan,,,,,,,,,,Tanzania,,,,,100,20000,,,,,,25,,,,,,,,,,,,,,,,,,,,,,,,,,,,,,,
71,nan,,,,,,,,,,Tanzania,,,,,100,20000,,,,,,25,,,,,,,,,,,,,,,,,,,,,,,,,,,,,,,
71,nan,,,,,,,,,,Tanzania,,,,,100,20000,,,,,,25,,,,,,,,,,,,,,,,,,,,,,,,,,,,,,,
71,nan,,,,,,,,,,Tanzania,,,,,100,20000,,,,,,25,,,,,,,,,,,,,,,,,,,,,,,,,,,,,,,
72,nan,,,,,,,,,,Israel,,,,,100,20000,,,,,,25,,,,,,,,,,,,,,,,,,,,,,,,,,,,,,,
72,nan,,,,,,,,,,Israel,,,,,100,20000,,,,,,25,,,,,,,,,,,,,,,,,,,,,,,,,,,,,,,
72,nan,,,,,,,,,,Israel,,,,,100,20000,,,,,,25,,,,,,,,,,,,,,,,,,,,,,,,,,,,,,,
72,nan,,,,,,,,,,Israel,,,,,100,20000,,,,,,25,,,,,,,,,,,,,,,,,,,,,,,,,,,,,,,
72,nan,,,,,,,,,,Israel,,,,,100,20000,,,,,,25,,,,,,,,,,,,,,,,,,,,,,,,,,,,,,,
72,nan,,,,,,,,,,Israel,,,,,100,20000,,,,,,25,,,,,,,,,,,,,,,,,,,,,,,,,,,,,,,
72,nan,,,,,,,,,,Israel,,,,,100,20000,,,,,,25,,,,,,,,,,,,,,,,,,,,,,,,,,,,,,,
72,nan,,,,,,,,,,Israel,,,,,100,20000,,,,,,25,,,,,,,,,,,,,,,,,,,,,,,,,,,,,,,
72,nan,,,,,,,,,,Israel,,,,,100,20000,,,,,,25,,,,,,,,,,,,,,,,,,,,,,,,,,,,,,,
72,nan,,,,,,,,,,Israel,,,,,100,20000,,,,,,25,,,,,,,,,,,,,,,,,,,,,,,,,,,,,,,
72,nan,,,,,,,,,,Israel,,,,,100,20000,,,,,,25,,,,,,,,,,,,,,,,,,,,,,,,,,,,,,,
72,nan,,,,,,,,,,Israel,,,,,100,20000,,,,,,25,,,,,,,,,,,,,,,,,,,,,,,,,,,,,,,
72,nan,,,,,,,,,,Israel,,,,,100,20000,,,,,,25,,,,,,,,,,,,,,,,,,,,,,,,,,,,,,,
72,nan,,,,,,,,,,Israel,,,,,100,20000,,,,,,25,,,,,,,,,,,,,,,,,,,,,,,,,,,,,,,
72,nan,,,,,,,,,,Israel,,,,,100,20000,,,,,,25,,,,,,,,,,,,,,,,,,,,,,,,,,,,,,,
72,nan,,,,,,,,,,Israel,,,,,100,20000,,,,,,25,,,,,,,,,,,,,,,,,,,,,,,,,,,,,,,
72,nan,,,,,,,,,,Israel,,,,,100,20000,,,,,,25,,,,,,,,,,,,,,,,,,,,,,,,,,,,,,,
72,nan,,,,,,,,,,Israel,,,,,100,20000,,,,,,25,,,,,,,,,,,,,,,,,,,,,,,,,,,,,,,
72,nan,,,,,,,,,,Israel,,,,,100,20000,,,,,,25,,,,,,,,,,,,,,,,,,,,,,,,,,,,,,,
72,nan,,,,,,,,,,Israel,,,,,100,20000,,,,,,25,,,,,,,,,,,,,,,,,,,,,,,,,,,,,,,
72,nan,,,,,,,,,,Israel,,,,,100,20000,,,,,,25,,,,,,,,,,,,,,,,,,,,,,,,,,,,,,,
72,nan,,,,,,,,,,Israel,,,,,100,20000,,,,,,25,,,,,,,,,,,,,,,,,,,,,,,,,,,,,,,
72,nan,,,,,,,,,,Israel,,,,,100,20000,,,,,,25,,,,,,,,,,,,,,,,,,,,,,,,,,,,,,,
72,nan,,,,,,,,,,Israel,,,,,100,20000,,,,,,25,,,,,,,,,,,,,,,,,,,,,,,,,,,,,,,
72,nan,,,,,,,,,,Israel,,,,,100,20000,,,,,,25,,,,,,,,,,,,,,,,,,,,,,,,,,,,,,,
73,nan,,,,,,,,,,Netherlands,,,,,100,20000,,,,,,25,,,,,,,,,,,,,,,,,,,,,,,,,,,,,,,
73,nan,,,,,,,,,,Netherlands,,,,,100,20000,,,,,,25,,,,,,,,,,,,,,,,,,,,,,,,,,,,,,,
73,nan,,,,,,,,,,Netherlands,,,,,100,20000,,,,,,25,,,,,,,,,,,,,,,,,,,,,,,,,,,,,,,
73,nan,,,,,,,,,,Netherlands,,,,,100,20000,,,,,,25,,,,,,,,,,,,,,,,,,,,,,,,,,,,,,,
73,nan,,,,,,,,,,Netherlands,,,,,100,20000,,,,,,25,,,,,,,,,,,,,,,,,,,,,,,,,,,,,,,
73,nan,,,,,,,,,,Netherlands,,,,,100,20000,,,,,,25,,,,,,,,,,,,,,,,,,,,,,,,,,,,,,,
73,nan,,,,,,,,,,Netherlands,,,,,100,20000,,,,,,25,,,,,,,,,,,,,,,,,,,,,,,,,,,,,,,
73,nan,,,,,,,,,,Netherlands,,,,,100,20000,,,,,,25,,,,,,,,,,,,,,,,,,,,,,,,,,,,,,,
73,nan,,,,,,,,,,Netherlands,,,,,100,20000,,,,,,25,,,,,,,,,,,,,,,,,,,,,,,,,,,,,,,
73,nan,,,,,,,,,,Netherlands,,,,,100,20000,,,,,,25,,,,,,,,,,,,,,,,,,,,,,,,,,,,,,,
73,nan,,,,,,,,,,Netherlands,,,,,100,20000,,,,,,25,,,,,,,,,,,,,,,,,,,,,,,,,,,,,,,
73,nan,,,,,,,,,,Netherlands,,,,,100,20000,,,,,,25,,,,,,,,,,,,,,,,,,,,,,,,,,,,,,,
73,nan,,,,,,,,,,Netherlands,,,,,100,20000,,,,,,25,,,,,,,,,,,,,,,,,,,,,,,,,,,,,,,
73,nan,,,,,,,,,,Netherlands,,,,,100,20000,,,,,,25,,,,,,,,,,,,,,,,,,,,,,,,,,,,,,,
73,nan,,,,,,,,,,Netherlands,,,,,100,20000,,,,,,25,,,,,,,,,,,,,,,,,,,,,,,,,,,,,,,
73,nan,,,,,,,,,,Netherlands,,,,,100,20000,,,,,,25,,,,,,,,,,,,,,,,,,,,,,,,,,,,,,,
73,nan,,,,,,,,,,Netherlands,,,,,100,20000,,,,,,25,,,,,,,,,,,,,,,,,,,,,,,,,,,,,,,
73,nan,,,,,,,,,,Netherlands,,,,,100,20000,,,,,,25,,,,,,,,,,,,,,,,,,,,,,,,,,,,,,,
73,nan,,,,,,,,,,Netherlands,,,,,100,20000,,,,,,25,,,,,,,,,,,,,,,,,,,,,,,,,,,,,,,
73,nan,,,,,,,,,,Netherlands,,,,,100,20000,,,,,,25,,,,,,,,,,,,,,,,,,,,,,,,,,,,,,,
73,nan,,,,,,,,,,Netherlands,,,,,100,20000,,,,,,25,,,,,,,,,,,,,,,,,,,,,,,,,,,,,,,
73,nan,,,,,,,,,,Netherlands,,,,,100,20000,,,,,,25,,,,,,,,,,,,,,,,,,,,,,,,,,,,,,,
73,nan,,,,,,,,,,Netherlands,,,,,100,20000,,,,,,25,,,,,,,,,,,,,,,,,,,,,,,,,,,,,,,
73,nan,,,,,,,,,,Netherlands,,,,,100,20000,,,,,,25,,,,,,,,,,,,,,,,,,,,,,,,,,,,,,,
73,nan,,,,,,,,,,Netherlands,,,,,100,20000,,,,,,25,,,,,,,,,,,,,,,,,,,,,,,,,,,,,,,
74,nan,,,,,,,,,,Japan,,,,,100,20000,,,,,,25,,,,,,,,,,,,,,,,,,,,,,,,,,,,,,,
74,nan,,,,,,,,,,Japan,,,,,100,20000,,,,,,25,,,,,,,,,,,,,,,,,,,,,,,,,,,,,,,
74,nan,,,,,,,,,,Japan,,,,,100,20000,,,,,,25,,,,,,,,,,,,,,,,,,,,,,,,,,,,,,,
74,nan,,,,,,,,,,Japan,,,,,100,20000,,,,,,25,,,,,,,,,,,,,,,,,,,,,,,,,,,,,,,
74,nan,,,,,,,,,,Japan,,,,,100,20000,,,,,,25,,,,,,,,,,,,,,,,,,,,,,,,,,,,,,,
74,nan,,,,,,,,,,Japan,,,,,100,20000,,,,,,25,,,,,,,,,,,,,,,,,,,,,,,,,,,,,,,
74,nan,,,,,,,,,,Japan,,,,,100,20000,,,,,,25,,,,,,,,,,,,,,,,,,,,,,,,,,,,,,,
74,nan,,,,,,,,,,Japan,,,,,100,20000,,,,,,25,,,,,,,,,,,,,,,,,,,,,,,,,,,,,,,
74,nan,,,,,,,,,,Japan,,,,,100,20000,,,,,,25,,,,,,,,,,,,,,,,,,,,,,,,,,,,,,,
74,nan,,,,,,,,,,Japan,,,,,100,20000,,,,,,25,,,,,,,,,,,,,,,,,,,,,,,,,,,,,,,
74,nan,,,,,,,,,,Japan,,,,,100,20000,,,,,,25,,,,,,,,,,,,,,,,,,,,,,,,,,,,,,,
74,nan,,,,,,,,,,Japan,,,,,100,20000,,,,,,25,,,,,,,,,,,,,,,,,,,,,,,,,,,,,,,
74,nan,,,,,,,,,,Japan,,,,,100,20000,,,,,,25,,,,,,,,,,,,,,,,,,,,,,,,,,,,,,,
74,nan,,,,,,,,,,Japan,,,,,100,20000,,,,,,25,,,,,,,,,,,,,,,,,,,,,,,,,,,,,,,
74,nan,,,,,,,,,,Japan,,,,,100,20000,,,,,,25,,,,,,,,,,,,,,,,,,,,,,,,,,,,,,,
74,nan,,,,,,,,,,Japan,,,,,100,20000,,,,,,25,,,,,,,,,,,,,,,,,,,,,,,,,,,,,,,
74,nan,,,,,,,,,,Japan,,,,,100,20000,,,,,,25,,,,,,,,,,,,,,,,,,,,,,,,,,,,,,,
74,nan,,,,,,,,,,Japan,,,,,100,20000,,,,,,25,,,,,,,,,,,,,,,,,,,,,,,,,,,,,,,
74,nan,,,,,,,,,,Japan,,,,,100,20000,,,,,,25,,,,,,,,,,,,,,,,,,,,,,,,,,,,,,,
74,nan,,,,,,,,,,Japan,,,,,100,20000,,,,,,25,,,,,,,,,,,,,,,,,,,,,,,,,,,,,,,
74,nan,,,,,,,,,,Japan,,,,,100,20000,,,,,,25,,,,,,,,,,,,,,,,,,,,,,,,,,,,,,,
74,nan,,,,,,,,,,Japan,,,,,100,20000,,,,,,25,,,,,,,,,,,,,,,,,,,,,,,,,,,,,,,
74,nan,,,,,,,,,,Japan,,,,,100,20000,,,,,,25,,,,,,,,,,,,,,,,,,,,,,,,,,,,,,,
74,nan,,,,,,,,,,Japan,,,,,100,20000,,,,,,25,,,,,,,,,,,,,,,,,,,,,,,,,,,,,,,
74,nan,,,,,,,,,,Japan,,,,,100,20000,,,,,,25,,,,,,,,,,,,,,,,,,,,,,,,,,,,,,,
75,nan,,,,,,,,,,India,,,,,100,20000,,,,,,25,,,,,,,,,,,,,,,,,,,,,,,,,,,,,,,
75,nan,,,,,,,,,,India,,,,,100,20000,,,,,,25,,,,,,,,,,,,,,,,,,,,,,,,,,,,,,,
75,nan,,,,,,,,,,India,,,,,100,20000,,,,,,25,,,,,,,,,,,,,,,,,,,,,,,,,,,,,,,
75,nan,,,,,,,,,,India,,,,,100,20000,,,,,,25,,,,,,,,,,,,,,,,,,,,,,,,,,,,,,,
75,nan,,,,,,,,,,India,,,,,100,20000,,,,,,25,,,,,,,,,,,,,,,,,,,,,,,,,,,,,,,
75,nan,,,,,,,,,,India,,,,,100,20000,,,,,,25,,,,,,,,,,,,,,,,,,,,,,,,,,,,,,,
75,nan,,,,,,,,,,India,,,,,100,20000,,,,,,25,,,,,,,,,,,,,,,,,,,,,,,,,,,,,,,
75,nan,,,,,,,,,,India,,,,,100,20000,,,,,,25,,,,,,,,,,,,,,,,,,,,,,,,,,,,,,,
75,nan,,,,,,,,,,India,,,,,100,20000,,,,,,25,,,,,,,,,,,,,,,,,,,,,,,,,,,,,,,
75,nan,,,,,,,,,,India,,,,,100,20000,,,,,,25,,,,,,,,,,,,,,,,,,,,,,,,,,,,,,,
75,nan,,,,,,,,,,India,,,,,100,20000,,,,,,25,,,,,,,,,,,,,,,,,,,,,,,,,,,,,,,
75,nan,,,,,,,,,,India,,,,,100,20000,,,,,,25,,,,,,,,,,,,,,,,,,,,,,,,,,,,,,,
75,nan,,,,,,,,,,India,,,,,100,20000,,,,,,25,,,,,,,,,,,,,,,,,,,,,,,,,,,,,,,
75,nan,,,,,,,,,,India,,,,,100,20000,,,,,,25,,,,,,,,,,,,,,,,,,,,,,,,,,,,,,,
75,nan,,,,,,,,,,India,,,,,100,20000,,,,,,25,,,,,,,,,,,,,,,,,,,,,,,,,,,,,,,
75,nan,,,,,,,,,,India,,,,,100,20000,,,,,,25,,,,,,,,,,,,,,,,,,,,,,,,,,,,,,,
75,nan,,,,,,,,,,India,,,,,100,20000,,,,,,25,,,,,,,,,,,,,,,,,,,,,,,,,,,,,,,
75,nan,,,,,,,,,,India,,,,,100,20000,,,,,,25,,,,,,,,,,,,,,,,,,,,,,,,,,,,,,,
75,nan,,,,,,,,,,India,,,,,100,20000,,,,,,25,,,,,,,,,,,,,,,,,,,,,,,,,,,,,,,
75,nan,,,,,,,,,,India,,,,,100,20000,,,,,,25,,,,,,,,,,,,,,,,,,,,,,,,,,,,,,,
75,nan,,,,,,,,,,India,,,,,100,20000,,,,,,25,,,,,,,,,,,,,,,,,,,,,,,,,,,,,,,
75,nan,,,,,,,,,,India,,,,,100,20000,,,,,,25,,,,,,,,,,,,,,,,,,,,,,,,,,,,,,,
75,nan,,,,,,,,,,India,,,,,100,20000,,,,,,25,,,,,,,,,,,,,,,,,,,,,,,,,,,,,,,
75,nan,,,,,,,,,,India,,,,,100,20000,,,,,,25,,,,,,,,,,,,,,,,,,,,,,,,,,,,,,,
75,nan,,,,,,,,,,India,,,,,100,20000,,,,,,25,,,,,,,,,,,,,,,,,,,,,,,,,,,,,,,
76,nan,,,,,,,,,,Mexico,,,,,100,20000,,,,,,25,,,,,,,,,,,,,,,,,,,,,,,,,,,,,,,
76,nan,,,,,,,,,,Mexico,,,,,100,20000,,,,,,25,,,,,,,,,,,,,,,,,,,,,,,,,,,,,,,
76,nan,,,,,,,,,,Mexico,,,,,100,20000,,,,,,25,,,,,,,,,,,,,,,,,,,,,,,,,,,,,,,
76,nan,,,,,,,,,,Mexico,,,,,100,20000,,,,,,25,,,,,,,,,,,,,,,,,,,,,,,,,,,,,,,
76,nan,,,,,,,,,,Mexico,,,,,100,20000,,,,,,25,,,,,,,,,,,,,,,,,,,,,,,,,,,,,,,
76,nan,,,,,,,,,,Mexico,,,,,100,20000,,,,,,25,,,,,,,,,,,,,,,,,,,,,,,,,,,,,,,
76,nan,,,,,,,,,,Mexico,,,,,100,20000,,,,,,25,,,,,,,,,,,,,,,,,,,,,,,,,,,,,,,
76,nan,,,,,,,,,,Mexico,,,,,100,20000,,,,,,25,,,,,,,,,,,,,,,,,,,,,,,,,,,,,,,
76,nan,,,,,,,,,,Mexico,,,,,100,20000,,,,,,25,,,,,,,,,,,,,,,,,,,,,,,,,,,,,,,
76,nan,,,,,,,,,,Mexico,,,,,100,20000,,,,,,25,,,,,,,,,,,,,,,,,,,,,,,,,,,,,,,
76,nan,,,,,,,,,,Mexico,,,,,100,20000,,,,,,25,,,,,,,,,,,,,,,,,,,,,,,,,,,,,,,
76,nan,,,,,,,,,,Mexico,,,,,100,20000,,,,,,25,,,,,,,,,,,,,,,,,,,,,,,,,,,,,,,
76,nan,,,,,,,,,,Mexico,,,,,100,20000,,,,,,25,,,,,,,,,,,,,,,,,,,,,,,,,,,,,,,
76,nan,,,,,,,,,,Mexico,,,,,100,20000,,,,,,25,,,,,,,,,,,,,,,,,,,,,,,,,,,,,,,
76,nan,,,,,,,,,,Mexico,,,,,100,20000,,,,,,25,,,,,,,,,,,,,,,,,,,,,,,,,,,,,,,
76,nan,,,,,,,,,,Mexico,,,,,100,20000,,,,,,25,,,,,,,,,,,,,,,,,,,,,,,,,,,,,,,
76,nan,,,,,,,,,,Mexico,,,,,100,20000,,,,,,25,,,,,,,,,,,,,,,,,,,,,,,,,,,,,,,
76,nan,,,,,,,,,,Mexico,,,,,100,20000,,,,,,25,,,,,,,,,,,,,,,,,,,,,,,,,,,,,,,
76,nan,,,,,,,,,,Mexico,,,,,100,20000,,,,,,25,,,,,,,,,,,,,,,,,,,,,,,,,,,,,,,
76,nan,,,,,,,,,,Mexico,,,,,100,20000,,,,,,25,,,,,,,,,,,,,,,,,,,,,,,,,,,,,,,
76,nan,,,,,,,,,,Mexico,,,,,100,20000,,,,,,25,,,,,,,,,,,,,,,,,,,,,,,,,,,,,,,
76,nan,,,,,,,,,,Mexico,,,,,100,20000,,,,,,25,,,,,,,,,,,,,,,,,,,,,,,,,,,,,,,
76,nan,,,,,,,,,,Mexico,,,,,100,20000,,,,,,25,,,,,,,,,,,,,,,,,,,,,,,,,,,,,,,
76,nan,,,,,,,,,,Mexico,,,,,100,20000,,,,,,25,,,,,,,,,,,,,,,,,,,,,,,,,,,,,,,
76,nan,,,,,,,,,,Mexico,,,,,100,20000,,,,,,25,,,,,,,,,,,,,,,,,,,,,,,,,,,,,,,
77,nan,,,,,,,,,,Tanzania,,,,,100,20000,,,,,,25,,,,,,,,,,,,,,,,,,,,,,,,,,,,,,,
77,nan,,,,,,,,,,Tanzania,,,,,100,20000,,,,,,25,,,,,,,,,,,,,,,,,,,,,,,,,,,,,,,
77,nan,,,,,,,,,,Tanzania,,,,,100,20000,,,,,,25,,,,,,,,,,,,,,,,,,,,,,,,,,,,,,,
77,nan,,,,,,,,,,Tanzania,,,,,100,20000,,,,,,25,,,,,,,,,,,,,,,,,,,,,,,,,,,,,,,
77,nan,,,,,,,,,,Tanzania,,,,,100,20000,,,,,,25,,,,,,,,,,,,,,,,,,,,,,,,,,,,,,,
77,nan,,,,,,,,,,Tanzania,,,,,100,20000,,,,,,25,,,,,,,,,,,,,,,,,,,,,,,,,,,,,,,
77,nan,,,,,,,,,,Tanzania,,,,,100,20000,,,,,,25,,,,,,,,,,,,,,,,,,,,,,,,,,,,,,,
77,nan,,,,,,,,,,Tanzania,,,,,100,20000,,,,,,25,,,,,,,,,,,,,,,,,,,,,,,,,,,,,,,
77,nan,,,,,,,,,,Tanzania,,,,,100,20000,,,,,,25,,,,,,,,,,,,,,,,,,,,,,,,,,,,,,,
77,nan,,,,,,,,,,Tanzania,,,,,100,20000,,,,,,25,,,,,,,,,,,,,,,,,,,,,,,,,,,,,,,
77,nan,,,,,,,,,,Tanzania,,,,,100,20000,,,,,,25,,,,,,,,,,,,,,,,,,,,,,,,,,,,,,,
77,nan,,,,,,,,,,Tanzania,,,,,100,20000,,,,,,25,,,,,,,,,,,,,,,,,,,,,,,,,,,,,,,
77,nan,,,,,,,,,,Tanzania,,,,,100,20000,,,,,,25,,,,,,,,,,,,,,,,,,,,,,,,,,,,,,,
77,nan,,,,,,,,,,Tanzania,,,,,100,20000,,,,,,25,,,,,,,,,,,,,,,,,,,,,,,,,,,,,,,
77,nan,,,,,,,,,,Tanzania,,,,,100,20000,,,,,,25,,,,,,,,,,,,,,,,,,,,,,,,,,,,,,,
77,nan,,,,,,,,,,Tanzania,,,,,100,20000,,,,,,25,,,,,,,,,,,,,,,,,,,,,,,,,,,,,,,
77,nan,,,,,,,,,,Tanzania,,,,,100,20000,,,,,,25,,,,,,,,,,,,,,,,,,,,,,,,,,,,,,,
77,nan,,,,,,,,,,Tanzania,,,,,100,20000,,,,,,25,,,,,,,,,,,,,,,,,,,,,,,,,,,,,,,
77,nan,,,,,,,,,,Tanzania,,,,,100,20000,,,,,,25,,,,,,,,,,,,,,,,,,,,,,,,,,,,,,,
77,nan,,,,,,,,,,Tanzania,,,,,100,20000,,,,,,25,,,,,,,,,,,,,,,,,,,,,,,,,,,,,,,
77,nan,,,,,,,,,,Tanzania,,,,,100,20000,,,,,,25,,,,,,,,,,,,,,,,,,,,,,,,,,,,,,,
77,nan,,,,,,,,,,Tanzania,,,,,100,20000,,,,,,25,,,,,,,,,,,,,,,,,,,,,,,,,,,,,,,
77,nan,,,,,,,,,,Tanzania,,,,,100,20000,,,,,,25,,,,,,,,,,,,,,,,,,,,,,,,,,,,,,,
77,nan,,,,,,,,,,Tanzania,,,,,100,20000,,,,,,25,,,,,,,,,,,,,,,,,,,,,,,,,,,,,,,
77,nan,,,,,,,,,,Tanzania,,,,,100,20000,,,,,,25,,,,,,,,,,,,,,,,,,,,,,,,,,,,,,,
78,nan,,,,,,,,,,Tanzania,,,,,100,20000,,,,,,25,,,,,,,,,,,,,,,,,,,,,,,,,,,,,,,
78,nan,,,,,,,,,,Tanzania,,,,,100,20000,,,,,,25,,,,,,,,,,,,,,,,,,,,,,,,,,,,,,,
78,nan,,,,,,,,,,Tanzania,,,,,100,20000,,,,,,25,,,,,,,,,,,,,,,,,,,,,,,,,,,,,,,
78,nan,,,,,,,,,,Tanzania,,,,,100,20000,,,,,,25,,,,,,,,,,,,,,,,,,,,,,,,,,,,,,,
78,nan,,,,,,,,,,Tanzania,,,,,100,20000,,,,,,25,,,,,,,,,,,,,,,,,,,,,,,,,,,,,,,
78,nan,,,,,,,,,,Tanzania,,,,,100,20000,,,,,,25,,,,,,,,,,,,,,,,,,,,,,,,,,,,,,,
78,nan,,,,,,,,,,Tanzania,,,,,100,20000,,,,,,25,,,,,,,,,,,,,,,,,,,,,,,,,,,,,,,
78,nan,,,,,,,,,,Tanzania,,,,,100,20000,,,,,,25,,,,,,,,,,,,,,,,,,,,,,,,,,,,,,,
78,nan,,,,,,,,,,Tanzania,,,,,100,20000,,,,,,25,,,,,,,,,,,,,,,,,,,,,,,,,,,,,,,
78,nan,,,,,,,,,,Tanzania,,,,,100,20000,,,,,,25,,,,,,,,,,,,,,,,,,,,,,,,,,,,,,,
78,nan,,,,,,,,,,Tanzania,,,,,100,20000,,,,,,25,,,,,,,,,,,,,,,,,,,,,,,,,,,,,,,
78,nan,,,,,,,,,,Tanzania,,,,,100,20000,,,,,,25,,,,,,,,,,,,,,,,,,,,,,,,,,,,,,,
78,nan,,,,,,,,,,Tanzania,,,,,100,20000,,,,,,25,,,,,,,,,,,,,,,,,,,,,,,,,,,,,,,
78,nan,,,,,,,,,,Tanzania,,,,,100,20000,,,,,,25,,,,,,,,,,,,,,,,,,,,,,,,,,,,,,,
78,nan,,,,,,,,,,Tanzania,,,,,100,20000,,,,,,25,,,,,,,,,,,,,,,,,,,,,,,,,,,,,,,
78,nan,,,,,,,,,,Tanzania,,,,,100,20000,,,,,,25,,,,,,,,,,,,,,,,,,,,,,,,,,,,,,,
78,nan,,,,,,,,,,Tanzania,,,,,100,20000,,,,,,25,,,,,,,,,,,,,,,,,,,,,,,,,,,,,,,
78,nan,,,,,,,,,,Tanzania,,,,,100,20000,,,,,,25,,,,,,,,,,,,,,,,,,,,,,,,,,,,,,,
78,nan,,,,,,,,,,Tanzania,,,,,100,20000,,,,,,25,,,,,,,,,,,,,,,,,,,,,,,,,,,,,,,
78,nan,,,,,,,,,,Tanzania,,,,,100,20000,,,,,,25,,,,,,,,,,,,,,,,,,,,,,,,,,,,,,,
78,nan,,,,,,,,,,Tanzania,,,,,100,20000,,,,,,25,,,,,,,,,,,,,,,,,,,,,,,,,,,,,,,
78,nan,,,,,,,,,,Tanzania,,,,,100,20000,,,,,,25,,,,,,,,,,,,,,,,,,,,,,,,,,,,,,,
78,nan,,,,,,,,,,Tanzania,,,,,100,20000,,,,,,25,,,,,,,,,,,,,,,,,,,,,,,,,,,,,,,
78,nan,,,,,,,,,,Tanzania,,,,,100,20000,,,,,,25,,,,,,,,,,,,,,,,,,,,,,,,,,,,,,,
78,nan,,,,,,,,,,Tanzania,,,,,100,20000,,,,,,25,,,,,,,,,,,,,,,,,,,,,,,,,,,,,,,
79,nan,,,,,,,,,,Israel,,,,,100,20000,,,,,,25,,,,,,,,,,,,,,,,,,,,,,,,,,,,,,,
79,nan,,,,,,,,,,Israel,,,,,100,20000,,,,,,25,,,,,,,,,,,,,,,,,,,,,,,,,,,,,,,
79,nan,,,,,,,,,,Israel,,,,,100,20000,,,,,,25,,,,,,,,,,,,,,,,,,,,,,,,,,,,,,,
79,nan,,,,,,,,,,Israel,,,,,100,20000,,,,,,25,,,,,,,,,,,,,,,,,,,,,,,,,,,,,,,
79,nan,,,,,,,,,,Israel,,,,,100,20000,,,,,,25,,,,,,,,,,,,,,,,,,,,,,,,,,,,,,,
79,nan,,,,,,,,,,Israel,,,,,100,20000,,,,,,25,,,,,,,,,,,,,,,,,,,,,,,,,,,,,,,
79,nan,,,,,,,,,,Israel,,,,,100,20000,,,,,,25,,,,,,,,,,,,,,,,,,,,,,,,,,,,,,,
79,nan,,,,,,,,,,Israel,,,,,100,20000,,,,,,25,,,,,,,,,,,,,,,,,,,,,,,,,,,,,,,
79,nan,,,,,,,,,,Israel,,,,,100,20000,,,,,,25,,,,,,,,,,,,,,,,,,,,,,,,,,,,,,,
79,nan,,,,,,,,,,Israel,,,,,100,20000,,,,,,25,,,,,,,,,,,,,,,,,,,,,,,,,,,,,,,
79,nan,,,,,,,,,,Israel,,,,,100,20000,,,,,,25,,,,,,,,,,,,,,,,,,,,,,,,,,,,,,,
79,nan,,,,,,,,,,Israel,,,,,100,20000,,,,,,25,,,,,,,,,,,,,,,,,,,,,,,,,,,,,,,
79,nan,,,,,,,,,,Israel,,,,,100,20000,,,,,,25,,,,,,,,,,,,,,,,,,,,,,,,,,,,,,,
79,nan,,,,,,,,,,Israel,,,,,100,20000,,,,,,25,,,,,,,,,,,,,,,,,,,,,,,,,,,,,,,
79,nan,,,,,,,,,,Israel,,,,,100,20000,,,,,,25,,,,,,,,,,,,,,,,,,,,,,,,,,,,,,,
79,nan,,,,,,,,,,Israel,,,,,100,20000,,,,,,25,,,,,,,,,,,,,,,,,,,,,,,,,,,,,,,
79,nan,,,,,,,,,,Israel,,,,,100,20000,,,,,,25,,,,,,,,,,,,,,,,,,,,,,,,,,,,,,,
79,nan,,,,,,,,,,Israel,,,,,100,20000,,,,,,25,,,,,,,,,,,,,,,,,,,,,,,,,,,,,,,
79,nan,,,,,,,,,,Israel,,,,,100,20000,,,,,,25,,,,,,,,,,,,,,,,,,,,,,,,,,,,,,,
79,nan,,,,,,,,,,Israel,,,,,100,20000,,,,,,25,,,,,,,,,,,,,,,,,,,,,,,,,,,,,,,
79,nan,,,,,,,,,,Israel,,,,,100,20000,,,,,,25,,,,,,,,,,,,,,,,,,,,,,,,,,,,,,,
79,nan,,,,,,,,,,Israel,,,,,100,20000,,,,,,25,,,,,,,,,,,,,,,,,,,,,,,,,,,,,,,
79,nan,,,,,,,,,,Israel,,,,,100,20000,,,,,,25,,,,,,,,,,,,,,,,,,,,,,,,,,,,,,,
79,nan,,,,,,,,,,Israel,,,,,100,20000,,,,,,25,,,,,,,,,,,,,,,,,,,,,,,,,,,,,,,
79,nan,,,,,,,,,,Israel,,,,,100,20000,,,,,,25,,,,,,,,,,,,,,,,,,,,,,,,,,,,,,,
80,nan,,,,,,,,,,Netherlands,,,,,100,20000,,,,,,25,,,,,,,,,,,,,,,,,,,,,,,,,,,,,,,
80,nan,,,,,,,,,,Netherlands,,,,,100,20000,,,,,,25,,,,,,,,,,,,,,,,,,,,,,,,,,,,,,,
80,nan,,,,,,,,,,Netherlands,,,,,100,20000,,,,,,25,,,,,,,,,,,,,,,,,,,,,,,,,,,,,,,
80,nan,,,,,,,,,,Netherlands,,,,,100,20000,,,,,,25,,,,,,,,,,,,,,,,,,,,,,,,,,,,,,,
80,nan,,,,,,,,,,Netherlands,,,,,100,20000,,,,,,25,,,,,,,,,,,,,,,,,,,,,,,,,,,,,,,
80,nan,,,,,,,,,,Netherlands,,,,,100,20000,,,,,,25,,,,,,,,,,,,,,,,,,,,,,,,,,,,,,,
80,nan,,,,,,,,,,Netherlands,,,,,100,20000,,,,,,25,,,,,,,,,,,,,,,,,,,,,,,,,,,,,,,
80,nan,,,,,,,,,,Netherlands,,,,,100,20000,,,,,,25,,,,,,,,,,,,,,,,,,,,,,,,,,,,,,,
80,nan,,,,,,,,,,Netherlands,,,,,100,20000,,,,,,25,,,,,,,,,,,,,,,,,,,,,,,,,,,,,,,
80,nan,,,,,,,,,,Netherlands,,,,,100,20000,,,,,,25,,,,,,,,,,,,,,,,,,,,,,,,,,,,,,,
80,nan,,,,,,,,,,Netherlands,,,,,100,20000,,,,,,25,,,,,,,,,,,,,,,,,,,,,,,,,,,,,,,
80,nan,,,,,,,,,,Netherlands,,,,,100,20000,,,,,,25,,,,,,,,,,,,,,,,,,,,,,,,,,,,,,,
80,nan,,,,,,,,,,Netherlands,,,,,100,20000,,,,,,25,,,,,,,,,,,,,,,,,,,,,,,,,,,,,,,
80,nan,,,,,,,,,,Netherlands,,,,,100,20000,,,,,,25,,,,,,,,,,,,,,,,,,,,,,,,,,,,,,,
80,nan,,,,,,,,,,Netherlands,,,,,100,20000,,,,,,25,,,,,,,,,,,,,,,,,,,,,,,,,,,,,,,
80,nan,,,,,,,,,,Netherlands,,,,,100,20000,,,,,,25,,,,,,,,,,,,,,,,,,,,,,,,,,,,,,,
80,nan,,,,,,,,,,Netherlands,,,,,100,20000,,,,,,25,,,,,,,,,,,,,,,,,,,,,,,,,,,,,,,
80,nan,,,,,,,,,,Netherlands,,,,,100,20000,,,,,,25,,,,,,,,,,,,,,,,,,,,,,,,,,,,,,,
80,nan,,,,,,,,,,Netherlands,,,,,100,20000,,,,,,25,,,,,,,,,,,,,,,,,,,,,,,,,,,,,,,
80,nan,,,,,,,,,,Netherlands,,,,,100,20000,,,,,,25,,,,,,,,,,,,,,,,,,,,,,,,,,,,,,,
80,nan,,,,,,,,,,Netherlands,,,,,100,20000,,,,,,25,,,,,,,,,,,,,,,,,,,,,,,,,,,,,,,
80,nan,,,,,,,,,,Netherlands,,,,,100,20000,,,,,,25,,,,,,,,,,,,,,,,,,,,,,,,,,,,,,,
80,nan,,,,,,,,,,Netherlands,,,,,100,20000,,,,,,25,,,,,,,,,,,,,,,,,,,,,,,,,,,,,,,
80,nan,,,,,,,,,,Netherlands,,,,,100,20000,,,,,,25,,,,,,,,,,,,,,,,,,,,,,,,,,,,,,,
80,nan,,,,,,,,,,Netherlands,,,,,100,20000,,,,,,25,,,,,,,,,,,,,,,,,,,,,,,,,,,,,,,
81,nan,,,,,,,,,,India,,,,,100,20000,,,,,,25,,,,,,,,,,,,,,,,,,,,,,,,,,,,,,,
81,nan,,,,,,,,,,India,,,,,100,20000,,,,,,25,,,,,,,,,,,,,,,,,,,,,,,,,,,,,,,
81,nan,,,,,,,,,,India,,,,,100,20000,,,,,,25,,,,,,,,,,,,,,,,,,,,,,,,,,,,,,,
81,nan,,,,,,,,,,India,,,,,100,20000,,,,,,25,,,,,,,,,,,,,,,,,,,,,,,,,,,,,,,
81,nan,,,,,,,,,,India,,,,,100,20000,,,,,,25,,,,,,,,,,,,,,,,,,,,,,,,,,,,,,,
81,nan,,,,,,,,,,India,,,,,100,20000,,,,,,25,,,,,,,,,,,,,,,,,,,,,,,,,,,,,,,
81,nan,,,,,,,,,,India,,,,,100,20000,,,,,,25,,,,,,,,,,,,,,,,,,,,,,,,,,,,,,,
81,nan,,,,,,,,,,India,,,,,100,20000,,,,,,25,,,,,,,,,,,,,,,,,,,,,,,,,,,,,,,
81,nan,,,,,,,,,,India,,,,,100,20000,,,,,,25,,,,,,,,,,,,,,,,,,,,,,,,,,,,,,,
81,nan,,,,,,,,,,India,,,,,100,20000,,,,,,25,,,,,,,,,,,,,,,,,,,,,,,,,,,,,,,
81,nan,,,,,,,,,,India,,,,,100,20000,,,,,,25,,,,,,,,,,,,,,,,,,,,,,,,,,,,,,,
81,nan,,,,,,,,,,India,,,,,100,20000,,,,,,25,,,,,,,,,,,,,,,,,,,,,,,,,,,,,,,
81,nan,,,,,,,,,,India,,,,,100,20000,,,,,,25,,,,,,,,,,,,,,,,,,,,,,,,,,,,,,,
81,nan,,,,,,,,,,India,,,,,100,20000,,,,,,25,,,,,,,,,,,,,,,,,,,,,,,,,,,,,,,
81,nan,,,,,,,,,,India,,,,,100,20000,,,,,,25,,,,,,,,,,,,,,,,,,,,,,,,,,,,,,,
81,nan,,,,,,,,,,India,,,,,100,20000,,,,,,25,,,,,,,,,,,,,,,,,,,,,,,,,,,,,,,
81,nan,,,,,,,,,,India,,,,,100,20000,,,,,,25,,,,,,,,,,,,,,,,,,,,,,,,,,,,,,,
81,nan,,,,,,,,,,India,,,,,100,20000,,,,,,25,,,,,,,,,,,,,,,,,,,,,,,,,,,,,,,
81,nan,,,,,,,,,,India,,,,,100,20000,,,,,,25,,,,,,,,,,,,,,,,,,,,,,,,,,,,,,,
81,nan,,,,,,,,,,India,,,,,100,20000,,,,,,25,,,,,,,,,,,,,,,,,,,,,,,,,,,,,,,
81,nan,,,,,,,,,,India,,,,,100,20000,,,,,,25,,,,,,,,,,,,,,,,,,,,,,,,,,,,,,,
81,nan,,,,,,,,,,India,,,,,100,20000,,,,,,25,,,,,,,,,,,,,,,,,,,,,,,,,,,,,,,
81,nan,,,,,,,,,,India,,,,,100,20000,,,,,,25,,,,,,,,,,,,,,,,,,,,,,,,,,,,,,,
81,nan,,,,,,,,,,India,,,,,100,20000,,,,,,25,,,,,,,,,,,,,,,,,,,,,,,,,,,,,,,
81,nan,,,,,,,,,,India,,,,,100,20000,,,,,,25,,,,,,,,,,,,,,,,,,,,,,,,,,,,,,,
82,nan,,,,,,,,,,Netherlands,,,,,100,20000,,,,,,25,,,,,,,,,,,,,,,,,,,,,,,,,,,,,,,
82,nan,,,,,,,,,,Netherlands,,,,,100,20000,,,,,,25,,,,,,,,,,,,,,,,,,,,,,,,,,,,,,,
82,nan,,,,,,,,,,Netherlands,,,,,100,20000,,,,,,25,,,,,,,,,,,,,,,,,,,,,,,,,,,,,,,
82,nan,,,,,,,,,,Netherlands,,,,,100,20000,,,,,,25,,,,,,,,,,,,,,,,,,,,,,,,,,,,,,,
82,nan,,,,,,,,,,Netherlands,,,,,100,20000,,,,,,25,,,,,,,,,,,,,,,,,,,,,,,,,,,,,,,
82,nan,,,,,,,,,,Netherlands,,,,,100,20000,,,,,,25,,,,,,,,,,,,,,,,,,,,,,,,,,,,,,,
82,nan,,,,,,,,,,Netherlands,,,,,100,20000,,,,,,25,,,,,,,,,,,,,,,,,,,,,,,,,,,,,,,
82,nan,,,,,,,,,,Netherlands,,,,,100,20000,,,,,,25,,,,,,,,,,,,,,,,,,,,,,,,,,,,,,,
82,nan,,,,,,,,,,Netherlands,,,,,100,20000,,,,,,25,,,,,,,,,,,,,,,,,,,,,,,,,,,,,,,
82,nan,,,,,,,,,,Netherlands,,,,,100,20000,,,,,,25,,,,,,,,,,,,,,,,,,,,,,,,,,,,,,,
82,nan,,,,,,,,,,Netherlands,,,,,100,20000,,,,,,25,,,,,,,,,,,,,,,,,,,,,,,,,,,,,,,
82,nan,,,,,,,,,,Netherlands,,,,,100,20000,,,,,,25,,,,,,,,,,,,,,,,,,,,,,,,,,,,,,,
82,nan,,,,,,,,,,Netherlands,,,,,100,20000,,,,,,25,,,,,,,,,,,,,,,,,,,,,,,,,,,,,,,
82,nan,,,,,,,,,,Netherlands,,,,,100,20000,,,,,,25,,,,,,,,,,,,,,,,,,,,,,,,,,,,,,,
82,nan,,,,,,,,,,Netherlands,,,,,100,20000,,,,,,25,,,,,,,,,,,,,,,,,,,,,,,,,,,,,,,
82,nan,,,,,,,,,,Netherlands,,,,,100,20000,,,,,,25,,,,,,,,,,,,,,,,,,,,,,,,,,,,,,,
82,nan,,,,,,,,,,Netherlands,,,,,100,20000,,,,,,25,,,,,,,,,,,,,,,,,,,,,,,,,,,,,,,
82,nan,,,,,,,,,,Netherlands,,,,,100,20000,,,,,,25,,,,,,,,,,,,,,,,,,,,,,,,,,,,,,,
82,nan,,,,,,,,,,Netherlands,,,,,100,20000,,,,,,25,,,,,,,,,,,,,,,,,,,,,,,,,,,,,,,
82,nan,,,,,,,,,,Netherlands,,,,,100,20000,,,,,,25,,,,,,,,,,,,,,,,,,,,,,,,,,,,,,,
82,nan,,,,,,,,,,Netherlands,,,,,100,20000,,,,,,25,,,,,,,,,,,,,,,,,,,,,,,,,,,,,,,
82,nan,,,,,,,,,,Netherlands,,,,,100,20000,,,,,,25,,,,,,,,,,,,,,,,,,,,,,,,,,,,,,,
82,nan,,,,,,,,,,Netherlands,,,,,100,20000,,,,,,25,,,,,,,,,,,,,,,,,,,,,,,,,,,,,,,
82,nan,,,,,,,,,,Netherlands,,,,,100,20000,,,,,,25,,,,,,,,,,,,,,,,,,,,,,,,,,,,,,,
82,nan,,,,,,,,,,Netherlands,,,,,100,20000,,,,,,25,,,,,,,,,,,,,,,,,,,,,,,,,,,,,,,
83,nan,,,,,,,,,,Israel,,,,,100,20000,,,,,,25,,,,,,,,,,,,,,,,,,,,,,,,,,,,,,,
83,nan,,,,,,,,,,Israel,,,,,100,20000,,,,,,25,,,,,,,,,,,,,,,,,,,,,,,,,,,,,,,
83,nan,,,,,,,,,,Israel,,,,,100,20000,,,,,,25,,,,,,,,,,,,,,,,,,,,,,,,,,,,,,,
83,nan,,,,,,,,,,Israel,,,,,100,20000,,,,,,25,,,,,,,,,,,,,,,,,,,,,,,,,,,,,,,
83,nan,,,,,,,,,,Israel,,,,,100,20000,,,,,,25,,,,,,,,,,,,,,,,,,,,,,,,,,,,,,,
83,nan,,,,,,,,,,Israel,,,,,100,20000,,,,,,25,,,,,,,,,,,,,,,,,,,,,,,,,,,,,,,
83,nan,,,,,,,,,,Israel,,,,,100,20000,,,,,,25,,,,,,,,,,,,,,,,,,,,,,,,,,,,,,,
83,nan,,,,,,,,,,Israel,,,,,100,20000,,,,,,25,,,,,,,,,,,,,,,,,,,,,,,,,,,,,,,
83,nan,,,,,,,,,,Israel,,,,,100,20000,,,,,,25,,,,,,,,,,,,,,,,,,,,,,,,,,,,,,,
83,nan,,,,,,,,,,Israel,,,,,100,20000,,,,,,25,,,,,,,,,,,,,,,,,,,,,,,,,,,,,,,
83,nan,,,,,,,,,,Israel,,,,,100,20000,,,,,,25,,,,,,,,,,,,,,,,,,,,,,,,,,,,,,,
83,nan,,,,,,,,,,Israel,,,,,100,20000,,,,,,25,,,,,,,,,,,,,,,,,,,,,,,,,,,,,,,
83,nan,,,,,,,,,,Israel,,,,,100,20000,,,,,,25,,,,,,,,,,,,,,,,,,,,,,,,,,,,,,,
83,nan,,,,,,,,,,Israel,,,,,100,20000,,,,,,25,,,,,,,,,,,,,,,,,,,,,,,,,,,,,,,
83,nan,,,,,,,,,,Israel,,,,,100,20000,,,,,,25,,,,,,,,,,,,,,,,,,,,,,,,,,,,,,,
83,nan,,,,,,,,,,Israel,,,,,100,20000,,,,,,25,,,,,,,,,,,,,,,,,,,,,,,,,,,,,,,
83,nan,,,,,,,,,,Israel,,,,,100,20000,,,,,,25,,,,,,,,,,,,,,,,,,,,,,,,,,,,,,,
83,nan,,,,,,,,,,Israel,,,,,100,20000,,,,,,25,,,,,,,,,,,,,,,,,,,,,,,,,,,,,,,
83,nan,,,,,,,,,,Israel,,,,,100,20000,,,,,,25,,,,,,,,,,,,,,,,,,,,,,,,,,,,,,,
83,nan,,,,,,,,,,Israel,,,,,100,20000,,,,,,25,,,,,,,,,,,,,,,,,,,,,,,,,,,,,,,
83,nan,,,,,,,,,,Israel,,,,,100,20000,,,,,,25,,,,,,,,,,,,,,,,,,,,,,,,,,,,,,,
83,nan,,,,,,,,,,Israel,,,,,100,20000,,,,,,25,,,,,,,,,,,,,,,,,,,,,,,,,,,,,,,
83,nan,,,,,,,,,,Israel,,,,,100,20000,,,,,,25,,,,,,,,,,,,,,,,,,,,,,,,,,,,,,,
83,nan,,,,,,,,,,Israel,,,,,100,20000,,,,,,25,,,,,,,,,,,,,,,,,,,,,,,,,,,,,,,
83,nan,,,,,,,,,,Israel,,,,,100,20000,,,,,,25,,,,,,,,,,,,,,,,,,,,,,,,,,,,,,,
84,nan,,,,,,,,,,Japan,,,,,100,20000,,,,,,25,,,,,,,,,,,,,,,,,,,,,,,,,,,,,,,
84,nan,,,,,,,,,,Japan,,,,,100,20000,,,,,,25,,,,,,,,,,,,,,,,,,,,,,,,,,,,,,,
84,nan,,,,,,,,,,Japan,,,,,100,20000,,,,,,25,,,,,,,,,,,,,,,,,,,,,,,,,,,,,,,
84,nan,,,,,,,,,,Japan,,,,,100,20000,,,,,,25,,,,,,,,,,,,,,,,,,,,,,,,,,,,,,,
84,nan,,,,,,,,,,Japan,,,,,100,20000,,,,,,25,,,,,,,,,,,,,,,,,,,,,,,,,,,,,,,
84,nan,,,,,,,,,,Japan,,,,,100,20000,,,,,,25,,,,,,,,,,,,,,,,,,,,,,,,,,,,,,,
84,nan,,,,,,,,,,Japan,,,,,100,20000,,,,,,25,,,,,,,,,,,,,,,,,,,,,,,,,,,,,,,
84,nan,,,,,,,,,,Japan,,,,,100,20000,,,,,,25,,,,,,,,,,,,,,,,,,,,,,,,,,,,,,,
84,nan,,,,,,,,,,Japan,,,,,100,20000,,,,,,25,,,,,,,,,,,,,,,,,,,,,,,,,,,,,,,
84,nan,,,,,,,,,,Japan,,,,,100,20000,,,,,,25,,,,,,,,,,,,,,,,,,,,,,,,,,,,,,,
84,nan,,,,,,,,,,Japan,,,,,100,20000,,,,,,25,,,,,,,,,,,,,,,,,,,,,,,,,,,,,,,
84,nan,,,,,,,,,,Japan,,,,,100,20000,,,,,,25,,,,,,,,,,,,,,,,,,,,,,,,,,,,,,,
84,nan,,,,,,,,,,Japan,,,,,100,20000,,,,,,25,,,,,,,,,,,,,,,,,,,,,,,,,,,,,,,
84,nan,,,,,,,,,,Japan,,,,,100,20000,,,,,,25,,,,,,,,,,,,,,,,,,,,,,,,,,,,,,,
84,nan,,,,,,,,,,Japan,,,,,100,20000,,,,,,25,,,,,,,,,,,,,,,,,,,,,,,,,,,,,,,
84,nan,,,,,,,,,,Japan,,,,,100,20000,,,,,,25,,,,,,,,,,,,,,,,,,,,,,,,,,,,,,,
84,nan,,,,,,,,,,Japan,,,,,100,20000,,,,,,25,,,,,,,,,,,,,,,,,,,,,,,,,,,,,,,
84,nan,,,,,,,,,,Japan,,,,,100,20000,,,,,,25,,,,,,,,,,,,,,,,,,,,,,,,,,,,,,,
84,nan,,,,,,,,,,Japan,,,,,100,20000,,,,,,25,,,,,,,,,,,,,,,,,,,,,,,,,,,,,,,
84,nan,,,,,,,,,,Japan,,,,,100,20000,,,,,,25,,,,,,,,,,,,,,,,,,,,,,,,,,,,,,,
84,nan,,,,,,,,,,Japan,,,,,100,20000,,,,,,25,,,,,,,,,,,,,,,,,,,,,,,,,,,,,,,
84,nan,,,,,,,,,,Japan,,,,,100,20000,,,,,,25,,,,,,,,,,,,,,,,,,,,,,,,,,,,,,,
84,nan,,,,,,,,,,Japan,,,,,100,20000,,,,,,25,,,,,,,,,,,,,,,,,,,,,,,,,,,,,,,
84,nan,,,,,,,,,,Japan,,,,,100,20000,,,,,,25,,,,,,,,,,,,,,,,,,,,,,,,,,,,,,,
84,nan,,,,,,,,,,Japan,,,,,100,20000,,,,,,25,,,,,,,,,,,,,,,,,,,,,,,,,,,,,,,
85,nan,,,,,,,,,,New Zealand,,,,,100,20000,,,,,,25,,,,,,,,,,,,,,,,,,,,,,,,,,,,,,,
85,nan,,,,,,,,,,New Zealand,,,,,100,20000,,,,,,25,,,,,,,,,,,,,,,,,,,,,,,,,,,,,,,
85,nan,,,,,,,,,,New Zealand,,,,,100,20000,,,,,,25,,,,,,,,,,,,,,,,,,,,,,,,,,,,,,,
85,nan,,,,,,,,,,New Zealand,,,,,100,20000,,,,,,25,,,,,,,,,,,,,,,,,,,,,,,,,,,,,,,
85,nan,,,,,,,,,,New Zealand,,,,,100,20000,,,,,,25,,,,,,,,,,,,,,,,,,,,,,,,,,,,,,,
85,nan,,,,,,,,,,New Zealand,,,,,100,20000,,,,,,25,,,,,,,,,,,,,,,,,,,,,,,,,,,,,,,
85,nan,,,,,,,,,,New Zealand,,,,,100,20000,,,,,,25,,,,,,,,,,,,,,,,,,,,,,,,,,,,,,,
85,nan,,,,,,,,,,New Zealand,,,,,100,20000,,,,,,25,,,,,,,,,,,,,,,,,,,,,,,,,,,,,,,
85,nan,,,,,,,,,,New Zealand,,,,,100,20000,,,,,,25,,,,,,,,,,,,,,,,,,,,,,,,,,,,,,,
85,nan,,,,,,,,,,New Zealand,,,,,100,20000,,,,,,25,,,,,,,,,,,,,,,,,,,,,,,,,,,,,,,
85,nan,,,,,,,,,,New Zealand,,,,,100,20000,,,,,,25,,,,,,,,,,,,,,,,,,,,,,,,,,,,,,,
85,nan,,,,,,,,,,New Zealand,,,,,100,20000,,,,,,25,,,,,,,,,,,,,,,,,,,,,,,,,,,,,,,
85,nan,,,,,,,,,,New Zealand,,,,,100,20000,,,,,,25,,,,,,,,,,,,,,,,,,,,,,,,,,,,,,,
85,nan,,,,,,,,,,New Zealand,,,,,100,20000,,,,,,25,,,,,,,,,,,,,,,,,,,,,,,,,,,,,,,
85,nan,,,,,,,,,,New Zealand,,,,,100,20000,,,,,,25,,,,,,,,,,,,,,,,,,,,,,,,,,,,,,,
85,nan,,,,,,,,,,New Zealand,,,,,100,20000,,,,,,25,,,,,,,,,,,,,,,,,,,,,,,,,,,,,,,
85,nan,,,,,,,,,,New Zealand,,,,,100,20000,,,,,,25,,,,,,,,,,,,,,,,,,,,,,,,,,,,,,,
85,nan,,,,,,,,,,New Zealand,,,,,100,20000,,,,,,25,,,,,,,,,,,,,,,,,,,,,,,,,,,,,,,
85,nan,,,,,,,,,,New Zealand,,,,,100,20000,,,,,,25,,,,,,,,,,,,,,,,,,,,,,,,,,,,,,,
85,nan,,,,,,,,,,New Zealand,,,,,100,20000,,,,,,25,,,,,,,,,,,,,,,,,,,,,,,,,,,,,,,
85,nan,,,,,,,,,,New Zealand,,,,,100,20000,,,,,,25,,,,,,,,,,,,,,,,,,,,,,,,,,,,,,,
85,nan,,,,,,,,,,New Zealand,,,,,100,20000,,,,,,25,,,,,,,,,,,,,,,,,,,,,,,,,,,,,,,
85,nan,,,,,,,,,,New Zealand,,,,,100,20000,,,,,,25,,,,,,,,,,,,,,,,,,,,,,,,,,,,,,,
85,nan,,,,,,,,,,New Zealand,,,,,100,20000,,,,,,25,,,,,,,,,,,,,,,,,,,,,,,,,,,,,,,
85,nan,,,,,,,,,,New Zealand,,,,,100,20000,,,,,,25,,,,,,,,,,,,,,,,,,,,,,,,,,,,,,,
86,nan,,,,,,,,,,Mexico,,,,,100,20000,,,,,,25,,,,,,,,,,,,,,,,,,,,,,,,,,,,,,,
86,nan,,,,,,,,,,Mexico,,,,,100,20000,,,,,,25,,,,,,,,,,,,,,,,,,,,,,,,,,,,,,,
86,nan,,,,,,,,,,Mexico,,,,,100,20000,,,,,,25,,,,,,,,,,,,,,,,,,,,,,,,,,,,,,,
86,nan,,,,,,,,,,Mexico,,,,,100,20000,,,,,,25,,,,,,,,,,,,,,,,,,,,,,,,,,,,,,,
86,nan,,,,,,,,,,Mexico,,,,,100,20000,,,,,,25,,,,,,,,,,,,,,,,,,,,,,,,,,,,,,,
86,nan,,,,,,,,,,Mexico,,,,,100,20000,,,,,,25,,,,,,,,,,,,,,,,,,,,,,,,,,,,,,,
86,nan,,,,,,,,,,Mexico,,,,,100,20000,,,,,,25,,,,,,,,,,,,,,,,,,,,,,,,,,,,,,,
86,nan,,,,,,,,,,Mexico,,,,,100,20000,,,,,,25,,,,,,,,,,,,,,,,,,,,,,,,,,,,,,,
86,nan,,,,,,,,,,Mexico,,,,,100,20000,,,,,,25,,,,,,,,,,,,,,,,,,,,,,,,,,,,,,,
86,nan,,,,,,,,,,Mexico,,,,,100,20000,,,,,,25,,,,,,,,,,,,,,,,,,,,,,,,,,,,,,,
86,nan,,,,,,,,,,Mexico,,,,,100,20000,,,,,,25,,,,,,,,,,,,,,,,,,,,,,,,,,,,,,,
86,nan,,,,,,,,,,Mexico,,,,,100,20000,,,,,,25,,,,,,,,,,,,,,,,,,,,,,,,,,,,,,,
86,nan,,,,,,,,,,Mexico,,,,,100,20000,,,,,,25,,,,,,,,,,,,,,,,,,,,,,,,,,,,,,,
86,nan,,,,,,,,,,Mexico,,,,,100,20000,,,,,,25,,,,,,,,,,,,,,,,,,,,,,,,,,,,,,,
86,nan,,,,,,,,,,Mexico,,,,,100,20000,,,,,,25,,,,,,,,,,,,,,,,,,,,,,,,,,,,,,,
86,nan,,,,,,,,,,Mexico,,,,,100,20000,,,,,,25,,,,,,,,,,,,,,,,,,,,,,,,,,,,,,,
86,nan,,,,,,,,,,Mexico,,,,,100,20000,,,,,,25,,,,,,,,,,,,,,,,,,,,,,,,,,,,,,,
86,nan,,,,,,,,,,Mexico,,,,,100,20000,,,,,,25,,,,,,,,,,,,,,,,,,,,,,,,,,,,,,,
86,nan,,,,,,,,,,Mexico,,,,,100,20000,,,,,,25,,,,,,,,,,,,,,,,,,,,,,,,,,,,,,,
86,nan,,,,,,,,,,Mexico,,,,,100,20000,,,,,,25,,,,,,,,,,,,,,,,,,,,,,,,,,,,,,,
86,nan,,,,,,,,,,Mexico,,,,,100,20000,,,,,,25,,,,,,,,,,,,,,,,,,,,,,,,,,,,,,,
86,nan,,,,,,,,,,Mexico,,,,,100,20000,,,,,,25,,,,,,,,,,,,,,,,,,,,,,,,,,,,,,,
86,nan,,,,,,,,,,Mexico,,,,,100,20000,,,,,,25,,,,,,,,,,,,,,,,,,,,,,,,,,,,,,,
86,nan,,,,,,,,,,Mexico,,,,,100,20000,,,,,,25,,,,,,,,,,,,,,,,,,,,,,,,,,,,,,,
86,nan,,,,,,,,,,Mexico,,,,,100,20000,,,,,,25,,,,,,,,,,,,,,,,,,,,,,,,,,,,,,,
87,nan,,,,,,,,,,India,,,,,100,20000,,,,,,25,,,,,,,,,,,,,,,,,,,,,,,,,,,,,,,
87,nan,,,,,,,,,,India,,,,,100,20000,,,,,,25,,,,,,,,,,,,,,,,,,,,,,,,,,,,,,,
87,nan,,,,,,,,,,India,,,,,100,20000,,,,,,25,,,,,,,,,,,,,,,,,,,,,,,,,,,,,,,
87,nan,,,,,,,,,,India,,,,,100,20000,,,,,,25,,,,,,,,,,,,,,,,,,,,,,,,,,,,,,,
87,nan,,,,,,,,,,India,,,,,100,20000,,,,,,25,,,,,,,,,,,,,,,,,,,,,,,,,,,,,,,
87,nan,,,,,,,,,,India,,,,,100,20000,,,,,,25,,,,,,,,,,,,,,,,,,,,,,,,,,,,,,,
87,nan,,,,,,,,,,India,,,,,100,20000,,,,,,25,,,,,,,,,,,,,,,,,,,,,,,,,,,,,,,
87,nan,,,,,,,,,,India,,,,,100,20000,,,,,,25,,,,,,,,,,,,,,,,,,,,,,,,,,,,,,,
87,nan,,,,,,,,,,India,,,,,100,20000,,,,,,25,,,,,,,,,,,,,,,,,,,,,,,,,,,,,,,
87,nan,,,,,,,,,,India,,,,,100,20000,,,,,,25,,,,,,,,,,,,,,,,,,,,,,,,,,,,,,,
87,nan,,,,,,,,,,India,,,,,100,20000,,,,,,25,,,,,,,,,,,,,,,,,,,,,,,,,,,,,,,
87,nan,,,,,,,,,,India,,,,,100,20000,,,,,,25,,,,,,,,,,,,,,,,,,,,,,,,,,,,,,,
87,nan,,,,,,,,,,India,,,,,100,20000,,,,,,25,,,,,,,,,,,,,,,,,,,,,,,,,,,,,,,
87,nan,,,,,,,,,,India,,,,,100,20000,,,,,,25,,,,,,,,,,,,,,,,,,,,,,,,,,,,,,,
87,nan,,,,,,,,,,India,,,,,100,20000,,,,,,25,,,,,,,,,,,,,,,,,,,,,,,,,,,,,,,
87,nan,,,,,,,,,,India,,,,,100,20000,,,,,,25,,,,,,,,,,,,,,,,,,,,,,,,,,,,,,,
87,nan,,,,,,,,,,India,,,,,100,20000,,,,,,25,,,,,,,,,,,,,,,,,,,,,,,,,,,,,,,
87,nan,,,,,,,,,,India,,,,,100,20000,,,,,,25,,,,,,,,,,,,,,,,,,,,,,,,,,,,,,,
87,nan,,,,,,,,,,India,,,,,100,20000,,,,,,25,,,,,,,,,,,,,,,,,,,,,,,,,,,,,,,
87,nan,,,,,,,,,,India,,,,,100,20000,,,,,,25,,,,,,,,,,,,,,,,,,,,,,,,,,,,,,,
87,nan,,,,,,,,,,India,,,,,100,20000,,,,,,25,,,,,,,,,,,,,,,,,,,,,,,,,,,,,,,
87,nan,,,,,,,,,,India,,,,,100,20000,,,,,,25,,,,,,,,,,,,,,,,,,,,,,,,,,,,,,,
87,nan,,,,,,,,,,India,,,,,100,20000,,,,,,25,,,,,,,,,,,,,,,,,,,,,,,,,,,,,,,
87,nan,,,,,,,,,,India,,,,,100,20000,,,,,,25,,,,,,,,,,,,,,,,,,,,,,,,,,,,,,,
87,nan,,,,,,,,,,India,,,,,100,20000,,,,,,25,,,,,,,,,,,,,,,,,,,,,,,,,,,,,,,
88,nan,,,,,,,,,,Netherlands,,,,,100,20000,,,,,,25,,,,,,,,,,,,,,,,,,,,,,,,,,,,,,,
88,nan,,,,,,,,,,Netherlands,,,,,100,20000,,,,,,25,,,,,,,,,,,,,,,,,,,,,,,,,,,,,,,
88,nan,,,,,,,,,,Netherlands,,,,,100,20000,,,,,,25,,,,,,,,,,,,,,,,,,,,,,,,,,,,,,,
88,nan,,,,,,,,,,Netherlands,,,,,100,20000,,,,,,25,,,,,,,,,,,,,,,,,,,,,,,,,,,,,,,
88,nan,,,,,,,,,,Netherlands,,,,,100,20000,,,,,,25,,,,,,,,,,,,,,,,,,,,,,,,,,,,,,,
88,nan,,,,,,,,,,Netherlands,,,,,100,20000,,,,,,25,,,,,,,,,,,,,,,,,,,,,,,,,,,,,,,
88,nan,,,,,,,,,,Netherlands,,,,,100,20000,,,,,,25,,,,,,,,,,,,,,,,,,,,,,,,,,,,,,,
88,nan,,,,,,,,,,Netherlands,,,,,100,20000,,,,,,25,,,,,,,,,,,,,,,,,,,,,,,,,,,,,,,
88,nan,,,,,,,,,,Netherlands,,,,,100,20000,,,,,,25,,,,,,,,,,,,,,,,,,,,,,,,,,,,,,,
88,nan,,,,,,,,,,Netherlands,,,,,100,20000,,,,,,25,,,,,,,,,,,,,,,,,,,,,,,,,,,,,,,
88,nan,,,,,,,,,,Netherlands,,,,,100,20000,,,,,,25,,,,,,,,,,,,,,,,,,,,,,,,,,,,,,,
88,nan,,,,,,,,,,Netherlands,,,,,100,20000,,,,,,25,,,,,,,,,,,,,,,,,,,,,,,,,,,,,,,
88,nan,,,,,,,,,,Netherlands,,,,,100,20000,,,,,,25,,,,,,,,,,,,,,,,,,,,,,,,,,,,,,,
88,nan,,,,,,,,,,Netherlands,,,,,100,20000,,,,,,25,,,,,,,,,,,,,,,,,,,,,,,,,,,,,,,
88,nan,,,,,,,,,,Netherlands,,,,,100,20000,,,,,,25,,,,,,,,,,,,,,,,,,,,,,,,,,,,,,,
88,nan,,,,,,,,,,Netherlands,,,,,100,20000,,,,,,25,,,,,,,,,,,,,,,,,,,,,,,,,,,,,,,
88,nan,,,,,,,,,,Netherlands,,,,,100,20000,,,,,,25,,,,,,,,,,,,,,,,,,,,,,,,,,,,,,,
88,nan,,,,,,,,,,Netherlands,,,,,100,20000,,,,,,25,,,,,,,,,,,,,,,,,,,,,,,,,,,,,,,
88,nan,,,,,,,,,,Netherlands,,,,,100,20000,,,,,,25,,,,,,,,,,,,,,,,,,,,,,,,,,,,,,,
88,nan,,,,,,,,,,Netherlands,,,,,100,20000,,,,,,25,,,,,,,,,,,,,,,,,,,,,,,,,,,,,,,
88,nan,,,,,,,,,,Netherlands,,,,,100,20000,,,,,,25,,,,,,,,,,,,,,,,,,,,,,,,,,,,,,,
88,nan,,,,,,,,,,Netherlands,,,,,100,20000,,,,,,25,,,,,,,,,,,,,,,,,,,,,,,,,,,,,,,
88,nan,,,,,,,,,,Netherlands,,,,,100,20000,,,,,,25,,,,,,,,,,,,,,,,,,,,,,,,,,,,,,,
88,nan,,,,,,,,,,Netherlands,,,,,100,20000,,,,,,25,,,,,,,,,,,,,,,,,,,,,,,,,,,,,,,
88,nan,,,,,,,,,,Netherlands,,,,,100,20000,,,,,,25,,,,,,,,,,,,,,,,,,,,,,,,,,,,,,,
89,nan,,,,,,,,,,Netherlands,,,,,100,20000,,,,,,25,,,,,,,,,,,,,,,,,,,,,,,,,,,,,,,
89,nan,,,,,,,,,,Netherlands,,,,,100,20000,,,,,,25,,,,,,,,,,,,,,,,,,,,,,,,,,,,,,,
89,nan,,,,,,,,,,Netherlands,,,,,100,20000,,,,,,25,,,,,,,,,,,,,,,,,,,,,,,,,,,,,,,
89,nan,,,,,,,,,,Netherlands,,,,,100,20000,,,,,,25,,,,,,,,,,,,,,,,,,,,,,,,,,,,,,,
89,nan,,,,,,,,,,Netherlands,,,,,100,20000,,,,,,25,,,,,,,,,,,,,,,,,,,,,,,,,,,,,,,
89,nan,,,,,,,,,,Netherlands,,,,,100,20000,,,,,,25,,,,,,,,,,,,,,,,,,,,,,,,,,,,,,,
89,nan,,,,,,,,,,Netherlands,,,,,100,20000,,,,,,25,,,,,,,,,,,,,,,,,,,,,,,,,,,,,,,
89,nan,,,,,,,,,,Netherlands,,,,,100,20000,,,,,,25,,,,,,,,,,,,,,,,,,,,,,,,,,,,,,,
89,nan,,,,,,,,,,Netherlands,,,,,100,20000,,,,,,25,,,,,,,,,,,,,,,,,,,,,,,,,,,,,,,
89,nan,,,,,,,,,,Netherlands,,,,,100,20000,,,,,,25,,,,,,,,,,,,,,,,,,,,,,,,,,,,,,,
89,nan,,,,,,,,,,Netherlands,,,,,100,20000,,,,,,25,,,,,,,,,,,,,,,,,,,,,,,,,,,,,,,
89,nan,,,,,,,,,,Netherlands,,,,,100,20000,,,,,,25,,,,,,,,,,,,,,,,,,,,,,,,,,,,,,,
89,nan,,,,,,,,,,Netherlands,,,,,100,20000,,,,,,25,,,,,,,,,,,,,,,,,,,,,,,,,,,,,,,
89,nan,,,,,,,,,,Netherlands,,,,,100,20000,,,,,,25,,,,,,,,,,,,,,,,,,,,,,,,,,,,,,,
89,nan,,,,,,,,,,Netherlands,,,,,100,20000,,,,,,25,,,,,,,,,,,,,,,,,,,,,,,,,,,,,,,
89,nan,,,,,,,,,,Netherlands,,,,,100,20000,,,,,,25,,,,,,,,,,,,,,,,,,,,,,,,,,,,,,,
89,nan,,,,,,,,,,Netherlands,,,,,100,20000,,,,,,25,,,,,,,,,,,,,,,,,,,,,,,,,,,,,,,
89,nan,,,,,,,,,,Netherlands,,,,,100,20000,,,,,,25,,,,,,,,,,,,,,,,,,,,,,,,,,,,,,,
89,nan,,,,,,,,,,Netherlands,,,,,100,20000,,,,,,25,,,,,,,,,,,,,,,,,,,,,,,,,,,,,,,
89,nan,,,,,,,,,,Netherlands,,,,,100,20000,,,,,,25,,,,,,,,,,,,,,,,,,,,,,,,,,,,,,,
89,nan,,,,,,,,,,Netherlands,,,,,100,20000,,,,,,25,,,,,,,,,,,,,,,,,,,,,,,,,,,,,,,
89,nan,,,,,,,,,,Netherlands,,,,,100,20000,,,,,,25,,,,,,,,,,,,,,,,,,,,,,,,,,,,,,,
89,nan,,,,,,,,,,Netherlands,,,,,100,20000,,,,,,25,,,,,,,,,,,,,,,,,,,,,,,,,,,,,,,
89,nan,,,,,,,,,,Netherlands,,,,,100,20000,,,,,,25,,,,,,,,,,,,,,,,,,,,,,,,,,,,,,,
89,nan,,,,,,,,,,Netherlands,,,,,100,20000,,,,,,25,,,,,,,,,,,,,,,,,,,,,,,,,,,,,,,
90,nan,,,,,,,,,,New Zealand,,,,,100,20000,,,,,,25,,,,,,,,,,,,,,,,,,,,,,,,,,,,,,,
90,nan,,,,,,,,,,New Zealand,,,,,100,20000,,,,,,25,,,,,,,,,,,,,,,,,,,,,,,,,,,,,,,
90,nan,,,,,,,,,,New Zealand,,,,,100,20000,,,,,,25,,,,,,,,,,,,,,,,,,,,,,,,,,,,,,,
90,nan,,,,,,,,,,New Zealand,,,,,100,20000,,,,,,25,,,,,,,,,,,,,,,,,,,,,,,,,,,,,,,
90,nan,,,,,,,,,,New Zealand,,,,,100,20000,,,,,,25,,,,,,,,,,,,,,,,,,,,,,,,,,,,,,,
90,nan,,,,,,,,,,New Zealand,,,,,100,20000,,,,,,25,,,,,,,,,,,,,,,,,,,,,,,,,,,,,,,
90,nan,,,,,,,,,,New Zealand,,,,,100,20000,,,,,,25,,,,,,,,,,,,,,,,,,,,,,,,,,,,,,,
90,nan,,,,,,,,,,New Zealand,,,,,100,20000,,,,,,25,,,,,,,,,,,,,,,,,,,,,,,,,,,,,,,
90,nan,,,,,,,,,,New Zealand,,,,,100,20000,,,,,,25,,,,,,,,,,,,,,,,,,,,,,,,,,,,,,,
90,nan,,,,,,,,,,New Zealand,,,,,100,20000,,,,,,25,,,,,,,,,,,,,,,,,,,,,,,,,,,,,,,
90,nan,,,,,,,,,,New Zealand,,,,,100,20000,,,,,,25,,,,,,,,,,,,,,,,,,,,,,,,,,,,,,,
90,nan,,,,,,,,,,New Zealand,,,,,100,20000,,,,,,25,,,,,,,,,,,,,,,,,,,,,,,,,,,,,,,
90,nan,,,,,,,,,,New Zealand,,,,,100,20000,,,,,,25,,,,,,,,,,,,,,,,,,,,,,,,,,,,,,,
90,nan,,,,,,,,,,New Zealand,,,,,100,20000,,,,,,25,,,,,,,,,,,,,,,,,,,,,,,,,,,,,,,
90,nan,,,,,,,,,,New Zealand,,,,,100,20000,,,,,,25,,,,,,,,,,,,,,,,,,,,,,,,,,,,,,,
90,nan,,,,,,,,,,New Zealand,,,,,100,20000,,,,,,25,,,,,,,,,,,,,,,,,,,,,,,,,,,,,,,
90,nan,,,,,,,,,,New Zealand,,,,,100,20000,,,,,,25,,,,,,,,,,,,,,,,,,,,,,,,,,,,,,,
90,nan,,,,,,,,,,New Zealand,,,,,100,20000,,,,,,25,,,,,,,,,,,,,,,,,,,,,,,,,,,,,,,
90,nan,,,,,,,,,,New Zealand,,,,,100,20000,,,,,,25,,,,,,,,,,,,,,,,,,,,,,,,,,,,,,,
90,nan,,,,,,,,,,New Zealand,,,,,100,20000,,,,,,25,,,,,,,,,,,,,,,,,,,,,,,,,,,,,,,
90,nan,,,,,,,,,,New Zealand,,,,,100,20000,,,,,,25,,,,,,,,,,,,,,,,,,,,,,,,,,,,,,,
90,nan,,,,,,,,,,New Zealand,,,,,100,20000,,,,,,25,,,,,,,,,,,,,,,,,,,,,,,,,,,,,,,
90,nan,,,,,,,,,,New Zealand,,,,,100,20000,,,,,,25,,,,,,,,,,,,,,,,,,,,,,,,,,,,,,,
90,nan,,,,,,,,,,New Zealand,,,,,100,20000,,,,,,25,,,,,,,,,,,,,,,,,,,,,,,,,,,,,,,
90,nan,,,,,,,,,,New Zealand,,,,,100,20000,,,,,,25,,,,,,,,,,,,,,,,,,,,,,,,,,,,,,,
91,nan,,,,,,,,,,Japan,,,,,100,20000,,,,,,25,,,,,,,,,,,,,,,,,,,,,,,,,,,,,,,
91,nan,,,,,,,,,,Japan,,,,,100,20000,,,,,,25,,,,,,,,,,,,,,,,,,,,,,,,,,,,,,,
91,nan,,,,,,,,,,Japan,,,,,100,20000,,,,,,25,,,,,,,,,,,,,,,,,,,,,,,,,,,,,,,
91,nan,,,,,,,,,,Japan,,,,,100,20000,,,,,,25,,,,,,,,,,,,,,,,,,,,,,,,,,,,,,,
91,nan,,,,,,,,,,Japan,,,,,100,20000,,,,,,25,,,,,,,,,,,,,,,,,,,,,,,,,,,,,,,
91,nan,,,,,,,,,,Japan,,,,,100,20000,,,,,,25,,,,,,,,,,,,,,,,,,,,,,,,,,,,,,,
91,nan,,,,,,,,,,Japan,,,,,100,20000,,,,,,25,,,,,,,,,,,,,,,,,,,,,,,,,,,,,,,
91,nan,,,,,,,,,,Japan,,,,,100,20000,,,,,,25,,,,,,,,,,,,,,,,,,,,,,,,,,,,,,,
91,nan,,,,,,,,,,Japan,,,,,100,20000,,,,,,25,,,,,,,,,,,,,,,,,,,,,,,,,,,,,,,
91,nan,,,,,,,,,,Japan,,,,,100,20000,,,,,,25,,,,,,,,,,,,,,,,,,,,,,,,,,,,,,,
91,nan,,,,,,,,,,Japan,,,,,100,20000,,,,,,25,,,,,,,,,,,,,,,,,,,,,,,,,,,,,,,
91,nan,,,,,,,,,,Japan,,,,,100,20000,,,,,,25,,,,,,,,,,,,,,,,,,,,,,,,,,,,,,,
91,nan,,,,,,,,,,Japan,,,,,100,20000,,,,,,25,,,,,,,,,,,,,,,,,,,,,,,,,,,,,,,
91,nan,,,,,,,,,,Japan,,,,,100,20000,,,,,,25,,,,,,,,,,,,,,,,,,,,,,,,,,,,,,,
91,nan,,,,,,,,,,Japan,,,,,100,20000,,,,,,25,,,,,,,,,,,,,,,,,,,,,,,,,,,,,,,
91,nan,,,,,,,,,,Japan,,,,,100,20000,,,,,,25,,,,,,,,,,,,,,,,,,,,,,,,,,,,,,,
91,nan,,,,,,,,,,Japan,,,,,100,20000,,,,,,25,,,,,,,,,,,,,,,,,,,,,,,,,,,,,,,
91,nan,,,,,,,,,,Japan,,,,,100,20000,,,,,,25,,,,,,,,,,,,,,,,,,,,,,,,,,,,,,,
91,nan,,,,,,,,,,Japan,,,,,100,20000,,,,,,25,,,,,,,,,,,,,,,,,,,,,,,,,,,,,,,
91,nan,,,,,,,,,,Japan,,,,,100,20000,,,,,,25,,,,,,,,,,,,,,,,,,,,,,,,,,,,,,,
91,nan,,,,,,,,,,Japan,,,,,100,20000,,,,,,25,,,,,,,,,,,,,,,,,,,,,,,,,,,,,,,
91,nan,,,,,,,,,,Japan,,,,,100,20000,,,,,,25,,,,,,,,,,,,,,,,,,,,,,,,,,,,,,,
91,nan,,,,,,,,,,Japan,,,,,100,20000,,,,,,25,,,,,,,,,,,,,,,,,,,,,,,,,,,,,,,
91,nan,,,,,,,,,,Japan,,,,,100,20000,,,,,,25,,,,,,,,,,,,,,,,,,,,,,,,,,,,,,,
91,nan,,,,,,,,,,Japan,,,,,100,20000,,,,,,25,,,,,,,,,,,,,,,,,,,,,,,,,,,,,,,
92,nan,,,,,,,,,,India,,,,,100,20000,,,,,,25,,,,,,,,,,,,,,,,,,,,,,,,,,,,,,,
92,nan,,,,,,,,,,India,,,,,100,20000,,,,,,25,,,,,,,,,,,,,,,,,,,,,,,,,,,,,,,
92,nan,,,,,,,,,,India,,,,,100,20000,,,,,,25,,,,,,,,,,,,,,,,,,,,,,,,,,,,,,,
92,nan,,,,,,,,,,India,,,,,100,20000,,,,,,25,,,,,,,,,,,,,,,,,,,,,,,,,,,,,,,
92,nan,,,,,,,,,,India,,,,,100,20000,,,,,,25,,,,,,,,,,,,,,,,,,,,,,,,,,,,,,,
92,nan,,,,,,,,,,India,,,,,100,20000,,,,,,25,,,,,,,,,,,,,,,,,,,,,,,,,,,,,,,
92,nan,,,,,,,,,,India,,,,,100,20000,,,,,,25,,,,,,,,,,,,,,,,,,,,,,,,,,,,,,,
92,nan,,,,,,,,,,India,,,,,100,20000,,,,,,25,,,,,,,,,,,,,,,,,,,,,,,,,,,,,,,
92,nan,,,,,,,,,,India,,,,,100,20000,,,,,,25,,,,,,,,,,,,,,,,,,,,,,,,,,,,,,,
92,nan,,,,,,,,,,India,,,,,100,20000,,,,,,25,,,,,,,,,,,,,,,,,,,,,,,,,,,,,,,
92,nan,,,,,,,,,,India,,,,,100,20000,,,,,,25,,,,,,,,,,,,,,,,,,,,,,,,,,,,,,,
92,nan,,,,,,,,,,India,,,,,100,20000,,,,,,25,,,,,,,,,,,,,,,,,,,,,,,,,,,,,,,
92,nan,,,,,,,,,,India,,,,,100,20000,,,,,,25,,,,,,,,,,,,,,,,,,,,,,,,,,,,,,,
92,nan,,,,,,,,,,India,,,,,100,20000,,,,,,25,,,,,,,,,,,,,,,,,,,,,,,,,,,,,,,
92,nan,,,,,,,,,,India,,,,,100,20000,,,,,,25,,,,,,,,,,,,,,,,,,,,,,,,,,,,,,,
92,nan,,,,,,,,,,India,,,,,100,20000,,,,,,25,,,,,,,,,,,,,,,,,,,,,,,,,,,,,,,
92,nan,,,,,,,,,,India,,,,,100,20000,,,,,,25,,,,,,,,,,,,,,,,,,,,,,,,,,,,,,,
92,nan,,,,,,,,,,India,,,,,100,20000,,,,,,25,,,,,,,,,,,,,,,,,,,,,,,,,,,,,,,
92,nan,,,,,,,,,,India,,,,,100,20000,,,,,,25,,,,,,,,,,,,,,,,,,,,,,,,,,,,,,,
92,nan,,,,,,,,,,India,,,,,100,20000,,,,,,25,,,,,,,,,,,,,,,,,,,,,,,,,,,,,,,
92,nan,,,,,,,,,,India,,,,,100,20000,,,,,,25,,,,,,,,,,,,,,,,,,,,,,,,,,,,,,,
92,nan,,,,,,,,,,India,,,,,100,20000,,,,,,25,,,,,,,,,,,,,,,,,,,,,,,,,,,,,,,
92,nan,,,,,,,,,,India,,,,,100,20000,,,,,,25,,,,,,,,,,,,,,,,,,,,,,,,,,,,,,,
92,nan,,,,,,,,,,India,,,,,100,20000,,,,,,25,,,,,,,,,,,,,,,,,,,,,,,,,,,,,,,
92,nan,,,,,,,,,,India,,,,,100,20000,,,,,,25,,,,,,,,,,,,,,,,,,,,,,,,,,,,,,,
93,nan,,,,,,,,,,Japan,,,,,100,20000,,,,,,25,,,,,,,,,,,,,,,,,,,,,,,,,,,,,,,
93,nan,,,,,,,,,,Japan,,,,,100,20000,,,,,,25,,,,,,,,,,,,,,,,,,,,,,,,,,,,,,,
93,nan,,,,,,,,,,Japan,,,,,100,20000,,,,,,25,,,,,,,,,,,,,,,,,,,,,,,,,,,,,,,
93,nan,,,,,,,,,,Japan,,,,,100,20000,,,,,,25,,,,,,,,,,,,,,,,,,,,,,,,,,,,,,,
93,nan,,,,,,,,,,Japan,,,,,100,20000,,,,,,25,,,,,,,,,,,,,,,,,,,,,,,,,,,,,,,
93,nan,,,,,,,,,,Japan,,,,,100,20000,,,,,,25,,,,,,,,,,,,,,,,,,,,,,,,,,,,,,,
93,nan,,,,,,,,,,Japan,,,,,100,20000,,,,,,25,,,,,,,,,,,,,,,,,,,,,,,,,,,,,,,
93,nan,,,,,,,,,,Japan,,,,,100,20000,,,,,,25,,,,,,,,,,,,,,,,,,,,,,,,,,,,,,,
93,nan,,,,,,,,,,Japan,,,,,100,20000,,,,,,25,,,,,,,,,,,,,,,,,,,,,,,,,,,,,,,
93,nan,,,,,,,,,,Japan,,,,,100,20000,,,,,,25,,,,,,,,,,,,,,,,,,,,,,,,,,,,,,,
93,nan,,,,,,,,,,Japan,,,,,100,20000,,,,,,25,,,,,,,,,,,,,,,,,,,,,,,,,,,,,,,
93,nan,,,,,,,,,,Japan,,,,,100,20000,,,,,,25,,,,,,,,,,,,,,,,,,,,,,,,,,,,,,,
93,nan,,,,,,,,,,Japan,,,,,100,20000,,,,,,25,,,,,,,,,,,,,,,,,,,,,,,,,,,,,,,
93,nan,,,,,,,,,,Japan,,,,,100,20000,,,,,,25,,,,,,,,,,,,,,,,,,,,,,,,,,,,,,,
93,nan,,,,,,,,,,Japan,,,,,100,20000,,,,,,25,,,,,,,,,,,,,,,,,,,,,,,,,,,,,,,
93,nan,,,,,,,,,,Japan,,,,,100,20000,,,,,,25,,,,,,,,,,,,,,,,,,,,,,,,,,,,,,,
93,nan,,,,,,,,,,Japan,,,,,100,20000,,,,,,25,,,,,,,,,,,,,,,,,,,,,,,,,,,,,,,
93,nan,,,,,,,,,,Japan,,,,,100,20000,,,,,,25,,,,,,,,,,,,,,,,,,,,,,,,,,,,,,,
93,nan,,,,,,,,,,Japan,,,,,100,20000,,,,,,25,,,,,,,,,,,,,,,,,,,,,,,,,,,,,,,
93,nan,,,,,,,,,,Japan,,,,,100,20000,,,,,,25,,,,,,,,,,,,,,,,,,,,,,,,,,,,,,,
93,nan,,,,,,,,,,Japan,,,,,100,20000,,,,,,25,,,,,,,,,,,,,,,,,,,,,,,,,,,,,,,
93,nan,,,,,,,,,,Japan,,,,,100,20000,,,,,,25,,,,,,,,,,,,,,,,,,,,,,,,,,,,,,,
93,nan,,,,,,,,,,Japan,,,,,100,20000,,,,,,25,,,,,,,,,,,,,,,,,,,,,,,,,,,,,,,
93,nan,,,,,,,,,,Japan,,,,,100,20000,,,,,,25,,,,,,,,,,,,,,,,,,,,,,,,,,,,,,,
93,nan,,,,,,,,,,Japan,,,,,100,20000,,,,,,25,,,,,,,,,,,,,,,,,,,,,,,,,,,,,,,
94,nan,,,,,,,,,,India,,,,,100,20000,,,,,,25,,,,,,,,,,,,,,,,,,,,,,,,,,,,,,,
94,nan,,,,,,,,,,India,,,,,100,20000,,,,,,25,,,,,,,,,,,,,,,,,,,,,,,,,,,,,,,
94,nan,,,,,,,,,,India,,,,,100,20000,,,,,,25,,,,,,,,,,,,,,,,,,,,,,,,,,,,,,,
94,nan,,,,,,,,,,India,,,,,100,20000,,,,,,25,,,,,,,,,,,,,,,,,,,,,,,,,,,,,,,
94,nan,,,,,,,,,,India,,,,,100,20000,,,,,,25,,,,,,,,,,,,,,,,,,,,,,,,,,,,,,,
94,nan,,,,,,,,,,India,,,,,100,20000,,,,,,25,,,,,,,,,,,,,,,,,,,,,,,,,,,,,,,
94,nan,,,,,,,,,,India,,,,,100,20000,,,,,,25,,,,,,,,,,,,,,,,,,,,,,,,,,,,,,,
94,nan,,,,,,,,,,India,,,,,100,20000,,,,,,25,,,,,,,,,,,,,,,,,,,,,,,,,,,,,,,
94,nan,,,,,,,,,,India,,,,,100,20000,,,,,,25,,,,,,,,,,,,,,,,,,,,,,,,,,,,,,,
94,nan,,,,,,,,,,India,,,,,100,20000,,,,,,25,,,,,,,,,,,,,,,,,,,,,,,,,,,,,,,
94,nan,,,,,,,,,,India,,,,,100,20000,,,,,,25,,,,,,,,,,,,,,,,,,,,,,,,,,,,,,,
94,nan,,,,,,,,,,India,,,,,100,20000,,,,,,25,,,,,,,,,,,,,,,,,,,,,,,,,,,,,,,
94,nan,,,,,,,,,,India,,,,,100,20000,,,,,,25,,,,,,,,,,,,,,,,,,,,,,,,,,,,,,,
94,nan,,,,,,,,,,India,,,,,100,20000,,,,,,25,,,,,,,,,,,,,,,,,,,,,,,,,,,,,,,
94,nan,,,,,,,,,,India,,,,,100,20000,,,,,,25,,,,,,,,,,,,,,,,,,,,,,,,,,,,,,,
94,nan,,,,,,,,,,India,,,,,100,20000,,,,,,25,,,,,,,,,,,,,,,,,,,,,,,,,,,,,,,
94,nan,,,,,,,,,,India,,,,,100,20000,,,,,,25,,,,,,,,,,,,,,,,,,,,,,,,,,,,,,,
94,nan,,,,,,,,,,India,,,,,100,20000,,,,,,25,,,,,,,,,,,,,,,,,,,,,,,,,,,,,,,
94,nan,,,,,,,,,,India,,,,,100,20000,,,,,,25,,,,,,,,,,,,,,,,,,,,,,,,,,,,,,,
94,nan,,,,,,,,,,India,,,,,100,20000,,,,,,25,,,,,,,,,,,,,,,,,,,,,,,,,,,,,,,
94,nan,,,,,,,,,,India,,,,,100,20000,,,,,,25,,,,,,,,,,,,,,,,,,,,,,,,,,,,,,,
94,nan,,,,,,,,,,India,,,,,100,20000,,,,,,25,,,,,,,,,,,,,,,,,,,,,,,,,,,,,,,
94,nan,,,,,,,,,,India,,,,,100,20000,,,,,,25,,,,,,,,,,,,,,,,,,,,,,,,,,,,,,,
94,nan,,,,,,,,,,India,,,,,100,20000,,,,,,25,,,,,,,,,,,,,,,,,,,,,,,,,,,,,,,
94,nan,,,,,,,,,,India,,,,,100,20000,,,,,,25,,,,,,,,,,,,,,,,,,,,,,,,,,,,,,,
95,nan,,,,,,,,,,Netherlands,,,,,100,20000,,,,,,25,,,,,,,,,,,,,,,,,,,,,,,,,,,,,,,
95,nan,,,,,,,,,,Netherlands,,,,,100,20000,,,,,,25,,,,,,,,,,,,,,,,,,,,,,,,,,,,,,,
95,nan,,,,,,,,,,Netherlands,,,,,100,20000,,,,,,25,,,,,,,,,,,,,,,,,,,,,,,,,,,,,,,
95,nan,,,,,,,,,,Netherlands,,,,,100,20000,,,,,,25,,,,,,,,,,,,,,,,,,,,,,,,,,,,,,,
95,nan,,,,,,,,,,Netherlands,,,,,100,20000,,,,,,25,,,,,,,,,,,,,,,,,,,,,,,,,,,,,,,
95,nan,,,,,,,,,,Netherlands,,,,,100,20000,,,,,,25,,,,,,,,,,,,,,,,,,,,,,,,,,,,,,,
95,nan,,,,,,,,,,Netherlands,,,,,100,20000,,,,,,25,,,,,,,,,,,,,,,,,,,,,,,,,,,,,,,
95,nan,,,,,,,,,,Netherlands,,,,,100,20000,,,,,,25,,,,,,,,,,,,,,,,,,,,,,,,,,,,,,,
95,nan,,,,,,,,,,Netherlands,,,,,100,20000,,,,,,25,,,,,,,,,,,,,,,,,,,,,,,,,,,,,,,
95,nan,,,,,,,,,,Netherlands,,,,,100,20000,,,,,,25,,,,,,,,,,,,,,,,,,,,,,,,,,,,,,,
95,nan,,,,,,,,,,Netherlands,,,,,100,20000,,,,,,25,,,,,,,,,,,,,,,,,,,,,,,,,,,,,,,
95,nan,,,,,,,,,,Netherlands,,,,,100,20000,,,,,,25,,,,,,,,,,,,,,,,,,,,,,,,,,,,,,,
95,nan,,,,,,,,,,Netherlands,,,,,100,20000,,,,,,25,,,,,,,,,,,,,,,,,,,,,,,,,,,,,,,
95,nan,,,,,,,,,,Netherlands,,,,,100,20000,,,,,,25,,,,,,,,,,,,,,,,,,,,,,,,,,,,,,,
95,nan,,,,,,,,,,Netherlands,,,,,100,20000,,,,,,25,,,,,,,,,,,,,,,,,,,,,,,,,,,,,,,
95,nan,,,,,,,,,,Netherlands,,,,,100,20000,,,,,,25,,,,,,,,,,,,,,,,,,,,,,,,,,,,,,,
95,nan,,,,,,,,,,Netherlands,,,,,100,20000,,,,,,25,,,,,,,,,,,,,,,,,,,,,,,,,,,,,,,
95,nan,,,,,,,,,,Netherlands,,,,,100,20000,,,,,,25,,,,,,,,,,,,,,,,,,,,,,,,,,,,,,,
95,nan,,,,,,,,,,Netherlands,,,,,100,20000,,,,,,25,,,,,,,,,,,,,,,,,,,,,,,,,,,,,,,
95,nan,,,,,,,,,,Netherlands,,,,,100,20000,,,,,,25,,,,,,,,,,,,,,,,,,,,,,,,,,,,,,,
95,nan,,,,,,,,,,Netherlands,,,,,100,20000,,,,,,25,,,,,,,,,,,,,,,,,,,,,,,,,,,,,,,
95,nan,,,,,,,,,,Netherlands,,,,,100,20000,,,,,,25,,,,,,,,,,,,,,,,,,,,,,,,,,,,,,,
95,nan,,,,,,,,,,Netherlands,,,,,100,20000,,,,,,25,,,,,,,,,,,,,,,,,,,,,,,,,,,,,,,
95,nan,,,,,,,,,,Netherlands,,,,,100,20000,,,,,,25,,,,,,,,,,,,,,,,,,,,,,,,,,,,,,,
95,nan,,,,,,,,,,Netherlands,,,,,100,20000,,,,,,25,,,,,,,,,,,,,,,,,,,,,,,,,,,,,,,
96,nan,,,,,,,,,,Japan,,,,,100,20000,,,,,,25,,,,,,,,,,,,,,,,,,,,,,,,,,,,,,,
96,nan,,,,,,,,,,Japan,,,,,100,20000,,,,,,25,,,,,,,,,,,,,,,,,,,,,,,,,,,,,,,
96,nan,,,,,,,,,,Japan,,,,,100,20000,,,,,,25,,,,,,,,,,,,,,,,,,,,,,,,,,,,,,,
96,nan,,,,,,,,,,Japan,,,,,100,20000,,,,,,25,,,,,,,,,,,,,,,,,,,,,,,,,,,,,,,
96,nan,,,,,,,,,,Japan,,,,,100,20000,,,,,,25,,,,,,,,,,,,,,,,,,,,,,,,,,,,,,,
96,nan,,,,,,,,,,Japan,,,,,100,20000,,,,,,25,,,,,,,,,,,,,,,,,,,,,,,,,,,,,,,
96,nan,,,,,,,,,,Japan,,,,,100,20000,,,,,,25,,,,,,,,,,,,,,,,,,,,,,,,,,,,,,,
96,nan,,,,,,,,,,Japan,,,,,100,20000,,,,,,25,,,,,,,,,,,,,,,,,,,,,,,,,,,,,,,
96,nan,,,,,,,,,,Japan,,,,,100,20000,,,,,,25,,,,,,,,,,,,,,,,,,,,,,,,,,,,,,,
96,nan,,,,,,,,,,Japan,,,,,100,20000,,,,,,25,,,,,,,,,,,,,,,,,,,,,,,,,,,,,,,
96,nan,,,,,,,,,,Japan,,,,,100,20000,,,,,,25,,,,,,,,,,,,,,,,,,,,,,,,,,,,,,,
96,nan,,,,,,,,,,Japan,,,,,100,20000,,,,,,25,,,,,,,,,,,,,,,,,,,,,,,,,,,,,,,
96,nan,,,,,,,,,,Japan,,,,,100,20000,,,,,,25,,,,,,,,,,,,,,,,,,,,,,,,,,,,,,,
96,nan,,,,,,,,,,Japan,,,,,100,20000,,,,,,25,,,,,,,,,,,,,,,,,,,,,,,,,,,,,,,
96,nan,,,,,,,,,,Japan,,,,,100,20000,,,,,,25,,,,,,,,,,,,,,,,,,,,,,,,,,,,,,,
96,nan,,,,,,,,,,Japan,,,,,100,20000,,,,,,25,,,,,,,,,,,,,,,,,,,,,,,,,,,,,,,
96,nan,,,,,,,,,,Japan,,,,,100,20000,,,,,,25,,,,,,,,,,,,,,,,,,,,,,,,,,,,,,,
96,nan,,,,,,,,,,Japan,,,,,100,20000,,,,,,25,,,,,,,,,,,,,,,,,,,,,,,,,,,,,,,
96,nan,,,,,,,,,,Japan,,,,,100,20000,,,,,,25,,,,,,,,,,,,,,,,,,,,,,,,,,,,,,,
96,nan,,,,,,,,,,Japan,,,,,100,20000,,,,,,25,,,,,,,,,,,,,,,,,,,,,,,,,,,,,,,
96,nan,,,,,,,,,,Japan,,,,,100,20000,,,,,,25,,,,,,,,,,,,,,,,,,,,,,,,,,,,,,,
96,nan,,,,,,,,,,Japan,,,,,100,20000,,,,,,25,,,,,,,,,,,,,,,,,,,,,,,,,,,,,,,
96,nan,,,,,,,,,,Japan,,,,,100,20000,,,,,,25,,,,,,,,,,,,,,,,,,,,,,,,,,,,,,,
96,nan,,,,,,,,,,Japan,,,,,100,20000,,,,,,25,,,,,,,,,,,,,,,,,,,,,,,,,,,,,,,
96,nan,,,,,,,,,,Japan,,,,,100,20000,,,,,,25,,,,,,,,,,,,,,,,,,,,,,,,,,,,,,,
97,nan,,,,,,,,,,Israel,,,,,100,20000,,,,,,25,,,,,,,,,,,,,,,,,,,,,,,,,,,,,,,
97,nan,,,,,,,,,,Israel,,,,,100,20000,,,,,,25,,,,,,,,,,,,,,,,,,,,,,,,,,,,,,,
97,nan,,,,,,,,,,Israel,,,,,100,20000,,,,,,25,,,,,,,,,,,,,,,,,,,,,,,,,,,,,,,
97,nan,,,,,,,,,,Israel,,,,,100,20000,,,,,,25,,,,,,,,,,,,,,,,,,,,,,,,,,,,,,,
97,nan,,,,,,,,,,Israel,,,,,100,20000,,,,,,25,,,,,,,,,,,,,,,,,,,,,,,,,,,,,,,
97,nan,,,,,,,,,,Israel,,,,,100,20000,,,,,,25,,,,,,,,,,,,,,,,,,,,,,,,,,,,,,,
97,nan,,,,,,,,,,Israel,,,,,100,20000,,,,,,25,,,,,,,,,,,,,,,,,,,,,,,,,,,,,,,
97,nan,,,,,,,,,,Israel,,,,,100,20000,,,,,,25,,,,,,,,,,,,,,,,,,,,,,,,,,,,,,,
97,nan,,,,,,,,,,Israel,,,,,100,20000,,,,,,25,,,,,,,,,,,,,,,,,,,,,,,,,,,,,,,
97,nan,,,,,,,,,,Israel,,,,,100,20000,,,,,,25,,,,,,,,,,,,,,,,,,,,,,,,,,,,,,,
97,nan,,,,,,,,,,Israel,,,,,100,20000,,,,,,25,,,,,,,,,,,,,,,,,,,,,,,,,,,,,,,
97,nan,,,,,,,,,,Israel,,,,,100,20000,,,,,,25,,,,,,,,,,,,,,,,,,,,,,,,,,,,,,,
97,nan,,,,,,,,,,Israel,,,,,100,20000,,,,,,25,,,,,,,,,,,,,,,,,,,,,,,,,,,,,,,
97,nan,,,,,,,,,,Israel,,,,,100,20000,,,,,,25,,,,,,,,,,,,,,,,,,,,,,,,,,,,,,,
97,nan,,,,,,,,,,Israel,,,,,100,20000,,,,,,25,,,,,,,,,,,,,,,,,,,,,,,,,,,,,,,
97,nan,,,,,,,,,,Israel,,,,,100,20000,,,,,,25,,,,,,,,,,,,,,,,,,,,,,,,,,,,,,,
97,nan,,,,,,,,,,Israel,,,,,100,20000,,,,,,25,,,,,,,,,,,,,,,,,,,,,,,,,,,,,,,
97,nan,,,,,,,,,,Israel,,,,,100,20000,,,,,,25,,,,,,,,,,,,,,,,,,,,,,,,,,,,,,,
97,nan,,,,,,,,,,Israel,,,,,100,20000,,,,,,25,,,,,,,,,,,,,,,,,,,,,,,,,,,,,,,
97,nan,,,,,,,,,,Israel,,,,,100,20000,,,,,,25,,,,,,,,,,,,,,,,,,,,,,,,,,,,,,,
97,nan,,,,,,,,,,Israel,,,,,100,20000,,,,,,25,,,,,,,,,,,,,,,,,,,,,,,,,,,,,,,
97,nan,,,,,,,,,,Israel,,,,,100,20000,,,,,,25,,,,,,,,,,,,,,,,,,,,,,,,,,,,,,,
97,nan,,,,,,,,,,Israel,,,,,100,20000,,,,,,25,,,,,,,,,,,,,,,,,,,,,,,,,,,,,,,
97,nan,,,,,,,,,,Israel,,,,,100,20000,,,,,,25,,,,,,,,,,,,,,,,,,,,,,,,,,,,,,,
97,nan,,,,,,,,,,Israel,,,,,100,20000,,,,,,25,,,,,,,,,,,,,,,,,,,,,,,,,,,,,,,
98,nan,,,,,,,,,,Mexico,,,,,100,20000,,,,,,25,,,,,,,,,,,,,,,,,,,,,,,,,,,,,,,
98,nan,,,,,,,,,,Mexico,,,,,100,20000,,,,,,25,,,,,,,,,,,,,,,,,,,,,,,,,,,,,,,
98,nan,,,,,,,,,,Mexico,,,,,100,20000,,,,,,25,,,,,,,,,,,,,,,,,,,,,,,,,,,,,,,
98,nan,,,,,,,,,,Mexico,,,,,100,20000,,,,,,25,,,,,,,,,,,,,,,,,,,,,,,,,,,,,,,
98,nan,,,,,,,,,,Mexico,,,,,100,20000,,,,,,25,,,,,,,,,,,,,,,,,,,,,,,,,,,,,,,
98,nan,,,,,,,,,,Mexico,,,,,100,20000,,,,,,25,,,,,,,,,,,,,,,,,,,,,,,,,,,,,,,
98,nan,,,,,,,,,,Mexico,,,,,100,20000,,,,,,25,,,,,,,,,,,,,,,,,,,,,,,,,,,,,,,
98,nan,,,,,,,,,,Mexico,,,,,100,20000,,,,,,25,,,,,,,,,,,,,,,,,,,,,,,,,,,,,,,
98,nan,,,,,,,,,,Mexico,,,,,100,20000,,,,,,25,,,,,,,,,,,,,,,,,,,,,,,,,,,,,,,
98,nan,,,,,,,,,,Mexico,,,,,100,20000,,,,,,25,,,,,,,,,,,,,,,,,,,,,,,,,,,,,,,
98,nan,,,,,,,,,,Mexico,,,,,100,20000,,,,,,25,,,,,,,,,,,,,,,,,,,,,,,,,,,,,,,
98,nan,,,,,,,,,,Mexico,,,,,100,20000,,,,,,25,,,,,,,,,,,,,,,,,,,,,,,,,,,,,,,
98,nan,,,,,,,,,,Mexico,,,,,100,20000,,,,,,25,,,,,,,,,,,,,,,,,,,,,,,,,,,,,,,
98,nan,,,,,,,,,,Mexico,,,,,100,20000,,,,,,25,,,,,,,,,,,,,,,,,,,,,,,,,,,,,,,
98,nan,,,,,,,,,,Mexico,,,,,100,20000,,,,,,25,,,,,,,,,,,,,,,,,,,,,,,,,,,,,,,
98,nan,,,,,,,,,,Mexico,,,,,100,20000,,,,,,25,,,,,,,,,,,,,,,,,,,,,,,,,,,,,,,
98,nan,,,,,,,,,,Mexico,,,,,100,20000,,,,,,25,,,,,,,,,,,,,,,,,,,,,,,,,,,,,,,
98,nan,,,,,,,,,,Mexico,,,,,100,20000,,,,,,25,,,,,,,,,,,,,,,,,,,,,,,,,,,,,,,
98,nan,,,,,,,,,,Mexico,,,,,100,20000,,,,,,25,,,,,,,,,,,,,,,,,,,,,,,,,,,,,,,
98,nan,,,,,,,,,,Mexico,,,,,100,20000,,,,,,25,,,,,,,,,,,,,,,,,,,,,,,,,,,,,,,
98,nan,,,,,,,,,,Mexico,,,,,100,20000,,,,,,25,,,,,,,,,,,,,,,,,,,,,,,,,,,,,,,
98,nan,,,,,,,,,,Mexico,,,,,100,20000,,,,,,25,,,,,,,,,,,,,,,,,,,,,,,,,,,,,,,
98,nan,,,,,,,,,,Mexico,,,,,100,20000,,,,,,25,,,,,,,,,,,,,,,,,,,,,,,,,,,,,,,
98,nan,,,,,,,,,,Mexico,,,,,100,20000,,,,,,25,,,,,,,,,,,,,,,,,,,,,,,,,,,,,,,
98,nan,,,,,,,,,,Mexico,,,,,100,20000,,,,,,25,,,,,,,,,,,,,,,,,,,,,,,,,,,,,,,
99,nan,,,,,,,,,,Mexico,,,,,100,20000,,,,,,25,,,,,,,,,,,,,,,,,,,,,,,,,,,,,,,
99,nan,,,,,,,,,,Mexico,,,,,100,20000,,,,,,25,,,,,,,,,,,,,,,,,,,,,,,,,,,,,,,
99,nan,,,,,,,,,,Mexico,,,,,100,20000,,,,,,25,,,,,,,,,,,,,,,,,,,,,,,,,,,,,,,
99,nan,,,,,,,,,,Mexico,,,,,100,20000,,,,,,25,,,,,,,,,,,,,,,,,,,,,,,,,,,,,,,
99,nan,,,,,,,,,,Mexico,,,,,100,20000,,,,,,25,,,,,,,,,,,,,,,,,,,,,,,,,,,,,,,
99,nan,,,,,,,,,,Mexico,,,,,100,20000,,,,,,25,,,,,,,,,,,,,,,,,,,,,,,,,,,,,,,
99,nan,,,,,,,,,,Mexico,,,,,100,20000,,,,,,25,,,,,,,,,,,,,,,,,,,,,,,,,,,,,,,
99,nan,,,,,,,,,,Mexico,,,,,100,20000,,,,,,25,,,,,,,,,,,,,,,,,,,,,,,,,,,,,,,
99,nan,,,,,,,,,,Mexico,,,,,100,20000,,,,,,25,,,,,,,,,,,,,,,,,,,,,,,,,,,,,,,
99,nan,,,,,,,,,,Mexico,,,,,100,20000,,,,,,25,,,,,,,,,,,,,,,,,,,,,,,,,,,,,,,
99,nan,,,,,,,,,,Mexico,,,,,100,20000,,,,,,25,,,,,,,,,,,,,,,,,,,,,,,,,,,,,,,
99,nan,,,,,,,,,,Mexico,,,,,100,20000,,,,,,25,,,,,,,,,,,,,,,,,,,,,,,,,,,,,,,
99,nan,,,,,,,,,,Mexico,,,,,100,20000,,,,,,25,,,,,,,,,,,,,,,,,,,,,,,,,,,,,,,
99,nan,,,,,,,,,,Mexico,,,,,100,20000,,,,,,25,,,,,,,,,,,,,,,,,,,,,,,,,,,,,,,
99,nan,,,,,,,,,,Mexico,,,,,100,20000,,,,,,25,,,,,,,,,,,,,,,,,,,,,,,,,,,,,,,
99,nan,,,,,,,,,,Mexico,,,,,100,20000,,,,,,25,,,,,,,,,,,,,,,,,,,,,,,,,,,,,,,
99,nan,,,,,,,,,,Mexico,,,,,100,20000,,,,,,25,,,,,,,,,,,,,,,,,,,,,,,,,,,,,,,
99,nan,,,,,,,,,,Mexico,,,,,100,20000,,,,,,25,,,,,,,,,,,,,,,,,,,,,,,,,,,,,,,
99,nan,,,,,,,,,,Mexico,,,,,100,20000,,,,,,25,,,,,,,,,,,,,,,,,,,,,,,,,,,,,,,
99,nan,,,,,,,,,,Mexico,,,,,100,20000,,,,,,25,,,,,,,,,,,,,,,,,,,,,,,,,,,,,,,
99,nan,,,,,,,,,,Mexico,,,,,100,20000,,,,,,25,,,,,,,,,,,,,,,,,,,,,,,,,,,,,,,
99,nan,,,,,,,,,,Mexico,,,,,100,20000,,,,,,25,,,,,,,,,,,,,,,,,,,,,,,,,,,,,,,
99,nan,,,,,,,,,,Mexico,,,,,100,20000,,,,,,25,,,,,,,,,,,,,,,,,,,,,,,,,,,,,,,
99,nan,,,,,,,,,,Mexico,,,,,100,20000,,,,,,25,,,,,,,,,,,,,,,,,,,,,,,,,,,,,,,
99,nan,,,,,,,,,,Mexico,,,,,100,20000,,,,,,25,,,,,,,,,,,,,,,,,,,,,,,,,,,,,,,
100,nan,,,,,,,,,,Mexico,,,,,100,20000,,,,,,25,,,,,,,,,,,,,,,,,,,,,,,,,,,,,,,
100,nan,,,,,,,,,,Mexico,,,,,100,20000,,,,,,25,,,,,,,,,,,,,,,,,,,,,,,,,,,,,,,
100,nan,,,,,,,,,,Mexico,,,,,100,20000,,,,,,25,,,,,,,,,,,,,,,,,,,,,,,,,,,,,,,
100,nan,,,,,,,,,,Mexico,,,,,100,20000,,,,,,25,,,,,,,,,,,,,,,,,,,,,,,,,,,,,,,
100,nan,,,,,,,,,,Mexico,,,,,100,20000,,,,,,25,,,,,,,,,,,,,,,,,,,,,,,,,,,,,,,
100,nan,,,,,,,,,,Mexico,,,,,100,20000,,,,,,25,,,,,,,,,,,,,,,,,,,,,,,,,,,,,,,
100,nan,,,,,,,,,,Mexico,,,,,100,20000,,,,,,25,,,,,,,,,,,,,,,,,,,,,,,,,,,,,,,
100,nan,,,,,,,,,,Mexico,,,,,100,20000,,,,,,25,,,,,,,,,,,,,,,,,,,,,,,,,,,,,,,
100,nan,,,,,,,,,,Mexico,,,,,100,20000,,,,,,25,,,,,,,,,,,,,,,,,,,,,,,,,,,,,,,
100,nan,,,,,,,,,,Mexico,,,,,100,20000,,,,,,25,,,,,,,,,,,,,,,,,,,,,,,,,,,,,,,
100,nan,,,,,,,,,,Mexico,,,,,100,20000,,,,,,25,,,,,,,,,,,,,,,,,,,,,,,,,,,,,,,
100,nan,,,,,,,,,,Mexico,,,,,100,20000,,,,,,25,,,,,,,,,,,,,,,,,,,,,,,,,,,,,,,
100,nan,,,,,,,,,,Mexico,,,,,100,20000,,,,,,25,,,,,,,,,,,,,,,,,,,,,,,,,,,,,,,
100,nan,,,,,,,,,,Mexico,,,,,100,20000,,,,,,25,,,,,,,,,,,,,,,,,,,,,,,,,,,,,,,
100,nan,,,,,,,,,,Mexico,,,,,100,20000,,,,,,25,,,,,,,,,,,,,,,,,,,,,,,,,,,,,,,
100,nan,,,,,,,,,,Mexico,,,,,100,20000,,,,,,25,,,,,,,,,,,,,,,,,,,,,,,,,,,,,,,
100,nan,,,,,,,,,,Mexico,,,,,100,20000,,,,,,25,,,,,,,,,,,,,,,,,,,,,,,,,,,,,,,
100,nan,,,,,,,,,,Mexico,,,,,100,20000,,,,,,25,,,,,,,,,,,,,,,,,,,,,,,,,,,,,,,
100,nan,,,,,,,,,,Mexico,,,,,100,20000,,,,,,25,,,,,,,,,,,,,,,,,,,,,,,,,,,,,,,
100,nan,,,,,,,,,,Mexico,,,,,100,20000,,,,,,25,,,,,,,,,,,,,,,,,,,,,,,,,,,,,,,
100,nan,,,,,,,,,,Mexico,,,,,100,20000,,,,,,25,,,,,,,,,,,,,,,,,,,,,,,,,,,,,,,
100,nan,,,,,,,,,,Mexico,,,,,100,20000,,,,,,25,,,,,,,,,,,,,,,,,,,,,,,,,,,,,,,
100,nan,,,,,,,,,,Mexico,,,,,100,20000,,,,,,25,,,,,,,,,,,,,,,,,,,,,,,,,,,,,,,
100,nan,,,,,,,,,,Mexico,,,,,100,20000,,,,,,25,,,,,,,,,,,,,,,,,,,,,,,,,,,,,,,
100,nan,,,,,,,,,,Mexico,,,,,100,20000,,,,,,25,,,,,,,,,,,,,,,,,,,,,,,,,,,,,,,
