INSPECTION_ID,INSPECTION_NUMBER,INSPECTION_LOCATION_ID,INSPECTION_LOCATION_NAME,INSPECTION_LOCATION_STATE_CODE,CATEGORY,SUBCATEGORY,PATHWAY_ID,PATHWAY,ID,COUNTRY_OF_ORIGIN_ID,COUNTRY_OF_ORIGIN_NAME,PROPAGATIVE_MATERIAL_TYPE_ID,PROPAGATIVE_MATERIAL_TYPE,PRODUCER_ID,PRODUCER_NAME,TOTAL_SAMPLING_UNITS,TOTAL_PLANT_QUANTITY,SUBMITTED_DATETIME,REMARKS,CONFIDENCE_LEVEL,RISK_RATING,DETECTION_LEVEL,REQUIRED_NUMBER_OF_BOXES,PULL_NUMBERS,IS_CERTIFIED_OFFSHORE_GREENHOUSE,IS_ACTIVE,CREATED_BY_USER_ID,CREATED_BY_USER_FIRST_NAME,CREATED_BY_USER_MIDDLE_NAME,CREATED_BY_USER_LAST_NAME,CREATED_DATETIME,MODIFIED_BY_USER_ID,MODIFIED_BY_USER_FIRST_NAME,MODIFIED_BY_USER_MIDDLE_NAME,MODIFIED_BY_USER_LAST_NAME,MODIFIED_DATETIME,remarks2,pack_plant
1,1,,Miami PIS,,,,,Airport - Aircraft - Cargo - PIS,,,Costa Rica,,Rooted Plant (including grafted),,INNOVAPLANT DE COSTA RICA,8,31708,,,,,,6,,,,,,,,,,,,,,,
1,1,,Miami PIS,,,,,Maritime Port - Vessel - Cargo - PIS,,,Costa Rica,,Unrooted Cutting,,Vita Farms 3301,56,61,,,,,,14,,,,,,,,,,,,,,,
1,1,,Miami PIS,,,,,Airport - Aircraft - Cargo - PIS,,,Brazil,,Rooted Plant (including grafted),,INNOVAPLANT DE COSTA RICA,306,12404,,,,,,17,,,,,,,,,,,,,,,
1,1,,Miami PIS,,,,,Maritime Port - Vessel - Cargo - PIS,,,India,,Unrooted Cutting,,Not Selected,0,33,,,,,,9,,,,,,,,,,,,,,,
1,1,,Linden PIS,,,,,Airport - Aircraft - Cargo - PIS,,,Mexico,,Unrooted Cutting,,IVAGRO SA,6,229,,,,,,18,,,,,,,,,,,,,,,
1,1,,Miami PIS,,,,,Airport - Aircraft - Cargo - PIS,,,Spain,,Rooted Plant (including grafted),,Ornamentales Sapo Verde Box 6201-6202,70,1264,,,,,,17,,,,,,,,,,,,,,,
1,1,,Beltsville PIS,,,,,Airport - Aircraft - Cargo - PIS,,,Costa Rica,,Unrooted Plant,,DONGGUAN AGRISTAR BIOTECHNOLOGY CO,644,25057,,,,,,8,,,,,,,,,,,,,,,
1,1,,Miami PIS,,,,,Airport - Aircraft - Cargo - PIS,,,Mexico,,Unrooted Cutting,,M & M Productores 1,6,19220,,,,,,27,,,,,,,,,,,,,,,
1,1,,Linden PIS,,,,,Airport - Aircraft - Cargo - PIS,,,Guatemala,,Rooted Plant (including grafted),,"AGRO KOMPASS,SOCIEDAD ANONIMA",2,4,,,,,,26,,,,,,,,,,,,,,,
1,1,,Miami PIS,,,,,Airport - Aircraft - Cargo - PIS,,,Costa Rica,,Meristem or Callus Tissue Culture (micropropagated/in vitro culture),,"ZHONGSHAN BRIGHTEN FLORICULTURE CO., LTD",78,119127,,,,,,28,,,,,,,,,,,,,,,
1,1,,Miami PIS,,,,,Airport - Aircraft - Cargo - PIS,,,Guatemala,,Meristem or Callus Tissue Culture (micropropagated/in vitro culture),,"FIDES GUATEMALA, S.A.",0,780,,,,,,20,,,,,,,,,,,,,,,
1,1,,Miami PIS,,,,,Airport - Aircraft - Cargo - PIS,,,Mexico,,Rooted Plant (including grafted),,SAN TAI INTL TRADING NETWORK COM,3,11406,,,,,,20,,,,,,,,,,,,,,,
1,1,,Miami PIS,,,,,Airport - Aircraft - Cargo - PIS,,,Thailand,,Rooted Cutting (including air layer),,PT ALCHEMIE BERKA,9,20494,,,,,,20,,,,,,,,,,,,,,,
1,1,,Atlanta PIS,,,,,Airport - Aircraft - Cargo - PIS,,,Kenya,,Rooted Plant (including grafted),,LIVE WITH PLANTS,54,4456,,,,,,22,,,,,,,,,,,,,,,
2,2,,Miami PIS,,,,,Airport - Aircraft - Cargo - PIS,,,China,,Unrooted Cutting,,INVERSIONES PALMETO LTDA,0,174,,,,,,25,,,,,,,,,,,,,,,
2,2,,Atlanta PIS,,,,,Land Border - Truck - Cargo - PIS,,,Honduras,,Rooted Plant (including grafted),,COSTA FAMRS LLC,146,77238,,,,,,26,,,,,,,,,,,,,,,
2,2,,Miami PIS,,,,,Airport - Aircraft - Cargo - PIS,,,Guatemala,,Rooted Plant (including grafted),,INNOVAPLANT DE COSTA RICA,28,51484,,,,,,25,,,,,,,,,,,,,,,
2,2,,Miami PIS,,,,,Airport - Aircraft - Cargo - PIS,,,Thailand,,Unrooted Cutting,,YOUNG HOME ORCHID CO LTD,2,5844,,,,,,23,,,,,,,,,,,,,,,
2,2,,JFK PIS,,,,,Airport - Aircraft - Express Carrier - PIS,,,Guatemala,,Unrooted Cutting,,GUANGZHOU XINHE AGRICULTURAL DEVELO,4,5722,,,,,,17,,,,,,,,,,,,,,,
3,3,,Guam PIS,,,,,Airport - Aircraft - Cargo - PIS,,,Guatemala,,Unrooted Cutting,,AGROPECUARIA HERMANOS PACHECO S,6,18469,,,,,,14,,,,,,,,,,,,,,,
3,3,,Houston PIS,,,,,Airport - Aircraft - Cargo - PIS,,,"Korea, South",,Rooted Plant (including grafted),,Not Selected,12,26745,,,,,,18,,,,,,,,,,,,,,,
3,3,,Miami PIS,,,,,Airport - Aircraft - Cargo - PIS,,,Taiwan,,Rooted Cutting (including air layer),,Soloverde Limitada,1,656,,,,,,26,,,,,,,,,,,,,,,
3,3,,Los Angeles PIS,,,,,Airport - Aircraft - Cargo - PIS,,,Costa Rica,,Unrooted Plant,,EXPORTACIONES DE PRODUCTOS GUATEMAL,102,380596,,,,,,15,,,,,,,,,,,,,,,
3,3,,Miami PIS,,,,,Airport - Aircraft - Cargo - PIS,,,Germany,,Unrooted Cutting,,Soloverde Limitada,4,54982,,,,,,2,,,,,,,,,,,,,,,
3,3,,Miami PIS,,,,,Airport - Aircraft - Cargo - PIS,,,Thailand,,Unrooted Cutting,,GEKKO ENTERPRISE,3,797,,,,,,1,,,,,,,,,,,,,,,
3,3,,Miami PIS,,,,,Airport - Aircraft - Cargo - PIS,,,Thailand,,Unrooted Plant,,KAPOK PLANTAS,1,10558,,,,,,4,,,,,,,,,,,,,,,
3,3,,Miami PIS,,,,,Maritime Port - Vessel - Cargo - PIS,,,Guatemala,,Rooted Plant (including grafted),,COSTA FARMS DOM,1,26,,,,,,25,,,,,,,,,,,,,,,
3,3,,Atlanta PIS,,,,,Airport - Aircraft - Cargo - PIS,,,Guatemala,,Rooted Cutting (including air layer),,LUCHA ORNAMENTAL S.A. DRACAENA,28,8429,,,,,,23,,,,,,,,,,,,,,,
3,3,,Linden PIS,,,,,Airport - Aircraft - Cargo - PIS,,,Thailand,,Unrooted Cutting,,Anita Salazar Avila,5,15237,,,,,,19,,,,,,,,,,,,,,,
3,3,,Los Indios PIS,,,,,Airport - Aircraft - Cargo - PIS,,,China,,Unrooted Cutting,,BEAUTY LINE GUATEMALA SA,103,11909,,,,,,21,,,,,,,,,,,,,,,
3,3,,Miami PIS,,,,,Airport - Aircraft - Cargo - PIS,,,Netherlands,,Unrooted Cutting,,INNOVAPLANT DE COSTA RICA,14,6640,,,,,,11,,,,,,,,,,,,,,,
3,3,,Los Angeles PIS,,,,,Airport - Aircraft - Cargo - PIS,,,Costa Rica,,Unrooted Cutting,,Ornamentales Sapo Verde 501,2,42,,,,,,3,,,,,,,,,,,,,,,
3,3,,Linden PIS,,,,,Airport - Aircraft - Cargo - PIS,,,Costa Rica,,Rooted Plant (including grafted),,CV KEBUN MAJU BERSAMA,0,7,,,,,,27,,,,,,,,,,,,,,,
4,4,,Miami PIS,,,,,Airport - Aircraft - Cargo - PIS,,,Zimbabwe,,"Bulb, Corm, Rhizome, Tuberous Stem",,INNOVA PLANT DE COSTA RICA SA,29,2358,,,,,,14,,,,,,,,,,,,,,,
4,4,,Miami PIS,,,,,Airport - Aircraft - Cargo - PIS,,,Costa Rica,,Unrooted Cutting,,Not Selected,1,3699,,,,,,12,,,,,,,,,,,,,,,
4,4,,Miami PIS,,,,,Airport - Aircraft - Cargo - PIS,,,Bulgaria,,Rooted Plant (including grafted),,MICROPLANTAS S.A.,0,4356,,,,,,26,,,,,,,,,,,,,,,
4,4,,Los Angeles PIS,,,,,Airport - Aircraft - Cargo - PIS,,,Netherlands,,Unrooted Cutting,,INNOVA PLANT DE COSTA RICA SA,4,1418,,,,,,11,,,,,,,,,,,,,,,
4,4,,JFK PIS,,,,,Airport - Aircraft - Cargo - PIS,,,China,,Rooted Plant (including grafted),,AMORNTHEP DAENGNOI,2,1294,,,,,,27,,,,,,,,,,,,,,,
4,4,,Los Angeles PIS,,,,,Airport - Aircraft - Cargo - PIS,,,Uganda,,Rooted Cutting (including air layer),,TIGRA VERDE S.A.,0,393,,,,,,19,,,,,,,,,,,,,,,
4,4,,Linden PIS,,,,,Airport - Aircraft - Cargo - PIS,,,Mexico,,Rooted Plant (including grafted),,Vita Farms BOX 1301-1387,3,5594,,,,,,20,,,,,,,,,,,,,,,
4,4,,Linden PIS,,,,,Airport - Aircraft - Cargo - PIS,,,Costa Rica,,Rooted Plant (including grafted),,GUATEXOTIC,23,321,,,,,,28,,,,,,,,,,,,,,,
4,4,,Miami PIS,,,,,Airport - Aircraft - Cargo - PIS,,,China,,Rooted Plant (including grafted),,Mr. Wirote Makmoon,5,93789,,,,,,10,,,,,,,,,,,,,,,
4,4,,Miami PIS,,,,,Airport - Aircraft - Cargo - PIS,,,Brazil,,Meristem or Callus Tissue Culture (micropropagated/in vitro culture),,VITA  FARM Box 1501,19,342342,,,,,,18,,,,,,,,,,,,,,,
4,4,,Miami PIS,,,,,Airport - Aircraft - Cargo - PIS,,,Tanzania,,Unrooted Cutting,,"ORNAMENTALES SAPO VERDE S A, BOX 6201-6202",1,896,,,,,,26,,,,,,,,,,,,,,,
4,4,,Miami PIS,,,,,Airport - Aircraft - Cargo - PIS,,,Viet Nam,,Unrooted Cutting,,GEOAGRO DE COSTA RICA,0,47,,,,,,9,,,,,,,,,,,,,,,
4,4,,Atlanta PIS,,,,,Airport - Aircraft - Cargo - PIS,,,Costa Rica,,Unrooted Cutting,,TUCAN EXPORTERS,1,14850,,,,,,26,,,,,,,,,,,,,,,
4,4,,Atlanta PIS,,,,,Airport - Aircraft - Cargo - PIS,,,Guatemala,,Meristem or Callus Tissue Culture (micropropagated/in vitro culture),,Annia Mayela Fuentes Martinez,5,8114,,,,,,3,,,,,,,,,,,,,,,
4,4,,Los Angeles PIS,,,,,Airport - Aircraft - Cargo - PIS,,,Mexico,,Unrooted Plant,,"Wilberth Gonzalez Villegas, S.A.",3,14431,,,,,,23,,,,,,,,,,,,,,,
4,4,,Atlanta PIS,,,,,Airport - Aircraft - Cargo - PIS,,,Costa Rica,,Unrooted Cutting,,Same as Shipper,1,253,,,,,,15,,,,,,,,,,,,,,,
4,4,,Los Angeles PIS,,,,,Airport - Aircraft - Cargo - PIS,,,Guatemala,,Unrooted Plant,,Same as Shipper,31,127,,,,,,23,,,,,,,,,,,,,,,
4,4,,Miami PIS,,,,,Airport - Aircraft - Cargo - PIS,,,Uganda,,Unrooted Cutting,,Costa Farms LLC,1,1282,,,,,,1,,,,,,,,,,,,,,,
4,4,,JFK PIS,,,,,Airport - Aircraft - Cargo - PIS,,,Netherlands,,Unrooted Plant,,DARWIN COLOMBIA S.A.S,1,953,,,,,,23,,,,,,,,,,,,,,,
4,4,,Linden PIS,,,,,Airport - Aircraft - Cargo - PIS,,,Zimbabwe,,Rooted Plant (including grafted),,QUEEN TARIM SANAYI VE TIC,22,1875,,,,,,6,,,,,,,,,,,,,,,
4,4,,Los Angeles PIS,,,,,Airport - Aircraft - Cargo - PIS,,,China,,Unrooted Plant,,FLOWER AGRONEGOCIOS-EIRELI,57,37741,,,,,,24,,,,,,,,,,,,,,,
4,4,,Seattle PIS,,,,,Airport - Aircraft - Cargo - PIS,,,Netherlands,,Unrooted Plant,,Eva and M CO LTD,83,5137,,,,,,27,,,,,,,,,,,,,,,
4,4,,Los Angeles PIS,,,,,Maritime Port - Vessel - Cargo - PIS,,,Thailand,,Unrooted Cutting,,Same as Shipper,0,1858,,,,,,21,,,,,,,,,,,,,,,
4,4,,Atlanta PIS,,,,,Maritime Port - Vessel - Cargo - PIS,,,Thailand,,Unrooted Cutting,,ORNAMENTALES DE CONCEPCION S.A.,0,1,,,,,,27,,,,,,,,,,,,,,,
4,4,,Miami PIS,,,,,Airport - Aircraft - Cargo - PIS,,,Costa Rica,,Meristem or Callus Tissue Culture (micropropagated/in vitro culture),,SAPO VERDE BOX 1001,4,1412,,,,,,27,,,,,,,,,,,,,,,
5,5,,Miami PIS,,,,,Airport - Aircraft - Cargo - PIS,,,Viet Nam,,Unrooted Cutting,,"Growth Revolution Co., Ltd.",0,26548,,,,,,21,,,,,,,,,,,,,,,
5,5,,Los Angeles PIS,,,,,Airport - Aircraft - Express Carrier - PIS,,,El Salvador,,Rooted Plant (including grafted),,LAS LIMAS S A,1,2359,,,,,,19,,,,,,,,,,,,,,,
5,5,,Miami PIS,,,,,Maritime Port - Vessel - Cargo - PIS,,,Guatemala,,Rooted Plant (including grafted),,TUCAN EXPORTERS,0,9006,,,,,,25,,,,,,,,,,,,,,,
5,5,,Atlanta PIS,,,,,Airport - Aircraft - Cargo - PIS,,,Thailand,,Rooted Plant (including grafted),,ZHANGZHOU RICH-LINK TRADING CO.LTD.,0,85,,,,,,14,,,,,,,,,,,,,,,
5,5,,Linden PIS,,,,,Airport - Aircraft - Cargo - PIS,,,Nicaragua,,Rooted Plant (including grafted),,VITA FARMS 7301,3,227,,,,,,9,,,,,,,,,,,,,,,
5,5,,Los Angeles PIS,,,,,Airport - Aircraft - Cargo - PIS,,,Guatemala,,Meristem or Callus Tissue Culture (micropropagated/in vitro culture),,VITA FARM5501-5665,25,14848,,,,,,2,,,,,,,,,,,,,,,
5,5,,Atlanta PIS,,,,,Airport - Aircraft - Cargo - PIS,,,Uganda,,Unrooted Plant,,EXP. DE ORNAMENTALES BOX 201-310,27,4553,,,,,,13,,,,,,,,,,,,,,,
5,5,,Miami PIS,,,,,Airport - Aircraft - Cargo - PIS,,,Guatemala,,Unrooted Cutting,,COOPERATIVA AGRICOLA REGIONAL DE Box 25-27,5,15600,,,,,,25,,,,,,,,,,,,,,,
5,5,,Miami PIS,,,,,Airport - Aircraft - Cargo - PIS,,,Nicaragua,,Meristem or Callus Tissue Culture (micropropagated/in vitro culture),,CACTUSINTER CO LTD,10,219,,,,,,22,,,,,,,,,,,,,,,
5,5,,Miami PIS,,,,,Airport - Aircraft - Cargo - PIS,,,Indonesia,,Rooted Plant (including grafted),,ORNAMENTALES JIMENEZ ,8,336,,,,,,24,,,,,,,,,,,,,,,
6,6,,Los Angeles PIS,,,,,Airport - Aircraft - Cargo - PIS,,,El Salvador,,Unrooted Cutting,,IVAGRO S.A. BOX 1-46,9,26091,,,,,,13,,,,,,,,,,,,,,,
6,6,,Atlanta PIS,,,,,Airport - Aircraft - Cargo - PIS,,,China,,Unrooted Cutting,,CHOM ORCHIDS,1,20,,,,,,21,,,,,,,,,,,,,,,
6,6,,Miami PIS,,,,,Airport - Aircraft - Express Carrier - PIS,,,China,,Unrooted Plant,,GENEROS ECUATORIANOS,1,54,,,,,,19,,,,,,,,,,,,,,,
7,7,,Los Angeles PIS,,,,,Airport - Aircraft - Cargo - PIS,,,Guatemala,,Unrooted Cutting,,Costa Farms LLC,4,8584,,,,,,25,,,,,,,,,,,,,,,
7,7,,Miami PIS,,,,,Airport - Aircraft - Cargo - PIS,,,Mexico,,Unrooted Cutting,,DUMMEN GMBH &AMP;CO.KG,7,1155,,,,,,23,,,,,,,,,,,,,,,
7,7,,Miami PIS,,,,,Airport - Aircraft - Cargo - PIS,,,India,,Meristem or Callus Tissue Culture (micropropagated/in vitro culture),,Same as Shipper,0,12917,,,,,,21,,,,,,,,,,,,,,,
7,7,,Miami PIS,,,,,Airport - Aircraft - Cargo - PIS,,,Mexico,,Unrooted Plant,,ANNIA FUENTES Box 101-103,63,184534,,,,,,8,,,,,,,,,,,,,,,
7,7,,Miami PIS,,,,,Airport - Aircraft - Cargo - PIS,,,Mexico,,Unrooted Cutting,,TROPICA DEL ATLANTICO,0,25,,,,,,27,,,,,,,,,,,,,,,
7,7,,Miami PIS,,,,,Airport - Aircraft - Cargo - PIS,,,Germany,,Rooted Plant (including grafted),,INNOVAPLANT DE COSTA RICA,13,2086,,,,,,28,,,,,,,,,,,,,,,
7,7,,Houston PIS,,,,,Airport - Aircraft - Cargo - PIS,,,Dominican Republic,,Budwood/Graftwood (scion),,Jungle Jack's Thailand Ltd.,1,48,,,,,,26,,,,,,,,,,,,,,,
7,7,,Miami PIS,,,,,Airport - Aircraft - Cargo - PIS,,,Poland,,Rooted Plant (including grafted),,SHENZHEN ZHIZE WEISI SUPPLY CHAIN,1,120,,,,,,23,,,,,,,,,,,,,,,
8,8,,Miami PIS,,,,,Airport - Aircraft - Cargo - PIS,,,Costa Rica,,Unrooted Cutting,,VITA  FARM Box 1501,0,5,,,,,,21,,,,,,,,,,,,,,,
8,8,,Atlanta PIS,,,,,Airport - Aircraft - Cargo - PIS,,,Israel,,Rooted Plant (including grafted),,TUCAN EXPORTERS,1,8,,,,,,23,,,,,,,,,,,,,,,
8,8,,Miami PIS,,,,,Airport - Aircraft - Cargo - PIS,,,Slovakia,,Unrooted Cutting,,CUNA DE RAICES ECOLOGICAS COSTAR,30,2992,,,,,,16,,,,,,,,,,,,,,,
8,8,,Miami PIS,,,,,Airport - Aircraft - Cargo - PIS,,,Guatemala,,Rooted Plant (including grafted),,Mr. Monchai Dejsungkranont,1,335,,,,,,22,,,,,,,,,,,,,,,
8,8,,Miami PIS,,,,,Airport - Aircraft - Cargo - PIS,,,Poland,,Rooted Plant (including grafted),,Same as Shipper,801,562,,,,,,18,,,,,,,,,,,,,,,
8,8,,Miami PIS,,,,,Airport - Aircraft - Cargo - PIS,,,Kenya,,Meristem or Callus Tissue Culture (micropropagated/in vitro culture),,BEAUTY LINE GUATEMALA,17,11942,,,,,,14,,,,,,,,,,,,,,,
8,8,,Atlanta PIS,,,,,Maritime Port - Vessel - Cargo - PIS,,,Ethiopia,,Unrooted Cutting,,Costa Farms LLC,1,934,,,,,,25,,,,,,,,,,,,,,,
8,8,,Miami PIS,,,,,Airport - Aircraft - Cargo - PIS,,,Guatemala,,Meristem or Callus Tissue Culture (micropropagated/in vitro culture),,IZUCAR HORTICULTURAL/ YECAFLORA,6,35967,,,,,,18,,,,,,,,,,,,,,,
8,8,,Atlanta PIS,,,,,Airport - Aircraft - Cargo - PIS,,,Dominican Republic,,Rooted Plant (including grafted),,ORNAMENTAL DE SAPO Verde  031-039,2,40048,,,,,,5,,,,,,,,,,,,,,,
8,8,,JFK PIS,,,,,Maritime Port - Vessel - Cargo - PIS,,,Netherlands,,Rooted Plant (including grafted),,TIGRA VERDE S.A.,37,1022,,,,,,25,,,,,,,,,,,,,,,
9,9,,Miami PIS,,,,,Maritime Port - Vessel - Cargo - PIS,,,Indonesia,,Unrooted Cutting,,Same as Shipper,4,2178,,,,,,20,,,,,,,,,,,,,,,
9,9,,Miami PIS,,,,,Airport - Aircraft - Cargo - PIS,,,China,,Unrooted Cutting,,COSTA FARMS,26,55948,,,,,,25,,,,,,,,,,,,,,,
9,9,,Miami PIS,,,,,Airport - Aircraft - Cargo - PIS,,,Costa Rica,,Unrooted Cutting,,Not Selected,20,21601,,,,,,2,,,,,,,,,,,,,,,
9,9,,Miami PIS,,,,,Airport - Aircraft - Cargo - PIS,,,Costa Rica,,Rooted Plant (including grafted),,Cerca del Paraiso 101-103,232,514012,,,,,,17,,,,,,,,,,,,,,,
9,9,,Miami PIS,,,,,Airport - Aircraft - Cargo - PIS,,,Costa Rica,,Meristem or Callus Tissue Culture (micropropagated/in vitro culture),,BEAUTY LINE GUATEMALA,27,573,,,,,,18,,,,,,,,,,,,,,,
9,9,,Honolulu PIS,,,,,Airport - Aircraft - Cargo - PIS,,,Indonesia,,Unrooted Cutting,,BEAUTY LINE GUATEMALA,2,868,,,,,,15,,,,,,,,,,,,,,,
9,9,,Los Angeles PIS,,,,,Airport - Aircraft - Cargo - PIS,,,"Korea, South",,Unrooted Cutting,,RED FOX LAS MERCEDES,23,341,,,,,,18,,,,,,,,,,,,,,,
9,9,,Miami PIS,,,,,Airport - Aircraft - Cargo - PIS,,,Kenya,,"Root cutting, crown, or clump, Tuberous Root",,CERCA DEL PARAISO SA 101,24,7556,,,,,,12,,,,,,,,,,,,,,,
9,9,,Los Angeles PIS,,,,,Airport - Aircraft - Cargo - PIS,,,Costa Rica,,Unrooted Cutting,,CERCA DEL PARAISO S.A.,5,11706,,,,,,12,,,,,,,,,,,,,,,
10,10,,Linden PIS,,,,,Maritime Port - Vessel - Cargo - PIS,,,Indonesia,,Rooted Cutting (including air layer),,LA FLORESTA ORNAMENTALES S.A.,51,236658,,,,,,11,,,,,,,,,,,,,,,
10,10,,Miami PIS,,,,,Maritime Port - Vessel - Cargo - PIS,,,Guatemala,,Unrooted Cutting,,INNOVA PLANT DE COSTA RICA SA,33,109690,,,,,,7,,,,,,,,,,,,,,,
10,10,,Linden PIS,,,,,Airport - Aircraft - Cargo - PIS,,,Japan,,Rooted Plant (including grafted),,FLORAPANT SA DE CV,74,326630,,,,,,1,,,,,,,,,,,,,,,
11,11,,Miami PIS,,,,,Airport - Aircraft - Cargo - PIS,,,Guatemala,,Rooted Cutting (including air layer),,VIVERO LAS GARDENIAS,0,3507,,,,,,20,,,,,,,,,,,,,,,
11,11,,Miami PIS,,,,,Airport - Aircraft - Cargo - PIS,,,Guatemala,,Unrooted Cutting,,TURRIPLANTAS S.A. DRACAENA,1,125,,,,,,6,,,,,,,,,,,,,,,
11,11,,Miami PIS,,,,,Airport - Aircraft - Cargo - PIS,,,Costa Rica,,Meristem or Callus Tissue Culture (micropropagated/in vitro culture),,IVAGRO S.A. BOX 1-11,22,15904,,,,,,25,,,,,,,,,,,,,,,
11,11,,Miami PIS,,,,,Airport - Aircraft - Cargo - PIS,,,Kenya,,Rooted Plant (including grafted),,FERTIPLANT BV,1,2,,,,,,5,,,,,,,,,,,,,,,
11,11,,Los Angeles PIS,,,,,Airport - Aircraft - Cargo - PIS,,,Thailand,,Unrooted Cutting,,VITA FARMS S.A. BOXES 001-007,9,22247,,,,,,2,,,,,,,,,,,,,,,
11,11,,Atlanta PIS,,,,,Maritime Port - Vessel - Cargo - PIS,,,Guatemala,,Unrooted Cutting,,LA LABRANZA S A,1,81,,,,,,12,,,,,,,,,,,,,,,
11,11,,Miami PIS,,,,,Airport - Aircraft - Cargo - PIS,,,Kenya,,"Bulb, Corm, Rhizome, Tuberous Stem",,Same as Shipper,31,9568,,,,,,27,,,,,,,,,,,,,,,
11,11,,Atlanta PIS,,,,,Airport - Aircraft - Cargo - PIS,,,Guatemala,,Rooted Plant (including grafted),,Not Selected,10,16031,,,,,,8,,,,,,,,,,,,,,,
11,11,,Miami PIS,,,,,Airport - Aircraft - Cargo - PIS,,,Kenya,,Rooted Plant (including grafted),,VITA FARMS S.A 2301-2340,17,38191,,,,,,24,,,,,,,,,,,,,,,
11,11,,Miami PIS,,,,,Airport - Aircraft - Cargo - PIS,,,China,,Unrooted Plant,,ZHANGZHOU SPRING SUNSHINE IMPORT,2,29585,,,,,,14,,,,,,,,,,,,,,,
11,11,,Miami PIS,,,,,Airport - Aircraft - Cargo - PIS,,,China,,Rooted Plant (including grafted),,FLORAPLANT SA DE CV,1,38,,,,,,15,,,,,,,,,,,,,,,
11,11,,Miami PIS,,,,,Airport - Aircraft - Cargo - PIS,,,China,,Rooted Cutting (including air layer),,INNOVA PLANT DE COSTA RICA SA,4,347,,,,,,25,,,,,,,,,,,,,,,
11,11,,Miami PIS,,,,,Airport - Aircraft - Cargo - PIS,,,Costa Rica,,Unrooted Cutting,,INNOVA PLANT DE COSTA RICA SA,14,54645,,,,,,13,,,,,,,,,,,,,,,
12,12,,JFK PIS,,,,,Maritime Port - Vessel - Cargo - PIS,,,Costa Rica,,Unrooted Cutting,,PLANTAS Y FLORES ORNAMENTALES,8,1798,,,,,,3,,,,,,,,,,,,,,,
12,12,,Los Angeles PIS,,,,,Airport - Aircraft - Cargo - PIS,,,Taiwan,,Rooted Plant (including grafted),,LA MORALEJA EXPORTS,5,5944,,,,,,13,,,,,,,,,,,,,,,
12,12,,Miami PIS,,,,,Airport - Aircraft - Cargo - PIS,,,Guatemala,,Meristem or Callus Tissue Culture (micropropagated/in vitro culture),,JARDINES TERRAGARDEN,9,451,,,,,,10,,,,,,,,,,,,,,,
12,12,,Atlanta PIS,,,,,Airport - Aircraft - Cargo - PIS,,,Mexico,,Unrooted Cutting,,Same as Shipper,5,38342,,,,,,23,,,,,,,,,,,,,,,
12,12,,Linden PIS,,,,,Airport - Aircraft - Cargo - PIS,,,Guatemala,,Unrooted Cutting,,"GUANGZHOU HUITONG AGRICULTURAL TECHNOLOGY CO., LTD",8,1905,,,,,,21,,,,,,,,,,,,,,,
12,12,,Los Angeles PIS,,,,,Airport - Aircraft - Cargo - PIS,,,Thailand,,Unrooted Plant,,BEAUTY LINE GUATEMALA,0,4423,,,,,,5,,,,,,,,,,,,,,,
12,12,,JFK PIS,,,,,Airport - Aircraft - Cargo - PIS,,,Guatemala,,Unrooted Cutting,,IZUCAR HORTICULTURAL/ YECAFLORA,1,2,,,,,,28,,,,,,,,,,,,,,,
12,12,,Miami PIS,,,,,Airport - Aircraft - Cargo - PIS,,,Costa Rica,,Budwood/Graftwood (scion),,LAS LIMAS S A,11,31382,,,,,,22,,,,,,,,,,,,,,,
12,12,,Linden PIS,,,,,Airport - Aircraft - Cargo - PIS,,,Uganda,,Unrooted Plant,,Terra Garden Corp,9,22751,,,,,,12,,,,,,,,,,,,,,,
13,13,,Miami PIS,,,,,Airport - Aircraft - Cargo - PIS,,,Costa Rica,,Unrooted Cutting,,LA FLORESTA ORNAMENTALES,9,146,,,,,,16,,,,,,,,,,,,,,,
13,13,,Miami PIS,,,,,Airport - Aircraft - Cargo - PIS,,,Spain,,Rooted Cutting (including air layer),,KENYA CUTTINGS LIMITED,75,7458,,,,,,11,,,,,,,,,,,,,,,
13,13,,Atlanta PIS,,,,,Maritime Port - Vessel - Cargo - PIS,,,Mexico,,Unrooted Cutting,,GUATEXOTIC,35,3142,,,,,,21,,,,,,,,,,,,,,,
13,13,,Miami PIS,,,,,Airport - Aircraft - Cargo - PIS,,,Mexico,,Unrooted Cutting,,Kantapat Kaewpradith,1,1387,,,,,,9,,,,,,,,,,,,,,,
13,13,,Miami PIS,,,,,Airport - Aircraft - Cargo - PIS,,,Spain,,Meristem or Callus Tissue Culture (micropropagated/in vitro culture),,FLORICULTURA Y COMPANIA LTDA,5,494,,,,,,11,,,,,,,,,,,,,,,
13,13,,Los Angeles PIS,,,,,Maritime Port - Vessel - Cargo - PIS,,,Thailand,,Unrooted Cutting,,MADA FLORA SARL,0,416,,,,,,11,,,,,,,,,,,,,,,
13,13,,Miami PIS,,,,,Airport - Aircraft - Cargo - PIS,,,Thailand,,Rooted Plant (including grafted),,TUCAN EXPORTERS,5,47,,,,,,21,,,,,,,,,,,,,,,
13,13,,Miami PIS,,,,,Airport - Aircraft - Cargo - PIS,,,Mexico,,Rooted Plant (including grafted),,"VIVERO INTERNATIONAL ,S.A.DE C.V",124,241,,,,,,16,,,,,,,,,,,,,,,
13,13,,Miami PIS,,,,,Airport - Aircraft - Cargo - PIS,,,India,,Rooted Plant (including grafted),,VIVERO INTERNACIONAL S.A. DE C.V.,11,10084,,,,,,22,,,,,,,,,,,,,,,
13,13,,Linden PIS,,,,,Airport - Aircraft - Cargo - PIS,,,Singapore,,Unrooted Plant,,FLORAPLANT SA DE CV,4,3652,,,,,,20,,,,,,,,,,,,,,,
13,13,,Miami PIS,,,,,Airport - Aircraft - Cargo - PIS,,,Italy,,Unrooted Cutting,,Not Selected,1,48,,,,,,17,,,,,,,,,,,,,,,
13,13,,Miami PIS,,,,,Airport - Aircraft - Cargo - PIS,,,Guatemala,,Meristem or Callus Tissue Culture (micropropagated/in vitro culture),,Plantas Ornamentales de Costa Rica 1-24,0,8700,,,,,,25,,,,,,,,,,,,,,,
13,13,,Miami PIS,,,,,Airport - Aircraft - Cargo - PIS,,,Thailand,,Rooted Plant (including grafted),,BEAUTY LIN GUATEMALA S A,2,8843,,,,,,26,,,,,,,,,,,,,,,
13,13,,Linden PIS,,,,,Airport - Aircraft - Cargo - PIS,,,Spain,,Rooted Plant (including grafted),,ZHANGHOU BANRUO IMPORT & EXPORT CO,35,108677,,,,,,19,,,,,,,,,,,,,,,
13,13,,Miami PIS,,,,,Airport - Aircraft - Cargo - PIS,,,Guatemala,,Rooted Plant (including grafted),,ORNAMENTALES DE CONCEPCION S A,12,1882,,,,,,10,,,,,,,,,,,,,,,
13,13,,Miami PIS,,,,,Maritime Port - Vessel - Cargo - PIS,,,China,,Rooted Plant (including grafted),,LA CHIQUITA AGROPECUARIA SA,21,32207,,,,,,26,,,,,,,,,,,,,,,
13,13,,Miami PIS,,,,,Airport - Aircraft - Express Carrier - PIS,,,Mexico,,Rooted Plant (including grafted),,QUELETZU S.A. 1,6,6523,,,,,,6,,,,,,,,,,,,,,,
13,13,,Miami PIS,,,,,Airport - Aircraft - Cargo - PIS,,,Malaysia,,Unrooted Cutting,,INDUSTRIAS AGRICOLAS CENTRO AMERICANAS,25,43061,,,,,,4,,,,,,,,,,,,,,,
13,13,,Miami PIS,,,,,Maritime Port - Vessel - Cargo - PIS,,,Costa Rica,,Meristem or Callus Tissue Culture (micropropagated/in vitro culture),,INNOVA PLANT DE COSTA RICA SA,57,8625,,,,,,21,,,,,,,,,,,,,,,
14,14,,Miami PIS,,,,,Airport - Aircraft - Cargo - PIS,,,Guatemala,,Rooted Cutting (including air layer),,TUCAN EXPORTERS,0,54,,,,,,6,,,,,,,,,,,,,,,
14,14,,Los Angeles PIS,,,,,Airport - Aircraft - Express Carrier - PIS,,,Guatemala,,Unrooted Cutting,,INNOVAPLANT DE COSTA RICA,0,13971,,,,,,8,,,,,,,,,,,,,,,
14,14,,Miami PIS,,,,,Maritime Port - Vessel - Cargo - PIS,,,Guatemala,,Unrooted Cutting,,Ornamentales Sapo Verde Box 212-324,8,3681,,,,,,26,,,,,,,,,,,,,,,
14,14,,Miami PIS,,,,,Airport - Aircraft - Cargo - PIS,,,Kenya,,Unrooted Cutting,,"VIVERO INTERNACIONAL S,A DE C.V",11,1888,,,,,,6,,,,,,,,,,,,,,,
14,14,,JFK PIS,,,,,Airport - Aircraft - Cargo - PIS,,,Netherlands,,Rooted Plant (including grafted),,INNOVA PLANT,7,52075,,,,,,17,,,,,,,,,,,,,,,
14,14,,Los Angeles PIS,,,,,Airport - Aircraft - Cargo - PIS,,,Costa Rica,,Rooted Plant (including grafted),,FLORAPLANT S.A. DE C.V.,6,90,,,,,,11,,,,,,,,,,,,,,,
14,14,,Miami PIS,,,,,Airport - Aircraft - Cargo - PIS,,,Netherlands,,Unrooted Cutting,,Pollen Limited,4,88947,,,,,,5,,,,,,,,,,,,,,,
14,14,,Miami PIS,,,,,Airport - Aircraft - Cargo - PIS,,,Mexico,,Rooted Plant (including grafted),,DALAT HASFARM CO LTD,11,271582,,,,,,4,,,,,,,,,,,,,,,
14,14,,Miami PIS,,,,,Airport - Aircraft - Cargo - PIS,,,China,,Unrooted Cutting,,BEAUTY LIN GUATEMALA S A,3,43966,,,,,,12,,,,,,,,,,,,,,,
14,14,,JFK PIS,,,,,Maritime Port - Vessel - Cargo - PIS,,,Brazil,,Rooted Plant (including grafted),,Ornamentales Sapo Verde BOX 9001-9002,2,6879,,,,,,4,,,,,,,,,,,,,,,
14,14,,Miami PIS,,,,,Maritime Port - Vessel - Cargo - PIS,,,Thailand,,Unrooted Cutting,,PREMKAMON INTANIN,3,3338,,,,,,1,,,,,,,,,,,,,,,
14,14,,Miami PIS,,,,,Airport - Aircraft - Cargo - PIS,,,Costa Rica,,Rooted Plant (including grafted),,FERTIPLANT BV,3,824,,,,,,6,,,,,,,,,,,,,,,
14,14,,Miami PIS,,,,,Airport - Aircraft - Cargo - PIS,,,Guatemala,,Unrooted Cutting,,Costa Farms LLC,0,170,,,,,,18,,,,,,,,,,,,,,,
14,14,,Houston PIS,,,,,Airport - Aircraft - Cargo - PIS,,,Costa Rica,,Unrooted Cutting,,LATHY FLORA KENYA LIMITED,8,11750,,,,,,19,,,,,,,,,,,,,,,
14,14,,Miami PIS,,,,,Airport - Aircraft - Cargo - PIS,,,Guatemala,,Rooted Plant (including grafted),,MR RONNACHAI MAENWIWATTHANAKUN,421,79284,,,,,,6,,,,,,,,,,,,,,,
14,14,,Miami PIS,,,,,Airport - Aircraft - Cargo - PIS,,,China,,Unrooted Cutting,,ARMENIA LORENA S.A.,5072,6914,,,,,,14,,,,,,,,,,,,,,,
14,14,,Miami PIS,,,,,Airport - Aircraft - Cargo - PIS,,,Costa Rica,,Rooted Plant (including grafted),,FINO FOLLAJE SA,59,63591,,,,,,23,,,,,,,,,,,,,,,
14,14,,Miami PIS,,,,,Airport - Aircraft - Cargo - PIS,,,India,,Unrooted Cutting,,INNOVAPLANT DE COSTA RICA,31,47788,,,,,,25,,,,,,,,,,,,,,,
15,15,,Miami PIS,,,,,Airport - Aircraft - Cargo - PIS,,,Thailand,,Unrooted Plant,,Not Selected,73,195805,,,,,,2,,,,,,,,,,,,,,,
15,15,,Orlando PIS,,,,,Airport - Aircraft - Cargo - PIS,,,Guatemala,,Rooted Plant (including grafted),,Not Selected,0,31274,,,,,,6,,,,,,,,,,,,,,,
15,15,,Miami PIS,,,,,Maritime Port - Vessel - Cargo - PIS,,,Dominican Republic,,Meristem or Callus Tissue Culture (micropropagated/in vitro culture),,INNOVAPLANT DE COSTA RICA,10,955,,,,,,16,,,,,,,,,,,,,,,
15,15,,JFK PIS,,,,,Airport - Aircraft - Cargo - PIS,,,Mexico,,Rooted Plant (including grafted),,VITA FARMS 6001,8,766,,,,,,6,,,,,,,,,,,,,,,
15,15,,San Francisco PIS,,,,,Airport - Aircraft - Cargo - PIS,,,Guatemala,,Unrooted Plant,,M & M PRODUCTORES BOX 1-14 ,5,1375,,,,,,6,,,,,,,,,,,,,,,
15,15,,Miami PIS,,,,,Airport - Aircraft - Cargo - PIS,,,Guatemala,,Rooted Plant (including grafted),,PLANT INVESTMENTS SOCIEDAD ANONI,0,17,,,,,,21,,,,,,,,,,,,,,,
15,15,,Linden PIS,,,,,Airport - Aircraft - Cargo - PIS,,,Costa Rica,,Rooted Plant (including grafted),,Not Selected,0,62788,,,,,,22,,,,,,,,,,,,,,,
15,15,,Los Angeles PIS,,,,,Airport - Aircraft - Cargo - PIS,,,Guatemala,,Unrooted Cutting,,Same as Shipper,21,201244,,,,,,22,,,,,,,,,,,,,,,
15,15,,Linden PIS,,,,,Airport - Aircraft - Cargo - PIS,,,Costa Rica,,Meristem or Callus Tissue Culture (micropropagated/in vitro culture),,ZHONGSHAN XINHUI FLORICULTURE LT,2,25273,,,,,,4,,,,,,,,,,,,,,,
15,15,,Los Angeles PIS,,,,,Airport - Aircraft - Cargo - PIS,,,Guatemala,,Meristem or Callus Tissue Culture (micropropagated/in vitro culture),,EXPORTADORA IMPERIO VERDE SA,130,1271955,,,,,,25,,,,,,,,,,,,,,,
15,15,,Miami PIS,,,,,Airport - Aircraft - Cargo - PIS,,,China,,Unrooted Cutting,,Mr. Supaloek Philomnak,11,4186,,,,,,8,,,,,,,,,,,,,,,
15,15,,Miami PIS,,,,,Airport - Aircraft - Cargo - PIS,,,Costa Rica,,Rooted Plant (including grafted),,BC BROMELIAS DE COLOMBIA SAS,6,23207,,,,,,17,,,,,,,,,,,,,,,
15,15,,Nogales PIS,,,,,Airport - Aircraft - Cargo - PIS,,,Guatemala,,Meristem or Callus Tissue Culture (micropropagated/in vitro culture),,LIANYUNGANG FLORWER KING,0,2649,,,,,,8,,,,,,,,,,,,,,,
16,16,,Miami PIS,,,,,Airport - Aircraft - Cargo - PIS,,,Netherlands,,Unrooted Cutting,,AGROPECUARIA PENIEL SA,4,930,,,,,,14,,,,,,,,,,,,,,,
16,16,,San Diego PIS,,,,,Airport - Aircraft - Cargo - PIS,,,Guatemala,,Rooted Cutting (including air layer),,PLANTAS DEL TROPICO ARC SA,11,17713,,,,,,11,,,,,,,,,,,,,,,
16,16,,Linden PIS,,,,,Airport - Aircraft - Cargo - PIS,,,Thailand,,Unrooted Plant,,Not Selected,44,69482,,,,,,20,,,,,,,,,,,,,,,
16,16,,Linden PIS,,,,,Airport - Aircraft - Cargo - PIS,,,Germany,,Unrooted Cutting,,BOCELS BROMELAIDS,0,712,,,,,,4,,,,,,,,,,,,,,,
16,16,,Miami PIS,,,,,Airport - Aircraft - Cargo - PIS,,,Netherlands,,Meristem or Callus Tissue Culture (micropropagated/in vitro culture),,COSTA FARMS DOM,1,304,,,,,,14,,,,,,,,,,,,,,,
16,16,,Miami PIS,,,,,Airport - Aircraft - Cargo - PIS,,,Guatemala,,Rooted Cutting (including air layer),,FERTIPLANT BV.,0,27,,,,,,10,,,,,,,,,,,,,,,
16,16,,Miami PIS,,,,,Airport - Aircraft - Cargo - PIS,,,India,,Rooted Plant (including grafted),,AGRO ORCHIDS COSTA RICA S.A,30,10291,,,,,,4,,,,,,,,,,,,,,,
16,16,,Los Angeles PIS,,,,,Airport - Aircraft - Cargo - PIS,,,"Korea, South",,Rooted Plant (including grafted),,Mr. Nattapong Monghpech,6,19599,,,,,,24,,,,,,,,,,,,,,,
16,16,,Los Angeles PIS,,,,,Airport - Aircraft - Cargo - PIS,,,Indonesia,,Meristem or Callus Tissue Culture (micropropagated/in vitro culture),,RED FOX LAS MERCEDES  SA DE CV,4,37714,,,,,,8,,,,,,,,,,,,,,,
16,16,,Linden PIS,,,,,Maritime Port - Vessel - Cargo - PIS,,,Guatemala,,Rooted Plant (including grafted),,INNOVAPLANT DE COSTA RICA,2,1801,,,,,,4,,,,,,,,,,,,,,,
16,16,,Miami PIS,,,,,Airport - Aircraft - Cargo - PIS,,,Uganda,,Meristem or Callus Tissue Culture (micropropagated/in vitro culture),,Jungle Jack's Thailand Ltd.,1,518,,,,,,26,,,,,,,,,,,,,,,
16,16,,Miami PIS,,,,,Airport - Aircraft - Cargo - PIS,,,"Korea, South",,Unrooted Cutting,,VIVERO INTERNACIONAL 909,2,63584,,,,,,22,,,,,,,,,,,,,,,
16,16,,Los Angeles PIS,,,,,Maritime Port - Vessel - Cargo - PIS,,,Thailand,,Unrooted Cutting,,Plantas Ilimitadas ,4,22912,,,,,,5,,,,,,,,,,,,,,,
16,16,,Orlando PIS,,,,,Airport - Aircraft - Cargo - PIS,,,China,,Unrooted Cutting,,SUNSHINE HORTICULTURE,17,121733,,,,,,24,,,,,,,,,,,,,,,
16,16,,Miami PIS,,,,,Airport - Aircraft - Cargo - PIS,,,Guatemala,,Meristem or Callus Tissue Culture (micropropagated/in vitro culture),,INNOVAPLANT DE COSTA RICA,9,621,,,,,,22,,,,,,,,,,,,,,,
16,16,,Miami PIS,,,,,Maritime Port - Vessel - Cargo - PIS,,,Turkey,,Rooted Cutting (including air layer),,QUEEN TARIM SANAYI VE TIC,13,1589,,,,,,9,,,,,,,,,,,,,,,
16,16,,Miami PIS,,,,,Airport - Aircraft - Cargo - PIS,,,El Salvador,,Rooted Cutting (including air layer),,LAS LIMAS,1,743,,,,,,6,,,,,,,,,,,,,,,
16,16,,Miami PIS,,,,,Airport - Aircraft - Cargo - PIS,,,Costa Rica,,Meristem or Callus Tissue Culture (micropropagated/in vitro culture),,Same as Shipper,7,4,,,,,,25,,,,,,,,,,,,,,,
16,16,,Los Angeles PIS,,,,,Airport - Aircraft - Cargo - PIS,,,Singapore,,Rooted Cutting (including air layer),,Mr. Threethatwat Phraesiwaroj,1,203,,,,,,24,,,,,,,,,,,,,,,
16,16,,Miami PIS,,,,,Airport - Aircraft - Cargo - PIS,,,Tanzania,,Unrooted Cutting,,Not Selected,6,35592,,,,,,8,,,,,,,,,,,,,,,
16,16,,Miami PIS,,,,,Airport - Aircraft - Cargo - PIS,,,Costa Rica,,Meristem or Callus Tissue Culture (micropropagated/in vitro culture),,"VIVERO INTERNACIONAL S,A DE C.V",9,5063,,,,,,21,,,,,,,,,,,,,,,
17,17,,Miami PIS,,,,,Airport - Aircraft - Cargo - PIS,,,Guatemala,,Rooted Plant (including grafted),,"Sociedad Tigra Verde, S.A.",66,29218,,,,,,28,,,,,,,,,,,,,,,
17,17,,JFK PIS,,,,,Airport - Aircraft - Cargo - PIS,,,Taiwan,,Rooted Plant (including grafted),,ORNAMENTALES SAPO VERDE Box 914-958,0,1006,,,,,,21,,,,,,,,,,,,,,,
17,17,,Miami PIS,,,,,Airport - Aircraft - Cargo - PIS,,,Thailand,,Rooted Plant (including grafted),,PALKI  S.A.,5,7922,,,,,,11,,,,,,,,,,,,,,,
17,17,,Miami PIS,,,,,Maritime Port - Vessel - Cargo - PIS,,,Thailand,,Rooted Plant (including grafted),,CV PURNAMA MULTI ABADI,376,890218,,,,,,1,,,,,,,,,,,,,,,
17,17,,Orlando PIS,,,,,Airport - Aircraft - Cargo - PIS,,,Mexico,,Budwood/Graftwood (scion),,VITRO PLUS CV,5,9997,,,,,,26,,,,,,,,,,,,,,,
17,17,,Miami PIS,,,,,Airport - Aircraft - Cargo - PIS,,,Taiwan,,Unrooted Cutting,,Not Selected,300,7020,,,,,,24,,,,,,,,,,,,,,,
17,17,,Miami PIS,,,,,Airport - Aircraft - Cargo - PIS,,,Guatemala,,Unrooted Cutting,,Anita Salazar Avila,0,1287,,,,,,23,,,,,,,,,,,,,,,
17,17,,Miami PIS,,,,,Airport - Aircraft - Cargo - PIS,,,Netherlands,,Unrooted Cutting,,RED FOX LAS MERCEDES S.A.,13,58048,,,,,,23,,,,,,,,,,,,,,,
17,17,,Los Indios PIS,,,,,Maritime Port - Vessel - Cargo - PIS,,,Thailand,,Rooted Plant (including grafted),,Same as Shipper,56,626,,,,,,19,,,,,,,,,,,,,,,
17,17,,Atlanta PIS,,,,,Maritime Port - Vessel - Cargo - PIS,,,Netherlands,,Rooted Plant (including grafted),,Not Selected,0,3399,,,,,,25,,,,,,,,,,,,,,,
17,17,,Miami PIS,,,,,Airport - Aircraft - Cargo - PIS,,,Guatemala,,Rooted Plant (including grafted),,KANJARIN  HIRANWORAWUTHIKUL,5,15520,,,,,,18,,,,,,,,,,,,,,,
17,17,,Miami PIS,,,,,Airport - Aircraft - Cargo - PIS,,,China,,Meristem or Callus Tissue Culture (micropropagated/in vitro culture),,SAPO VERDE box 8001,26,4797,,,,,,17,,,,,,,,,,,,,,,
17,17,,Los Angeles PIS,,,,,Airport - Aircraft - Express Carrier - PIS,,,New Zealand,,Unrooted Cutting,,Miss Kanjana Kongvadsakulnnee,1,148,,,,,,3,,,,,,,,,,,,,,,
17,17,,Miami PIS,,,,,Airport - Aircraft - Cargo - PIS,,,China,,Unrooted Plant,,Gerardo del Carmen More Arce,1,3936,,,,,,7,,,,,,,,,,,,,,,
17,17,,Los Angeles PIS,,,,,Land Border - Truck - Cargo - PIS,,,Costa Rica,,Rooted Plant (including grafted),,QUELETZU S.A. 1-20,2,34,,,,,,10,,,,,,,,,,,,,,,
17,17,,Los Angeles PIS,,,,,Airport - Aircraft - Cargo - PIS,,,Viet Nam,,Unrooted Cutting,,PRODUCTOS EL MAPACHE DE ALAJUELA,3,353,,,,,,7,,,,,,,,,,,,,,,
17,17,,Miami PIS,,,,,Maritime Port - Vessel - Cargo - PIS,,,Zimbabwe,,Rooted Plant (including grafted),,Best Aquarium Thailand Co,1,34,,,,,,8,,,,,,,,,,,,,,,
17,17,,Miami PIS,,,,,Airport - Aircraft - Cargo - PIS,,,Guatemala,,Rooted Cutting (including air layer),,PALMAS S DE R L,83,56240,,,,,,2,,,,,,,,,,,,,,,
18,18,,Atlanta PIS,,,,,Maritime Port - Vessel - Cargo - PIS,,,Costa Rica,,Meristem or Callus Tissue Culture (micropropagated/in vitro culture),,SAPO VERDE 1001,1,3798,,,,,,5,,,,,,,,,,,,,,,
18,18,,Los Angeles PIS,,,,,Airport - Aircraft - Cargo - PIS,,,Costa Rica,,Rooted Plant (including grafted),,ORNAMENTALLES DE SAPO VERDE 001-030,35,82582,,,,,,18,,,,,,,,,,,,,,,
18,18,,Miami PIS,,,,,Airport - Aircraft - Cargo - PIS,,,Netherlands,,Unrooted Plant,,Dalat Has Farm Agrivina,207,219659,,,,,,27,,,,,,,,,,,,,,,
18,18,,Miami PIS,,,,,Airport - Aircraft - Cargo - PIS,,,Guatemala,,Rooted Cutting (including air layer),,NOVA CANE COSTA RICA S.A,2,28963,,,,,,17,,,,,,,,,,,,,,,
18,18,,Miami PIS,,,,,Airport - Aircraft - Cargo - PIS,,,Thailand,,Unrooted Cutting,,"LONG PRIDE BIOTECHNOLOGY CO., LTD",55,2217,,,,,,25,,,,,,,,,,,,,,,
19,19,,Miami PIS,,,,,Airport - Aircraft - Cargo - PIS,,,Thailand,,Unrooted Cutting,,ZHANGZHOU RICH LINK TRADING CO  LTD,49,22072,,,,,,8,,,,,,,,,,,,,,,
19,19,,Los Angeles PIS,,,,,Airport - Aircraft - Cargo - PIS,,,India,,Rooted Cutting (including air layer),,"FOSHAN SANSHUI YOUNGPLANTS CO.,LTD",13,20917,,,,,,22,,,,,,,,,,,,,,,
19,19,,Guam PIS,,,,,Maritime Port - Vessel - Cargo - PIS,,,China,,"Bulb, Corm, Rhizome, Tuberous Stem",,DALAT HASFARM CO LTD,163,151,,,,,,25,,,,,,,,,,,,,,,
19,19,,Miami PIS,,,,,Airport - Aircraft - Cargo - PIS,,,Taiwan,,Unrooted Cutting,,VITRO PLUS B.V.,15,16637,,,,,,24,,,,,,,,,,,,,,,
19,19,,Los Angeles PIS,,,,,Airport - Aircraft - Cargo - PIS,,,Costa Rica,,Unrooted Plant,,Same as Shipper,0,5,,,,,,6,,,,,,,,,,,,,,,
19,19,,Miami PIS,,,,,Airport - Aircraft - Cargo - PIS,,,China,,Unrooted Cutting,,Vita Farms 1901,627,12663,,,,,,10,,,,,,,,,,,,,,,
19,19,,Atlanta PIS,,,,,Airport - Aircraft - Cargo - PIS,,,El Salvador,,Unrooted Plant,,BEAUTY LINE GUATEMALA,62,46529,,,,,,7,,,,,,,,,,,,,,,
19,19,,Miami PIS,,,,,Airport - Aircraft - Cargo - PIS,,,Guatemala,,Unrooted Cutting,,PALKI  S.A.,6,106048,,,,,,8,,,,,,,,,,,,,,,
19,19,,Miami PIS,,,,,Airport - Aircraft - Cargo - PIS,,,Guatemala,,Unrooted Cutting,,Wirote Makmoon,21,34098,,,,,,26,,,,,,,,,,,,,,,
19,19,,Miami PIS,,,,,Airport - Aircraft - Cargo - PIS,,,"Korea, South",,"Bulb, Corm, Rhizome, Tuberous Stem",,BEAUTY LINE GUATEMALA SA,0,1500,,,,,,16,,,,,,,,,,,,,,,
19,19,,Miami PIS,,,,,Airport - Aircraft - Cargo - PIS,,,El Salvador,,Unrooted Plant,,AGROMARIALINDA SA 1-15,405,244118,,,,,,19,,,,,,,,,,,,,,,
19,19,,Atlanta PIS,,,,,Maritime Port - Vessel - Cargo - PIS,,,Viet Nam,,Unrooted Cutting,,Cactus Inter Co. ,9,149946,,,,,,19,,,,,,,,,,,,,,,
19,19,,Miami PIS,,,,,Airport - Aircraft - Cargo - PIS,,,India,,Rooted Plant (including grafted),,LAS LIMAS S A,521,253167,,,,,,12,,,,,,,,,,,,,,,
19,19,,Miami PIS,,,,,Airport - Aircraft - Cargo - PIS,,,Kenya,,Unrooted Cutting,,Ornamentales Sapo Verde Box 650,31,26783,,,,,,7,,,,,,,,,,,,,,,
19,19,,Los Angeles PIS,,,,,Airport - Aircraft - Cargo - PIS,,,Indonesia,,Unrooted Cutting,,LA FLORESTA ORNAMENTALES S.A.,25,2834,,,,,,24,,,,,,,,,,,,,,,
19,19,,Miami PIS,,,,,Airport - Aircraft - Cargo - PIS,,,China,,Unrooted Plant,,ZION PLANTS SOCIEDAD ANONIMA,1,133,,,,,,22,,,,,,,,,,,,,,,
19,19,,Orlando PIS,,,,,Airport - Aircraft - Cargo - PIS,,,China,,Unrooted Plant,,GEOAGRO DE COSTA RICA,2,2874,,,,,,21,,,,,,,,,,,,,,,
19,19,,Los Indios PIS,,,,,Airport - Aircraft - Cargo - PIS,,,South Africa,,Meristem or Callus Tissue Culture (micropropagated/in vitro culture),,Same as Shipper,1,2,,,,,,28,,,,,,,,,,,,,,,
19,19,,Beltsville PIS,,,,,Airport - Aircraft - Cargo - PIS,,,Costa Rica,,Unrooted Cutting,,Borneo Aquatic,6,212072,,,,,,8,,,,,,,,,,,,,,,
19,19,,Miami PIS,,,,,Airport - Aircraft - Cargo - PIS,,,Sri Lanka,,Unrooted Cutting,,M & M ,370,10022,,,,,,3,,,,,,,,,,,,,,,
19,19,,Miami PIS,,,,,Airport - Aircraft - Cargo - PIS,,,Dominican Republic,,Unrooted Cutting,,AGRO KOMPASS S.A.,814,44276,,,,,,7,,,,,,,,,,,,,,,
19,19,,Los Angeles PIS,,,,,Airport - Aircraft - Cargo - PIS,,,Costa Rica,,Meristem or Callus Tissue Culture (micropropagated/in vitro culture),,RED FOX LAS MERCEDES  SA DE CV,13,3213,,,,,,12,,,,,,,,,,,,,,,
19,19,,Los Angeles PIS,,,,,Airport - Aircraft - Cargo - PIS,,,Thailand,,Rooted Plant (including grafted),,Not Selected,34,7452,,,,,,16,,,,,,,,,,,,,,,
20,20,,Miami PIS,,,,,Airport - Aircraft - Cargo - PIS,,,Kenya,,"Bulb, Corm, Rhizome, Tuberous Stem",,EXPORTADORA LA BENDICION 1-19,36,307422,,,,,,3,,,,,,,,,,,,,,,
20,20,,Los Angeles PIS,,,,,Airport - Aircraft - Cargo - PIS,,,Costa Rica,,Rooted Cutting (including air layer),,COOPEINDIA R.L. BOX 37-57 ,5,5952,,,,,,28,,,,,,,,,,,,,,,
20,20,,Miami PIS,,,,,Airport - Aircraft - Cargo - PIS,,,Guatemala,,Unrooted Cutting,,Vita farms Box 3301-3302,29,4647,,,,,,15,,,,,,,,,,,,,,,
20,20,,Orlando PIS,,,,,Airport - Aircraft - Cargo - PIS,,,Thailand,,Meristem or Callus Tissue Culture (micropropagated/in vitro culture),,IVAGRO SA,6430,29265,,,,,,2,,,,,,,,,,,,,,,
20,20,,Miami PIS,,,,,Maritime Port - Vessel - Cargo - PIS,,,Ethiopia,,Unrooted Cutting,,Same as Shipper,1,37,,,,,,18,,,,,,,,,,,,,,,
20,20,,Miami PIS,,,,,Airport - Aircraft - Cargo - PIS,,,Costa Rica,,Unrooted Cutting,,INNOVAPLANT DE COSTA RICA,36,8102,,,,,,12,,,,,,,,,,,,,,,
20,20,,Miami PIS,,,,,Airport - Aircraft - Cargo - PIS,,,Guatemala,,Unrooted Cutting,,KANJARIN HIRANWORAWUTHIKUL,10,3452,,,,,,21,,,,,,,,,,,,,,,
20,20,,Miami PIS,,,,,Airport - Aircraft - Cargo - PIS,,,Thailand,,Unrooted Cutting,,Same as Shipper,29,2799,,,,,,26,,,,,,,,,,,,,,,
20,20,,Houston PIS,,,,,Maritime Port - Vessel - Cargo - PIS,,,Costa Rica,,Unrooted Cutting,,"Follaje De Montana, S.A.",21,11632,,,,,,7,,,,,,,,,,,,,,,
20,20,,Atlanta PIS,,,,,Airport - Aircraft - Cargo - PIS,,,Poland,,Meristem or Callus Tissue Culture (micropropagated/in vitro culture),,Not Selected,103,182714,,,,,,26,,,,,,,,,,,,,,,
20,20,,Linden PIS,,,,,Airport - Aircraft - Cargo - PIS,,,Thailand,,Rooted Plant (including grafted),,TUCAN EXPORTERS,1,39,,,,,,13,,,,,,,,,,,,,,,
20,20,,Miami PIS,,,,,Airport - Aircraft - Cargo - PIS,,,Sri Lanka,,Rooted Plant (including grafted),,NATTA 1565 LIMITED PARTNERSHIP,0,9,,,,,,10,,,,,,,,,,,,,,,
20,20,,Los Angeles PIS,,,,,Airport - Aircraft - Cargo - PIS,,,Brazil,,Meristem or Callus Tissue Culture (micropropagated/in vitro culture),,DARWIN COLOMBIA,1,5102,,,,,,7,,,,,,,,,,,,,,,
20,20,,Miami PIS,,,,,Airport - Aircraft - Cargo - PIS,,,Uganda,,Unrooted Cutting,,COSTA FARM LLC,0,1204,,,,,,27,,,,,,,,,,,,,,,
20,20,,Miami PIS,,,,,Maritime Port - Vessel - Cargo - PIS,,,Spain,,Rooted Plant (including grafted),,Peruanino S.C.R.L,13,24088,,,,,,23,,,,,,,,,,,,,,,
20,20,,Miami PIS,,,,,Airport - Aircraft - Cargo - PIS,,,Guatemala,,Rooted Plant (including grafted),,TUCAN EXPORTERS,145,72205,,,,,,17,,,,,,,,,,,,,,,
20,20,,Miami PIS,,,,,Airport - Aircraft - Cargo - PIS,,,Costa Rica,,Unrooted Cutting,,ZACATE ORNAMENTAL Y DECORATIVO,1,14,,,,,,28,,,,,,,,,,,,,,,
20,20,,Houston PIS,,,,,Airport - Aircraft - Cargo - PIS,,,Costa Rica,,Unrooted Cutting,,AGROEXPORTS M&R,2,371,,,,,,28,,,,,,,,,,,,,,,
20,20,,Los Angeles PIS,,,,,Airport - Aircraft - Cargo - PIS,,,Netherlands,,Unrooted Plant,,TUCAN EXPORTERS,0,12053,,,,,,14,,,,,,,,,,,,,,,
20,20,,Linden PIS,,,,,Airport - Aircraft - Cargo - PIS,,,Thailand,,Meristem or Callus Tissue Culture (micropropagated/in vitro culture),,Ornamentales Sapo Verde Box 212-324,42,70317,,,,,,20,,,,,,,,,,,,,,,
20,20,,JFK PIS,,,,,Airport - Aircraft - Cargo - PIS,,,Guatemala,,Rooted Cutting (including air layer),,Ornamentales Sapo Verde Box 001-031,3,4379,,,,,,11,,,,,,,,,,,,,,,
21,21,,Miami PIS,,,,,Airport - Aircraft - Cargo - PIS,,,Costa Rica,,Meristem or Callus Tissue Culture (micropropagated/in vitro culture),,CACTUSINTER CO LTD,1,4829,,,,,,18,,,,,,,,,,,,,,,
21,21,,Los Angeles PIS,,,,,Airport - Aircraft - Cargo - PIS,,,Guatemala,,Rooted Plant (including grafted),,INNOVAPLANT DE COSTA RICA 1-4,21,5423,,,,,,12,,,,,,,,,,,,,,,
21,21,,Linden PIS,,,,,Airport - Aircraft - Cargo - PIS,,,Brazil,,Unrooted Cutting,,Not Selected,12,5903,,,,,,9,,,,,,,,,,,,,,,
21,21,,Miami PIS,,,,,Airport - Aircraft - Cargo - PIS,,,Kenya,,Rooted Plant (including grafted),,AGRIGENTUM SA,1,128,,,,,,24,,,,,,,,,,,,,,,
21,21,,Miami PIS,,,,,Airport - Aircraft - Cargo - PIS,,,Guatemala,,Unrooted Cutting,,"MEI CEI ORCHIDS CO.,LTD.",38,24071,,,,,,5,,,,,,,,,,,,,,,
21,21,,Linden PIS,,,,,Airport - Aircraft - Cargo - PIS,,,Costa Rica,,Unrooted Plant,,INNOVAPLANT DE COSTA RICA,0,6617,,,,,,6,,,,,,,,,,,,,,,
21,21,,Linden PIS,,,,,Airport - Aircraft - Cargo - PIS,,,Netherlands,,"Root cutting, crown, or clump, Tuberous Root",,LUCHA ORNAMENTAL S.A.102-102,5,37,,,,,,1,,,,,,,,,,,,,,,
21,21,,Miami PIS,,,,,Airport - Aircraft - Cargo - PIS,,,Colombia,,Unrooted Cutting,,SHENZHEN SHENLIYI TRADING CO,27,190,,,,,,17,,,,,,,,,,,,,,,
21,21,,Atlanta PIS,,,,,Airport - Aircraft - Cargo - PIS,,,Thailand,,Rooted Cutting (including air layer),,LAS LIMAS S A,2,5309,,,,,,20,,,,,,,,,,,,,,,
21,21,,Miami PIS,,,,,Airport - Aircraft - Cargo - PIS,,,Kenya,,Unrooted Plant,,LAS LIMAS,65,123237,,,,,,14,,,,,,,,,,,,,,,
21,21,,Miami PIS,,,,,Airport - Aircraft - Cargo - PIS,,,Netherlands,,Unrooted Cutting,,INNOVA PLANT,2,144293,,,,,,28,,,,,,,,,,,,,,,
21,21,,Honolulu PIS,,,,,Airport - Aircraft - Cargo - PIS,,,China,,Unrooted Cutting,,ZIMFLORA PVT LTD,55,406951,,,,,,2,,,,,,,,,,,,,,,
21,21,,Miami PIS,,,,,Airport - Aircraft - Express Carrier - PIS,,,Costa Rica,,Rooted Plant (including grafted),,GEOAGRO DE COSTA RICA,573,17720,,,,,,28,,,,,,,,,,,,,,,
21,21,,Los Angeles PIS,,,,,Airport - Aircraft - Cargo - PIS,,,Netherlands,,Rooted Plant (including grafted),,BC BROMELIAS DE COLOMBIA SAS SA,428,13739,,,,,,7,,,,,,,,,,,,,,,
21,21,,Miami PIS,,,,,Airport - Aircraft - Cargo - PIS,,,Costa Rica,,Rooted Plant (including grafted),,INNOVAPLANT DE COSTA RICA,23,214353,,,,,,14,,,,,,,,,,,,,,,
22,22,,Miami PIS,,,,,Airport - Aircraft - Cargo - PIS,,,Guatemala,,Rooted Plant (including grafted),,VIVERO ALISON TATIANA,29,37414,,,,,,28,,,,,,,,,,,,,,,
22,22,,San Diego PIS,,,,,Airport - Aircraft - Cargo - PIS,,,Mexico,,Rooted Cutting (including air layer),,LA FLORESTA ORNAMENTALES S A,408,45782,,,,,,21,,,,,,,,,,,,,,,
22,22,,Los Indios PIS,,,,,Airport - Aircraft - Cargo - PIS,,,Costa Rica,,Unrooted Cutting,,QUELETZU S.A.,1,6213,,,,,,10,,,,,,,,,,,,,,,
22,22,,Miami PIS,,,,,Airport - Aircraft - Cargo - PIS,,,Costa Rica,,Rooted Plant (including grafted),,AGRIGENTUM S A,32,45358,,,,,,27,,,,,,,,,,,,,,,
22,22,,Orlando PIS,,,,,Maritime Port - Vessel - Cargo - PIS,,,Guatemala,,Unrooted Plant,,La Realeza Ornamentales,13,215,,,,,,7,,,,,,,,,,,,,,,
22,22,,Los Angeles PIS,,,,,Airport - Aircraft - Cargo - PIS,,,Thailand,,Rooted Plant (including grafted),,DALAT HASFARM CO LTD,2,23055,,,,,,1,,,,,,,,,,,,,,,
22,22,,Miami PIS,,,,,Airport - Aircraft - Cargo - PIS,,,Thailand,,Unrooted Cutting,,SHENZHEN RENRUOFEI TRADING CO LT,0,120,,,,,,6,,,,,,,,,,,,,,,
22,22,,Miami PIS,,,,,Airport - Aircraft - Cargo - PIS,,,Mexico,,Unrooted Cutting,,COOPEINDIA R.L Box 900-923,37,473,,,,,,13,,,,,,,,,,,,,,,
23,23,,Miami PIS,,,,,Airport - Aircraft - Cargo - PIS,,,Dominican Republic,,Rooted Plant (including grafted),,Borneo Aquatic,13,4986,,,,,,22,,,,,,,,,,,,,,,
23,23,,Miami PIS,,,,,Airport - Aircraft - Cargo - PIS,,,China,,Rooted Plant (including grafted),,ORNAMENTALES SAPO VERDE 201,4,7622,,,,,,12,,,,,,,,,,,,,,,
23,23,,Miami PIS,,,,,Airport - Aircraft - Cargo - PIS,,,Guatemala,,Meristem or Callus Tissue Culture (micropropagated/in vitro culture),,LATHYFLORA KENYA LTD,73,56239,,,,,,27,,,,,,,,,,,,,,,
23,23,,Linden PIS,,,,,Airport - Aircraft - Cargo - PIS,,,Thailand,,Unrooted Cutting,,ANNIA FUENTES Box 101-103,69,99930,,,,,,8,,,,,,,,,,,,,,,
23,23,,Miami PIS,,,,,Maritime Port - Vessel - Cargo - PIS,,,China,,Unrooted Cutting,,Vita Farms 2301-2347,0,15168,,,,,,5,,,,,,,,,,,,,,,
23,23,,Miami PIS,,,,,Airport - Aircraft - Cargo - PIS,,,Thailand,,Rooted Plant (including grafted),,VIVERO INTENACIONAL SA DE CV,1,397,,,,,,23,,,,,,,,,,,,,,,
23,23,,Miami PIS,,,,,Airport - Aircraft - Cargo - PIS,,,Guatemala,,Rooted Plant (including grafted),,"FOLLAJES INTERNACIONALES, S.A.",18,44444,,,,,,19,,,,,,,,,,,,,,,
23,23,,Miami PIS,,,,,Airport - Aircraft - Cargo - PIS,,,Viet Nam,,Unrooted Cutting,,LA FLORESTA ORNAMENTALES SA,25,33951,,,,,,7,,,,,,,,,,,,,,,
23,23,,Miami PIS,,,,,Airport - Aircraft - Express Carrier - PIS,,,China,,Unrooted Cutting,,PLANTOPEDIA PAMPANGA,7,5103,,,,,,14,,,,,,,,,,,,,,,
23,23,,Atlanta PIS,,,,,Airport - Aircraft - Cargo - PIS,,,Netherlands,,Unrooted Plant,,EXPORTADORA DE ORNAMENTALES,0,4370,,,,,,21,,,,,,,,,,,,,,,
23,23,,Miami PIS,,,,,Airport - Aircraft - Cargo - PIS,,,Mexico,,Unrooted Cutting,,INDUSTRIAS AGRICOLAS CENTRO AMER,2,557,,,,,,19,,,,,,,,,,,,,,,
23,23,,Miami PIS,,,,,Airport - Aircraft - Cargo - PIS,,,Costa Rica,,Meristem or Callus Tissue Culture (micropropagated/in vitro culture),,Tanwapa Kongchern,2,72010,,,,,,11,,,,,,,,,,,,,,,
23,23,,Miami PIS,,,,,Airport - Aircraft - Cargo - PIS,,,Guatemala,,Rooted Plant (including grafted),,Duangnapa Koyaklang,0,468,,,,,,12,,,,,,,,,,,,,,,
23,23,,Los Angeles PIS,,,,,Airport - Aircraft - Cargo - PIS,,,China,,Unrooted Cutting,,Cactusinter,11,13307,,,,,,13,,,,,,,,,,,,,,,
23,23,,Miami PIS,,,,,Airport - Aircraft - Cargo - PIS,,,Viet Nam,,Rooted Plant (including grafted),,VITA FARMS BOX 801-873,78,69412,,,,,,6,,,,,,,,,,,,,,,
23,23,,Miami PIS,,,,,Airport - Aircraft - Cargo - PIS,,,Indonesia,,Unrooted Cutting,,APO VERDE ,239,24687,,,,,,20,,,,,,,,,,,,,,,
23,23,,Los Angeles PIS,,,,,Airport - Aircraft - Express Carrier - PIS,,,India,,Rooted Plant (including grafted),,LUCHA ORNAMENTAL S.A.102-102,7,18928,,,,,,17,,,,,,,,,,,,,,,
23,23,,Atlanta PIS,,,,,Maritime Port - Vessel - Cargo - PIS,,,Guatemala,,Unrooted Cutting,,Not Selected,1,12837,,,,,,8,,,,,,,,,,,,,,,
23,23,,Miami PIS,,,,,Airport - Aircraft - Express Carrier - PIS,,,"Korea, South",,Rooted Plant (including grafted),,FLORICULTURA Y COMPANIA LIMITADA,0,12246,,,,,,19,,,,,,,,,,,,,,,
23,23,,Miami PIS,,,,,Airport - Aircraft - Cargo - PIS,,,Guatemala,,Rooted Plant (including grafted),,M/S PLANTEK INTERNATIONAL,69,127,,,,,,25,,,,,,,,,,,,,,,
23,23,,Miami PIS,,,,,Maritime Port - Vessel - Cargo - PIS,,,Kenya,,Unrooted Cutting,,Ornamentales Rio Molino S.A.,0,2680,,,,,,18,,,,,,,,,,,,,,,
23,23,,Atlanta PIS,,,,,Airport - Aircraft - Cargo - PIS,,,Thailand,,Unrooted Cutting,,Same as Shipper,121,95,,,,,,25,,,,,,,,,,,,,,,
23,23,,Los Angeles PIS,,,,,Airport - Aircraft - Cargo - PIS,,,Costa Rica,,Rooted Plant (including grafted),,ORNAMETALES DE ALTURA S.A,51,165758,,,,,,19,,,,,,,,,,,,,,,
23,23,,Miami PIS,,,,,Airport - Aircraft - Cargo - PIS,,,India,,Unrooted Cutting,,-COOPEINDIA R.L. Box 17-21,1,7478,,,,,,8,,,,,,,,,,,,,,,
24,24,,Linden PIS,,,,,Maritime Port - Vessel - Cargo - PIS,,,El Salvador,,Unrooted Cutting,,KAPOK PLANTAS,1,14625,,,,,,9,,,,,,,,,,,,,,,
24,24,,Miami PIS,,,,,Airport - Aircraft - Cargo - PIS,,,Costa Rica,,Unrooted Cutting,,INNOVA PLANT DE COSTA RICA SA,7,2230,,,,,,27,,,,,,,,,,,,,,,
24,24,,Atlanta PIS,,,,,Airport - Aircraft - Cargo - PIS,,,Thailand,,Rooted Plant (including grafted),,Not Selected,13,9406,,,,,,16,,,,,,,,,,,,,,,
24,24,,Miami PIS,,,,,Airport - Aircraft - Cargo - PIS,,,Italy,,Rooted Plant (including grafted),,INNOVA PLANT DE COSTA RICA SA,10,6950,,,,,,25,,,,,,,,,,,,,,,
24,24,,Miami PIS,,,,,Maritime Port - Vessel - Cargo - PIS,,,Brazil,,Rooted Cutting (including air layer),,Not Selected,67,11779,,,,,,11,,,,,,,,,,,,,,,
24,24,,Los Angeles PIS,,,,,Airport - Aircraft - Cargo - PIS,,,Costa Rica,,Unrooted Cutting,,INNOVA PLANT,10,20388,,,,,,27,,,,,,,,,,,,,,,
24,24,,Atlanta PIS,,,,,Airport - Aircraft - Cargo - PIS,,,China,,Unrooted Cutting,,"PACHARA ORCHIDS INTERTRADE CO.,",1,2340,,,,,,26,,,,,,,,,,,,,,,
24,24,,Atlanta PIS,,,,,Airport - Aircraft - Cargo - PIS,,,Guatemala,,Unrooted Cutting,,NATTA 1565 LIMITED PARTNERSHIP,0,34,,,,,,20,,,,,,,,,,,,,,,
24,24,,Miami PIS,,,,,Airport - Aircraft - Cargo - PIS,,,"Korea, South",,Unrooted Cutting,,Same as Shipper,4,4310,,,,,,7,,,,,,,,,,,,,,,
24,24,,Miami PIS,,,,,Airport - Aircraft - Cargo - PIS,,,Guatemala,,Meristem or Callus Tissue Culture (micropropagated/in vitro culture),,Vita Farms Box 801-885,12,17471,,,,,,17,,,,,,,,,,,,,,,
24,24,,Atlanta PIS,,,,,Airport - Aircraft - Cargo - PIS,,,China,,Unrooted Cutting,,TUCAN EXPORTERS,1,6881,,,,,,19,,,,,,,,,,,,,,,
24,24,,Atlanta PIS,,,,,Airport - Aircraft - Cargo - PIS,,,Guatemala,,Unrooted Cutting,,Vita Farms,3,9594,,,,,,9,,,,,,,,,,,,,,,
24,24,,Seattle PIS,,,,,Airport - Aircraft - Cargo - PIS,,,Kenya,,Unrooted Cutting,,POLDER CO LTD,3,2392,,,,,,1,,,,,,,,,,,,,,,
24,24,,Miami PIS,,,,,Airport - Aircraft - Cargo - PIS,,,Kenya,,Rooted Plant (including grafted),,UBONRAT NURSERY LTD,2,43369,,,,,,9,,,,,,,,,,,,,,,
24,24,,Los Angeles PIS,,,,,Airport - Aircraft - Cargo - PIS,,,Costa Rica,,Unrooted Cutting,,LA FLORESTA ORNAMENTALES SA,0,67,,,,,,1,,,,,,,,,,,,,,,
24,24,,Miami PIS,,,,,Airport - Aircraft - Cargo - PIS,,,Indonesia,,Meristem or Callus Tissue Culture (micropropagated/in vitro culture),,ZACATE ORNAMENTAL Y DECORATIVO,1,13018,,,,,,17,,,,,,,,,,,,,,,
24,24,,Linden PIS,,,,,Maritime Port - Vessel - Cargo - PIS,,,China,,Rooted Plant (including grafted),,INNOVA PLANT DE COSTA RICA SA,0,16366,,,,,,11,,,,,,,,,,,,,,,
24,24,,Miami PIS,,,,,Airport - Aircraft - Cargo - PIS,,,Guatemala,,Unrooted Cutting,,QUELETZU S A BOX 1-32,268,175750,,,,,,28,,,,,,,,,,,,,,,
25,25,,Miami PIS,,,,,Airport - Aircraft - Cargo - PIS,,,Netherlands,,Rooted Plant (including grafted),,Agropecuaria Marso,4,4404,,,,,,1,,,,,,,,,,,,,,,
25,25,,Atlanta PIS,,,,,Airport - Aircraft - Cargo - PIS,,,Kenya,,Unrooted Cutting,,Same as Shipper,14,5048,,,,,,5,,,,,,,,,,,,,,,
25,25,,Miami PIS,,,,,Airport - Aircraft - Cargo - PIS,,,Taiwan,,Unrooted Cutting,,Not Selected,130,65803,,,,,,11,,,,,,,,,,,,,,,
25,25,,Linden PIS,,,,,Airport - Aircraft - Cargo - PIS,,,Taiwan,,Rooted Plant (including grafted),,Not Selected,1,256,,,,,,1,,,,,,,,,,,,,,,
25,25,,Atlanta PIS,,,,,Airport - Aircraft - Cargo - PIS,,,Costa Rica,,Meristem or Callus Tissue Culture (micropropagated/in vitro culture),,ANTHO ORNAMENTALES SA box 1-10,5,8691,,,,,,3,,,,,,,,,,,,,,,
25,25,,Miami PIS,,,,,Airport - Aircraft - Cargo - PIS,,,Costa Rica,,Unrooted Cutting,,INNOVAPLANT DE COSTA RICA,1,3592,,,,,,27,,,,,,,,,,,,,,,
25,25,,Miami PIS,,,,,Airport - Aircraft - Cargo - PIS,,,Netherlands,,Unrooted Cutting,,Costa Farms LLC,0,288,,,,,,5,,,,,,,,,,,,,,,
25,25,,Miami PIS,,,,,Airport - Aircraft - Cargo - PIS,,,Singapore,,Unrooted Cutting,,INNOVAPLANT DE COSTA RICA,10,77863,,,,,,14,,,,,,,,,,,,,,,
25,25,,Miami PIS,,,,,Airport - Aircraft - Cargo - PIS,,,Costa Rica,,Unrooted Cutting,,Vita Farms 201,0,8786,,,,,,10,,,,,,,,,,,,,,,
25,25,,Miami PIS,,,,,Airport - Aircraft - Cargo - PIS,,,Guatemala,,Unrooted Cutting,,LAS LIMAS,4,2859,,,,,,22,,,,,,,,,,,,,,,
25,25,,Linden PIS,,,,,Airport - Aircraft - Cargo - PIS,,,Guatemala,,Rooted Cutting (including air layer),,SAPO VERDE 1201,98,115753,,,,,,22,,,,,,,,,,,,,,,
25,25,,San Diego PIS,,,,,Airport - Aircraft - Cargo - PIS,,,Guatemala,,Rooted Cutting (including air layer),,IVAGRO SA,10,74202,,,,,,5,,,,,,,,,,,,,,,
25,25,,Miami PIS,,,,,Airport - Aircraft - Cargo - PIS,,,Portugal,,Unrooted Cutting,,MUKOYAMA ORCHIDS CO LTD,0,8378,,,,,,18,,,,,,,,,,,,,,,
25,25,,Linden PIS,,,,,Airport - Aircraft - Cargo - PIS,,,Thailand,,Unrooted Cutting,,GUATEXOTIC,6,13758,,,,,,24,,,,,,,,,,,,,,,
25,25,,Miami PIS,,,,,Airport - Aircraft - Cargo - PIS,,,Thailand,,Unrooted Cutting,,VIVERO LAS GARDENIAS,3,2203,,,,,,13,,,,,,,,,,,,,,,
25,25,,Miami PIS,,,,,Airport - Aircraft - Cargo - PIS,,,Mexico,,Unrooted Plant,,ZHANJIANG YONGXING IMPORT & EXPORT,2,16848,,,,,,9,,,,,,,,,,,,,,,
25,25,,Los Angeles PIS,,,,,Airport - Aircraft - Cargo - PIS,,,Mexico,,Unrooted Cutting,,ANTHO ORNAMENTALES Box 01- 08,71,56,,,,,,27,,,,,,,,,,,,,,,
25,25,,Miami PIS,,,,,Airport - Aircraft - Cargo - PIS,,,Thailand,,Rooted Plant (including grafted),,BOCELS BROMELAIDS,16,46251,,,,,,26,,,,,,,,,,,,,,,
25,25,,Miami PIS,,,,,Airport - Aircraft - Cargo - PIS,,,Ethiopia,,Unrooted Plant,,DGJ CAPCO DE COSTA RICA,623,34297,,,,,,19,,,,,,,,,,,,,,,
25,25,,Miami PIS,,,,,Airport - Aircraft - Cargo - PIS,,,Zimbabwe,,Unrooted Cutting,,INNOVAPLANT DE COSTA RICA,197,488,,,,,,5,,,,,,,,,,,,,,,
25,25,,Houston PIS,,,,,Airport - Aircraft - Cargo - PIS,,,Costa Rica,,Rooted Cutting (including air layer),,TICOPLANT,4,5082,,,,,,27,,,,,,,,,,,,,,,
25,25,,Miami PIS,,,,,Airport - Aircraft - Cargo - PIS,,,Tanzania,,Unrooted Cutting,,SAPO VERDE box 8001,319,47256,,,,,,4,,,,,,,,,,,,,,,
25,25,,Miami PIS,,,,,Airport - Aircraft - Cargo - PIS,,,Thailand,,Unrooted Cutting,,CV. Nisa Garden,3,9268,,,,,,6,,,,,,,,,,,,,,,
25,25,,Miami PIS,,,,,Airport - Aircraft - Cargo - PIS,,,Costa Rica,,Unrooted Cutting,,PREMIUM ORNAMENTALES,2746,3534,,,,,,12,,,,,,,,,,,,,,,
26,26,,Atlanta PIS,,,,,Airport - Aircraft - Cargo - PIS,,,Guatemala,,Unrooted Cutting,,SHENZHEN ZHIZE WEISI SUPPLY CHAIN,91,212492,,,,,,28,,,,,,,,,,,,,,,
26,26,,JFK PIS,,,,,Airport - Aircraft - Cargo - PIS,,,Peru,,Unrooted Cutting,,LA FLOR EXOTICA DEL CARIBE BULLIS,2,18861,,,,,,14,,,,,,,,,,,,,,,
26,26,,Miami PIS,,,,,Airport - Aircraft - Cargo - PIS,,,Mexico,,Unrooted Cutting,,Same as Shipper,1,6862,,,,,,20,,,,,,,,,,,,,,,
26,26,,Miami PIS,,,,,Airport - Aircraft - Cargo - PIS,,,Guatemala,,Rooted Plant (including grafted),,Mr. Wirote Makmoon,15,55824,,,,,,19,,,,,,,,,,,,,,,
26,26,,Miami PIS,,,,,Airport - Aircraft - Cargo - PIS,,,Costa Rica,,Unrooted Cutting,,"Follaje De Montana, S.A.",87,170209,,,,,,28,,,,,,,,,,,,,,,
27,27,,Linden PIS,,,,,Airport - Aircraft - Cargo - PIS,,,Zimbabwe,,Unrooted Cutting,,Mr. Nattapong Monghpech,5,6111,,,,,,27,,,,,,,,,,,,,,,
27,27,,Miami PIS,,,,,Airport - Aircraft - Express Carrier - PIS,,,United Kingdom of Great Britain and N. Ireland,,Unrooted Cutting,,INDUSTRIA AGRICOLAS CENTRO AMERICAN,9,16,,,,,,13,,,,,,,,,,,,,,,
27,27,,Atlanta PIS,,,,,Airport - Aircraft - Cargo - PIS,,,Mexico,,Unrooted Cutting,,BEAUTY LINE GUATEMALA,1,2882,,,,,,12,,,,,,,,,,,,,,,
27,27,,Miami PIS,,,,,Airport - Aircraft - Cargo - PIS,,,Brazil,,Rooted Plant (including grafted),,EXPORTADORA FARM2 ,0,34054,,,,,,28,,,,,,,,,,,,,,,
27,27,,Miami PIS,,,,,Airport - Aircraft - Cargo - PIS,,,Guatemala,,Unrooted Cutting,,VIVERO LAS GARDERIAS,26,6222,,,,,,28,,,,,,,,,,,,,,,
27,27,,Miami PIS,,,,,Airport - Aircraft - Cargo - PIS,,,Guatemala,,Rooted Plant (including grafted),,VITA  FARMS Box 1901,0,6057,,,,,,17,,,,,,,,,,,,,,,
27,27,,Miami PIS,,,,,Airport - Aircraft - Cargo - PIS,,,Guatemala,,Meristem or Callus Tissue Culture (micropropagated/in vitro culture),,"VIVERO INTERNATIONAL ,S.A.DE C.V",14,34295,,,,,,5,,,,,,,,,,,,,,,
27,27,,Miami PIS,,,,,Maritime Port - Vessel - Cargo - PIS,,,Thailand,,Rooted Plant (including grafted),,SAPO VERDE 1201,1,7051,,,,,,3,,,,,,,,,,,,,,,
27,27,,Linden PIS,,,,,Maritime Port - Vessel - Cargo - PIS,,,China,,Unrooted Cutting,,Ornamentales Sapo Verde 3001,0,6820,,,,,,18,,,,,,,,,,,,,,,
27,27,,Miami PIS,,,,,Airport - Aircraft - Cargo - PIS,,,Viet Nam,,Unrooted Plant,,PT ALCHEMIE BERKA,46,739,,,,,,10,,,,,,,,,,,,,,,
27,27,,Atlanta PIS,,,,,Airport - Aircraft - Cargo - PIS,,,Guatemala,,Unrooted Cutting,,QUELETZU S.A.,50,4,,,,,,7,,,,,,,,,,,,,,,
27,27,,Houston PIS,,,,,Airport - Aircraft - Cargo - PIS,,,Spain,,Unrooted Cutting,,LOS PINOS POPTUN,9,3085,,,,,,6,,,,,,,,,,,,,,,
27,27,,Miami PIS,,,,,Airport - Aircraft - Cargo - PIS,,,Costa Rica,,Unrooted Cutting,,Riampreeda Garden,81975,6805,,,,,,21,,,,,,,,,,,,,,,
27,27,,Miami PIS,,,,,Maritime Port - Vessel - Cargo - PIS,,,Costa Rica,,Unrooted Cutting,,XL-BLOOM YOUNGPLANTS,18,40420,,,,,,22,,,,,,,,,,,,,,,
27,27,,Miami PIS,,,,,Airport - Aircraft - Cargo - PIS,,,Costa Rica,,Unrooted Cutting,,RED FOX ETHIOPIA PLC,69,218098,,,,,,26,,,,,,,,,,,,,,,
27,27,,Miami PIS,,,,,Airport - Aircraft - Cargo - PIS,,,Taiwan,,Unrooted Cutting,,VITA FARMS BOX 801-873,1,21,,,,,,20,,,,,,,,,,,,,,,
27,27,,Linden PIS,,,,,Airport - Aircraft - Cargo - PIS,,,Costa Rica,,Rooted Cutting (including air layer),,CV GREEN TROPICAL,16,20908,,,,,,3,,,,,,,,,,,,,,,
27,27,,Miami PIS,,,,,Airport - Aircraft - Cargo - PIS,,,Thailand,,Meristem or Callus Tissue Culture (micropropagated/in vitro culture),,Vita Farms 701,35,30,,,,,,7,,,,,,,,,,,,,,,
27,27,,Atlanta PIS,,,,,Airport - Aircraft - Cargo - PIS,,,Kenya,,Unrooted Cutting,,La Laguna Chichoj,142,1503,,,,,,2,,,,,,,,,,,,,,,
27,27,,Miami PIS,,,,,Airport - Aircraft - Cargo - PIS,,,"Korea, South",,Rooted Plant (including grafted),,INVERSIONES AGROCOMERCIALES (IVAGRO),51,12450,,,,,,19,,,,,,,,,,,,,,,
27,27,,Los Angeles PIS,,,,,Airport - Aircraft - Cargo - PIS,,,Thailand,,Rooted Plant (including grafted),,"ZHANJIANG YUANLIN TRADING CO., LTD",1,1615,,,,,,26,,,,,,,,,,,,,,,
28,28,,Miami PIS,,,,,Airport - Aircraft - Cargo - PIS,,,Canada,,Unrooted Cutting,,AGROPECUARIA PENIEL (GUATEXOTIC),34,41382,,,,,,18,,,,,,,,,,,,,,,
28,28,,Miami PIS,,,,,Airport - Aircraft - Cargo - PIS,,,Guatemala,,Rooted Cutting (including air layer),,LUCHA ORNAMENTAL S.A.102-102,13,2676,,,,,,15,,,,,,,,,,,,,,,
28,28,,Miami PIS,,,,,Maritime Port - Vessel - Cargo - PIS,,,Israel,,Rooted Plant (including grafted),,Anita Salazar Avila,15,812,,,,,,5,,,,,,,,,,,,,,,
28,28,,Los Angeles PIS,,,,,Airport - Aircraft - Cargo - PIS,,,Costa Rica,,Rooted Plant (including grafted),,MONRA S.A.,1,1535,,,,,,21,,,,,,,,,,,,,,,
28,28,,Atlanta PIS,,,,,Maritime Port - Vessel - Cargo - PIS,,,Costa Rica,,Rooted Plant (including grafted),,IZUCAR HORTICULTURAL /YECAFLORA,0,143,,,,,,11,,,,,,,,,,,,,,,
28,28,,Miami PIS,,,,,Airport - Aircraft - Cargo - PIS,,,Kenya,,Rooted Plant (including grafted),,Not Selected,135,14469,,,,,,19,,,,,,,,,,,,,,,
28,28,,Los Angeles PIS,,,,,Airport - Aircraft - Cargo - PIS,,,Thailand,,Rooted Cutting (including air layer),,RED FOX LAS MERCEDES,99,291392,,,,,,10,,,,,,,,,,,,,,,
28,28,,Los Angeles PIS,,,,,Maritime Port - Vessel - Cargo - PIS,,,Brazil,,Rooted Plant (including grafted),,DARWIN COLOMBIA,2,110,,,,,,26,,,,,,,,,,,,,,,
28,28,,Atlanta PIS,,,,,Airport - Aircraft - Cargo - PIS,,,Costa Rica,,Meristem or Callus Tissue Culture (micropropagated/in vitro culture),,VIVERO INTERNACIONAL S.A. DE C.V.,1,301425,,,,,,18,,,,,,,,,,,,,,,
28,28,,Miami PIS,,,,,Land Border - Truck - Cargo - PIS,,,Honduras,,Unrooted Plant,,"KAPOK PLANTAS, S.A.",10,59636,,,,,,23,,,,,,,,,,,,,,,
28,28,,Miami PIS,,,,,Airport - Aircraft - Cargo - PIS,,,El Salvador,,Unrooted Cutting,,QUELETZU S.A.,3,1882,,,,,,14,,,,,,,,,,,,,,,
28,28,,Miami PIS,,,,,Airport - Aircraft - Cargo - PIS,,,Indonesia,,Rooted Plant (including grafted),,DARWIN COLOMBIA SAS,2,107,,,,,,10,,,,,,,,,,,,,,,
28,28,,Los Angeles PIS,,,,,Airport - Aircraft - Cargo - PIS,,,Kenya,,Unrooted Cutting,,LUCHA ORNAMENTAL S.A.102-102,0,10,,,,,,6,,,,,,,,,,,,,,,
28,28,,Miami PIS,,,,,Airport - Aircraft - Cargo - PIS,,,Netherlands,,Rooted Plant (including grafted),,FERTIPLANT BV.,0,1166,,,,,,14,,,,,,,,,,,,,,,
28,28,,Los Angeles PIS,,,,,Airport - Aircraft - Cargo - PIS,,,Guatemala,,Unrooted Cutting,,JARDINES TERRAGARDEN,8,4683,,,,,,24,,,,,,,,,,,,,,,
28,28,,Miami PIS,,,,,Airport - Aircraft - Cargo - PIS,,,Turkey,,Unrooted Cutting,,AGRO KOMPASS S  A BOX 1-81,3,3045,,,,,,7,,,,,,,,,,,,,,,
28,28,,San Diego PIS,,,,,Maritime Port - Vessel - Cargo - PIS,,,Mexico,,Meristem or Callus Tissue Culture (micropropagated/in vitro culture),,ZACATE ORNAMENTAL Y DECORATIVO,18,19,,,,,,20,,,,,,,,,,,,,,,
28,28,,Miami PIS,,,,,Airport - Aircraft - Cargo - PIS,,,Uganda,,Rooted Plant (including grafted),,VITA FARMS BOXES1101-1102,68,70090,,,,,,9,,,,,,,,,,,,,,,
28,28,,Miami PIS,,,,,Airport - Aircraft - Cargo - PIS,,,Thailand,,Unrooted Cutting,,RAYA CHOM ROYAL CO LTD,55,311900,,,,,,20,,,,,,,,,,,,,,,
28,28,,Los Angeles PIS,,,,,Maritime Port - Vessel - Cargo - PIS,,,Israel,,Rooted Plant (including grafted),,TROPI PLANTAS S. A.,20,62746,,,,,,28,,,,,,,,,,,,,,,
28,28,,Los Angeles PIS,,,,,Airport - Aircraft - Cargo - PIS,,,Colombia,,Unrooted Cutting,,Not Selected,14,20210,,,,,,14,,,,,,,,,,,,,,,
28,28,,Miami PIS,,,,,Airport - Aircraft - Cargo - PIS,,,Costa Rica,,Unrooted Cutting,,Randolph Cathers,0,5363,,,,,,22,,,,,,,,,,,,,,,
28,28,,Miami PIS,,,,,Maritime Port - Vessel - Cargo - PIS,,,Colombia,,Rooted Plant (including grafted),,LOS TARRALES S.A.,21,10730,,,,,,9,,,,,,,,,,,,,,,
29,29,,Miami PIS,,,,,Airport - Aircraft - Cargo - PIS,,,Guatemala,,Meristem or Callus Tissue Culture (micropropagated/in vitro culture),,INNOVAPLANT DE COSTA RICA,0,15,,,,,,7,,,,,,,,,,,,,,,
29,29,,Atlanta PIS,,,,,Airport - Aircraft - Cargo - PIS,,,Ethiopia,,Rooted Plant (including grafted),,PRIMLARP CHUKIATMAN,1,11,,,,,,17,,,,,,,,,,,,,,,
29,29,,Miami PIS,,,,,Airport - Aircraft - Cargo - PIS,,,New Zealand,,Rooted Plant (including grafted),,PLANTAS DEL TAMBO,16,3973,,,,,,12,,,,,,,,,,,,,,,
29,29,,Miami PIS,,,,,Airport - Aircraft - Cargo - PIS,,,Mexico,,Meristem or Callus Tissue Culture (micropropagated/in vitro culture),,Not Selected,34,26336,,,,,,27,,,,,,,,,,,,,,,
29,29,,Miami PIS,,,,,Airport - Aircraft - Cargo - PIS,,,Guatemala,,Unrooted Cutting,,IVAGRO SA,8,35076,,,,,,9,,,,,,,,,,,,,,,
29,29,,San Francisco PIS,,,,,Airport - Aircraft - Cargo - PIS,,,Kenya,,Rooted Plant (including grafted),,Vita Fams Box 1801,12,34094,,,,,,4,,,,,,,,,,,,,,,
29,29,,Miami PIS,,,,,Airport - Aircraft - Cargo - PIS,,,Costa Rica,,Unrooted Cutting,,FLORAPLANT S.A. DE C.V.,0,1003,,,,,,28,,,,,,,,,,,,,,,
29,29,,Los Angeles PIS,,,,,Airport - Aircraft - Cargo - PIS,,,Taiwan,,Rooted Cutting (including air layer),,JARDINES TERRAGARDEN,9,204013,,,,,,1,,,,,,,,,,,,,,,
29,29,,Miami PIS,,,,,Airport - Aircraft - Cargo - PIS,,,Guatemala,,Unrooted Cutting,,QUANZHOU LIUSENG BIOTECHNOLOGY C,2167,342202,,,,,,20,,,,,,,,,,,,,,,
29,29,,Atlanta PIS,,,,,Airport - Aircraft - Cargo - PIS,,,Costa Rica,,Unrooted Cutting,,PLANTEXPO,16,27268,,,,,,23,,,,,,,,,,,,,,,
29,29,,Atlanta PIS,,,,,Airport - Aircraft - Cargo - PIS,,,Netherlands,,Rooted Plant (including grafted),,TROPICA DEL ATLANTICO,2,1565,,,,,,9,,,,,,,,,,,,,,,
29,29,,Miami PIS,,,,,Airport - Aircraft - Cargo - PIS,,,Thailand,,Unrooted Cutting,,BEAUTY LINE GUATEMALA,66,68146,,,,,,7,,,,,,,,,,,,,,,
29,29,,Miami PIS,,,,,Airport - Aircraft - Cargo - PIS,,,Philippines,,Unrooted Cutting,,INNOVAPLANT DE COSTA RICA,0,1770,,,,,,17,,,,,,,,,,,,,,,
29,29,,San Francisco PIS,,,,,Airport - Aircraft - Cargo - PIS,,,Guatemala,,Rooted Plant (including grafted),,INNOVA PLANT DE COSTA RICA SA,0,80,,,,,,14,,,,,,,,,,,,,,,
29,29,,Miami PIS,,,,,Airport - Aircraft - Cargo - PIS,,,China,,Rooted Plant (including grafted),,Same as Shipper,28,7982,,,,,,8,,,,,,,,,,,,,,,
30,30,,Miami PIS,,,,,Airport - Aircraft - Cargo - PIS,,,Costa Rica,,Budwood/Graftwood (scion),,ARCO IRIS DEL CARIBE box 4,1,0,,,,,,20,,,,,,,,,,,,,,,
30,30,,Miami PIS,,,,,Airport - Aircraft - Cargo - PIS,,,Dominican Republic,,Unrooted Cutting,,SUNSHINE HORTICULTURE CO. LTD,1,9084,,,,,,13,,,,,,,,,,,,,,,
30,30,,Los Angeles PIS,,,,,Airport - Aircraft - Cargo - PIS,,,Taiwan,,"Root cutting, crown, or clump, Tuberous Root",,"TRIPLE Q INTERNATIONAL CO., LTD",10,6827,,,,,,25,,,,,,,,,,,,,,,
30,30,,Atlanta PIS,,,,,Airport - Aircraft - Cargo - PIS,,,India,,Rooted Plant (including grafted),,BEST AQUARIUM THAILAND,8,6457,,,,,,2,,,,,,,,,,,,,,,
30,30,,Miami PIS,,,,,Maritime Port - Vessel - Cargo - PIS,,,Guatemala,,Meristem or Callus Tissue Culture (micropropagated/in vitro culture),,GUATEXOTIC,1,4562,,,,,,4,,,,,,,,,,,,,,,
30,30,,Atlanta PIS,,,,,Airport - Aircraft - Cargo - PIS,,,Nicaragua,,Unrooted Cutting,,PRIMEROS EN FOLLAJE SA 101-238,9,42416,,,,,,21,,,,,,,,,,,,,,,
30,30,,Atlanta PIS,,,,,Airport - Aircraft - Cargo - PIS,,,Guatemala,,Rooted Plant (including grafted),,POPOW ORCHIDS,30,624609,,,,,,2,,,,,,,,,,,,,,,
30,30,,Miami PIS,,,,,Airport - Aircraft - Cargo - PIS,,,Costa Rica,,Unrooted Cutting,,Ornamentales Sapo Verde Box 701-703,23,14862,,,,,,27,,,,,,,,,,,,,,,
30,30,,Miami PIS,,,,,Airport - Aircraft - Cargo - PIS,,,Guatemala,,Unrooted Cutting,,INNOVAPLANT DE COSTA RICA,1,6468,,,,,,16,,,,,,,,,,,,,,,
30,30,,Los Angeles PIS,,,,,Airport - Aircraft - Cargo - PIS,,,Netherlands,,Meristem or Callus Tissue Culture (micropropagated/in vitro culture),,ROGELIO BERMUDEZ CAMPOS,5,16160,,,,,,28,,,,,,,,,,,,,,,
30,30,,Seattle PIS,,,,,Airport - Aircraft - Cargo - PIS,,,Costa Rica,,Rooted Plant (including grafted),,GUATEXOTIC,5,5170,,,,,,9,,,,,,,,,,,,,,,
30,30,,Miami PIS,,,,,Airport - Aircraft - Cargo - PIS,,,Costa Rica,,Unrooted Cutting,,BC BROMELIAS DE COLOMBI SAS SA,3,15409,,,,,,6,,,,,,,,,,,,,,,
30,30,,Miami PIS,,,,,Maritime Port - Vessel - Cargo - PIS,,,Dominican Republic,,Unrooted Cutting,,Costa Farms LLC,10,13139,,,,,,3,,,,,,,,,,,,,,,
30,30,,Atlanta PIS,,,,,Airport - Aircraft - Cargo - PIS,,,Philippines,,Meristem or Callus Tissue Culture (micropropagated/in vitro culture),,"Ornamentales del Rio Molino, S.A.",0,76400,,,,,,12,,,,,,,,,,,,,,,
30,30,,Carolina PIS,,,,,Maritime Port - Vessel - Cargo - PIS,,,Thailand,,Unrooted Plant,,INNOVAPLANT DE COSTA RICA,13,30305,,,,,,26,,,,,,,,,,,,,,,
30,30,,Los Angeles PIS,,,,,Airport - Aircraft - Cargo - PIS,,,Israel,,Unrooted Cutting,,INNOVA PLANT DE COSTA RICA SA,23,6251,,,,,,5,,,,,,,,,,,,,,,
30,30,,Miami PIS,,,,,Airport - Aircraft - Cargo - PIS,,,Indonesia,,Rooted Plant (including grafted),,BERKAH MELANO INDONESIA,1,2,,,,,,13,,,,,,,,,,,,,,,
30,30,,Miami PIS,,,,,Airport - Aircraft - Cargo - PIS,,,Costa Rica,,Rooted Plant (including grafted),,FOLLAJES INTERNACIONALES SA 1-6,8,6186,,,,,,20,,,,,,,,,,,,,,,
31,31,,Los Angeles PIS,,,,,Airport - Aircraft - Cargo - PIS,,,Guatemala,,Rooted Plant (including grafted),,PLANT SOURCE INTERNATIONAL,6,18123,,,,,,28,,,,,,,,,,,,,,,
31,31,,Miami PIS,,,,,Maritime Port - Vessel - Cargo - PIS,,,United Kingdom of Great Britain and N. Ireland,,Unrooted Cutting,,APO VERDE ,33,36249,,,,,,4,,,,,,,,,,,,,,,
31,31,,Atlanta PIS,,,,,Airport - Aircraft - Cargo - PIS,,,Indonesia,,Unrooted Cutting,,Nova Cane Costa Rica S.A.,37,19821,,,,,,22,,,,,,,,,,,,,,,
32,32,,Miami PIS,,,,,Maritime Port - Vessel - Cargo - PIS,,,Ethiopia,,Rooted Plant (including grafted),,ORCHISTRA JOINT STOCK COMPANY,2,122,,,,,,3,,,,,,,,,,,,,,,
32,32,,Linden PIS,,,,,Airport - Aircraft - Cargo - PIS,,,Uganda,,Rooted Plant (including grafted),,TURRIPLANTAS SA,0,3,,,,,,3,,,,,,,,,,,,,,,
32,32,,Los Angeles PIS,,,,,Airport - Aircraft - Cargo - PIS,,,Costa Rica,,Unrooted Cutting,,SUNSHINE HORTICULTURE CO LT,2,1744,,,,,,8,,,,,,,,,,,,,,,
32,32,,Atlanta PIS,,,,,Airport - Aircraft - Express Carrier - PIS,,,Nicaragua,,Unrooted Cutting,,INNOVAPLANT DE COSTA RICA,13,6863,,,,,,15,,,,,,,,,,,,,,,
32,32,,JFK PIS,,,,,Airport - Aircraft - Cargo - PIS,,,Costa Rica,,Meristem or Callus Tissue Culture (micropropagated/in vitro culture),,LAS LIMAS S A,1,1586,,,,,,22,,,,,,,,,,,,,,,
32,32,,Linden PIS,,,,,Airport - Aircraft - Cargo - PIS,,,Costa Rica,,Unrooted Plant,,INDUSTRIAS AGRICOLAS CENTRO AMERICANAS,0,1805,,,,,,17,,,,,,,,,,,,,,,
32,32,,Miami PIS,,,,,Airport - Aircraft - Cargo - PIS,,,Singapore,,Rooted Plant (including grafted),,PLANTEXPO,4,75855,,,,,,5,,,,,,,,,,,,,,,
32,32,,Miami PIS,,,,,Airport - Aircraft - Cargo - PIS,,,Kenya,,Rooted Plant (including grafted),,ORNAMENTALES SAPO VERDE Box 6401,41544,40742,,,,,,2,,,,,,,,,,,,,,,
32,32,,San Diego PIS,,,,,Airport - Aircraft - Cargo - PIS,,,Thailand,,Rooted Plant (including grafted),,ROYALLEAF CIA LTDA,8932,8475,,,,,,4,,,,,,,,,,,,,,,
32,32,,Miami PIS,,,,,Airport - Aircraft - Cargo - PIS,,,Costa Rica,,Unrooted Cutting,,Ornamentales Sapo Verde 3001,66,2039,,,,,,7,,,,,,,,,,,,,,,
32,32,,Miami PIS,,,,,Airport - Aircraft - Cargo - PIS,,,Taiwan,,Unrooted Plant,,AGRO ORCHIDS COSTA RICA S.A,0,16127,,,,,,2,,,,,,,,,,,,,,,
32,32,,Linden PIS,,,,,Airport - Aircraft - Cargo - PIS,,,China,,Unrooted Cutting,,ORNAMENTALES DE CONCEPCION S.A.,6,16876,,,,,,24,,,,,,,,,,,,,,,
33,33,,Miami PIS,,,,,Airport - Aircraft - Cargo - PIS,,,Colombia,,Rooted Plant (including grafted),,ZHONGSHAN BRIGHTEN FLORICULTURE,14,169589,,,,,,18,,,,,,,,,,,,,,,
33,33,,Miami PIS,,,,,Airport - Aircraft - Cargo - PIS,,,China,,Unrooted Cutting,,PLANTAS ORNAMENTALES DE COSTA RI,10,381339,,,,,,7,,,,,,,,,,,,,,,
33,33,,Linden PIS,,,,,Airport - Aircraft - Cargo - PIS,,,Guatemala,,Unrooted Cutting,,ORIENTAL AQUARIUM LTD,15,9112,,,,,,4,,,,,,,,,,,,,,,
33,33,,Miami PIS,,,,,Airport - Aircraft - Cargo - PIS,,,"Korea, South",,Unrooted Plant,,Not Selected,20,9539,,,,,,24,,,,,,,,,,,,,,,
33,33,,Atlanta PIS,,,,,Airport - Aircraft - Cargo - PIS,,,Costa Rica,,Rooted Plant (including grafted),,VIVERO LAS GARDENIAS,20,347822,,,,,,24,,,,,,,,,,,,,,,
33,33,,Atlanta PIS,,,,,Airport - Aircraft - Cargo - PIS,,,Netherlands,,Unrooted Cutting,,Not Selected,16,287,,,,,,18,,,,,,,,,,,,,,,
33,33,,Miami PIS,,,,,Land Border - Truck - Cargo - PIS,,,Guatemala,,Unrooted Cutting,,EDEN GARDEN FOR EXOTIC,257,8260,,,,,,6,,,,,,,,,,,,,,,
33,33,,Linden PIS,,,,,Airport - Aircraft - Cargo - PIS,,,Honduras,,Unrooted Cutting,,FERTIPLANT BV,6,7478,,,,,,13,,,,,,,,,,,,,,,
33,33,,Miami PIS,,,,,Airport - Aircraft - Cargo - PIS,,,Costa Rica,,Unrooted Cutting,,Kanapos Chokphakapong,44,48392,,,,,,1,,,,,,,,,,,,,,,
33,33,,Linden PIS,,,,,Airport - Aircraft - Cargo - PIS,,,Netherlands,,Unrooted Cutting,,QUEEN TARIM SANAYI VE TIC,6,5152,,,,,,21,,,,,,,,,,,,,,,
33,33,,Linden PIS,,,,,Airport - Aircraft - Cargo - PIS,,,Israel,,Rooted Plant (including grafted),,APO VERDE ,58,8567,,,,,,11,,,,,,,,,,,,,,,
33,33,,Miami PIS,,,,,Airport - Aircraft - Cargo - PIS,,,Brazil,,Rooted Plant (including grafted),,KENYA CUTTINGS LIMITED,40,557,,,,,,23,,,,,,,,,,,,,,,
33,33,,Miami PIS,,,,,Airport - Aircraft - Cargo - PIS,,,Guatemala,,"Bulb, Corm, Rhizome, Tuberous Stem",,Warut Fuangfoo,1,11685,,,,,,10,,,,,,,,,,,,,,,
33,33,,Miami PIS,,,,,Airport - Aircraft - Cargo - PIS,,,Spain,,Unrooted Plant,,VITRO PLUS BOX 1-36,2,1009,,,,,,8,,,,,,,,,,,,,,,
33,33,,Miami PIS,,,,,Airport - Aircraft - Cargo - PIS,,,Taiwan,,Rooted Plant (including grafted),,CERCA DEL PARAISO S.A.,0,5580,,,,,,8,,,,,,,,,,,,,,,
33,33,,Miami PIS,,,,,Airport - Aircraft - Cargo - PIS,,,Guatemala,,Unrooted Cutting,,MISS JUTAMAS PILADEE,1,298,,,,,,19,,,,,,,,,,,,,,,
33,33,,Miami PIS,,,,,Airport - Aircraft - Cargo - PIS,,,Kenya,,Meristem or Callus Tissue Culture (micropropagated/in vitro culture),,Same as Shipper,0,188,,,,,,8,,,,,,,,,,,,,,,
33,33,,Miami PIS,,,,,Airport - Aircraft - Cargo - PIS,,,Israel,,Unrooted Cutting,,AGRO MARIA LINDA S. A.,1,1,,,,,,6,,,,,,,,,,,,,,,
33,33,,Miami PIS,,,,,Airport - Aircraft - Cargo - PIS,,,China,,Meristem or Callus Tissue Culture (micropropagated/in vitro culture),,Primeros en Follaje ,0,3,,,,,,8,,,,,,,,,,,,,,,
33,33,,Miami PIS,,,,,Airport - Aircraft - Cargo - PIS,,,Costa Rica,,Rooted Plant (including grafted),,Costa Farms LLC,79,195002,,,,,,28,,,,,,,,,,,,,,,
33,33,,Atlanta PIS,,,,,Airport - Aircraft - Cargo - PIS,,,Thailand,,Unrooted Cutting,,KRITKHAJORN KETWORN,83,63448,,,,,,19,,,,,,,,,,,,,,,
33,33,,Los Angeles PIS,,,,,Airport - Aircraft - Cargo - PIS,,,Poland,,Rooted Cutting (including air layer),,ANTHO ORNAMENTALES SA,17,84156,,,,,,23,,,,,,,,,,,,,,,
34,34,,Los Angeles PIS,,,,,Airport - Aircraft - Cargo - PIS,,,Indonesia,,Rooted Plant (including grafted),,Ornamentales La Cima S.A,5,2454,,,,,,7,,,,,,,,,,,,,,,
34,34,,Miami PIS,,,,,Maritime Port - Vessel - Cargo - PIS,,,Costa Rica,,Unrooted Cutting,,INNOVAPLANT DE COSTA RICA,1,92,,,,,,1,,,,,,,,,,,,,,,
34,34,,Linden PIS,,,,,Airport - Aircraft - Cargo - PIS,,,Guatemala,,Unrooted Cutting,,Agropecuaria Marso,5,1171,,,,,,23,,,,,,,,,,,,,,,
34,34,,Los Angeles PIS,,,,,Maritime Port - Vessel - Cargo - PIS,,,Germany,,Rooted Plant (including grafted),,"FOLLAJES INTERNACIONALES, S.A.",44,76065,,,,,,3,,,,,,,,,,,,,,,
34,34,,Los Angeles PIS,,,,,Airport - Aircraft - Cargo - PIS,,,Thailand,,Unrooted Cutting,,VIVERO LAS GARDENIAS,0,35,,,,,,27,,,,,,,,,,,,,,,
35,35,,Miami PIS,,,,,Airport - Aircraft - Cargo - PIS,,,Guatemala,,Rooted Plant (including grafted),,DARWIN COLOMBIA S.A.S,56,70939,,,,,,26,,,,,,,,,,,,,,,
35,35,,Houston PIS,,,,,Airport - Aircraft - Cargo - PIS,,,Guatemala,,Rooted Cutting (including air layer),,ORNALO S.A.,4,6434,,,,,,17,,,,,,,,,,,,,,,
35,35,,Miami PIS,,,,,Airport - Aircraft - Cargo - PIS,,,Germany,,"Bulb, Corm, Rhizome, Tuberous Stem",,TROPI PLANTAS SA,1,11,,,,,,25,,,,,,,,,,,,,,,
35,35,,Miami PIS,,,,,Airport - Aircraft - Cargo - PIS,,,Costa Rica,,Rooted Plant (including grafted),,Same as Shipper,10,3115,,,,,,2,,,,,,,,,,,,,,,
35,35,,Los Angeles PIS,,,,,Airport - Aircraft - Cargo - PIS,,,Poland,,Rooted Plant (including grafted),,LAS LIMAS,12,25703,,,,,,22,,,,,,,,,,,,,,,
35,35,,JFK PIS,,,,,Airport - Aircraft - Cargo - PIS,,,Thailand,,Rooted Plant (including grafted),,TROPICAL EXOTIQUE CO. LTD,4,1196,,,,,,11,,,,,,,,,,,,,,,
35,35,,Carolina PIS,,,,,Airport - Aircraft - Cargo - PIS,,,Costa Rica,,Meristem or Callus Tissue Culture (micropropagated/in vitro culture),,FOSHAN SHUNDE LUYA AGRICULTURAL,18,31896,,,,,,18,,,,,,,,,,,,,,,
35,35,,Miami PIS,,,,,Airport - Aircraft - Cargo - PIS,,,China,,Unrooted Cutting,,VITA FARMS S.A. BOXES 008 & 009,8,2262,,,,,,2,,,,,,,,,,,,,,,
35,35,,Miami PIS,,,,,Airport - Aircraft - Cargo - PIS,,,Netherlands,,Unrooted Cutting,,FLOWER AGRONEGOCIOS-EIRELI,2,3320,,,,,,14,,,,,,,,,,,,,,,
35,35,,Miami PIS,,,,,Airport - Aircraft - Cargo - PIS,,,Italy,,Rooted Plant (including grafted),,BEAUTY LINE GUATEMALA S A,9,2246,,,,,,20,,,,,,,,,,,,,,,
35,35,,Miami PIS,,,,,Airport - Aircraft - Cargo - PIS,,,Costa Rica,,Unrooted Cutting,,PT ALCHEMIE BERKA,14,143816,,,,,,14,,,,,,,,,,,,,,,
35,35,,Los Angeles PIS,,,,,Airport - Aircraft - Cargo - PIS,,,Guatemala,,Rooted Plant (including grafted),,"AGRO KOMPASS,SOCIEDAD ANONIMA",35,114746,,,,,,18,,,,,,,,,,,,,,,
35,35,,Miami PIS,,,,,Airport - Aircraft - Cargo - PIS,,,Costa Rica,,Meristem or Callus Tissue Culture (micropropagated/in vitro culture),,PRODUCTOS VALPARAISO,144,5655,,,,,,13,,,,,,,,,,,,,,,
35,35,,Miami PIS,,,,,Airport - Aircraft - Cargo - PIS,,,Costa Rica,,Unrooted Plant,,FLOWER AGRONEGOCIOS-EIRELI,3,114110,,,,,,28,,,,,,,,,,,,,,,
35,35,,Miami PIS,,,,,Airport - Aircraft - Cargo - PIS,,,Costa Rica,,Rooted Plant (including grafted),,Ornamentales Sapo Verde Box 8001-8010,2,1822,,,,,,20,,,,,,,,,,,,,,,
35,35,,Atlanta PIS,,,,,Airport - Aircraft - Cargo - PIS,,,Mexico,,Unrooted Plant,,ZACATE ORNAMENTAL Y DECORATIVO S.A.,1,587,,,,,,21,,,,,,,,,,,,,,,
35,35,,JFK PIS,,,,,Airport - Aircraft - Cargo - PIS,,,Costa Rica,,Unrooted Cutting,,FERTIPLANT BV,277,8263,,,,,,18,,,,,,,,,,,,,,,
36,36,,Miami PIS,,,,,Airport - Aircraft - Cargo - PIS,,,Kenya,,Rooted Plant (including grafted),,SAPO VERDE box 8001,0,35693,,,,,,2,,,,,,,,,,,,,,,
36,36,,Miami PIS,,,,,Airport - Aircraft - Cargo - PIS,,,China,,Unrooted Cutting,,AGRO KOMPASS S  A BOX 1-81,23,26,,,,,,22,,,,,,,,,,,,,,,
36,36,,Miami PIS,,,,,Airport - Aircraft - Cargo - PIS,,,Taiwan,,Rooted Plant (including grafted),,COSTA FARM LLC,5,12120,,,,,,12,,,,,,,,,,,,,,,
36,36,,Los Angeles PIS,,,,,Airport - Aircraft - Cargo - PIS,,,Mexico,,Rooted Plant (including grafted),,Wirote Makmoon,39,272,,,,,,19,,,,,,,,,,,,,,,
36,36,,Miami PIS,,,,,Airport - Aircraft - Cargo - PIS,,,Dominican Republic,,Rooted Cutting (including air layer),,Vita Farms 1901,10,6355,,,,,,21,,,,,,,,,,,,,,,
36,36,,Miami PIS,,,,,Airport - Aircraft - Cargo - PIS,,,Kenya,,Unrooted Cutting,,ALPINE TROPICAL PLANTS CO LTD,3,8084,,,,,,28,,,,,,,,,,,,,,,
36,36,,Miami PIS,,,,,Airport - Aircraft - Cargo - PIS,,,Nicaragua,,Meristem or Callus Tissue Culture (micropropagated/in vitro culture),,ZACATE ORNAMENTAL Y DECORATIVO S,3,5799,,,,,,27,,,,,,,,,,,,,,,
36,36,,Miami PIS,,,,,Airport - Aircraft - Cargo - PIS,,,Costa Rica,,Unrooted Cutting,,LATHYFLORA KENYA LTD,1,4737,,,,,,27,,,,,,,,,,,,,,,
36,36,,Miami PIS,,,,,Airport - Aircraft - Cargo - PIS,,,Costa Rica,,Meristem or Callus Tissue Culture (micropropagated/in vitro culture),,FERTIPLANT BV,17,14180,,,,,,15,,,,,,,,,,,,,,,
36,36,,Miami PIS,,,,,Airport - Aircraft - Cargo - PIS,,,Thailand,,Unrooted Cutting,,VIVERO LAS GARDENIAS,11,4600,,,,,,13,,,,,,,,,,,,,,,
36,36,,Atlanta PIS,,,,,Airport - Aircraft - Cargo - PIS,,,Taiwan,,Unrooted Cutting,,BEAUTY LINE GUATEMALA,243,5626,,,,,,27,,,,,,,,,,,,,,,
36,36,,Miami PIS,,,,,Airport - Aircraft - Cargo - PIS,,,Costa Rica,,Meristem or Callus Tissue Culture (micropropagated/in vitro culture),,INNOVAPLANT,4,1597,,,,,,12,,,,,,,,,,,,,,,
36,36,,Miami PIS,,,,,Maritime Port - Vessel - Cargo - PIS,,,Guatemala,,Unrooted Cutting,,M4 TROPICAL PLANTS,22,6359,,,,,,24,,,,,,,,,,,,,,,
36,36,,Miami PIS,,,,,Airport - Aircraft - Cargo - PIS,,,Indonesia,,Rooted Plant (including grafted),,Annia Mayela Fuentes Martinez,3,1751,,,,,,19,,,,,,,,,,,,,,,
36,36,,Miami PIS,,,,,Airport - Aircraft - Mail - PIS Mail,,,China,,Unrooted Cutting,,Cactus Inter Co. ,51,19524,,,,,,23,,,,,,,,,,,,,,,
36,36,,Miami PIS,,,,,Airport - Aircraft - Cargo - PIS,,,Costa Rica,,Meristem or Callus Tissue Culture (micropropagated/in vitro culture),,LA FLOR EXOTICA DEL CARIBE BULLIS SA,3,1961,,,,,,1,,,,,,,,,,,,,,,
36,36,,Atlanta PIS,,,,,Airport - Aircraft - Cargo - PIS,,,China,,"Bulb, Corm, Rhizome, Tuberous Stem",,"Cactus Inter Co., LTD",1,3593,,,,,,22,,,,,,,,,,,,,,,
36,36,,Miami PIS,,,,,Airport - Aircraft - Cargo - PIS,,,Costa Rica,,Unrooted Cutting,,SAPO VERDE box 8001,7,0,,,,,,9,,,,,,,,,,,,,,,
36,36,,Miami PIS,,,,,Maritime Port - Vessel - Cargo - PIS,,,Guatemala,,Unrooted Cutting,,"Ornamentales de Altura, S.A.",476,69470,,,,,,19,,,,,,,,,,,,,,,
36,36,,Miami PIS,,,,,Airport - Aircraft - Cargo - PIS,,,Netherlands,,Unrooted Cutting,,Not Selected,46,7137,,,,,,22,,,,,,,,,,,,,,,
36,36,,JFK PIS,,,,,Airport - Aircraft - Cargo - PIS,,,Dominican Republic,,Unrooted Cutting,,Costa Farms LLC,12,1145,,,,,,9,,,,,,,,,,,,,,,
37,37,,Atlanta PIS,,,,,Airport - Aircraft - Express Carrier - PIS,,,"Korea, South",,"Bulb, Corm, Rhizome, Tuberous Stem",,GEOAGRO DE COSTA RICA,0,2591,,,,,,3,,,,,,,,,,,,,,,
37,37,,Miami PIS,,,,,Airport - Aircraft - Cargo - PIS,,,Guatemala,,Unrooted Cutting,,"KAPOK PLANTAS, S.A.",1,36,,,,,,8,,,,,,,,,,,,,,,
37,37,,Los Angeles PIS,,,,,Airport - Aircraft - Cargo - PIS,,,Costa Rica,,Meristem or Callus Tissue Culture (micropropagated/in vitro culture),,Micro Plantas S.A. Box 1-2,4,393,,,,,,1,,,,,,,,,,,,,,,
37,37,,Los Angeles PIS,,,,,Airport - Aircraft - Cargo - PIS,,,Guatemala,,Unrooted Cutting,,Innovaplant de Costa Rica LAB,0,42,,,,,,23,,,,,,,,,,,,,,,
37,37,,San Francisco PIS,,,,,Airport - Aircraft - Cargo - PIS,,,El Salvador,,Rooted Cutting (including air layer),,ZIMFLORA  PVT  LTD,5,48,,,,,,8,,,,,,,,,,,,,,,
37,37,,Linden PIS,,,,,Airport - Aircraft - Cargo - PIS,,,"Korea, South",,Unrooted Plant,,PT TAMORA STEKINDO,4,7348,,,,,,27,,,,,,,,,,,,,,,
37,37,,Miami PIS,,,,,Airport - Aircraft - Cargo - PIS,,,Costa Rica,,Unrooted Plant,,Zacate Ornamental y Decorativo Box 1-19,1,2,,,,,,9,,,,,,,,,,,,,,,
37,37,,Los Angeles PIS,,,,,Airport - Aircraft - Cargo - PIS,,,Taiwan,,Rooted Cutting (including air layer),,"Wilberth Gonzalez Villegas, S.A.",0,35,,,,,,13,,,,,,,,,,,,,,,
37,37,,Seattle PIS,,,,,Airport - Aircraft - Cargo - PIS,,,Thailand,,Unrooted Cutting,,ORNAMENTALES CONCEPCION S.A,0,10611,,,,,,16,,,,,,,,,,,,,,,
37,37,,Miami PIS,,,,,Airport - Aircraft - Cargo - PIS,,,Dominican Republic,,Unrooted Cutting,,FOSHAN SANSHUI YOUNGPLANTS,44,827,,,,,,22,,,,,,,,,,,,,,,
37,37,,Miami PIS,,,,,Airport - Aircraft - Cargo - PIS,,,China,,Rooted Plant (including grafted),,TURRIPLANTAS S.A. BOXES 130-131,1,48,,,,,,7,,,,,,,,,,,,,,,
37,37,,Miami PIS,,,,,Airport - Aircraft - Cargo - PIS,,,Thailand,,Rooted Plant (including grafted),,KULTANA ORCHIDS,0,6,,,,,,4,,,,,,,,,,,,,,,
37,37,,Los Angeles PIS,,,,,Airport - Aircraft - Cargo - PIS,,,Thailand,,Rooted Plant (including grafted),,INNOVAPLANT DE COSTA RICA,2,58315,,,,,,8,,,,,,,,,,,,,,,
37,37,,Atlanta PIS,,,,,Airport - Aircraft - Cargo - PIS,,,Costa Rica,,Rooted Plant (including grafted),,QUELETZU S A BOX 1-32,2,146,,,,,,14,,,,,,,,,,,,,,,
37,37,,Seattle PIS,,,,,Airport - Aircraft - Cargo - PIS,,,Guatemala,,Budwood/Graftwood (scion),,LAS LIMAS,8,5910,,,,,,14,,,,,,,,,,,,,,,
37,37,,Miami PIS,,,,,Maritime Port - Vessel - Cargo - PIS,,,Netherlands,,Unrooted Cutting,,Phormiums Exporter S.A. Box 001-008,1,44,,,,,,5,,,,,,,,,,,,,,,
37,37,,Miami PIS,,,,,Airport - Aircraft - Cargo - PIS,,,Costa Rica,,Unrooted Cutting,,DONGGUAN,1,23,,,,,,26,,,,,,,,,,,,,,,
37,37,,Miami PIS,,,,,Airport - Aircraft - Express Carrier - PIS,,,El Salvador,,Unrooted Cutting,,Same as Shipper,0,2,,,,,,5,,,,,,,,,,,,,,,
37,37,,Miami PIS,,,,,Airport - Aircraft - Cargo - PIS,,,Costa Rica,,Rooted Plant (including grafted),,MAI AN PHU EXPORT IMPORT SERVICES T,22,1653,,,,,,26,,,,,,,,,,,,,,,
37,37,,Miami PIS,,,,,Airport - Aircraft - Cargo - PIS,,,Costa Rica,,Rooted Plant (including grafted),,TUCAN EXPORTERS,304,695,,,,,,18,,,,,,,,,,,,,,,
37,37,,Los Angeles PIS,,,,,Airport - Aircraft - Cargo - PIS,,,Mexico,,Rooted Cutting (including air layer),,AYO AGRIC E COM DE EQUP  AGRIC,0,4,,,,,,27,,,,,,,,,,,,,,,
38,38,,Linden PIS,,,,,Airport - Aircraft - Cargo - PIS,,,Guatemala,,Rooted Plant (including grafted),,COOPEINDIA  R.L. BOX 20-36,1,3400,,,,,,28,,,,,,,,,,,,,,,
38,38,,Los Angeles PIS,,,,,Maritime Port - Vessel - Cargo - PIS,,,Costa Rica,,Meristem or Callus Tissue Culture (micropropagated/in vitro culture),,FINCA CATALINA S,2,2324,,,,,,17,,,,,,,,,,,,,,,
38,38,,Miami PIS,,,,,Airport - Aircraft - Cargo - PIS,,,Costa Rica,,Rooted Cutting (including air layer),,ZHANGHOU SPRING SUNSHINE IMPORT EXPORT,0,2,,,,,,9,,,,,,,,,,,,,,,
38,38,,JFK PIS,,,,,Airport - Aircraft - Cargo - PIS,,,Indonesia,,Unrooted Cutting,,Mr. Wirote Makmoon,1,54,,,,,,25,,,,,,,,,,,,,,,
38,38,,Linden PIS,,,,,Airport - Aircraft - Cargo - PIS,,,China,,Rooted Plant (including grafted),,JARDINES TERRAGARDEN,6,31171,,,,,,21,,,,,,,,,,,,,,,
38,38,,Houston PIS,,,,,Maritime Port - Vessel - Cargo - PIS,,,Nicaragua,,Rooted Plant (including grafted),,"TAIWAN EL MONTE NURSERY CO., LTD",1,637,,,,,,27,,,,,,,,,,,,,,,
38,38,,Carolina PIS,,,,,Airport - Aircraft - Cargo - PIS,,,Kenya,,Rooted Plant (including grafted),,INNOVAPLANT DE COSTA RICA,15,76931,,,,,,27,,,,,,,,,,,,,,,
38,38,,JFK PIS,,,,,Airport - Aircraft - Cargo - PIS,,,Thailand,,Rooted Plant (including grafted),,ZHONGSHAN BRIGHTEN FLORICULTURE,1,11931,,,,,,19,,,,,,,,,,,,,,,
38,38,,Miami PIS,,,,,Airport - Aircraft - Cargo - PIS,,,Kenya,,Meristem or Callus Tissue Culture (micropropagated/in vitro culture),,INVERSIONES LUA SOCIEDAD ANONIMA,7,76,,,,,,11,,,,,,,,,,,,,,,
38,38,,Atlanta PIS,,,,,Airport - Aircraft - Cargo - PIS,,,Singapore,,"Bulb, Corm, Rhizome, Tuberous Stem",,FLORICULTURA Y CIA LTDA,0,55,,,,,,12,,,,,,,,,,,,,,,
38,38,,Miami PIS,,,,,Airport - Aircraft - Cargo - PIS,,,Costa Rica,,Rooted Plant (including grafted),,TIGRA VERDE S.A.,6,19691,,,,,,27,,,,,,,,,,,,,,,
38,38,,Miami PIS,,,,,Airport - Aircraft - Cargo - PIS,,,Thailand,,Unrooted Cutting,,MICRO PLANTAS,65,21413,,,,,,28,,,,,,,,,,,,,,,
38,38,,Linden PIS,,,,,Airport - Aircraft - Cargo - PIS,,,Netherlands,,Unrooted Cutting,,Queen Tarim ,2,17,,,,,,1,,,,,,,,,,,,,,,
38,38,,Atlanta PIS,,,,,Airport - Aircraft - Cargo - PIS,,,Taiwan,,Unrooted Plant,,BOCELS BROMELAIDS,11,3163,,,,,,1,,,,,,,,,,,,,,,
38,38,,Atlanta PIS,,,,,Airport - Aircraft - Cargo - PIS,,,Guatemala,,Rooted Cutting (including air layer),,ZHANGHOU SPRING SUNSHINE IMPORT EXPORT,15,16940,,,,,,10,,,,,,,,,,,,,,,
38,38,,Atlanta PIS,,,,,Airport - Aircraft - Cargo - PIS,,,Costa Rica,,Rooted Plant (including grafted),,FLORAPLANT S A  DE C V,5,13153,,,,,,25,,,,,,,,,,,,,,,
38,38,,Atlanta PIS,,,,,Airport - Aircraft - Cargo - PIS,,,Germany,,Rooted Cutting (including air layer),,IZUCAR HORTICULTURAL/ YECAFLORA,5,1885,,,,,,13,,,,,,,,,,,,,,,
39,39,,Miami PIS,,,,,Airport - Aircraft - Cargo - PIS,,,Guatemala,,Rooted Plant (including grafted),,MISS CHANIN SAEHENG,10,5375,,,,,,23,,,,,,,,,,,,,,,
39,39,,Miami PIS,,,,,Airport - Aircraft - Cargo - PIS,,,China,,Rooted Plant (including grafted),,IVAGRO SA,1,6,,,,,,13,,,,,,,,,,,,,,,
39,39,,Miami PIS,,,,,Airport - Aircraft - Cargo - PIS,,,Viet Nam,,Rooted Plant (including grafted),,Same as Shipper,5,215493,,,,,,4,,,,,,,,,,,,,,,
39,39,,Miami PIS,,,,,Airport - Aircraft - Cargo - PIS,,,Costa Rica,,Unrooted Cutting,,PRODUCTOS VALPARAISO SOCIEDAD ANONIMA .,26,627,,,,,,23,,,,,,,,,,,,,,,
39,39,,Miami PIS,,,,,Airport - Aircraft - Cargo - PIS,,,Taiwan,,"Root cutting, crown, or clump, Tuberous Root",,Not Selected,2,5020,,,,,,21,,,,,,,,,,,,,,,
39,39,,Miami PIS,,,,,Airport - Aircraft - Cargo - PIS,,,Zimbabwe,,Rooted Plant (including grafted),,SAPO VERDE 1001,10,275046,,,,,,27,,,,,,,,,,,,,,,
39,39,,Atlanta PIS,,,,,Airport - Aircraft - Cargo - PIS,,,South Africa,,Meristem or Callus Tissue Culture (micropropagated/in vitro culture),,BEAUTY LINE GUATEMALA,18,10186,,,,,,25,,,,,,,,,,,,,,,
39,39,,Miami PIS,,,,,Airport - Aircraft - Cargo - PIS,,,Taiwan,,Unrooted Plant,,VITROFLORA LAB KULTUR TKANKOWYCH AN,15,5894,,,,,,24,,,,,,,,,,,,,,,
39,39,,Miami PIS,,,,,Airport - Aircraft - Cargo - PIS,,,Costa Rica,,Unrooted Cutting,,AGRO INDUSTRIALES CHORTI S. A.,31,38223,,,,,,27,,,,,,,,,,,,,,,
39,39,,Atlanta PIS,,,,,Airport - Aircraft - Cargo - PIS,,,Dominican Republic,,Meristem or Callus Tissue Culture (micropropagated/in vitro culture),,THICOMPORN YAMSAARD,12,52949,,,,,,20,,,,,,,,,,,,,,,
39,39,,Miami PIS,,,,,Airport - Aircraft - Cargo - PIS,,,China,,Unrooted Cutting,,KAPOK PLANTS S.A,3,6553,,,,,,14,,,,,,,,,,,,,,,
39,39,,Miami PIS,,,,,Airport - Aircraft - Cargo - PIS,,,Dominican Republic,,Rooted Plant (including grafted),,FERTIPLANT B.V. IMPORT-EXPORT BOXES 1-8,4,23324,,,,,,20,,,,,,,,,,,,,,,
39,39,,JFK PIS,,,,,Airport - Aircraft - Cargo - PIS,,,Costa Rica,,Unrooted Cutting,,Same as Shipper,108,72767,,,,,,26,,,,,,,,,,,,,,,
39,39,,Miami PIS,,,,,Airport - Aircraft - Cargo - PIS,,,Guatemala,,Rooted Plant (including grafted),,INDUSTRIAS AGRICOLAS CENTRO AMERICANAS,9,9930,,,,,,8,,,,,,,,,,,,,,,
39,39,,Orlando PIS,,,,,Airport - Aircraft - Cargo - PIS,,,Costa Rica,,Rooted Plant (including grafted),,LIANYUNGANG FLOWER KING,40,11272,,,,,,10,,,,,,,,,,,,,,,
39,39,,Atlanta PIS,,,,,Airport - Aircraft - Cargo - PIS,,,Costa Rica,,Unrooted Cutting,,Vreeland Nursery,1,54,,,,,,19,,,,,,,,,,,,,,,
40,40,,Atlanta PIS,,,,,Airport - Aircraft - Cargo - PIS,,,Costa Rica,,Unrooted Cutting,,MISS JUTAMAS PILADEE,1,97,,,,,,21,,,,,,,,,,,,,,,
40,40,,Miami PIS,,,,,Airport - Aircraft - Cargo - PIS,,,Guatemala,,Unrooted Cutting,,La Laguna Chichoj,0,37,,,,,,20,,,,,,,,,,,,,,,
40,40,,Miami PIS,,,,,Airport - Aircraft - Cargo - PIS,,,Costa Rica,,Rooted Plant (including grafted),,Cerca del Paraiso ,17,58351,,,,,,17,,,,,,,,,,,,,,,
40,40,,Miami PIS,,,,,Airport - Aircraft - Express Carrier - PIS,,,Netherlands,,Unrooted Cutting,,FLORICULTURA Y COMPANIA LTDA,3,1346,,,,,,6,,,,,,,,,,,,,,,
40,40,,Miami PIS,,,,,Airport - Aircraft - Cargo - PIS,,,Costa Rica,,Rooted Plant (including grafted),,SHENZHEN ZHIZE WEISI SUPPLY,1,21755,,,,,,21,,,,,,,,,,,,,,,
41,41,,Miami PIS,,,,,Airport - Aircraft - Cargo - PIS,,,Thailand,,Unrooted Cutting,,AGROMARIALINDA SA 1-15,7,1988,,,,,,24,,,,,,,,,,,,,,,
41,41,,Los Angeles PIS,,,,,Airport - Aircraft - Cargo - PIS,,,Thailand,,Unrooted Plant,,CHEONG POONG CORP,0,1408,,,,,,27,,,,,,,,,,,,,,,
41,41,,Miami PIS,,,,,Airport - Aircraft - Cargo - PIS,,,India,,Unrooted Cutting,,LA FLORESTA ORNAMENTALES S.A.,14,104034,,,,,,26,,,,,,,,,,,,,,,
41,41,,Miami PIS,,,,,Airport - Aircraft - Cargo - PIS,,,Kenya,,Rooted Plant (including grafted),,MONRA S.A.,8,28044,,,,,,6,,,,,,,,,,,,,,,
41,41,,Miami PIS,,,,,Airport - Aircraft - Express Carrier - PIS,,,Guatemala,,Unrooted Cutting,,VIVERO LAS GARDENIAS,8,1218,,,,,,27,,,,,,,,,,,,,,,
41,41,,Linden PIS,,,,,Airport - Aircraft - Cargo - PIS,,,Nicaragua,,Unrooted Cutting,,IVAGRO S A BOXES 42-48,1,21871,,,,,,5,,,,,,,,,,,,,,,
41,41,,Miami PIS,,,,,Airport - Aircraft - Cargo - PIS,,,Mexico,,Unrooted Cutting,,GUATEXOTIC AGROPECUARIA PENIEL SA,1,1238,,,,,,18,,,,,,,,,,,,,,,
41,41,,Miami PIS,,,,,Airport - Aircraft - Cargo - PIS,,,Taiwan,,Unrooted Cutting,,PRODUCTOS EL MAPACHE DE ALAJUELA,3,6418,,,,,,14,,,,,,,,,,,,,,,
41,41,,Miami PIS,,,,,Airport - Aircraft - Cargo - PIS,,,Mexico,,Unrooted Cutting,,NATTA 1565 LIMITED PARTNERSHIP,83,70,,,,,,12,,,,,,,,,,,,,,,
41,41,,Los Angeles PIS,,,,,Airport - Aircraft - Cargo - PIS,,,China,,Unrooted Cutting,,INNOVAPLANT DE COSTA RICA,32,30012,,,,,,3,,,,,,,,,,,,,,,
41,41,,Miami PIS,,,,,Airport - Aircraft - Cargo - PIS,,,China,,Rooted Cutting (including air layer),,FLOWER AGRONEGOCIOS-EIRELI,1,1556,,,,,,15,,,,,,,,,,,,,,,
41,41,,Miami PIS,,,,,Maritime Port - Vessel - Cargo - PIS,,,Costa Rica,,Unrooted Plant,,ORCONSA,1,1286,,,,,,7,,,,,,,,,,,,,,,
41,41,,Miami PIS,,,,,Airport - Aircraft - Cargo - PIS,,,Viet Nam,,Rooted Plant (including grafted),,INNOVAPLANT DE COSTA RICA,6,5650,,,,,,2,,,,,,,,,,,,,,,
41,41,,JFK PIS,,,,,Airport - Aircraft - Cargo - PIS,,,Taiwan,,Rooted Plant (including grafted),,AGRO KOMPAS ,1,1648,,,,,,25,,,,,,,,,,,,,,,
41,41,,Miami PIS,,,,,Airport - Aircraft - Cargo - PIS,,,Viet Nam,,Unrooted Cutting,,REDENDEMIKA SAPI DE CV,0,4274,,,,,,16,,,,,,,,,,,,,,,
41,41,,Los Angeles PIS,,,,,Airport - Aircraft - Cargo - PIS,,,Portugal,,"Root cutting, crown, or clump, Tuberous Root",,GILBERTO MERINO,9,291230,,,,,,12,,,,,,,,,,,,,,,
41,41,,Miami PIS,,,,,Airport - Aircraft - Cargo - PIS,,,Israel,,Rooted Plant (including grafted),,IVAGRO S.A. BOX 50 - 96,35,123944,,,,,,5,,,,,,,,,,,,,,,
41,41,,Miami PIS,,,,,Airport - Aircraft - Cargo - PIS,,,Viet Nam,,Rooted Cutting (including air layer),,"Industrias Agricolas Centro Americanas, S.A.",3,2146,,,,,,26,,,,,,,,,,,,,,,
42,42,,Atlanta PIS,,,,,Airport - Aircraft - Cargo - PIS,,,Guatemala,,Unrooted Cutting,,PLANTAS ORNAMENTALES DE COSTA RICA,108,135287,,,,,,1,,,,,,,,,,,,,,,
42,42,,Miami PIS,,,,,Airport - Aircraft - Cargo - PIS,,,Malaysia,,Meristem or Callus Tissue Culture (micropropagated/in vitro culture),,Ornamentales Sapo Verde BOX 990,6,2435,,,,,,8,,,,,,,,,,,,,,,
42,42,,Atlanta PIS,,,,,Airport - Aircraft - Cargo - PIS,,,Guatemala,,Unrooted Cutting,,Same as Shipper,18,31082,,,,,,16,,,,,,,,,,,,,,,
42,42,,Miami PIS,,,,,Airport - Aircraft - Cargo - PIS,,,Indonesia,,Unrooted Cutting,,GEOAGRO DE COSTA RICA,770,42538,,,,,,17,,,,,,,,,,,,,,,
42,42,,JFK PIS,,,,,Airport - Aircraft - Cargo - PIS,,,Nicaragua,,Meristem or Callus Tissue Culture (micropropagated/in vitro culture),,HV AGROPLANTAS S.R.L.,0,75,,,,,,27,,,,,,,,,,,,,,,
42,42,,Los Angeles PIS,,,,,Airport - Aircraft - Cargo - PIS,,,Taiwan,,Meristem or Callus Tissue Culture (micropropagated/in vitro culture),,ARCO IRIS DEL CARIBE S A,1,2,,,,,,5,,,,,,,,,,,,,,,
42,42,,Atlanta PIS,,,,,Maritime Port - Vessel - Cargo - PIS,,,Costa Rica,,Unrooted Cutting,,FERTIPLANT BV,16,40536,,,,,,13,,,,,,,,,,,,,,,
42,42,,Miami PIS,,,,,Airport - Aircraft - Cargo - PIS,,,Guatemala,,Unrooted Cutting,,INNOVAPLANT DE COSTA RICA,19,38351,,,,,,20,,,,,,,,,,,,,,,
42,42,,Miami PIS,,,,,Airport - Aircraft - Cargo - PIS,,,Zimbabwe,,Unrooted Cutting,,ARCO IRIS DEL CARIBE S.A.,3,3565,,,,,,21,,,,,,,,,,,,,,,
42,42,,Miami PIS,,,,,Airport - Aircraft - Cargo - PIS,,,"Korea, South",,Unrooted Cutting,,DARWIN COLOMBIA S.A.S,17,93417,,,,,,20,,,,,,,,,,,,,,,
42,42,,Los Angeles PIS,,,,,Airport - Aircraft - Cargo - PIS,,,Uganda,,Rooted Plant (including grafted),,QUELETZU S.A. 1,123,472,,,,,,7,,,,,,,,,,,,,,,
42,42,,Orlando PIS,,,,,Airport - Aircraft - Cargo - PIS,,,Costa Rica,,Unrooted Cutting,,Ornamentales Sapo Verde Box 501-519,3,4220,,,,,,13,,,,,,,,,,,,,,,
42,42,,Houston PIS,,,,,Airport - Aircraft - Cargo - PIS,,,Mexico,,Rooted Plant (including grafted),,INNOVAPLANT DE COSTA RICA,1,0,,,,,,4,,,,,,,,,,,,,,,
42,42,,Los Angeles PIS,,,,,Airport - Aircraft - Cargo - PIS,,,Thailand,,Unrooted Cutting,,KAPOK PLANTS S.A,3,28998,,,,,,27,,,,,,,,,,,,,,,
42,42,,Miami PIS,,,,,Airport - Aircraft - Cargo - PIS,,,El Salvador,,Rooted Plant (including grafted),,Plantas Ilimitadas ,2,26684,,,,,,27,,,,,,,,,,,,,,,
42,42,,Miami PIS,,,,,Airport - Aircraft - Cargo - PIS,,,Taiwan,,Rooted Plant (including grafted),,BEAUTY LINE GUATEMALA,1,8,,,,,,7,,,,,,,,,,,,,,,
42,42,,Atlanta PIS,,,,,Airport - Aircraft - Cargo - PIS,,,Italy,,Rooted Plant (including grafted),,Ornamentales Sapo Verde 501,16,1002,,,,,,22,,,,,,,,,,,,,,,
43,43,,Miami PIS,,,,,Airport - Aircraft - Cargo - PIS,,,Guatemala,,"Bulb, Corm, Rhizome, Tuberous Stem",,ORNAMENTALES SAPO VERDE Box 3001,18,179,,,,,,26,,,,,,,,,,,,,,,
43,43,,Miami PIS,,,,,Airport - Aircraft - Cargo - PIS,,,Taiwan,,"Root cutting, crown, or clump, Tuberous Root",,INNOVAPLANT DE COSTA RICA,3,2476,,,,,,18,,,,,,,,,,,,,,,
43,43,,Miami PIS,,,,,Maritime Port - Vessel - Cargo - PIS,,,Thailand,,Unrooted Plant,,ORNAMENTALES SAPO VERDE 001,2,4781,,,,,,28,,,,,,,,,,,,,,,
43,43,,Miami PIS,,,,,Airport - Aircraft - Cargo - PIS,,,Guatemala,,Unrooted Cutting,,EXOTIC PLANT COMPANY,1,98,,,,,,7,,,,,,,,,,,,,,,
43,43,,Miami PIS,,,,,Airport - Aircraft - Cargo - PIS,,,Thailand,,Unrooted Cutting,,PRODUCTOS VALPARAISO,0,829,,,,,,23,,,,,,,,,,,,,,,
43,43,,Miami PIS,,,,,Airport - Aircraft - Cargo - PIS,,,India,,Unrooted Cutting,,LAS LIMAS,0,5,,,,,,12,,,,,,,,,,,,,,,
44,44,,Houston PIS,,,,,Airport - Aircraft - Cargo - PIS,,,Costa Rica,,Budwood/Graftwood (scion),,"FOSHAN SANSHUI YOUNG PLANTS Co., LTD",10,116,,,,,,6,,,,,,,,,,,,,,,
44,44,,Miami PIS,,,,,Maritime Port - Vessel - Cargo - PIS,,,Thailand,,Unrooted Cutting,,LJ INTERNATIONAL LTD,0,86,,,,,,24,,,,,,,,,,,,,,,
44,44,,Miami PIS,,,,,Airport - Aircraft - Cargo - PIS,,,Costa Rica,,Unrooted Cutting,,ORNAMENTALES SAPO VERDE 201,4,8860,,,,,,19,,,,,,,,,,,,,,,
44,44,,Miami PIS,,,,,Airport - Aircraft - Cargo - PIS,,,Dominican Republic,,Unrooted Plant,,Same as Shipper,0,182,,,,,,17,,,,,,,,,,,,,,,
44,44,,JFK PIS,,,,,Airport - Aircraft - Cargo - PIS,,,Kenya,,Rooted Cutting (including air layer),,INNOVAPLANT DE COSTA RICA,1,9,,,,,,11,,,,,,,,,,,,,,,
44,44,,Miami PIS,,,,,Airport - Aircraft - Cargo - PIS,,,China,,Meristem or Callus Tissue Culture (micropropagated/in vitro culture),,INNOVAPLANT DE COSTA RICA,4,3303,,,,,,3,,,,,,,,,,,,,,,
44,44,,Los Angeles PIS,,,,,Airport - Aircraft - Cargo - PIS,,,Mexico,,Unrooted Plant,,Not Selected,4,396,,,,,,12,,,,,,,,,,,,,,,
44,44,,Atlanta PIS,,,,,Airport - Aircraft - Cargo - PIS,,,Viet Nam,,Rooted Plant (including grafted),,VISSANU RUKSACHART,2,4103,,,,,,21,,,,,,,,,,,,,,,
44,44,,Miami PIS,,,,,Airport - Aircraft - Cargo - PIS,,,Guatemala,,Unrooted Cutting,,Vita Farms 001,107,12034,,,,,,7,,,,,,,,,,,,,,,
44,44,,Miami PIS,,,,,Airport - Aircraft - Cargo - PIS,,,Costa Rica,,Unrooted Plant,,ORNAMENTALES SAPO VERDE Box 1201-1204,0,458,,,,,,1,,,,,,,,,,,,,,,
44,44,,Miami PIS,,,,,Airport - Aircraft - Cargo - PIS,,,Colombia,,Unrooted Cutting,,LATHYFLORA,2,1371,,,,,,21,,,,,,,,,,,,,,,
44,44,,Linden PIS,,,,,Airport - Aircraft - Express Carrier - PIS,,,Mexico,,Unrooted Cutting,,VITA FARMS BOX 2301-2317,5,1029,,,,,,5,,,,,,,,,,,,,,,
44,44,,Orlando PIS,,,,,Airport - Aircraft - Cargo - PIS,,,Thailand,,Rooted Plant (including grafted),,FERTIPLANT BV.,0,3,,,,,,12,,,,,,,,,,,,,,,
44,44,,Miami PIS,,,,,Airport - Aircraft - Cargo - PIS,,,Guatemala,,Unrooted Cutting,,ORNAMENTALES DE SAPO VERDE 900-945,2,1134,,,,,,18,,,,,,,,,,,,,,,
44,44,,Atlanta PIS,,,,,Airport - Aircraft - Cargo - PIS,,,Kenya,,Rooted Plant (including grafted),,Ornamentales Sapo Verde Box 1601-1610,5,1012,,,,,,7,,,,,,,,,,,,,,,
44,44,,Atlanta PIS,,,,,Airport - Aircraft - Cargo - PIS,,,Mexico,,Rooted Plant (including grafted),,DARWIN COLOMBIA S.A.S,16,24238,,,,,,14,,,,,,,,,,,,,,,
44,44,,Miami PIS,,,,,Airport - Aircraft - Cargo - PIS,,,Indonesia,,Rooted Plant (including grafted),,BEAUTY LINE,3,98,,,,,,2,,,,,,,,,,,,,,,
45,45,,Los Angeles PIS,,,,,Airport - Aircraft - Cargo - PIS,,,Costa Rica,,Rooted Cutting (including air layer),,LAS LIMAS S A,2,91,,,,,,13,,,,,,,,,,,,,,,
45,45,,Los Angeles PIS,,,,,Airport - Aircraft - Cargo - PIS,,,Guatemala,,Unrooted Cutting,,"VIVERO INTERNACIONAL S,A DE C.V",0,48,,,,,,18,,,,,,,,,,,,,,,
45,45,,Miami PIS,,,,,Airport - Aircraft - Cargo - PIS,,,Guatemala,,Meristem or Callus Tissue Culture (micropropagated/in vitro culture),,INVERSIONES LUA S.A 1-80,21,57592,,,,,,2,,,,,,,,,,,,,,,
45,45,,Miami PIS,,,,,Airport - Aircraft - Cargo - PIS,,,Dominican Republic,,Unrooted Plant,,Not Selected,0,109,,,,,,5,,,,,,,,,,,,,,,
45,45,,Miami PIS,,,,,Airport - Aircraft - Cargo - PIS,,,Guatemala,,Unrooted Plant,,Ornamentales Sapo Verde 9001,94,1721,,,,,,13,,,,,,,,,,,,,,,
45,45,,Miami PIS,,,,,Airport - Aircraft - Cargo - PIS,,,Dominican Republic,,Rooted Cutting (including air layer),,Cerca del Paraiso ,6,1,,,,,,14,,,,,,,,,,,,,,,
45,45,,Miami PIS,,,,,Maritime Port - Vessel - Cargo - PIS,,,Netherlands,,Unrooted Cutting,,Same as Shipper,10,8378,,,,,,14,,,,,,,,,,,,,,,
45,45,,Miami PIS,,,,,Airport - Aircraft - Cargo - PIS,,,Netherlands,,Unrooted Cutting,,Not Selected,8,180607,,,,,,8,,,,,,,,,,,,,,,
45,45,,Miami PIS,,,,,Airport - Aircraft - Cargo - PIS,,,Israel,,Rooted Plant (including grafted),,Not Selected,94,203138,,,,,,3,,,,,,,,,,,,,,,
45,45,,JFK PIS,,,,,Airport - Aircraft - Cargo - PIS,,,Costa Rica,,Unrooted Cutting,,Art Garden Style,85,372085,,,,,,4,,,,,,,,,,,,,,,
45,45,,Linden PIS,,,,,Airport - Aircraft - Cargo - PIS,,,El Salvador,,Unrooted Cutting,,AGRO ORCHIDS COSTA RICA S.A,33,8947,,,,,,25,,,,,,,,,,,,,,,
45,45,,Atlanta PIS,,,,,Airport - Aircraft - Cargo - PIS,,,China,,Rooted Plant (including grafted),,"VIVERO INTERNACIONAL S,A DE C.V",42,88316,,,,,,18,,,,,,,,,,,,,,,
45,45,,Miami PIS,,,,,Airport - Aircraft - Cargo - PIS,,,Viet Nam,,Unrooted Cutting,,ORNAMENTALES DE CONCEPCION S.A.,30,29845,,,,,,7,,,,,,,,,,,,,,,
45,45,,Miami PIS,,,,,Airport - Aircraft - Cargo - PIS,,,Guatemala,,Rooted Plant (including grafted),,VITA FARMS S.A. BOXES 1001-1010,62,351893,,,,,,9,,,,,,,,,,,,,,,
45,45,,Miami PIS,,,,,Maritime Port - Vessel - Cargo - PIS,,,Nicaragua,,Unrooted Plant,,BEAUTY LINE GUATEMALA,1,2102,,,,,,23,,,,,,,,,,,,,,,
45,45,,Miami PIS,,,,,Airport - Aircraft - Cargo - PIS,,,China,,Unrooted Plant,,Same as Shipper,372,16123,,,,,,17,,,,,,,,,,,,,,,
45,45,,Miami PIS,,,,,Maritime Port - Vessel - Cargo - PIS,,,Netherlands,,Unrooted Cutting,,INNOVAPLANT DE COSTA RICA,54,26101,,,,,,28,,,,,,,,,,,,,,,
45,45,,Miami PIS,,,,,Airport - Aircraft - Cargo - PIS,,,Thailand,,Unrooted Cutting,,ROGELIO BERMUDEZ CAMPOS,71,166648,,,,,,14,,,,,,,,,,,,,,,
45,45,,Miami PIS,,,,,Airport - Aircraft - Cargo - PIS,,,Indonesia,,"Bulb, Corm, Rhizome, Tuberous Stem",,VITA FARM Box 1201-1240,33,19283,,,,,,16,,,,,,,,,,,,,,,
45,45,,Miami PIS,,,,,Airport - Aircraft - Express Carrier - PIS,,,Guatemala,,Meristem or Callus Tissue Culture (micropropagated/in vitro culture),,XANH XANH URBAN FOREST CO LTD,10,219,,,,,,24,,,,,,,,,,,,,,,
45,45,,JFK PIS,,,,,Airport - Aircraft - Cargo - PIS,,,Indonesia,,Rooted Plant (including grafted),,Shenzhen guardian Industrial,66,81618,,,,,,5,,,,,,,,,,,,,,,
46,46,,Miami PIS,,,,,Airport - Aircraft - Cargo - PIS,,,Japan,,Unrooted Cutting,,ZHANGZHOU RICH LINK TRADING CO,34,62687,,,,,,15,,,,,,,,,,,,,,,
46,46,,Miami PIS,,,,,Airport - Aircraft - Cargo - PIS,,,Ecuador,,"Root cutting, crown, or clump, Tuberous Root",,Dracaenas de Altura S.A.,66,136487,,,,,,27,,,,,,,,,,,,,,,
47,47,,Miami PIS,,,,,Airport - Aircraft - Cargo - PIS,,,Taiwan,,Rooted Plant (including grafted),,VITA FARMS BOX 701,45,27039,,,,,,5,,,,,,,,,,,,,,,
47,47,,Miami PIS,,,,,Airport - Aircraft - Cargo - PIS,,,Tanzania,,"Root cutting, crown, or clump, Tuberous Root",,Geagro de Costa Rica S.A.,68,7966,,,,,,12,,,,,,,,,,,,,,,
47,47,,Miami PIS,,,,,Airport - Aircraft - Cargo - PIS,,,El Salvador,,Unrooted Cutting,,Not Selected,1,53,,,,,,26,,,,,,,,,,,,,,,
47,47,,Los Angeles PIS,,,,,Airport - Aircraft - Cargo - PIS,,,Spain,,Unrooted Cutting,,YOUNG HOME ORCHID CO LTD,25,237931,,,,,,3,,,,,,,,,,,,,,,
47,47,,Atlanta PIS,,,,,Airport - Aircraft - Cargo - PIS,,,Costa Rica,,Unrooted Cutting,,Same as Shipper,2,7767,,,,,,22,,,,,,,,,,,,,,,
47,47,,Los Angeles PIS,,,,,Airport - Aircraft - Cargo - PIS,,,Guatemala,,Unrooted Cutting,,KREERAT MANEECHOTT,14,21568,,,,,,5,,,,,,,,,,,,,,,
47,47,,Miami PIS,,,,,Airport - Aircraft - Cargo - PIS,,,Guatemala,,Meristem or Callus Tissue Culture (micropropagated/in vitro culture),,FOSHAN SHUNDE DISTRICT,6,58760,,,,,,26,,,,,,,,,,,,,,,
47,47,,Miami PIS,,,,,Airport - Aircraft - Cargo - PIS,,,Kenya,,Unrooted Cutting,,Bendipros,8,7992,,,,,,4,,,,,,,,,,,,,,,
47,47,,Miami PIS,,,,,Airport - Aircraft - Cargo - PIS,,,China,,Unrooted Plant,,NOVACANE COSTA RICA S A,0,1898,,,,,,17,,,,,,,,,,,,,,,
47,47,,Linden PIS,,,,,Airport - Aircraft - Cargo - PIS,,,Taiwan,,Rooted Plant (including grafted),,BC BROMELIAS DE COLOMBI SAS SA,23,11688,,,,,,7,,,,,,,,,,,,,,,
47,47,,Miami PIS,,,,,Airport - Aircraft - Cargo - PIS,,,Costa Rica,,Unrooted Cutting,,KAPOK PLANTS S.A,0,612,,,,,,21,,,,,,,,,,,,,,,
47,47,,Miami PIS,,,,,Airport - Aircraft - Cargo - PIS,,,Costa Rica,,Rooted Plant (including grafted),,Same as Shipper,4,826,,,,,,20,,,,,,,,,,,,,,,
47,47,,Miami PIS,,,,,Airport - Aircraft - Cargo - PIS,,,Mexico,,Meristem or Callus Tissue Culture (micropropagated/in vitro culture),,Topplant Laboratories SDN BHD,8,5307,,,,,,5,,,,,,,,,,,,,,,
47,47,,Los Angeles PIS,,,,,Airport - Aircraft - Cargo - PIS,,,Netherlands,,"Root cutting, crown, or clump, Tuberous Root",,TROPIPLANTAS S A,6,9458,,,,,,4,,,,,,,,,,,,,,,
47,47,,Linden PIS,,,,,Airport - Aircraft - Cargo - PIS,,,Kenya,,Unrooted Cutting,,"ARCO  IRIS DEL CARIBE, S.A.",13,6457,,,,,,5,,,,,,,,,,,,,,,
47,47,,Guam PIS,,,,,Airport - Aircraft - Cargo - PIS,,,Costa Rica,,Unrooted Cutting,,DARWIN COLOMBIA S.A.S,154,361763,,,,,,18,,,,,,,,,,,,,,,
47,47,,Miami PIS,,,,,Airport - Aircraft - Cargo - PIS,,,Taiwan,,Unrooted Cutting,,Not Selected,3,2262,,,,,,2,,,,,,,,,,,,,,,
47,47,,Miami PIS,,,,,Airport - Aircraft - Cargo - PIS,,,Netherlands,,Unrooted Cutting,,CACTUSINTER CO LTD,0,832,,,,,,18,,,,,,,,,,,,,,,
47,47,,JFK PIS,,,,,Airport - Aircraft - Cargo - PIS,,,China,,Unrooted Cutting,,ANTHO ORNAMENTALES Box 01- 08,42,11877,,,,,,4,,,,,,,,,,,,,,,
47,47,,Atlanta PIS,,,,,Airport - Aircraft - Cargo - PIS,,,Costa Rica,,Rooted Plant (including grafted),,RED FOX LAS MERCEDES S.A.,2,2966,,,,,,7,,,,,,,,,,,,,,,
48,48,,Linden PIS,,,,,Airport - Aircraft - Cargo - PIS,,,Guatemala,,Rooted Plant (including grafted),,PLANTAS ILIMITADAS S A 32,4,4109,,,,,,13,,,,,,,,,,,,,,,
48,48,,Miami PIS,,,,,Airport - Aircraft - Cargo - PIS,,,Thailand,,Rooted Cutting (including air layer),,MONRA SA,6,2826,,,,,,14,,,,,,,,,,,,,,,
48,48,,Houston PIS,,,,,Maritime Port - Vessel - Cargo - PIS,,,Taiwan,,Unrooted Cutting,,DARWIN COLOMBIA SAS,0,732,,,,,,23,,,,,,,,,,,,,,,
48,48,,Atlanta PIS,,,,,Airport - Aircraft - Cargo - PIS,,,Taiwan,,Rooted Plant (including grafted),,AGROINDUSTRIALES CHORTI,18,1327,,,,,,24,,,,,,,,,,,,,,,
48,48,,Miami PIS,,,,,Airport - Aircraft - Cargo - PIS,,,Costa Rica,,Unrooted Cutting,,ZACATE ORNAMENTAL Y DECORATIVO,12,1944,,,,,,8,,,,,,,,,,,,,,,
48,48,,Atlanta PIS,,,,,Airport - Aircraft - Cargo - PIS,,,Thailand,,Rooted Plant (including grafted),,Vita Farms BOXES 1002-1027,17,1464,,,,,,10,,,,,,,,,,,,,,,
48,48,,Miami PIS,,,,,Airport - Aircraft - Cargo - PIS,,,Mexico,,Unrooted Cutting,,ROYALLEAF CIA LTDA,5,21202,,,,,,23,,,,,,,,,,,,,,,
48,48,,Linden PIS,,,,,Airport - Aircraft - Cargo - PIS,,,Dominican Republic,,Unrooted Plant,,VITA FARMS S.A. BOXES 001-007,5,88473,,,,,,9,,,,,,,,,,,,,,,
48,48,,Miami PIS,,,,,Airport - Aircraft - Cargo - PIS,,,Costa Rica,,Unrooted Cutting,,INVERSIONES AGROCOMERCIALES (IVAGRO),3,2226,,,,,,24,,,,,,,,,,,,,,,
48,48,,Atlanta PIS,,,,,Airport - Aircraft - Cargo - PIS,,,Thailand,,Unrooted Cutting,,YOUNG HOME ORCHID CO LTD,8,1411,,,,,,5,,,,,,,,,,,,,,,
48,48,,Miami PIS,,,,,Airport - Aircraft - Cargo - PIS,,,Poland,,Meristem or Callus Tissue Culture (micropropagated/in vitro culture),,GEWALIN RITTISAK,2,1541,,,,,,25,,,,,,,,,,,,,,,
48,48,,Miami PIS,,,,,Land Border - Truck - Cargo - PIS,,,Indonesia,,Rooted Plant (including grafted),,LIANYUNGANG FLORWER KING,1,225,,,,,,12,,,,,,,,,,,,,,,
48,48,,Miami PIS,,,,,Airport - Aircraft - Cargo - PIS,,,China,,Rooted Plant (including grafted),,ANTHURA BV,29,12571,,,,,,27,,,,,,,,,,,,,,,
48,48,,Linden PIS,,,,,Airport - Aircraft - Cargo - PIS,,,Costa Rica,,Rooted Plant (including grafted),,P Plants (Thailand) CO LTD,11,309616,,,,,,20,,,,,,,,,,,,,,,
48,48,,Atlanta PIS,,,,,Airport - Aircraft - Cargo - PIS,,,North Macedonia,,Unrooted Cutting,,FLORICULTURA Y CIA LTDA,6,41208,,,,,,11,,,,,,,,,,,,,,,
48,48,,Miami PIS,,,,,Airport - Aircraft - Cargo - PIS,,,China,,Unrooted Cutting,,SAPO VERDE box 8001,0,252,,,,,,21,,,,,,,,,,,,,,,
48,48,,Los Angeles PIS,,,,,Airport - Aircraft - Cargo - PIS,,,Costa Rica,,"Bulb, Corm, Rhizome, Tuberous Stem",,Ornamentales Sapo Verde 801,6,18435,,,,,,3,,,,,,,,,,,,,,,
48,48,,Miami PIS,,,,,Airport - Aircraft - Cargo - PIS,,,Costa Rica,,Rooted Cutting (including air layer),,EXPORTACIONES DE PRODUCTOS GUATE,2,12404,,,,,,3,,,,,,,,,,,,,,,
48,48,,Orlando PIS,,,,,Airport - Aircraft - Cargo - PIS,,,Thailand,,Rooted Plant (including grafted),,Jeong Kwang Jo,2,10855,,,,,,16,,,,,,,,,,,,,,,
48,48,,Miami PIS,,,,,Maritime Port - Vessel - Cargo - PIS,,,China,,Unrooted Plant,,AGROMARIALINDA S A 1-29,1,440,,,,,,12,,,,,,,,,,,,,,,
48,48,,Miami PIS,,,,,Airport - Aircraft - Cargo - PIS,,,Costa Rica,,Unrooted Cutting,,LOS PINOS POPTUN S.A.,2,2372,,,,,,1,,,,,,,,,,,,,,,
48,48,,Nogales PIS,,,,,Airport - Aircraft - Cargo - PIS,,,Guatemala,,Unrooted Cutting,,"ORNAMENTALES DEL RIO, S.A.",0,32,,,,,,15,,,,,,,,,,,,,,,
49,49,,Miami PIS,,,,,Airport - Aircraft - Cargo - PIS,,,Viet Nam,,Unrooted Cutting,,ORNAMENTALES LAS PAVAS S.A REG#3080,1,28,,,,,,12,,,,,,,,,,,,,,,
49,49,,Atlanta PIS,,,,,Airport - Aircraft - Cargo - PIS,,,Taiwan,,Rooted Plant (including grafted),,LA FLORESTA ORNAMENTALES SA Box 1-6,0,9,,,,,,6,,,,,,,,,,,,,,,
49,49,,Atlanta PIS,,,,,Airport - Aircraft - Cargo - PIS,,,Costa Rica,,Unrooted Cutting,,AARDSE ORCHIDS,12,13421,,,,,,9,,,,,,,,,,,,,,,
49,49,,Miami PIS,,,,,Airport - Aircraft - Cargo - PIS,,,Costa Rica,,Unrooted Cutting,,AGRO ORIENTE VIVEROS S A C,11,42077,,,,,,1,,,,,,,,,,,,,,,
49,49,,Atlanta PIS,,,,,Airport - Aircraft - Cargo - PIS,,,Costa Rica,,Unrooted Cutting,,FLORICULTURA Y COMPANIA LTDA,0,663,,,,,,17,,,,,,,,,,,,,,,
49,49,,Miami PIS,,,,,Airport - Aircraft - Cargo - PIS,,,Portugal,,Unrooted Cutting,,QUELETZU S A BOX 1-32,65,2993,,,,,,10,,,,,,,,,,,,,,,
49,49,,Atlanta PIS,,,,,Airport - Aircraft - Cargo - PIS,,,Mexico,,Unrooted Cutting,,"PALKI,S.A.",0,1132,,,,,,8,,,,,,,,,,,,,,,
49,49,,Miami PIS,,,,,Airport - Aircraft - Cargo - PIS,,,Netherlands,,Unrooted Plant,,INDUSTRIAS AGRICOLAS 23-32,11,55638,,,,,,4,,,,,,,,,,,,,,,
49,49,,Linden PIS,,,,,Airport - Aircraft - Cargo - PIS,,,Thailand,,Unrooted Cutting,,INVERSIONES LUA SA,3,17252,,,,,,25,,,,,,,,,,,,,,,
49,49,,Miami PIS,,,,,Airport - Aircraft - Cargo - PIS,,,Guatemala,,Unrooted Cutting,,Soloverde Limitada,7,4075,,,,,,22,,,,,,,,,,,,,,,
49,49,,Miami PIS,,,,,Airport - Aircraft - Cargo - PIS,,,Indonesia,,Rooted Plant (including grafted),,Costa Farms LLC,6,8730,,,,,,9,,,,,,,,,,,,,,,
49,49,,Los Angeles PIS,,,,,Airport - Aircraft - Cargo - PIS,,,Costa Rica,,Unrooted Cutting,,PLANTAS Y FLORES  ORNAMENTALES,3,11080,,,,,,22,,,,,,,,,,,,,,,
49,49,,Miami PIS,,,,,Airport - Aircraft - Cargo - PIS,,,Thailand,,Unrooted Plant,,PALMAS S DE RL,3,8725,,,,,,18,,,,,,,,,,,,,,,
49,49,,Miami PIS,,,,,Maritime Port - Vessel - Cargo - PIS,,,Viet Nam,,Unrooted Cutting,,PREMIUM ORNAMENTALES,18,75306,,,,,,7,,,,,,,,,,,,,,,
49,49,,Miami PIS,,,,,Maritime Port - Vessel - Cargo - PIS,,,Costa Rica,,Unrooted Cutting,,VITRO PLUS B.V.,1,1,,,,,,7,,,,,,,,,,,,,,,
49,49,,Miami PIS,,,,,Airport - Aircraft - Cargo - PIS,,,China,,Unrooted Cutting,,ZHANGZHOU BANROU IMPORT & EXPORT A1-A50,18,48533,,,,,,20,,,,,,,,,,,,,,,
49,49,,Atlanta PIS,,,,,Airport - Aircraft - Express Carrier - PIS,,,Guatemala,,Meristem or Callus Tissue Culture (micropropagated/in vitro culture),,POPOW ORCHIDS,9,2,,,,,,16,,,,,,,,,,,,,,,
49,49,,Miami PIS,,,,,Airport - Aircraft - Cargo - PIS,,,Guatemala,,Unrooted Cutting,,WASITTEE MUNINTHARAWONG,3,24525,,,,,,26,,,,,,,,,,,,,,,
49,49,,Miami PIS,,,,,Airport - Aircraft - Cargo - PIS,,,Costa Rica,,Unrooted Cutting,,ORNAMENTALES SAPO VERDE Box 501-532,7,15126,,,,,,3,,,,,,,,,,,,,,,
49,49,,Miami PIS,,,,,Airport - Aircraft - Cargo - PIS,,,Guatemala,,Rooted Cutting (including air layer),,FLORAPLANT,3,417,,,,,,22,,,,,,,,,,,,,,,
50,50,,Miami PIS,,,,,Airport - Aircraft - Cargo - PIS,,,Italy,,Unrooted Cutting,,PLANT SOURCE INTERNATIONAL MEXIC,55,352852,,,,,,15,,,,,,,,,,,,,,,
50,50,,Miami PIS,,,,,Airport - Aircraft - Cargo - PIS,,,Israel,,Unrooted Cutting,,LAS LIMAS,8,49195,,,,,,20,,,,,,,,,,,,,,,
50,50,,Miami PIS,,,,,Airport - Aircraft - Cargo - PIS,,,Guatemala,,Unrooted Cutting,,NT ORCHIDS,1,12,,,,,,14,,,,,,,,,,,,,,,
50,50,,Atlanta PIS,,,,,Maritime Port - Vessel - Cargo - PIS,,,Mexico,,Unrooted Cutting,,KAPOK PLANTS S.A,14,178025,,,,,,21,,,,,,,,,,,,,,,
50,50,,Miami PIS,,,,,Airport - Aircraft - Cargo - PIS,,,Israel,,Rooted Plant (including grafted),,"Cactus Inter Co., LTD",94,114447,,,,,,17,,,,,,,,,,,,,,,
50,50,,Miami PIS,,,,,Airport - Aircraft - Cargo - PIS,,,Costa Rica,,Rooted Plant (including grafted),,HORTICULTURE PARTNERS LLC DBA,0,301,,,,,,22,,,,,,,,,,,,,,,
50,50,,Miami PIS,,,,,Airport - Aircraft - Cargo - PIS,,,Kenya,,"Root cutting, crown, or clump, Tuberous Root",,QUELETZU S. A. 2 box,2,2383,,,,,,14,,,,,,,,,,,,,,,
50,50,,Los Angeles PIS,,,,,Airport - Aircraft - Cargo - PIS,,,Nicaragua,,Unrooted Cutting,,INNOVAPLANT DE COSTA RICA,9,3501,,,,,,19,,,,,,,,,,,,,,,
50,50,,Miami PIS,,,,,Airport - Aircraft - Cargo - PIS,,,Taiwan,,Meristem or Callus Tissue Culture (micropropagated/in vitro culture),,GASAN SOCIEDAD ANONIMA,0,17,,,,,,21,,,,,,,,,,,,,,,
50,50,,San Diego PIS,,,,,Airport - Aircraft - Cargo - PIS,,,Netherlands,,Rooted Cutting (including air layer),,NOVACANE COSTA RICA S A,1,261,,,,,,3,,,,,,,,,,,,,,,
50,50,,Miami PIS,,,,,Airport - Aircraft - Express Carrier - PIS,,,Guatemala,,Unrooted Cutting,,SAPO VERDE 1001,39,169,,,,,,27,,,,,,,,,,,,,,,
50,50,,Miami PIS,,,,,Maritime Port - Vessel - Cargo - PIS,,,Guatemala,,Unrooted Cutting,,Not Selected,8,1970,,,,,,9,,,,,,,,,,,,,,,
50,50,,Miami PIS,,,,,Airport - Aircraft - Cargo - PIS,,,China,,Unrooted Cutting,,EAST SEA ORCHIDS CO,13,17276,,,,,,15,,,,,,,,,,,,,,,
50,50,,Miami PIS,,,,,Airport - Aircraft - Cargo - PIS,,,India,,Rooted Cutting (including air layer),,FLORAPLANT S A  DE C V,0,36802,,,,,,27,,,,,,,,,,,,,,,
51,51,,Miami PIS,,,,,Airport - Aircraft - Cargo - PIS,,,Costa Rica,,Unrooted Cutting,,INNOVAPLANT DE COSTA RICA,47,61218,,,,,,13,,,,,,,,,,,,,,,
51,51,,Los Angeles PIS,,,,,Airport - Aircraft - Cargo - PIS,,,Israel,,Unrooted Cutting,,INDUSTRIAS AGRICOLAS CENTRO AMERICANAS,1,7700,,,,,,12,,,,,,,,,,,,,,,
51,51,,Atlanta PIS,,,,,Airport - Aircraft - Cargo - PIS,,,Guatemala,,Unrooted Cutting,,TIGRA VERDE S.A.,4,495,,,,,,25,,,,,,,,,,,,,,,
51,51,,Miami PIS,,,,,Airport - Aircraft - Cargo - PIS,,,Viet Nam,,Rooted Cutting (including air layer),,DONGGUAN,7,5894,,,,,,2,,,,,,,,,,,,,,,
51,51,,Seattle PIS,,,,,Airport - Aircraft - Cargo - PIS,,,Viet Nam,,Rooted Plant (including grafted),,"HUANG,WEI-HSUN",29,11045,,,,,,12,,,,,,,,,,,,,,,
51,51,,Atlanta PIS,,,,,Maritime Port - Vessel - Cargo - PIS,,,Guatemala,,Rooted Plant (including grafted),,JARDINES TERRAGARDEN,3,702,,,,,,28,,,,,,,,,,,,,,,
51,51,,Miami PIS,,,,,Airport - Aircraft - Cargo - PIS,,,Mexico,,Unrooted Cutting,,Kantapat Kaewpradith,1,19,,,,,,26,,,,,,,,,,,,,,,
51,51,,Atlanta PIS,,,,,Airport - Aircraft - Mail - PIS Mail,,,Guatemala,,Unrooted Cutting,,LA FLORESTA CROPS DE GUATEMALA S.A. BOX 21-32,6,176620,,,,,,27,,,,,,,,,,,,,,,
51,51,,Miami PIS,,,,,Airport - Aircraft - Cargo - PIS,,,Guatemala,,Unrooted Cutting,,INNOVA PLANT,24,79096,,,,,,5,,,,,,,,,,,,,,,
51,51,,Miami PIS,,,,,Airport - Aircraft - Cargo - PIS,,,China,,Rooted Plant (including grafted),,ZHANGZHOU SUPERIOR IMP&EXP CO LT,13,16683,,,,,,10,,,,,,,,,,,,,,,
51,51,,Miami PIS,,,,,Airport - Aircraft - Cargo - PIS,,,Costa Rica,,Rooted Plant (including grafted),,TURRIPLANTAS S.A. DRACAENA,52,413,,,,,,7,,,,,,,,,,,,,,,
51,51,,Los Angeles PIS,,,,,Airport - Aircraft - Cargo - PIS,,,Costa Rica,,Rooted Plant (including grafted),,Agropecuaria Marso,0,4,,,,,,2,,,,,,,,,,,,,,,
51,51,,Miami PIS,,,,,Airport - Aircraft - Cargo - PIS,,,China,,Rooted Plant (including grafted),,IVAGRO S A BOXES 42-48,18,62951,,,,,,8,,,,,,,,,,,,,,,
51,51,,Miami PIS,,,,,Airport - Aircraft - Cargo - PIS,,,Guatemala,,Unrooted Cutting,,Not Selected,6,10133,,,,,,10,,,,,,,,,,,,,,,
51,51,,Miami PIS,,,,,Airport - Aircraft - Cargo - PIS,,,Taiwan,,Unrooted Cutting,,KAPOK PLANTAS,2,28134,,,,,,11,,,,,,,,,,,,,,,
51,51,,Miami PIS,,,,,Airport - Aircraft - Cargo - PIS,,,Thailand,,Rooted Plant (including grafted),,"INVERSIONES AGROCOMERCIALES DE GUATEMALA, S.A.(IVAGRO, S.A.)",2,51578,,,,,,26,,,,,,,,,,,,,,,
51,51,,Los Angeles PIS,,,,,Airport - Aircraft - Cargo - PIS,,,Costa Rica,,Unrooted Cutting,,TROPI PLANTAS S. A.,28,42,,,,,,2,,,,,,,,,,,,,,,
51,51,,San Diego PIS,,,,,Airport - Aircraft - Cargo - PIS,,,Guatemala,,Meristem or Callus Tissue Culture (micropropagated/in vitro culture),,COSTA FARMS DOM,34,2763,,,,,,15,,,,,,,,,,,,,,,
51,51,,Atlanta PIS,,,,,Airport - Aircraft - Cargo - PIS,,,Thailand,,Rooted Plant (including grafted),,FOLLAJES INTERNACIONALES SA,20,73123,,,,,,5,,,,,,,,,,,,,,,
51,51,,Linden PIS,,,,,Maritime Port - Vessel - Cargo - PIS,,,Nicaragua,,Unrooted Cutting,,PLANTAS ORNAMENTALES DE COSTA RICA,90,1054,,,,,,9,,,,,,,,,,,,,,,
51,51,,Miami PIS,,,,,Airport - Aircraft - Cargo - PIS,,,Colombia,,Unrooted Cutting,,FLORAPLANT SA DE CV,0,1504,,,,,,9,,,,,,,,,,,,,,,
51,51,,Los Angeles PIS,,,,,Maritime Port - Vessel - Cargo - PIS,,,Kenya,,Rooted Plant (including grafted),,PLANTAS ORNAMENTALES DE COSTA RI,63,635498,,,,,,12,,,,,,,,,,,,,,,
51,51,,Miami PIS,,,,,Airport - Aircraft - Cargo - PIS,,,Peru,,Rooted Plant (including grafted),,LA FLORESTA ORNAMENTALES S.A.,7,4701,,,,,,17,,,,,,,,,,,,,,,
52,52,,Miami PIS,,,,,Airport - Aircraft - Cargo - PIS,,,Thailand,,Unrooted Cutting,,MECA DE OROTINA,10,1989,,,,,,17,,,,,,,,,,,,,,,
52,52,,Los Angeles PIS,,,,,Maritime Port - Vessel - Cargo - PIS,,,Thailand,,Unrooted Cutting,,ORCHIS FLORICULTURE INC,6,6242,,,,,,3,,,,,,,,,,,,,,,
52,52,,Miami PIS,,,,,Airport - Aircraft - Cargo - PIS,,,Thailand,,Unrooted Cutting,,DUMMEN GMBH,8,38883,,,,,,25,,,,,,,,,,,,,,,
52,52,,Orlando PIS,,,,,Airport - Aircraft - Cargo - PIS,,,Costa Rica,,Rooted Plant (including grafted),,VITA FARMS Box 7801-7802,12,13584,,,,,,18,,,,,,,,,,,,,,,
52,52,,Houston PIS,,,,,Airport - Aircraft - Cargo - PIS,,,Taiwan,,Unrooted Cutting,,NICHAPA JANBAVONKIJ,2,816,,,,,,9,,,,,,,,,,,,,,,
52,52,,Linden PIS,,,,,Airport - Aircraft - Cargo - PIS,,,Guatemala,,Budwood/Graftwood (scion),,TURRIPLANTAS S.A. ,3,3169,,,,,,13,,,,,,,,,,,,,,,
52,52,,Los Angeles PIS,,,,,Airport - Aircraft - Cargo - PIS,,,Costa Rica,,Meristem or Callus Tissue Culture (micropropagated/in vitro culture),,INDUSTRIAS AGRICOLAS CENTRO AMERICANAS,32,158070,,,,,,10,,,,,,,,,,,,,,,
52,52,,Miami PIS,,,,,Airport - Aircraft - Cargo - PIS,,,Indonesia,,Rooted Plant (including grafted),,INNOVAPLANT DE COSTA RICA,2,5894,,,,,,5,,,,,,,,,,,,,,,
52,52,,Miami PIS,,,,,Airport - Aircraft - Express Carrier - PIS,,,Poland,,Rooted Cutting (including air layer),,SAPO VERDE C001,2,2880,,,,,,6,,,,,,,,,,,,,,,
52,52,,Atlanta PIS,,,,,Airport - Aircraft - Cargo - PIS,,,Mexico,,Rooted Plant (including grafted),,QUANZHOU LIUSENG BIOTECHNOLOGY C,0,1134,,,,,,28,,,,,,,,,,,,,,,
52,52,,Carolina PIS,,,,,Airport - Aircraft - Cargo - PIS,,,Kenya,,Unrooted Cutting,,FOLLAJES INTERNACIONALES SA 1-6,2,2261,,,,,,5,,,,,,,,,,,,,,,
52,52,,Miami PIS,,,,,Airport - Aircraft - Cargo - PIS,,,India,,Meristem or Callus Tissue Culture (micropropagated/in vitro culture),,FIDES GUATEMALA S A,31,106171,,,,,,8,,,,,,,,,,,,,,,
52,52,,JFK PIS,,,,,Airport - Aircraft - Cargo - PIS,,,Costa Rica,,Unrooted Cutting,,"MEI CEI ORCHIDS CO.,LTD.",0,8009,,,,,,12,,,,,,,,,,,,,,,
52,52,,Linden PIS,,,,,Airport - Aircraft - Cargo - PIS,,,Costa Rica,,Unrooted Cutting,,Same as Shipper,5,9790,,,,,,1,,,,,,,,,,,,,,,
52,52,,Seattle PIS,,,,,Airport - Aircraft - Cargo - PIS,,,Guatemala,,Unrooted Cutting,,ARCO IRIS DEL CARIBE S.A.,17,50112,,,,,,24,,,,,,,,,,,,,,,
52,52,,Miami PIS,,,,,Airport - Aircraft - Cargo - PIS,,,Guatemala,,Unrooted Cutting,,ANNIA FUENTES Box 101-103,4,2065,,,,,,18,,,,,,,,,,,,,,,
52,52,,Miami PIS,,,,,Maritime Port - Vessel - Cargo - PIS,,,Costa Rica,,Meristem or Callus Tissue Culture (micropropagated/in vitro culture),,LA FLOR EXOTICA DEL CARIBE BULLIS SA,9,2722,,,,,,10,,,,,,,,,,,,,,,
52,52,,Miami PIS,,,,,Maritime Port - Vessel - Cargo - PIS,,,Thailand,,Unrooted Cutting,,TICOPLANT,0,2753,,,,,,4,,,,,,,,,,,,,,,
52,52,,Miami PIS,,,,,Airport - Aircraft - Cargo - PIS,,,Thailand,,Rooted Plant (including grafted),,"HUTA Green Co,LLC",29,1111,,,,,,13,,,,,,,,,,,,,,,
52,52,,Miami PIS,,,,,Airport - Aircraft - Cargo - PIS,,,Dominican Republic,,Rooted Plant (including grafted),,Not Selected,16,166904,,,,,,2,,,,,,,,,,,,,,,
52,52,,Miami PIS,,,,,Airport - Aircraft - Cargo - PIS,,,Guatemala,,Rooted Plant (including grafted),,FLORICULTURA Y CIA LTDA,15,14804,,,,,,21,,,,,,,,,,,,,,,
52,52,,Miami PIS,,,,,Airport - Aircraft - Cargo - PIS,,,Poland,,Unrooted Cutting,,COSTA FAMRS LLC,62,5851,,,,,,9,,,,,,,,,,,,,,,
53,53,,Miami PIS,,,,,Airport - Aircraft - Cargo - PIS,,,Viet Nam,,Unrooted Cutting,,VITA FARMS Box 301-335,5,1063,,,,,,16,,,,,,,,,,,,,,,
53,53,,Miami PIS,,,,,Airport - Aircraft - Cargo - PIS,,,Costa Rica,,Rooted Cutting (including air layer),,GASAN  SOCIEDAD ANONIMA,168,378273,,,,,,4,,,,,,,,,,,,,,,
53,53,,Miami PIS,,,,,Airport - Aircraft - Cargo - PIS,,,Poland,,Unrooted Plant,,KAPOK PLANTS S.A,19,10863,,,,,,2,,,,,,,,,,,,,,,
53,53,,Los Angeles PIS,,,,,Airport - Aircraft - Cargo - PIS,,,India,,Unrooted Plant,,PLANTAS ILIMITADAS,0,11,,,,,,26,,,,,,,,,,,,,,,
53,53,,Miami PIS,,,,,Airport - Aircraft - Cargo - PIS,,,Zimbabwe,,Rooted Plant (including grafted),,SUN HSIN JU,2,94,,,,,,7,,,,,,,,,,,,,,,
53,53,,Miami PIS,,,,,Airport - Aircraft - Cargo - PIS,,,Costa Rica,,Rooted Cutting (including air layer),,Honest Cactus Africa,0,24840,,,,,,14,,,,,,,,,,,,,,,
53,53,,Los Angeles PIS,,,,,Airport - Aircraft - Cargo - PIS,,,Thailand,,Unrooted Cutting,,Same as Shipper,18,20337,,,,,,14,,,,,,,,,,,,,,,
54,54,,Miami PIS,,,,,Airport - Aircraft - Cargo - PIS,,,Costa Rica,,Unrooted Cutting,,Ornamentales Sapo Verde 301-320,26,83622,,,,,,15,,,,,,,,,,,,,,,
54,54,,Miami PIS,,,,,Airport - Aircraft - Cargo - PIS,,,Thailand,,Rooted Plant (including grafted),,VIVERO LAS GARDENIAS,13,84891,,,,,,14,,,,,,,,,,,,,,,
54,54,,Los Angeles PIS,,,,,Airport - Aircraft - Cargo - PIS,,,Guatemala,,Rooted Cutting (including air layer),,THREETHAWAT PHRAESIWAROJ,28,19451,,,,,,6,,,,,,,,,,,,,,,
54,54,,Atlanta PIS,,,,,Airport - Aircraft - Cargo - PIS,,,Costa Rica,,Rooted Plant (including grafted),,Not Selected,16,182076,,,,,,19,,,,,,,,,,,,,,,
54,54,,Miami PIS,,,,,Airport - Aircraft - Cargo - PIS,,,Costa Rica,,Rooted Plant (including grafted),,ASTERIX SA,101,383521,,,,,,10,,,,,,,,,,,,,,,
54,54,,Miami PIS,,,,,Airport - Aircraft - Cargo - PIS,,,Guatemala,,Meristem or Callus Tissue Culture (micropropagated/in vitro culture),,FERTIPLANT B V,0,3,,,,,,11,,,,,,,,,,,,,,,
54,54,,Los Angeles PIS,,,,,Airport - Aircraft - Cargo - PIS,,,Costa Rica,,Unrooted Cutting,,Wirote Makmoon,4,408,,,,,,15,,,,,,,,,,,,,,,
54,54,,Seattle PIS,,,,,Airport - Aircraft - Cargo - PIS,,,Taiwan,,Unrooted Cutting,,ROYAL VAN ZANTEN LTD,0,83,,,,,,27,,,,,,,,,,,,,,,
54,54,,Miami PIS,,,,,Airport - Aircraft - Express Carrier - PIS,,,Mexico,,Unrooted Cutting,,ORNAMENTALES DE SAPO VERDE 6201-6202,4,1290,,,,,,14,,,,,,,,,,,,,,,
54,54,,JFK PIS,,,,,Maritime Port - Vessel - Cargo - PIS,,,Brazil,,Unrooted Cutting,,FOSACO CO LTD,77,11106,,,,,,13,,,,,,,,,,,,,,,
54,54,,JFK PIS,,,,,Airport - Aircraft - Cargo - PIS,,,Netherlands,,Rooted Plant (including grafted),,Ornamentales Sapo Verde 1110,2,20091,,,,,,1,,,,,,,,,,,,,,,
54,54,,Miami PIS,,,,,Airport - Aircraft - Cargo - PIS,,,Kenya,,Unrooted Cutting,,ANNIA FUENTES MARTINEZ,46,8407,,,,,,8,,,,,,,,,,,,,,,
55,55,,Miami PIS,,,,,Maritime Port - Vessel - Cargo - PIS,,,Costa Rica,,Meristem or Callus Tissue Culture (micropropagated/in vitro culture),,PLANTAS ORNAMENTALES DE COSTA RICA,6,3098,,,,,,19,,,,,,,,,,,,,,,
55,55,,Miami PIS,,,,,Airport - Aircraft - Cargo - PIS,,,Costa Rica,,Unrooted Plant,,PT FLORION,15,1377,,,,,,1,,,,,,,,,,,,,,,
55,55,,Miami PIS,,,,,Airport - Aircraft - Cargo - PIS,,,Kenya,,Unrooted Cutting,,LOS PINOS POPTUN,6,17547,,,,,,25,,,,,,,,,,,,,,,
55,55,,Miami PIS,,,,,Airport - Aircraft - Cargo - PIS,,,Guatemala,,Meristem or Callus Tissue Culture (micropropagated/in vitro culture),,IRIBOV BV,0,342,,,,,,10,,,,,,,,,,,,,,,
55,55,,Atlanta PIS,,,,,Airport - Aircraft - Cargo - PIS,,,Costa Rica,,Rooted Cutting (including air layer),,NATTA 1565 LIMITED PARTNERSHIP,1,229,,,,,,20,,,,,,,,,,,,,,,
55,55,,Miami PIS,,,,,Airport - Aircraft - Cargo - PIS,,,Costa Rica,,Rooted Plant (including grafted),,"ORNAMENTALES SAPO VERDE S A, BOX 6201-6202",22,22683,,,,,,5,,,,,,,,,,,,,,,
55,55,,JFK PIS,,,,,Airport - Aircraft - Cargo - PIS,,,Costa Rica,,Unrooted Cutting,,Ornamentales Sapo Verde Box 501-542,7,40282,,,,,,15,,,,,,,,,,,,,,,
55,55,,Los Angeles PIS,,,,,Airport - Aircraft - Cargo - PIS,,,Guatemala,,Unrooted Cutting,,INNOVAPLANT DE COSTA RICA,12,8383,,,,,,26,,,,,,,,,,,,,,,
55,55,,Los Angeles PIS,,,,,Airport - Aircraft - Cargo - PIS,,,Nicaragua,,Rooted Plant (including grafted),,KAPOK PLANTAS S A,22,81526,,,,,,24,,,,,,,,,,,,,,,
55,55,,Seattle PIS,,,,,Airport - Aircraft - Cargo - PIS,,,Guatemala,,Rooted Plant (including grafted),,Not Selected,0,93,,,,,,21,,,,,,,,,,,,,,,
55,55,,Miami PIS,,,,,Airport - Aircraft - Cargo - PIS,,,Thailand,,Unrooted Cutting,,Not Selected,10,44760,,,,,,22,,,,,,,,,,,,,,,
55,55,,Miami PIS,,,,,Airport - Aircraft - Cargo - PIS,,,China,,Meristem or Callus Tissue Culture (micropropagated/in vitro culture),,COOPEINDIA R.L. BOX 37-57 ,62,111932,,,,,,2,,,,,,,,,,,,,,,
55,55,,Atlanta PIS,,,,,Maritime Port - Vessel - Cargo - PIS,,,Thailand,,Rooted Plant (including grafted),,INNOVA PLANT,45,40644,,,,,,24,,,,,,,,,,,,,,,
55,55,,Miami PIS,,,,,Airport - Aircraft - Cargo - PIS,,,Guatemala,,Unrooted Cutting,,FLORICULTURA Y COMPANIA LTDA,2,1845,,,,,,22,,,,,,,,,,,,,,,
55,55,,Miami PIS,,,,,Airport - Aircraft - Cargo - PIS,,,Costa Rica,,Unrooted Cutting,,COOPEINDIA R.L Box 900-923,14,11288,,,,,,6,,,,,,,,,,,,,,,
55,55,,Miami PIS,,,,,Maritime Port - Vessel - Cargo - PIS,,,Netherlands,,Unrooted Cutting,,COOPERATIVA AGRICOLA REGIONAL DE Box 25-27,15,9958,,,,,,16,,,,,,,,,,,,,,,
55,55,,Miami PIS,,,,,Airport - Aircraft - Cargo - PIS,,,Costa Rica,,Unrooted Cutting,,BEAUTY LINE GUATEMALA,2,873,,,,,,1,,,,,,,,,,,,,,,
55,55,,Atlanta PIS,,,,,Airport - Aircraft - Cargo - PIS,,,Costa Rica,,Rooted Plant (including grafted),,CHOMPOONUT KHONGMAN,0,4,,,,,,16,,,,,,,,,,,,,,,
55,55,,Miami PIS,,,,,Airport - Aircraft - Cargo - PIS,,,"Korea, South",,Unrooted Cutting,,Amarilis Ninet,1,24,,,,,,27,,,,,,,,,,,,,,,
55,55,,Miami PIS,,,,,Airport - Aircraft - Cargo - PIS,,,Costa Rica,,Unrooted Cutting,,KAPOK PLANTS S.A,2,961,,,,,,24,,,,,,,,,,,,,,,
55,55,,Miami PIS,,,,,Maritime Port - Vessel - Cargo - PIS,,,Costa Rica,,Unrooted Cutting,,IVAGRO S.A.,6,26068,,,,,,27,,,,,,,,,,,,,,,
56,56,,Los Angeles PIS,,,,,Airport - Aircraft - Cargo - PIS,,,Kenya,,Unrooted Cutting,,ZHANGZHOU SPRING SUNSHINE IMP &EXP,74,86758,,,,,,14,,,,,,,,,,,,,,,
56,56,,Atlanta PIS,,,,,Airport - Aircraft - Cargo - PIS,,,Colombia,,Unrooted Plant,,ORNAMENTALES SAPO VERDE Box 8001-8009,41,113216,,,,,,15,,,,,,,,,,,,,,,
56,56,,Miami PIS,,,,,Airport - Aircraft - Cargo - PIS,,,Mexico,,Rooted Plant (including grafted),,IVAGRO S.A.,8,5464,,,,,,6,,,,,,,,,,,,,,,
56,56,,Miami PIS,,,,,Airport - Aircraft - Cargo - PIS,,,Mexico,,Unrooted Cutting,,ASTERIX SA,19,126239,,,,,,9,,,,,,,,,,,,,,,
56,56,,Los Angeles PIS,,,,,Airport - Aircraft - Cargo - PIS,,,Thailand,,Unrooted Cutting,,THE QUEENS FLOWERS,1,79,,,,,,16,,,,,,,,,,,,,,,
56,56,,Miami PIS,,,,,Airport - Aircraft - Cargo - PIS,,,El Salvador,,Unrooted Cutting,,INDUSTRIAS AGRICOLAS CENTRO AMER,38,166678,,,,,,4,,,,,,,,,,,,,,,
56,56,,Miami PIS,,,,,Airport - Aircraft - Cargo - PIS,,,Costa Rica,,Rooted Plant (including grafted),,LUCHA ORNAMENTAL SA,5,581,,,,,,7,,,,,,,,,,,,,,,
56,56,,Los Angeles PIS,,,,,Airport - Aircraft - Express Carrier - PIS,,,Poland,,"Bulb, Corm, Rhizome, Tuberous Stem",,Pollen Limited,0,9,,,,,,1,,,,,,,,,,,,,,,
56,56,,Atlanta PIS,,,,,Airport - Aircraft - Cargo - PIS,,,Thailand,,Unrooted Cutting,,LAS LIMAS S A,4,4081,,,,,,13,,,,,,,,,,,,,,,
56,56,,Atlanta PIS,,,,,Airport - Aircraft - Cargo - PIS,,,Costa Rica,,Rooted Plant (including grafted),,INVERSIONES AGROCOMERCIALES,9,7043,,,,,,22,,,,,,,,,,,,,,,
56,56,,Los Angeles PIS,,,,,Airport - Aircraft - Cargo - PIS,,,Guatemala,,Rooted Plant (including grafted),,POPOW ORCHIDS,7,3066,,,,,,2,,,,,,,,,,,,,,,
56,56,,Linden PIS,,,,,Airport - Aircraft - Cargo - PIS,,,Costa Rica,,Unrooted Cutting,,INNOVAPLANT DE COSTA RICA,9,1217,,,,,,24,,,,,,,,,,,,,,,
56,56,,Miami PIS,,,,,Maritime Port - Vessel - Cargo - PIS,,,China,,Unrooted Cutting,,ORNAMENTALES AMARILIS NINET,10,47571,,,,,,25,,,,,,,,,,,,,,,
56,56,,Miami PIS,,,,,Airport - Aircraft - Cargo - PIS,,,Guatemala,,Unrooted Cutting,,TUCAN EXPORTERS,1,1722,,,,,,11,,,,,,,,,,,,,,,
56,56,,Miami PIS,,,,,Airport - Aircraft - Cargo - PIS,,,Netherlands,,Rooted Plant (including grafted),,GASAN S A,3,1431,,,,,,20,,,,,,,,,,,,,,,
56,56,,Los Angeles PIS,,,,,Airport - Aircraft - Cargo - PIS,,,Sri Lanka,,Rooted Plant (including grafted),,MYM PRODUCTORES S.A,0,3501,,,,,,27,,,,,,,,,,,,,,,
57,57,,Miami PIS,,,,,Airport - Aircraft - Cargo - PIS,,,Netherlands,,Rooted Plant (including grafted),,Cerca del Paraiso Box 101-,35,28140,,,,,,2,,,,,,,,,,,,,,,
57,57,,Houston PIS,,,,,Airport - Aircraft - Cargo - PIS,,,Guatemala,,Unrooted Cutting,,INNOVA PLANT DE COSTA RICA SA,0,5712,,,,,,14,,,,,,,,,,,,,,,
57,57,,Los Angeles PIS,,,,,Airport - Aircraft - Cargo - PIS,,,Uganda,,Rooted Plant (including grafted),,AGROINDUSTRIALES CHORTI,1,5,,,,,,27,,,,,,,,,,,,,,,
57,57,,Miami PIS,,,,,Airport - Aircraft - Cargo - PIS,,,Thailand,,Rooted Plant (including grafted),,KP HOLLAND B.V,0,15167,,,,,,9,,,,,,,,,,,,,,,
57,57,,Miami PIS,,,,,Airport - Aircraft - Cargo - PIS,,,Mexico,,Unrooted Cutting,,Same as Shipper,3,1526,,,,,,4,,,,,,,,,,,,,,,
57,57,,Los Angeles PIS,,,,,Airport - Aircraft - Express Carrier - PIS,,,Nicaragua,,Meristem or Callus Tissue Culture (micropropagated/in vitro culture),,AGROPECUARIA PENIEL S.A. (GUATEXOTIC),37,52849,,,,,,1,,,,,,,,,,,,,,,
57,57,,Miami PIS,,,,,Maritime Port - Vessel - Cargo - PIS,,,Malaysia,,Rooted Cutting (including air layer),,"KAPOK PLANTAS, S.A.",10,3248,,,,,,6,,,,,,,,,,,,,,,
57,57,,Miami PIS,,,,,Airport - Aircraft - Cargo - PIS,,,Thailand,,Unrooted Cutting,,AGRIGENTUM S A,6,21093,,,,,,3,,,,,,,,,,,,,,,
57,57,,Miami PIS,,,,,Airport - Aircraft - Cargo - PIS,,,Costa Rica,,Rooted Cutting (including air layer),,Not Selected,1,1829,,,,,,24,,,,,,,,,,,,,,,
57,57,,Miami PIS,,,,,Airport - Aircraft - Cargo - PIS,,,Thailand,,Meristem or Callus Tissue Culture (micropropagated/in vitro culture),,BEAUTY LINE GUATEMALA,12,18181,,,,,,13,,,,,,,,,,,,,,,
57,57,,Miami PIS,,,,,Airport - Aircraft - Cargo - PIS,,,Thailand,,Rooted Plant (including grafted),,VIVERO INTERNACIONAL S.A. DE C.V,1,1921,,,,,,22,,,,,,,,,,,,,,,
57,57,,Miami PIS,,,,,Airport - Aircraft - Cargo - PIS,,,Indonesia,,Unrooted Cutting,,PLANT SOURCE INTERNATIONAL MEXIC,100,195582,,,,,,11,,,,,,,,,,,,,,,
57,57,,Los Angeles PIS,,,,,Airport - Aircraft - Cargo - PIS,,,Taiwan,,Rooted Plant (including grafted),,KENYA CUTTINGS LIMITED,97,519951,,,,,,26,,,,,,,,,,,,,,,
57,57,,Miami PIS,,,,,Airport - Aircraft - Cargo - PIS,,,Guatemala,,Rooted Plant (including grafted),,PRODUCTOS VALPARAISO,7,965,,,,,,1,,,,,,,,,,,,,,,
57,57,,Miami PIS,,,,,Airport - Aircraft - Cargo - PIS,,,Guatemala,,Unrooted Plant,,Mr. Wirote Makmoon,3,24006,,,,,,2,,,,,,,,,,,,,,,
57,57,,Miami PIS,,,,,Airport - Aircraft - Express Carrier - PIS,,,Netherlands,,Rooted Plant (including grafted),,FERTIPLANT B V,7,4333,,,,,,21,,,,,,,,,,,,,,,
57,57,,Miami PIS,,,,,Airport - Aircraft - Cargo - PIS,,,China,,Rooted Cutting (including air layer),,Not Selected,1,900,,,,,,15,,,,,,,,,,,,,,,
57,57,,Miami PIS,,,,,Airport - Aircraft - Cargo - PIS,,,India,,Rooted Plant (including grafted),,Thana Sukkasem,75,4530,,,,,,25,,,,,,,,,,,,,,,
57,57,,Miami PIS,,,,,Airport - Aircraft - Cargo - PIS,,,Mexico,,Rooted Plant (including grafted),,LAS LIMAS,0,32573,,,,,,24,,,,,,,,,,,,,,,
57,57,,Miami PIS,,,,,Airport - Aircraft - Cargo - PIS,,,China,,Rooted Plant (including grafted),,EXPORTADORA IMPERIO VERDE,0,3451,,,,,,11,,,,,,,,,,,,,,,
58,58,,Miami PIS,,,,,Maritime Port - Vessel - Cargo - PIS,,,Nicaragua,,Unrooted Cutting,,IVAGRO S A BOXES 42-48,133,143350,,,,,,18,,,,,,,,,,,,,,,
58,58,,Miami PIS,,,,,Airport - Aircraft - Cargo - PIS,,,Guatemala,,Unrooted Cutting,,KANSOM CO LTD,2,3147,,,,,,10,,,,,,,,,,,,,,,
58,58,,Los Angeles PIS,,,,,Airport - Aircraft - Cargo - PIS,,,Costa Rica,,Rooted Plant (including grafted),,DALAT HASFARM CO LTD,3,716,,,,,,13,,,,,,,,,,,,,,,
58,58,,Miami PIS,,,,,Airport - Aircraft - Cargo - PIS,,,Mexico,,Unrooted Cutting,,SHENZHEN ZHIZE WEISI SUPPLY CHAIN,2,1878,,,,,,8,,,,,,,,,,,,,,,
58,58,,Miami PIS,,,,,Airport - Aircraft - Cargo - PIS,,,China,,Rooted Cutting (including air layer),,ORNAMENTAL DE SAPO Verde  031-039,1,8,,,,,,8,,,,,,,,,,,,,,,
58,58,,Miami PIS,,,,,Airport - Aircraft - Cargo - PIS,,,India,,Rooted Cutting (including air layer),,"VIVERO INTERNACIONAL S,A DE C.V",4,19494,,,,,,10,,,,,,,,,,,,,,,
58,58,,Miami PIS,,,,,Airport - Aircraft - Cargo - PIS,,,Costa Rica,,Unrooted Cutting,,INNOVA PLANT DE COSTA RICA SA,7,24444,,,,,,4,,,,,,,,,,,,,,,
58,58,,Linden PIS,,,,,Airport - Aircraft - Cargo - PIS,,,Guatemala,,Unrooted Cutting,,LA FLORESTA ORNAMENTALES S A,40,94257,,,,,,21,,,,,,,,,,,,,,,
58,58,,Miami PIS,,,,,Airport - Aircraft - Cargo - PIS,,,Costa Rica,,Unrooted Cutting,,Same as Shipper,21,39085,,,,,,1,,,,,,,,,,,,,,,
58,58,,JFK PIS,,,,,Airport - Aircraft - Cargo - PIS,,,Colombia,,Unrooted Plant,,ANTHURA B.V.,0,179,,,,,,13,,,,,,,,,,,,,,,
58,58,,Miami PIS,,,,,Airport - Aircraft - Cargo - PIS,,,Viet Nam,,Rooted Plant (including grafted),,Same as Shipper,6,214,,,,,,14,,,,,,,,,,,,,,,
58,58,,Miami PIS,,,,,Airport - Aircraft - Cargo - PIS,,,Costa Rica,,Rooted Plant (including grafted),,LAS LIMAS S A,10,153,,,,,,15,,,,,,,,,,,,,,,
58,58,,Miami PIS,,,,,Airport - Aircraft - Cargo - PIS,,,Guatemala,,Unrooted Cutting,,LATHYFLORA KENYA LTD,2,217,,,,,,16,,,,,,,,,,,,,,,
58,58,,Atlanta PIS,,,,,Airport - Aircraft - Cargo - PIS,,,Dominican Republic,,Rooted Plant (including grafted),,KAPOK PLANTS S.A,9,18284,,,,,,28,,,,,,,,,,,,,,,
58,58,,Miami PIS,,,,,Airport - Aircraft - Cargo - PIS,,,Thailand,,Meristem or Callus Tissue Culture (micropropagated/in vitro culture),,ZIMFLORA  PVT  LTD,11,193,,,,,,24,,,,,,,,,,,,,,,
58,58,,Miami PIS,,,,,Airport - Aircraft - Cargo - PIS,,,Nicaragua,,Meristem or Callus Tissue Culture (micropropagated/in vitro culture),,SHENZHEN ZHIZE WEISI SUPPLY CHAIN,1,39029,,,,,,25,,,,,,,,,,,,,,,
58,58,,Miami PIS,,,,,Airport - Aircraft - Cargo - PIS,,,Guatemala,,Meristem or Callus Tissue Culture (micropropagated/in vitro culture),,QUELETZU SOCIEDAD ANONIMA,1,24,,,,,,6,,,,,,,,,,,,,,,
58,58,,Miami PIS,,,,,Airport - Aircraft - Cargo - PIS,,,Guatemala,,Rooted Plant (including grafted),,Pawnpirun Pliankonk,6,207,,,,,,5,,,,,,,,,,,,,,,
58,58,,Miami PIS,,,,,Airport - Aircraft - Cargo - PIS,,,Nicaragua,,Unrooted Cutting,,QUELETZU S A BOX 1-32,16,20853,,,,,,12,,,,,,,,,,,,,,,
58,58,,Los Angeles PIS,,,,,Airport - Aircraft - Cargo - PIS,,,Guatemala,,Rooted Plant (including grafted),,VITA FARMS 301,8,1572,,,,,,2,,,,,,,,,,,,,,,
59,59,,Linden PIS,,,,,Airport - Aircraft - Cargo - PIS,,,Costa Rica,,Unrooted Cutting,,ORNAMENTALES DE ALTURA SA,3,2154,,,,,,5,,,,,,,,,,,,,,,
59,59,,Miami PIS,,,,,Airport - Aircraft - Cargo - PIS,,,Mexico,,Meristem or Callus Tissue Culture (micropropagated/in vitro culture),,PLANT SOURCE INTERNACIONAL MEXICO S,8,1146,,,,,,6,,,,,,,,,,,,,,,
59,59,,Seattle PIS,,,,,Maritime Port - Vessel - Cargo - PIS,,,Colombia,,Unrooted Cutting,,Mr. Bomb Takomfoo,1,39228,,,,,,15,,,,,,,,,,,,,,,
59,59,,Miami PIS,,,,,Airport - Aircraft - Cargo - PIS,,,Costa Rica,,Rooted Plant (including grafted),,PLANTAS DEL TROPICO 1-13,37,23721,,,,,,25,,,,,,,,,,,,,,,
59,59,,Los Angeles PIS,,,,,Airport - Aircraft - Cargo - PIS,,,Kenya,,Unrooted Cutting,,ANTHURA BV,74,111100,,,,,,9,,,,,,,,,,,,,,,
59,59,,Miami PIS,,,,,Airport - Aircraft - Cargo - PIS,,,Kenya,,Unrooted Cutting,,"TROPI PLANTS,S.A.",68,564231,,,,,,7,,,,,,,,,,,,,,,
59,59,,Miami PIS,,,,,Maritime Port - Vessel - Cargo - PIS,,,Taiwan,,Unrooted Cutting,,INNOVA PLANT,7,2313,,,,,,24,,,,,,,,,,,,,,,
59,59,,Miami PIS,,,,,Airport - Aircraft - Cargo - PIS,,,Slovakia,,Rooted Plant (including grafted),,CV. SURYA TANI ABADI,2,45733,,,,,,8,,,,,,,,,,,,,,,
59,59,,Los Angeles PIS,,,,,Airport - Aircraft - Cargo - PIS,,,Guatemala,,Unrooted Plant,,INVERSIONES LUA S.A 1-80,1,137242,,,,,,15,,,,,,,,,,,,,,,
59,59,,Miami PIS,,,,,Airport - Aircraft - Cargo - PIS,,,Costa Rica,,Rooted Plant (including grafted),,CERCA DEL PARAISO S.A.,1,20,,,,,,16,,,,,,,,,,,,,,,
59,59,,Atlanta PIS,,,,,Airport - Aircraft - Cargo - PIS,,,"Korea, South",,"Root cutting, crown, or clump, Tuberous Root",,INNOVAPLANT DE COSTA RICA,0,0,,,,,,2,,,,,,,,,,,,,,,
59,59,,Los Angeles PIS,,,,,Airport - Aircraft - Cargo - PIS,,,Guatemala,,Rooted Plant (including grafted),,PAIROTH SINGTUEAN,50,80827,,,,,,14,,,,,,,,,,,,,,,
59,59,,Miami PIS,,,,,Airport - Aircraft - Cargo - PIS,,,Netherlands,,Rooted Plant (including grafted),,Same as Shipper,46,78246,,,,,,15,,,,,,,,,,,,,,,
60,60,,Miami PIS,,,,,Airport - Aircraft - Cargo - PIS,,,El Salvador,,Unrooted Cutting,,Sawitree Kyriakides,17,52258,,,,,,14,,,,,,,,,,,,,,,
60,60,,Miami PIS,,,,,Airport - Aircraft - Cargo - PIS,,,Mexico,,Unrooted Plant,,LAS LIMAS,14,415,,,,,,16,,,,,,,,,,,,,,,
60,60,,Miami PIS,,,,,Airport - Aircraft - Cargo - PIS,,,Czech Republic,,Unrooted Plant,,TIGRA VERDE S.A.,1,246,,,,,,12,,,,,,,,,,,,,,,
60,60,,Miami PIS,,,,,Airport - Aircraft - Cargo - PIS,,,Taiwan,,Rooted Plant (including grafted),,Ornamentales Sapo Verde Box 501-509,29,24862,,,,,,26,,,,,,,,,,,,,,,
60,60,,Los Angeles PIS,,,,,Airport - Aircraft - Cargo - PIS,,,Taiwan,,Unrooted Cutting,,Chayanin Kengsuwan,484,62009,,,,,,15,,,,,,,,,,,,,,,
60,60,,Linden PIS,,,,,Airport - Aircraft - Cargo - PIS,,,Thailand,,Rooted Plant (including grafted),,BURANA ORCHID CO LTD,5,13107,,,,,,8,,,,,,,,,,,,,,,
60,60,,Los Angeles PIS,,,,,Airport - Aircraft - Cargo - PIS,,,Mexico,,Rooted Plant (including grafted),,KRESS CONSOLIDATION BUSINES INVE,4,1041,,,,,,18,,,,,,,,,,,,,,,
60,60,,Los Angeles PIS,,,,,Airport - Aircraft - Cargo - PIS,,,Kenya,,Meristem or Callus Tissue Culture (micropropagated/in vitro culture),,ORNAMENTALES SAPO VERDE  1601,13,133139,,,,,,22,,,,,,,,,,,,,,,
60,60,,Miami PIS,,,,,Airport - Aircraft - Cargo - PIS,,,Costa Rica,,Unrooted Cutting,,TUCAN EXPORTERS,3,6022,,,,,,14,,,,,,,,,,,,,,,
60,60,,Miami PIS,,,,,Airport - Aircraft - Cargo - PIS,,,Netherlands,,Unrooted Plant,,ZHANGZHOU LONGJIANG IMP &EXP,21,21916,,,,,,7,,,,,,,,,,,,,,,
61,61,,JFK PIS,,,,,Airport - Aircraft - Cargo - PIS,,,Guatemala,,Unrooted Cutting,,PLANTAS ILIMITADAS S A,3,143,,,,,,11,,,,,,,,,,,,,,,
61,61,,Linden PIS,,,,,Airport - Aircraft - Cargo - PIS,,,Costa Rica,,Unrooted Cutting,,GENEROS ECUATORIANOS,2,6125,,,,,,11,,,,,,,,,,,,,,,
62,62,,Miami PIS,,,,,Airport - Aircraft - Cargo - PIS,,,Netherlands,,Rooted Plant (including grafted),,PHORMIUMS EXPORTER S.A.,9,14629,,,,,,16,,,,,,,,,,,,,,,
62,62,,Miami PIS,,,,,Airport - Aircraft - Express Carrier - PIS,,,Guatemala,,Rooted Plant (including grafted),,TROPICA DEL ATLANTICO,7,9236,,,,,,20,,,,,,,,,,,,,,,
62,62,,Miami PIS,,,,,Airport - Aircraft - Cargo - PIS,,,Zimbabwe,,Unrooted Cutting,,CHICAN EXPORTADORA,3,1409,,,,,,26,,,,,,,,,,,,,,,
62,62,,Miami PIS,,,,,Airport - Aircraft - Cargo - PIS,,,Thailand,,Unrooted Cutting,,PALKI,1,1860,,,,,,16,,,,,,,,,,,,,,,
62,62,,Miami PIS,,,,,Airport - Aircraft - Cargo - PIS,,,Guatemala,,Rooted Plant (including grafted),,Mr. Wirote Makmoon,12,297662,,,,,,12,,,,,,,,,,,,,,,
62,62,,Los Angeles PIS,,,,,Airport - Aircraft - Cargo - PIS,,,China,,Unrooted Cutting,,Wirote Makmoon,351,64564,,,,,,8,,,,,,,,,,,,,,,
62,62,,Atlanta PIS,,,,,Airport - Aircraft - Cargo - PIS,,,Thailand,,Meristem or Callus Tissue Culture (micropropagated/in vitro culture),,Vita Farms 7001-7055,0,8287,,,,,,16,,,,,,,,,,,,,,,
62,62,,Los Angeles PIS,,,,,Airport - Aircraft - Cargo - PIS,,,Thailand,,Rooted Cutting (including air layer),,"FIDES GUATEMALA, S.A.",425,5683,,,,,,3,,,,,,,,,,,,,,,
62,62,,Los Angeles PIS,,,,,Airport - Aircraft - Cargo - PIS,,,Guatemala,,Unrooted Plant,,Costa Farms LLC,1,6304,,,,,,1,,,,,,,,,,,,,,,
62,62,,Miami PIS,,,,,Airport - Aircraft - Cargo - PIS,,,Mexico,,Unrooted Cutting,,PREMKAMON INTANIN,17,9356,,,,,,5,,,,,,,,,,,,,,,
62,62,,Miami PIS,,,,,Airport - Aircraft - Cargo - PIS,,,Guatemala,,Unrooted Plant,,Vita Farms 401,5,25884,,,,,,19,,,,,,,,,,,,,,,
62,62,,Linden PIS,,,,,Airport - Aircraft - Cargo - PIS,,,Netherlands,,Unrooted Cutting,,ZHANGZHOU RICH-LINK TRADING CO. LTD,5,18295,,,,,,5,,,,,,,,,,,,,,,
62,62,,Miami PIS,,,,,Airport - Aircraft - Cargo - PIS,,,Mexico,,Unrooted Cutting,,SAN TAI INTERNATIONAL TRADING,0,402,,,,,,3,,,,,,,,,,,,,,,
62,62,,Atlanta PIS,,,,,Airport - Aircraft - Cargo - PIS,,,Netherlands,,Rooted Cutting (including air layer),,Same as Shipper,4,6980,,,,,,25,,,,,,,,,,,,,,,
62,62,,Miami PIS,,,,,Airport - Aircraft - Cargo - PIS,,,Uganda,,Unrooted Cutting,,Vita Farm Box 201-205,36,3454,,,,,,16,,,,,,,,,,,,,,,
62,62,,Miami PIS,,,,,Airport - Aircraft - Cargo - PIS,,,Indonesia,,Unrooted Plant,,NATURA TRADING SA,42,4925,,,,,,13,,,,,,,,,,,,,,,
62,62,,Honolulu PIS,,,,,Airport - Aircraft - Cargo - PIS,,,Netherlands,,Unrooted Cutting,,AGROEXPORTADORA LA LAGUNA CHICHOJ,29,9285,,,,,,1,,,,,,,,,,,,,,,
62,62,,Miami PIS,,,,,Airport - Aircraft - Cargo - PIS,,,Thailand,,Rooted Cutting (including air layer),,Agroexportadora La Laguna Chichoj S.A.,7,14489,,,,,,2,,,,,,,,,,,,,,,
62,62,,Miami PIS,,,,,Airport - Aircraft - Cargo - PIS,,,Ethiopia,,Rooted Plant (including grafted),,Polapathara Suttiwatana,9,14907,,,,,,14,,,,,,,,,,,,,,,
63,63,,Atlanta PIS,,,,,Airport - Aircraft - Cargo - PIS,,,Thailand,,Unrooted Cutting,,Same as Shipper,0,89151,,,,,,7,,,,,,,,,,,,,,,
63,63,,Atlanta PIS,,,,,Airport - Aircraft - Cargo - PIS,,,Thailand,,Meristem or Callus Tissue Culture (micropropagated/in vitro culture),,Same as Shipper,0,1294,,,,,,9,,,,,,,,,,,,,,,
63,63,,Linden PIS,,,,,Airport - Aircraft - Cargo - PIS,,,New Zealand,,"Root cutting, crown, or clump, Tuberous Root",,Anita Salazar Avila,103,16,,,,,,4,,,,,,,,,,,,,,,
63,63,,JFK PIS,,,,,Airport - Aircraft - Cargo - PIS,,,Costa Rica,,Unrooted Cutting,,ACTA BOTANICA LTDA,24,7976,,,,,,21,,,,,,,,,,,,,,,
63,63,,Linden PIS,,,,,Airport - Aircraft - Cargo - PIS,,,Costa Rica,,Unrooted Plant,,Not Selected,131,13743,,,,,,23,,,,,,,,,,,,,,,
63,63,,Linden PIS,,,,,Airport - Aircraft - Cargo - PIS,,,Costa Rica,,Rooted Plant (including grafted),,INNOVAPLANT DE COSTA RICA,4,3307,,,,,,24,,,,,,,,,,,,,,,
63,63,,JFK PIS,,,,,Airport - Aircraft - Cargo - PIS,,,Taiwan,,Unrooted Cutting,,Not Selected,0,397,,,,,,10,,,,,,,,,,,,,,,
63,63,,Miami PIS,,,,,Airport - Aircraft - Cargo - PIS,,,Thailand,,Unrooted Cutting,,"ZHANGZHOU SPRING SUNSHINE IMPORT & EXPORT TRADE CO., LTD",2,1381,,,,,,12,,,,,,,,,,,,,,,
64,64,,Miami PIS,,,,,Airport - Aircraft - Cargo - PIS,,,Australia,,Rooted Plant (including grafted),,Ornamentales Sapo Verde ,1,256,,,,,,22,,,,,,,,,,,,,,,
64,64,,Miami PIS,,,,,Airport - Aircraft - Cargo - PIS,,,Italy,,Rooted Plant (including grafted),,EASTERN GREEN FIELDS CO LTD,13,20,,,,,,26,,,,,,,,,,,,,,,
64,64,,Miami PIS,,,,,Maritime Port - Vessel - Cargo - PIS,,,Costa Rica,,Unrooted Plant,,ORNAMENTALES SAPO VERDE 900,6,12842,,,,,,19,,,,,,,,,,,,,,,
64,64,,Miami PIS,,,,,Airport - Aircraft - Cargo - PIS,,,Costa Rica,,Unrooted Plant,,RED FOX LAS MERCEDES,6,5653,,,,,,11,,,,,,,,,,,,,,,
64,64,,Orlando PIS,,,,,Airport - Aircraft - Cargo - PIS,,,Turkey,,Unrooted Plant,,DARWIN COLOMBIA,10,5505,,,,,,20,,,,,,,,,,,,,,,
64,64,,Los Angeles PIS,,,,,Airport - Aircraft - Cargo - PIS,,,Thailand,,Unrooted Cutting,,La Laguna Chichoj,1,86,,,,,,5,,,,,,,,,,,,,,,
64,64,,Miami PIS,,,,,Airport - Aircraft - Cargo - PIS,,,Costa Rica,,Rooted Plant (including grafted),,Costa Farms LLC,12,4654,,,,,,15,,,,,,,,,,,,,,,
64,64,,Miami PIS,,,,,Airport - Aircraft - Cargo - PIS,,,Taiwan,,Unrooted Cutting,,AGRO KOMPASS SA,57,121720,,,,,,4,,,,,,,,,,,,,,,
64,64,,Linden PIS,,,,,Airport - Aircraft - Cargo - PIS,,,Taiwan,,Unrooted Plant,,INNOVAPLANT DE COSTA RICA,4,964,,,,,,5,,,,,,,,,,,,,,,
64,64,,Miami PIS,,,,,Airport - Aircraft - Cargo - PIS,,,North Macedonia,,Rooted Plant (including grafted),,Not Selected,88,263451,,,,,,9,,,,,,,,,,,,,,,
65,65,,Miami PIS,,,,,Airport - Aircraft - Cargo - PIS,,,Costa Rica,,Unrooted Plant,,Wirote Makmoon,5,1898,,,,,,13,,,,,,,,,,,,,,,
65,65,,Los Angeles PIS,,,,,Airport - Aircraft - Cargo - PIS,,,China,,Unrooted Cutting,,Same as Shipper,8,314615,,,,,,27,,,,,,,,,,,,,,,
65,65,,Miami PIS,,,,,Airport - Aircraft - Cargo - PIS,,,Mexico,,Unrooted Plant,,Alyser Alimentos Y Servicios,11,111078,,,,,,28,,,,,,,,,,,,,,,
65,65,,Los Angeles PIS,,,,,Airport - Aircraft - Cargo - PIS,,,Guatemala,,Unrooted Cutting,,"FIDES GUATEMALA, S.A.",11,24490,,,,,,17,,,,,,,,,,,,,,,
65,65,,Miami PIS,,,,,Airport - Aircraft - Cargo - PIS,,,Costa Rica,,Rooted Cutting (including air layer),,Micro Plantas S.A. Box 1-2,19,31065,,,,,,2,,,,,,,,,,,,,,,
65,65,,Linden PIS,,,,,Airport - Aircraft - Cargo - PIS,,,Costa Rica,,Unrooted Cutting,,Not Selected,0,10,,,,,,20,,,,,,,,,,,,,,,
65,65,,Miami PIS,,,,,Airport - Aircraft - Cargo - PIS,,,Viet Nam,,Rooted Cutting (including air layer),,BEAUTY LINE GUATEMALA,1,11919,,,,,,22,,,,,,,,,,,,,,,
65,65,,Los Indios PIS,,,,,Airport - Aircraft - Cargo - PIS,,,Mexico,,Unrooted Cutting,,Not Selected,3,32405,,,,,,8,,,,,,,,,,,,,,,
65,65,,Los Angeles PIS,,,,,Airport - Aircraft - Cargo - PIS,,,China,,Unrooted Cutting,,Not Selected,64,407995,,,,,,19,,,,,,,,,,,,,,,
65,65,,Atlanta PIS,,,,,Airport - Aircraft - Cargo - PIS,,,Costa Rica,,Rooted Plant (including grafted),,LAS LIMAS,4,4784,,,,,,21,,,,,,,,,,,,,,,
65,65,,Miami PIS,,,,,Airport - Aircraft - Cargo - PIS,,,Guatemala,,Unrooted Cutting,,"TER LAAK AMERICAS, S.A.",9,35561,,,,,,27,,,,,,,,,,,,,,,
65,65,,Seattle PIS,,,,,Airport - Aircraft - Cargo - PIS,,,Taiwan,,Meristem or Callus Tissue Culture (micropropagated/in vitro culture),,Clivia Kingdom,2,691,,,,,,14,,,,,,,,,,,,,,,
65,65,,Miami PIS,,,,,Airport - Aircraft - Cargo - PIS,,,"Korea, South",,"Root cutting, crown, or clump, Tuberous Root",,Anupong Saenruen,1,1658,,,,,,26,,,,,,,,,,,,,,,
66,66,,Los Angeles PIS,,,,,Airport - Aircraft - Cargo - PIS,,,Singapore,,Rooted Plant (including grafted),,PACHARA ORCHIDS INTERTRADE CO.LTD.,5,9077,,,,,,24,,,,,,,,,,,,,,,
66,66,,Miami PIS,,,,,Maritime Port - Vessel - Cargo - PIS,,,Guatemala,,Meristem or Callus Tissue Culture (micropropagated/in vitro culture),,Same as Shipper,6,1561,,,,,,3,,,,,,,,,,,,,,,
66,66,,Miami PIS,,,,,Airport - Aircraft - Cargo - PIS,,,Costa Rica,,Unrooted Cutting,,BEAUTY LINE GUATEMALA SA,23,8292,,,,,,28,,,,,,,,,,,,,,,
66,66,,Miami PIS,,,,,Airport - Aircraft - Cargo - PIS,,,Dominican Republic,,Unrooted Cutting,,LONG PRIDE BIOTECHNOLOGY,23,24817,,,,,,22,,,,,,,,,,,,,,,
66,66,,Miami PIS,,,,,Airport - Aircraft - Cargo - PIS,,,Mexico,,Rooted Plant (including grafted),,Not Selected,1,7312,,,,,,10,,,,,,,,,,,,,,,
66,66,,Miami PIS,,,,,Airport - Aircraft - Cargo - PIS,,,Thailand,,Unrooted Cutting,,PLANTAS ORNAMENTALES DE COSTA RICA,0,204256,,,,,,9,,,,,,,,,,,,,,,
66,66,,Linden PIS,,,,,Airport - Aircraft - Cargo - PIS,,,Mexico,,Unrooted Cutting,,SAVANNA FLOWERS,7,5301,,,,,,16,,,,,,,,,,,,,,,
66,66,,Miami PIS,,,,,Maritime Port - Vessel - Cargo - PIS,,,Taiwan,,Rooted Plant (including grafted),,AGRIGENTUM S A,3,8263,,,,,,9,,,,,,,,,,,,,,,
66,66,,Atlanta PIS,,,,,Maritime Port - Vessel - Cargo - PIS,,,China,,Unrooted Cutting,,TURRIPLANTAS S.A. BOX 101-105,5,1797,,,,,,28,,,,,,,,,,,,,,,
66,66,,Houston PIS,,,,,Airport - Aircraft - Cargo - PIS,,,India,,Unrooted Cutting,,FLORAPLANT SA DE CV,0,120,,,,,,15,,,,,,,,,,,,,,,
66,66,,Miami PIS,,,,,Maritime Port - Vessel - Cargo - PIS,,,Costa Rica,,Meristem or Callus Tissue Culture (micropropagated/in vitro culture),,ORNAMENTALES CONCEPCION S.A,0,2898,,,,,,15,,,,,,,,,,,,,,,
66,66,,Houston PIS,,,,,Airport - Aircraft - Cargo - PIS,,,United Kingdom of Great Britain and N. Ireland,,Unrooted Cutting,,"HUANG,WEI-HSUN",3,141,,,,,,1,,,,,,,,,,,,,,,
66,66,,Miami PIS,,,,,Airport - Aircraft - Cargo - PIS,,,China,,Unrooted Cutting,,INNOVAPLANT DE COSTA RICA,16,1839,,,,,,16,,,,,,,,,,,,,,,
66,66,,Los Angeles PIS,,,,,Airport - Aircraft - Cargo - PIS,,,Ethiopia,,Unrooted Cutting,,"FOSHAN SANSHUI YOUNG PLANTS Co., LTD",1,12940,,,,,,27,,,,,,,,,,,,,,,
66,66,,Atlanta PIS,,,,,Airport - Aircraft - Cargo - PIS,,,Kenya,,Unrooted Plant,,Same as Shipper,6,39981,,,,,,18,,,,,,,,,,,,,,,
66,66,,Los Angeles PIS,,,,,Airport - Aircraft - Cargo - PIS,,,Guatemala,,Unrooted Cutting,,HOCHBERG,2,14630,,,,,,12,,,,,,,,,,,,,,,
66,66,,Los Angeles PIS,,,,,Airport - Aircraft - Cargo - PIS,,,Guatemala,,Rooted Cutting (including air layer),,LA FLORESTA ORNAMENTALES S.A.,9,542,,,,,,15,,,,,,,,,,,,,,,
66,66,,Miami PIS,,,,,Airport - Aircraft - Cargo - PIS,,,Guatemala,,Unrooted Cutting,,LAUREL FLORA CO.,2,3779,,,,,,7,,,,,,,,,,,,,,,
66,66,,Linden PIS,,,,,Airport - Aircraft - Cargo - PIS,,,Dominican Republic,,Rooted Plant (including grafted),,VIVERO INTERNACIONAL S.A. DE C.V.,4,6142,,,,,,23,,,,,,,,,,,,,,,
66,66,,Atlanta PIS,,,,,Airport - Aircraft - Cargo - PIS,,,El Salvador,,Unrooted Cutting,,NOVA CANE CR S A,12,97069,,,,,,11,,,,,,,,,,,,,,,
66,66,,Linden PIS,,,,,Airport - Aircraft - Cargo - PIS,,,Tanzania,,Unrooted Cutting,,ORNAMENTALES RIO MOLINO SA,0,269,,,,,,27,,,,,,,,,,,,,,,
66,66,,Miami PIS,,,,,Airport - Aircraft - Cargo - PIS,,,Kenya,,Rooted Plant (including grafted),,VITA FARMS BOX 401-446,4,2948,,,,,,20,,,,,,,,,,,,,,,
66,66,,Miami PIS,,,,,Airport - Aircraft - Express Carrier - PIS,,,Costa Rica,,Rooted Plant (including grafted),,Not Selected,4,1775,,,,,,2,,,,,,,,,,,,,,,
67,67,,Miami PIS,,,,,Airport - Aircraft - Cargo - PIS,,,Costa Rica,,Rooted Plant (including grafted),,TUCAN EXPORTERS,24,342,,,,,,21,,,,,,,,,,,,,,,
67,67,,Miami PIS,,,,,Airport - Aircraft - Cargo - PIS,,,Taiwan,,Unrooted Cutting,,VIVERO ALISON TATIANA,0,5744,,,,,,25,,,,,,,,,,,,,,,
67,67,,Miami PIS,,,,,Airport - Aircraft - Cargo - PIS,,,Taiwan,,Meristem or Callus Tissue Culture (micropropagated/in vitro culture),,TURRIPLANTAS SA BOXES 01-7,3,101,,,,,,15,,,,,,,,,,,,,,,
67,67,,Miami PIS,,,,,Airport - Aircraft - Cargo - PIS,,,Costa Rica,,Unrooted Cutting,,AGROINDUSTRIALES CHORTI S.A.,1,72,,,,,,6,,,,,,,,,,,,,,,
67,67,,Miami PIS,,,,,Airport - Aircraft - Cargo - PIS,,,China,,Rooted Cutting (including air layer),,MYM PRODUCTORES S.A,1,7,,,,,,20,,,,,,,,,,,,,,,
67,67,,Miami PIS,,,,,Airport - Aircraft - Cargo - PIS,,,Indonesia,,Rooted Cutting (including air layer),,FLORALIA ORQUIDARIOS REUNIDOS LTDA,1,233821,,,,,,3,,,,,,,,,,,,,,,
67,67,,Miami PIS,,,,,Airport - Aircraft - Cargo - PIS,,,Viet Nam,,Unrooted Plant,,INNOVA PLANT DE COSTA RICA SA,101,398916,,,,,,4,,,,,,,,,,,,,,,
67,67,,Miami PIS,,,,,Airport - Aircraft - Cargo - PIS,,,Honduras,,Rooted Plant (including grafted),,FERTIPLANT BV.,2,12896,,,,,,2,,,,,,,,,,,,,,,
67,67,,Los Angeles PIS,,,,,Airport - Aircraft - Cargo - PIS,,,Guatemala,,Rooted Plant (including grafted),,VITA FARMS Box 401-437,5,98,,,,,,1,,,,,,,,,,,,,,,
67,67,,Miami PIS,,,,,Airport - Aircraft - Cargo - PIS,,,Mexico,,Unrooted Plant,,VIVERO INTERNACIONAL S.A. DE C.V.,1,451,,,,,,2,,,,,,,,,,,,,,,
67,67,,Miami PIS,,,,,Airport - Aircraft - Cargo - PIS,,,Guatemala,,Rooted Plant (including grafted),,Cactusinter Co. LTD,1,5914,,,,,,24,,,,,,,,,,,,,,,
67,67,,Atlanta PIS,,,,,Airport - Aircraft - Cargo - PIS,,,New Zealand,,Unrooted Cutting,,PLANTEXPO,1,6226,,,,,,16,,,,,,,,,,,,,,,
67,67,,Miami PIS,,,,,Airport - Aircraft - Cargo - PIS,,,Thailand,,Meristem or Callus Tissue Culture (micropropagated/in vitro culture),,EXPORTADORA IMPERIO VERDE S.A.,2,4971,,,,,,10,,,,,,,,,,,,,,,
67,67,,Miami PIS,,,,,Airport - Aircraft - Cargo - PIS,,,Indonesia,,Rooted Plant (including grafted),,INNOVA PLANT DE COSTA RICA SA,17,1941,,,,,,11,,,,,,,,,,,,,,,
67,67,,Miami PIS,,,,,Maritime Port - Vessel - Cargo - PIS,,,Colombia,,Unrooted Cutting,,"FIDES GUATEMALA, S.A.",0,218,,,,,,9,,,,,,,,,,,,,,,
67,67,,Los Angeles PIS,,,,,Airport - Aircraft - Cargo - PIS,,,Thailand,,Rooted Cutting (including air layer),,IVAGRO S A BOXES 42-48,2,12662,,,,,,22,,,,,,,,,,,,,,,
67,67,,Linden PIS,,,,,Airport - Aircraft - Cargo - PIS,,,India,,Unrooted Cutting,,KP Holland B.V ,1,6,,,,,,21,,,,,,,,,,,,,,,
67,67,,Miami PIS,,,,,Airport - Aircraft - Cargo - PIS,,,Thailand,,Unrooted Plant,,Ornamentales Sapo Verde 905,1,7208,,,,,,1,,,,,,,,,,,,,,,
67,67,,Atlanta PIS,,,,,Airport - Aircraft - Cargo - PIS,,,El Salvador,,Unrooted Cutting,,MR. NITITII PAHTITAMMAVAID,31,33960,,,,,,17,,,,,,,,,,,,,,,
67,67,,Atlanta PIS,,,,,Airport - Aircraft - Cargo - PIS,,,India,,Unrooted Cutting,,Arisa Vongchai,21,17264,,,,,,7,,,,,,,,,,,,,,,
68,68,,Miami PIS,,,,,Airport - Aircraft - Cargo - PIS,,,Guatemala,,Meristem or Callus Tissue Culture (micropropagated/in vitro culture),,Cactus Inter Co. ,43,14783,,,,,,28,,,,,,,,,,,,,,,
68,68,,Miami PIS,,,,,Airport - Aircraft - Cargo - PIS,,,El Salvador,,Meristem or Callus Tissue Culture (micropropagated/in vitro culture),,AGRO MARIA LINDA S. A.,28,84819,,,,,,5,,,,,,,,,,,,,,,
68,68,,Los Angeles PIS,,,,,Maritime Port - Vessel - Cargo - PIS,,,Colombia,,Unrooted Cutting,,PHACHARAPHORN TUILA,27,378579,,,,,,5,,,,,,,,,,,,,,,
68,68,,Atlanta PIS,,,,,Airport - Aircraft - Cargo - PIS,,,Poland,,Unrooted Cutting,,Terra Garden Corp,21,297898,,,,,,2,,,,,,,,,,,,,,,
68,68,,Miami PIS,,,,,Airport - Aircraft - Cargo - PIS,,,Belgium,,Meristem or Callus Tissue Culture (micropropagated/in vitro culture),,BEAUTY LINE GUATEMALA,35,21539,,,,,,23,,,,,,,,,,,,,,,
68,68,,Miami PIS,,,,,Maritime Port - Vessel - Cargo - PIS,,,Costa Rica,,Rooted Plant (including grafted),,VITA FARMS.S.A,340,59889,,,,,,6,,,,,,,,,,,,,,,
68,68,,Miami PIS,,,,,Airport - Aircraft - Cargo - PIS,,,Taiwan,,Unrooted Cutting,,TURRIPLANTAS S.A. ,47,309760,,,,,,1,,,,,,,,,,,,,,,
68,68,,Miami PIS,,,,,Maritime Port - Vessel - Cargo - PIS,,,Guatemala,,Unrooted Cutting,,IVAGRO SA,11,4074,,,,,,18,,,,,,,,,,,,,,,
68,68,,Miami PIS,,,,,Airport - Aircraft - Cargo - PIS,,,Uganda,,Unrooted Cutting,,FLORESEL TRIGAL,17,503,,,,,,6,,,,,,,,,,,,,,,
68,68,,Miami PIS,,,,,Airport - Aircraft - Cargo - PIS,,,Costa Rica,,Unrooted Cutting,,INNOVAPLANT DE COSTA RICA,19,19,,,,,,1,,,,,,,,,,,,,,,
68,68,,Miami PIS,,,,,Airport - Aircraft - Cargo - PIS,,,Taiwan,,Unrooted Cutting,,Micro Plantas S.A. Box 1-2,53,11,,,,,,12,,,,,,,,,,,,,,,
68,68,,Los Angeles PIS,,,,,Airport - Aircraft - Cargo - PIS,,,Zimbabwe,,Rooted Plant (including grafted),,Same as Shipper,0,186,,,,,,3,,,,,,,,,,,,,,,
69,69,,Miami PIS,,,,,Land Border - Truck - Cargo - PIS,,,Costa Rica,,Budwood/Graftwood (scion),,"ORNAMENTALES DEL RIO, S.A.",3,27,,,,,,15,,,,,,,,,,,,,,,
69,69,,Miami PIS,,,,,Airport - Aircraft - Cargo - PIS,,,Costa Rica,,Rooted Plant (including grafted),,RED FOX LAS MERCEDES,5,1961,,,,,,7,,,,,,,,,,,,,,,
69,69,,Los Angeles PIS,,,,,Airport - Aircraft - Cargo - PIS,,,Indonesia,,Budwood/Graftwood (scion),,BEAUTY LINE GUATEMALA,7,1754,,,,,,1,,,,,,,,,,,,,,,
69,69,,Linden PIS,,,,,Airport - Aircraft - Cargo - PIS,,,Indonesia,,Unrooted Cutting,,COSTA FARM LLC,20,606,,,,,,23,,,,,,,,,,,,,,,
69,69,,Miami PIS,,,,,Airport - Aircraft - Cargo - PIS,,,Thailand,,Unrooted Cutting,,LA FLORESTA ORNAMENTALES S.A.,108,262975,,,,,,18,,,,,,,,,,,,,,,
69,69,,Atlanta PIS,,,,,Airport - Aircraft - Cargo - PIS,,,Portugal,,"Bulb, Corm, Rhizome, Tuberous Stem",,IVAGRO S A BOXES 42-48,0,3,,,,,,28,,,,,,,,,,,,,,,
69,69,,Miami PIS,,,,,Airport - Aircraft - Cargo - PIS,,,Kenya,,Rooted Plant (including grafted),,MR. PIYABUT KAEOWIRUN,4,491,,,,,,9,,,,,,,,,,,,,,,
69,69,,Los Angeles PIS,,,,,Airport - Aircraft - Express Carrier - PIS,,,Guatemala,,Unrooted Plant,,VITRO PUS BV,2,7846,,,,,,3,,,,,,,,,,,,,,,
70,70,,JFK PIS,,,,,Airport - Aircraft - Cargo - PIS,,,Netherlands,,Rooted Plant (including grafted),,Peerakij Puttipiboon,74,232274,,,,,,16,,,,,,,,,,,,,,,
70,70,,Miami PIS,,,,,Airport - Aircraft - Cargo - PIS,,,South Africa,,Meristem or Callus Tissue Culture (micropropagated/in vitro culture),,LAS LIMAS S A,1,478,,,,,,22,,,,,,,,,,,,,,,
70,70,,Miami PIS,,,,,Airport - Aircraft - Cargo - PIS,,,China,,Rooted Plant (including grafted),,ANNIA FUENTES MARTINEZ 01-06,0,10466,,,,,,14,,,,,,,,,,,,,,,
70,70,,Los Angeles PIS,,,,,Airport - Aircraft - Cargo - PIS,,,Guatemala,,Budwood/Graftwood (scion),,LAS LIMAS S A,25,11287,,,,,,19,,,,,,,,,,,,,,,
70,70,,Atlanta PIS,,,,,Airport - Aircraft - Cargo - PIS,,,Guam,,Rooted Plant (including grafted),,ANNIA FUENTES MARTINEZ 101,57,9258,,,,,,1,,,,,,,,,,,,,,,
70,70,,Miami PIS,,,,,Airport - Aircraft - Cargo - PIS,,,China,,Unrooted Cutting,,AGRO INDUSTRIALES CHORTI S. A.,15,4272,,,,,,10,,,,,,,,,,,,,,,
70,70,,Miami PIS,,,,,Airport - Aircraft - Cargo - PIS,,,Guatemala,,Rooted Plant (including grafted),,ORNAMENTALES SAPO Verde 35 BOXES,2,5835,,,,,,15,,,,,,,,,,,,,,,
70,70,,Miami PIS,,,,,Airport - Aircraft - Cargo - PIS,,,Guatemala,,Unrooted Cutting,,"THAI EXOTIC GREENERY CO., LTD",53,10827,,,,,,12,,,,,,,,,,,,,,,
70,70,,Atlanta PIS,,,,,Airport - Aircraft - Cargo - PIS,,,Guatemala,,Rooted Plant (including grafted),,CORPORACION BONANZA S.A,5,24409,,,,,,25,,,,,,,,,,,,,,,
70,70,,Miami PIS,,,,,Airport - Aircraft - Cargo - PIS,,,Costa Rica,,Meristem or Callus Tissue Culture (micropropagated/in vitro culture),,POOSIN GARDENS CO,6,11240,,,,,,18,,,,,,,,,,,,,,,
70,70,,Miami PIS,,,,,Airport - Aircraft - Cargo - PIS,,,Thailand,,Meristem or Callus Tissue Culture (micropropagated/in vitro culture),,FLORICULTURA Y CIA LTDA,166,24971,,,,,,11,,,,,,,,,,,,,,,
70,70,,Miami PIS,,,,,Maritime Port - Vessel - Cargo - PIS,,,Guatemala,,Rooted Cutting (including air layer),,INNOVAPLANT DE COSTA RICA 1-4,20,8407,,,,,,7,,,,,,,,,,,,,,,
70,70,,Miami PIS,,,,,Airport - Aircraft - Cargo - PIS,,,Ecuador,,Unrooted Cutting,,Not Selected,2,2222,,,,,,27,,,,,,,,,,,,,,,
70,70,,Los Indios PIS,,,,,Airport - Aircraft - Cargo - PIS,,,New Zealand,,Rooted Cutting (including air layer),,Not Selected,0,51,,,,,,21,,,,,,,,,,,,,,,
70,70,,Miami PIS,,,,,Maritime Port - Vessel - Cargo - PIS,,,Colombia,,Unrooted Plant,,VIVERO INTERNACIONAL SA,0,174,,,,,,16,,,,,,,,,,,,,,,
70,70,,Miami PIS,,,,,Maritime Port - Vessel - Cargo - PIS,,,Thailand,,Unrooted Cutting,,GREEN TICONA,5,37114,,,,,,2,,,,,,,,,,,,,,,
70,70,,Miami PIS,,,,,Maritime Port - Vessel - Cargo - PIS,,,Honduras,,Meristem or Callus Tissue Culture (micropropagated/in vitro culture),,EXPORTADORA IMPERIO VERDE S.A.,1,0,,,,,,1,,,,,,,,,,,,,,,
70,70,,Miami PIS,,,,,Airport - Aircraft - Cargo - PIS,,,Guatemala,,Unrooted Cutting,,VITA FARMS S.A Box 01-15,0,109,,,,,,3,,,,,,,,,,,,,,,
70,70,,Miami PIS,,,,,Airport - Aircraft - Cargo - PIS,,,Guatemala,,Unrooted Cutting,,Kantapat Kaewpradith,67,329767,,,,,,23,,,,,,,,,,,,,,,
71,71,,Miami PIS,,,,,Airport - Aircraft - Cargo - PIS,,,Netherlands,,Rooted Plant (including grafted),,ZHANGZHOU BANROU IMPORT & EXPORT A1-A50,11,29,,,,,,3,,,,,,,,,,,,,,,
71,71,,Linden PIS,,,,,Airport - Aircraft - Cargo - PIS,,,Taiwan,,Unrooted Cutting,,QUELETZU S A BOX 1-32,8,1950,,,,,,10,,,,,,,,,,,,,,,
71,71,,Miami PIS,,,,,Airport - Aircraft - Cargo - PIS,,,New Zealand,,Meristem or Callus Tissue Culture (micropropagated/in vitro culture),,LATHYFLORA,30,11167,,,,,,9,,,,,,,,,,,,,,,
71,71,,Miami PIS,,,,,Airport - Aircraft - Cargo - PIS,,,Guatemala,,Unrooted Cutting,,BEAUTY LINE GUATEMALA,104,176658,,,,,,25,,,,,,,,,,,,,,,
71,71,,Atlanta PIS,,,,,Airport - Aircraft - Cargo - PIS,,,Mexico,,Unrooted Cutting,,RED FOX LAS MERCEDES,1,1915,,,,,,13,,,,,,,,,,,,,,,
71,71,,Atlanta PIS,,,,,Airport - Aircraft - Express Carrier - PIS,,,Nicaragua,,Rooted Plant (including grafted),,FUJIAN LINGBO IMP AND EXP CO LTD,0,1998,,,,,,4,,,,,,,,,,,,,,,
71,71,,Los Angeles PIS,,,,,Airport - Aircraft - Cargo - PIS,,,India,,Rooted Plant (including grafted),,TIGRA VERDE S.A.,7,8914,,,,,,21,,,,,,,,,,,,,,,
71,71,,Miami PIS,,,,,Airport - Aircraft - Cargo - PIS,,,Guatemala,,Rooted Plant (including grafted),,INVERSIONES LUA S.A 1-80,2,4458,,,,,,13,,,,,,,,,,,,,,,
71,71,,Atlanta PIS,,,,,Airport - Aircraft - Cargo - PIS,,,Nicaragua,,Unrooted Cutting,,LAS LIMAS S A,26,43670,,,,,,13,,,,,,,,,,,,,,,
71,71,,Linden PIS,,,,,Airport - Aircraft - Cargo - PIS,,,Taiwan,,Rooted Cutting (including air layer),,INNOVAPLANT DE COSTA RICA,5,48,,,,,,8,,,,,,,,,,,,,,,
71,71,,Miami PIS,,,,,Airport - Aircraft - Cargo - PIS,,,Guatemala,,Rooted Plant (including grafted),,Not Selected,0,32,,,,,,13,,,,,,,,,,,,,,,
71,71,,Los Angeles PIS,,,,,Airport - Aircraft - Cargo - PIS,,,Thailand,,Unrooted Cutting,,TIGRA VERDE S.A.,0,8688,,,,,,5,,,,,,,,,,,,,,,
71,71,,Atlanta PIS,,,,,Airport - Aircraft - Cargo - PIS,,,Guatemala,,Unrooted Plant,,PREMIUM ORNAMENTALES,1,1871,,,,,,9,,,,,,,,,,,,,,,
71,71,,Atlanta PIS,,,,,Airport - Aircraft - Cargo - PIS,,,Netherlands,,Rooted Cutting (including air layer),,Not Selected,33,5395,,,,,,16,,,,,,,,,,,,,,,
71,71,,Los Angeles PIS,,,,,Airport - Aircraft - Cargo - PIS,,,China,,Meristem or Callus Tissue Culture (micropropagated/in vitro culture),,ARCO IRIS DEL CARIBE box 4,1,33,,,,,,28,,,,,,,,,,,,,,,
72,72,,Miami PIS,,,,,Airport - Aircraft - Cargo - PIS,,,Guatemala,,Unrooted Cutting,,Not Selected,2,2126,,,,,,14,,,,,,,,,,,,,,,
72,72,,Miami PIS,,,,,Airport - Aircraft - Cargo - PIS,,,China,,Unrooted Cutting,,AGRIBIOTECNOLOGIA DE COSTA,4,46808,,,,,,14,,,,,,,,,,,,,,,
72,72,,Atlanta PIS,,,,,Airport - Aircraft - Cargo - PIS,,,Guatemala,,Unrooted Cutting,,Kantapat Kaewpradith,439,4459,,,,,,22,,,,,,,,,,,,,,,
72,72,,Atlanta PIS,,,,,Airport - Aircraft - Cargo - PIS,,,China,,Unrooted Cutting,,INVERSIONES LUA S.A 1-80,1,590,,,,,,22,,,,,,,,,,,,,,,
72,72,,Miami PIS,,,,,Airport - Aircraft - Cargo - PIS,,,Costa Rica,,Rooted Plant (including grafted),,Ornamentales Sapo Verde BOX 990,1,11,,,,,,20,,,,,,,,,,,,,,,
72,72,,Miami PIS,,,,,Airport - Aircraft - Cargo - PIS,,,Costa Rica,,Unrooted Plant,,PEACOCK AGRICULTUE,4,3904,,,,,,24,,,,,,,,,,,,,,,
72,72,,Guam PIS,,,,,Airport - Aircraft - Cargo - PIS,,,Costa Rica,,Rooted Plant (including grafted),,S.ORCHID,59,87754,,,,,,5,,,,,,,,,,,,,,,
72,72,,Nogales PIS,,,,,Airport - Aircraft - Cargo - PIS,,,Thailand,,Meristem or Callus Tissue Culture (micropropagated/in vitro culture),,Not Selected,6,763,,,,,,14,,,,,,,,,,,,,,,
72,72,,Miami PIS,,,,,Airport - Aircraft - Cargo - PIS,,,Costa Rica,,Unrooted Cutting,,ORNAMENTALES DE ALTURA S.A.,0,2852,,,,,,20,,,,,,,,,,,,,,,
72,72,,JFK PIS,,,,,Airport - Aircraft - Cargo - PIS,,,El Salvador,,Rooted Plant (including grafted),,Vita Farms 001,1,106,,,,,,24,,,,,,,,,,,,,,,
72,72,,Miami PIS,,,,,Airport - Aircraft - Cargo - PIS,,,India,,Unrooted Cutting,,INNOVA PLANT DE COSTA RICA SA,11,3602,,,,,,13,,,,,,,,,,,,,,,
72,72,,Miami PIS,,,,,Airport - Aircraft - Cargo - PIS,,,Uganda,,Rooted Plant (including grafted),,Ornamentales Sapo Verde 6201,5,1990,,,,,,17,,,,,,,,,,,,,,,
72,72,,Miami PIS,,,,,Airport - Aircraft - Cargo - PIS,,,Thailand,,Rooted Plant (including grafted),,VIVERO LAS GARDENIAS,11,23278,,,,,,25,,,,,,,,,,,,,,,
72,72,,Miami PIS,,,,,Airport - Aircraft - Cargo - PIS,,,Spain,,Unrooted Cutting,,INNOVA PLANT DE COSTA RICA SA,5,14971,,,,,,19,,,,,,,,,,,,,,,
72,72,,Miami PIS,,,,,Airport - Aircraft - Cargo - PIS,,,Costa Rica,,Unrooted Cutting,,PLANTAS ILIMITADAS S A 32,12,11,,,,,,10,,,,,,,,,,,,,,,
72,72,,Los Angeles PIS,,,,,Airport - Aircraft - Cargo - PIS,,,China,,Meristem or Callus Tissue Culture (micropropagated/in vitro culture),,Invagro,1,199,,,,,,11,,,,,,,,,,,,,,,
72,72,,Miami PIS,,,,,Airport - Aircraft - Cargo - PIS,,,Kenya,,Unrooted Cutting,,Same as Shipper,455,363501,,,,,,22,,,,,,,,,,,,,,,
72,72,,San Francisco PIS,,,,,Airport - Aircraft - Cargo - PIS,,,United Kingdom of Great Britain and N. Ireland,,Meristem or Callus Tissue Culture (micropropagated/in vitro culture),,FLOWER AGRONEGOCIOS EIRELI,43,73294,,,,,,15,,,,,,,,,,,,,,,
72,72,,Atlanta PIS,,,,,Airport - Aircraft - Cargo - PIS,,,India,,Unrooted Cutting,,Ornamentales Sapo Verde 3001,0,5891,,,,,,12,,,,,,,,,,,,,,,
72,72,,Miami PIS,,,,,Airport - Aircraft - Cargo - PIS,,,Costa Rica,,Unrooted Cutting,,IVAGRO S.A.,22,19739,,,,,,22,,,,,,,,,,,,,,,
72,72,,Miami PIS,,,,,Airport - Aircraft - Cargo - PIS,,,Guatemala,,Unrooted Cutting,,"PALKI,S.A.",1,2749,,,,,,12,,,,,,,,,,,,,,,
73,73,,Miami PIS,,,,,Airport - Aircraft - Cargo - PIS,,,Guatemala,,Rooted Plant (including grafted),,ARMENIA FARMS,4,10408,,,,,,22,,,,,,,,,,,,,,,
73,73,,Miami PIS,,,,,Airport - Aircraft - Cargo - PIS,,,Thailand,,Unrooted Plant,,ANTHURA BV,5,5419,,,,,,10,,,,,,,,,,,,,,,
73,73,,Miami PIS,,,,,Airport - Aircraft - Cargo - PIS,,,Costa Rica,,Rooted Cutting (including air layer),,Ornamentales Sapo Verde 922,2,17,,,,,,19,,,,,,,,,,,,,,,
73,73,,Miami PIS,,,,,Maritime Port - Vessel - Cargo - PIS,,,Netherlands,,Rooted Plant (including grafted),,AGRO MARIA LINDA S. A.,0,19,,,,,,24,,,,,,,,,,,,,,,
73,73,,Atlanta PIS,,,,,Airport - Aircraft - Cargo - PIS,,,India,,Rooted Cutting (including air layer),,INNOVAPLANT DE COSTA RICA,3,890,,,,,,24,,,,,,,,,,,,,,,
73,73,,Miami PIS,,,,,Airport - Aircraft - Cargo - PIS,,,Mexico,,Rooted Plant (including grafted),,VIVAI DEL PONTE,42,604836,,,,,,3,,,,,,,,,,,,,,,
73,73,,Atlanta PIS,,,,,Land Border - Truck - Cargo - PIS,,,Peru,,Unrooted Cutting,,Not Selected,37,37474,,,,,,3,,,,,,,,,,,,,,,
73,73,,Miami PIS,,,,,Airport - Aircraft - Cargo - PIS,,,Guatemala,,Unrooted Cutting,,MR. WROTE MAKMOON,6,966,,,,,,26,,,,,,,,,,,,,,,
73,73,,Miami PIS,,,,,Airport - Aircraft - Cargo - PIS,,,Guatemala,,Rooted Cutting (including air layer),,ORNAMENTALES DE CONCEPCION S.A.,4,2631,,,,,,16,,,,,,,,,,,,,,,
73,73,,Miami PIS,,,,,Maritime Port - Vessel - Cargo - PIS,,,Guatemala,,Rooted Plant (including grafted),,SARAVUT CHATCHARAWAN,5,19163,,,,,,7,,,,,,,,,,,,,,,
73,73,,Linden PIS,,,,,Airport - Aircraft - Cargo - PIS,,,Costa Rica,,Unrooted Cutting,,KAPOK PLANTAS,6,2085,,,,,,17,,,,,,,,,,,,,,,
73,73,,Atlanta PIS,,,,,Airport - Aircraft - Cargo - PIS,,,Costa Rica,,Unrooted Cutting,,Costa Farms LLC,50,4476,,,,,,8,,,,,,,,,,,,,,,
73,73,,Atlanta PIS,,,,,Airport - Aircraft - Cargo - PIS,,,Dominican Republic,,Unrooted Cutting,,INNOVA PLANT DE COSTA RICA SA,10,17733,,,,,,26,,,,,,,,,,,,,,,
73,73,,San Francisco PIS,,,,,Airport - Aircraft - Cargo - PIS,,,Netherlands,,Unrooted Cutting,,BEAUTY LINE GUATEMALA,169,3075,,,,,,11,,,,,,,,,,,,,,,
74,74,,JFK PIS,,,,,Airport - Aircraft - Cargo - PIS,,,Costa Rica,,Rooted Plant (including grafted),,Vita Farms 7001-7055,156,71979,,,,,,14,,,,,,,,,,,,,,,
74,74,,Los Angeles PIS,,,,,Airport - Aircraft - Cargo - PIS,,,Uganda,,Rooted Plant (including grafted),,LA FLOR EXOTICA DEL CARIBE BULLIS SA,17,8,,,,,,3,,,,,,,,,,,,,,,
74,74,,Miami PIS,,,,,Airport - Aircraft - Cargo - PIS,,,Thailand,,Rooted Plant (including grafted),,Vita Farms 8501,3,43,,,,,,4,,,,,,,,,,,,,,,
74,74,,Miami PIS,,,,,Airport - Aircraft - Cargo - PIS,,,Germany,,Unrooted Cutting,,ARBORETA NURSERIES CC,8,15739,,,,,,17,,,,,,,,,,,,,,,
74,74,,Miami PIS,,,,,Airport - Aircraft - Cargo - PIS,,,China,,Meristem or Callus Tissue Culture (micropropagated/in vitro culture),,Agropecuaria Marso,1,8850,,,,,,19,,,,,,,,,,,,,,,
74,74,,Los Angeles PIS,,,,,Airport - Aircraft - Cargo - PIS,,,Taiwan,,"Bulb, Corm, Rhizome, Tuberous Stem",,Not Selected,1,147,,,,,,25,,,,,,,,,,,,,,,
74,74,,Orlando PIS,,,,,Maritime Port - Vessel - Cargo - PIS,,,Costa Rica,,Rooted Plant (including grafted),,Plantas de Sarapiqui S.A.,0,3513,,,,,,8,,,,,,,,,,,,,,,
74,74,,Miami PIS,,,,,Airport - Aircraft - Cargo - PIS,,,Costa Rica,,Unrooted Cutting,,"LAS LIMAS, S.A",265,52,,,,,,6,,,,,,,,,,,,,,,
74,74,,Los Angeles PIS,,,,,Airport - Aircraft - Cargo - PIS,,,Costa Rica,,Unrooted Cutting,,INNOVA PLANT DE COSTA RICA SA,0,20,,,,,,15,,,,,,,,,,,,,,,
74,74,,Miami PIS,,,,,Airport - Aircraft - Cargo - PIS,,,Netherlands,,Meristem or Callus Tissue Culture (micropropagated/in vitro culture),,TEN SHIN GARDENS CO.LTD,0,1,,,,,,23,,,,,,,,,,,,,,,
74,74,,Linden PIS,,,,,Airport - Aircraft - Cargo - PIS,,,Mexico,,Unrooted Cutting,,ELLISON HORTICULTURAL,6,2270,,,,,,15,,,,,,,,,,,,,,,
74,74,,Seattle PIS,,,,,Airport - Aircraft - Cargo - PIS,,,Guatemala,,Rooted Plant (including grafted),,VITA FARMS 601,6,483,,,,,,25,,,,,,,,,,,,,,,
74,74,,Los Angeles PIS,,,,,Airport - Aircraft - Cargo - PIS,,,Kenya,,Unrooted Cutting,,EXPORTADORA IMPERIO VERDE S.A.,5,8749,,,,,,18,,,,,,,,,,,,,,,
74,74,,Miami PIS,,,,,Airport - Aircraft - Cargo - PIS,,,Zimbabwe,,Unrooted Cutting,,Same as Shipper,44,31425,,,,,,25,,,,,,,,,,,,,,,
74,74,,Miami PIS,,,,,Airport - Aircraft - Cargo - PIS,,,Honduras,,Unrooted Cutting,,AGRO INDUSTRIALES CHORTI S. A.,2,861,,,,,,24,,,,,,,,,,,,,,,
75,75,,Linden PIS,,,,,Airport - Aircraft - Cargo - PIS,,,New Zealand,,Rooted Plant (including grafted),,KANJARIN  HIRANWORAWUTHIKUL,2,4548,,,,,,19,,,,,,,,,,,,,,,
75,75,,Miami PIS,,,,,Airport - Aircraft - Cargo - PIS,,,Nicaragua,,Unrooted Cutting,,ANTHURA B.V.,4,4869,,,,,,18,,,,,,,,,,,,,,,
75,75,,Miami PIS,,,,,Airport - Aircraft - Cargo - PIS,,,Mexico,,Unrooted Cutting,,ORNALO SA,40,63959,,,,,,5,,,,,,,,,,,,,,,
75,75,,Houston PIS,,,,,Airport - Aircraft - Cargo - PIS,,,Thailand,,Rooted Plant (including grafted),,INNOVAPLANT DE COSTA RICA,0,5334,,,,,,14,,,,,,,,,,,,,,,
75,75,,Miami PIS,,,,,Airport - Aircraft - Cargo - PIS,,,Indonesia,,Rooted Plant (including grafted),,AMORNTHEP DAENGNOI,3,885,,,,,,17,,,,,,,,,,,,,,,
75,75,,Miami PIS,,,,,Airport - Aircraft - Cargo - PIS,,,Kenya,,Meristem or Callus Tissue Culture (micropropagated/in vitro culture),,BEAUTY LINE GUATEMALA,21,45260,,,,,,24,,,,,,,,,,,,,,,
75,75,,JFK PIS,,,,,Maritime Port - Vessel - Cargo - PIS,,,Netherlands,,Unrooted Cutting,,"PACHARA ORCHIDS INTERTRADE CO.,",1,213,,,,,,17,,,,,,,,,,,,,,,
75,75,,Atlanta PIS,,,,,Maritime Port - Vessel - Cargo - PIS,,,Costa Rica,,Rooted Plant (including grafted),,KAPOK PLANTAS SOCIEDAD ANONIMA,6,2533,,,,,,19,,,,,,,,,,,,,,,
75,75,,Los Angeles PIS,,,,,Airport - Aircraft - Cargo - PIS,,,China,,Meristem or Callus Tissue Culture (micropropagated/in vitro culture),,PLANT INVESTMENTS SOCIEDAD ANONI,1,7583,,,,,,21,,,,,,,,,,,,,,,
75,75,,Miami PIS,,,,,Maritime Port - Vessel - Cargo - PIS,,,"Korea, South",,Rooted Plant (including grafted),,Mr. Wirote Makmoon,14,491,,,,,,26,,,,,,,,,,,,,,,
75,75,,Miami PIS,,,,,Airport - Aircraft - Cargo - PIS,,,Netherlands,,Unrooted Cutting,,Ornamentales Sapo Verde Box 1100-1133,7,11984,,,,,,23,,,,,,,,,,,,,,,
75,75,,Miami PIS,,,,,Airport - Aircraft - Cargo - PIS,,,India,,Meristem or Callus Tissue Culture (micropropagated/in vitro culture),,FIDES GUATEMALA S A,26,53519,,,,,,15,,,,,,,,,,,,,,,
75,75,,JFK PIS,,,,,Airport - Aircraft - Cargo - PIS,,,Germany,,"Bulb, Corm, Rhizome, Tuberous Stem",,PLANTAS ORNAMENTALES DE COSTA RICA,10,3346,,,,,,16,,,,,,,,,,,,,,,
75,75,,Miami PIS,,,,,Airport - Aircraft - Cargo - PIS,,,Taiwan,,Rooted Cutting (including air layer),,VIVERO INTENACIONAL SA DE CV,4,329,,,,,,15,,,,,,,,,,,,,,,
75,75,,Los Angeles PIS,,,,,Airport - Aircraft - Cargo - PIS,,,United Kingdom of Great Britain and N. Ireland,,Rooted Plant (including grafted),,VITA FARMS S.A. BOXES 6001-6071,11,6157,,,,,,3,,,,,,,,,,,,,,,
75,75,,Miami PIS,,,,,Airport - Aircraft - Cargo - PIS,,,Viet Nam,,Meristem or Callus Tissue Culture (micropropagated/in vitro culture),,ORNAMENTALES SAPO VERDE 901,44,5459,,,,,,6,,,,,,,,,,,,,,,
76,76,,Miami PIS,,,,,Airport - Aircraft - Cargo - PIS,,,Costa Rica,,Unrooted Cutting,,Not Selected,1,1132,,,,,,7,,,,,,,,,,,,,,,
76,76,,Los Angeles PIS,,,,,Maritime Port - Vessel - Cargo - PIS,,,Malaysia,,Unrooted Plant,,AGRO MARIA LINDA S. A.,4,5183,,,,,,27,,,,,,,,,,,,,,,
76,76,,Miami PIS,,,,,Airport - Aircraft - Cargo - PIS,,,Mexico,,Rooted Plant (including grafted),,CV. PURNAMA MULTI ABADI,21,8941,,,,,,9,,,,,,,,,,,,,,,
76,76,,Miami PIS,,,,,Airport - Aircraft - Cargo - PIS,,,Costa Rica,,Unrooted Cutting,,ORNAMENTALES LA CIMA S.A.,21,7778,,,,,,4,,,,,,,,,,,,,,,
76,76,,Seattle PIS,,,,,Airport - Aircraft - Cargo - PIS,,,Thailand,,Unrooted Cutting,,Innovaplant de Costa Rica TC,5,18562,,,,,,14,,,,,,,,,,,,,,,
76,76,,Miami PIS,,,,,Airport - Aircraft - Cargo - PIS,,,Thailand,,Unrooted Cutting,,Not Selected,0,306,,,,,,15,,,,,,,,,,,,,,,
76,76,,Miami PIS,,,,,Maritime Port - Vessel - Cargo - PIS,,,China,,Rooted Plant (including grafted),,"INDUSTRIAS AGRICOLAS CENTRO AMERICA, S.A., BOX  1-42",2,9827,,,,,,3,,,,,,,,,,,,,,,
76,76,,Miami PIS,,,,,Airport - Aircraft - Cargo - PIS,,,Nicaragua,,Rooted Plant (including grafted),,ASTERIX SA,1,92839,,,,,,21,,,,,,,,,,,,,,,
76,76,,Los Angeles PIS,,,,,Airport - Aircraft - Cargo - PIS,,,Taiwan,,Unrooted Cutting,,"Growth Revolution Co., Ltd.",70,29649,,,,,,12,,,,,,,,,,,,,,,
76,76,,Miami PIS,,,,,Maritime Port - Vessel - Cargo - PIS,,,Dominican Republic,,Unrooted Cutting,,SAPO VERDE C001,36,18869,,,,,,23,,,,,,,,,,,,,,,
76,76,,Miami PIS,,,,,Airport - Aircraft - Cargo - PIS,,,Guatemala,,Unrooted Cutting,,"Cactus Inter Co., LTD",0,282324,,,,,,26,,,,,,,,,,,,,,,
77,77,,Miami PIS,,,,,Airport - Aircraft - Cargo - PIS,,,Mexico,,Unrooted Cutting,,VIVERO INTERANACIONAL SA DE CV,3,23584,,,,,,16,,,,,,,,,,,,,,,
77,77,,Miami PIS,,,,,Airport - Aircraft - Cargo - PIS,,,Guatemala,,Unrooted Cutting,,GREEN PLANT CUTTINGS,81,467957,,,,,,6,,,,,,,,,,,,,,,
77,77,,Miami PIS,,,,,Airport - Aircraft - Cargo - PIS,,,Israel,,Unrooted Cutting,,AGROEXPORTADORA LA LAGUNA CHICHO,0,6297,,,,,,22,,,,,,,,,,,,,,,
77,77,,Linden PIS,,,,,Airport - Aircraft - Cargo - PIS,,,Netherlands,,Meristem or Callus Tissue Culture (micropropagated/in vitro culture),,"Cactus Inter Co., LTD",10,3713,,,,,,20,,,,,,,,,,,,,,,
78,78,,Miami PIS,,,,,Airport - Aircraft - Cargo - PIS,,,Brazil,,Unrooted Cutting,,INNOVAPLANT DE COSTA RICA,9,1875,,,,,,5,,,,,,,,,,,,,,,
78,78,,Los Angeles PIS,,,,,Airport - Aircraft - Cargo - PIS,,,China,,Rooted Plant (including grafted),,La Laguna Chichoj,31,54526,,,,,,19,,,,,,,,,,,,,,,
78,78,,Los Angeles PIS,,,,,Airport - Aircraft - Cargo - PIS,,,Guatemala,,Unrooted Plant,,INNOVA PLANT DE COSTA RICA SA,8,1404,,,,,,25,,,,,,,,,,,,,,,
78,78,,Miami PIS,,,,,Airport - Aircraft - Cargo - PIS,,,Costa Rica,,Unrooted Cutting,,PREMIUM ORNAMENTALES DRACAENA,3,2238,,,,,,2,,,,,,,,,,,,,,,
78,78,,Los Angeles PIS,,,,,Airport - Aircraft - Cargo - PIS,,,China,,Unrooted Cutting,,Vita Farms 701,23,13073,,,,,,5,,,,,,,,,,,,,,,
78,78,,JFK PIS,,,,,Airport - Aircraft - Cargo - PIS,,,Thailand,,Rooted Plant (including grafted),,"Cactus Inter Co., LTD",2,7138,,,,,,3,,,,,,,,,,,,,,,
78,78,,Los Angeles PIS,,,,,Airport - Aircraft - Cargo - PIS,,,Guatemala,,Unrooted Cutting,,LAS LIMAS S A,17,9795,,,,,,19,,,,,,,,,,,,,,,
78,78,,Los Angeles PIS,,,,,Airport - Aircraft - Cargo - PIS,,,El Salvador,,Rooted Plant (including grafted),,MORAZAN,18,24383,,,,,,8,,,,,,,,,,,,,,,
78,78,,Miami PIS,,,,,Airport - Aircraft - Cargo - PIS,,,Thailand,,Unrooted Cutting,,TUCAN EXPORTERS,64,22382,,,,,,4,,,,,,,,,,,,,,,
78,78,,Miami PIS,,,,,Airport - Aircraft - Cargo - PIS,,,Kenya,,Unrooted Cutting,,"Cactus Inter Co., LTD",86,95063,,,,,,27,,,,,,,,,,,,,,,
78,78,,Miami PIS,,,,,Airport - Aircraft - Cargo - PIS,,,"Korea, South",,Unrooted Cutting,,Saad Assaf Flower Bulbs Nurseries,10,39100,,,,,,28,,,,,,,,,,,,,,,
78,78,,Miami PIS,,,,,Airport - Aircraft - Cargo - PIS,,,Costa Rica,,Rooted Plant (including grafted),,ALL GREENS COSTA RICA SA,3,8504,,,,,,10,,,,,,,,,,,,,,,
78,78,,Los Angeles PIS,,,,,Airport - Aircraft - Cargo - PIS,,,Kenya,,Unrooted Cutting,,SUNSHINE HORTICULTURE CO,8,393217,,,,,,19,,,,,,,,,,,,,,,
78,78,,Beltsville PIS,,,,,Airport - Aircraft - Express Carrier - PIS,,,Costa Rica,,Unrooted Cutting,,ZACATE ORNAMENTAL Y DECORATIVO S.A.,7,5514,,,,,,24,,,,,,,,,,,,,,,
78,78,,Atlanta PIS,,,,,Airport - Aircraft - Cargo - PIS,,,Nicaragua,,Unrooted Cutting,,STK ORCHID NURSERY,62,48619,,,,,,3,,,,,,,,,,,,,,,
78,78,,Linden PIS,,,,,Airport - Aircraft - Cargo - PIS,,,Costa Rica,,Meristem or Callus Tissue Culture (micropropagated/in vitro culture),,Cerca del Paraiso ,1,14,,,,,,15,,,,,,,,,,,,,,,
78,78,,Miami PIS,,,,,Airport - Aircraft - Cargo - PIS,,,Costa Rica,,Unrooted Cutting,,PLANTAS Y FLORES  ORNAMENTALES,448,6947,,,,,,13,,,,,,,,,,,,,,,
78,78,,Miami PIS,,,,,Airport - Aircraft - Cargo - PIS,,,Sri Lanka,,Meristem or Callus Tissue Culture (micropropagated/in vitro culture),,COOPEINDIA R.L. BOX 37-57 ,3,1445,,,,,,5,,,,,,,,,,,,,,,
78,78,,Miami PIS,,,,,Maritime Port - Vessel - Cargo - PIS,,,Thailand,,Rooted Cutting (including air layer),,Soloverde Limitada,6,472,,,,,,14,,,,,,,,,,,,,,,
79,79,,Orlando PIS,,,,,Airport - Aircraft - Cargo - PIS,,,Brazil,,Unrooted Cutting,,Not Selected,121,21,,,,,,22,,,,,,,,,,,,,,,
79,79,,Los Angeles PIS,,,,,Maritime Port - Vessel - Cargo - PIS,,,Thailand,,Unrooted Cutting,,Not Selected,1,2,,,,,,13,,,,,,,,,,,,,,,
79,79,,Atlanta PIS,,,,,Maritime Port - Vessel - Cargo - PIS,,,Netherlands,,"Root cutting, crown, or clump, Tuberous Root",,BOTANIKA S.A.,4,747,,,,,,22,,,,,,,,,,,,,,,
79,79,,Miami PIS,,,,,Airport - Aircraft - Cargo - PIS,,,Zimbabwe,,Unrooted Cutting,,Mr. Wirote Makmoon,22,42104,,,,,,20,,,,,,,,,,,,,,,
79,79,,Beltsville PIS,,,,,Airport - Aircraft - Cargo - PIS,,,Dominican Republic,,Unrooted Cutting,,SAPO VERDE box 8001,2,32002,,,,,,20,,,,,,,,,,,,,,,
79,79,,Miami PIS,,,,,Airport - Aircraft - Cargo - PIS,,,Netherlands,,Rooted Cutting (including air layer),,"TROPI PLANTS,S.A.",42,39545,,,,,,28,,,,,,,,,,,,,,,
79,79,,Miami PIS,,,,,Airport - Aircraft - Cargo - PIS,,,Costa Rica,,Rooted Cutting (including air layer),,Same as Shipper,0,781,,,,,,23,,,,,,,,,,,,,,,
79,79,,Los Angeles PIS,,,,,Airport - Aircraft - Express Carrier - PIS,,,South Africa,,"Bulb, Corm, Rhizome, Tuberous Stem",,FIDES GUATEMALA SA,28,337,,,,,,24,,,,,,,,,,,,,,,
79,79,,Miami PIS,,,,,Maritime Port - Vessel - Cargo - PIS,,,Japan,,Unrooted Cutting,,Kantapat Kaewpradith,61,90458,,,,,,3,,,,,,,,,,,,,,,
79,79,,Miami PIS,,,,,Airport - Aircraft - Cargo - PIS,,,El Salvador,,Unrooted Cutting,,ALL GREEN COSTA RICA,117,290187,,,,,,24,,,,,,,,,,,,,,,
80,80,,Beltsville PIS,,,,,Maritime Port - Vessel - Cargo - PIS,,,China,,Rooted Plant (including grafted),,BERKAH MELANO INDONESIA,18,10514,,,,,,26,,,,,,,,,,,,,,,
80,80,,Miami PIS,,,,,Airport - Aircraft - Cargo - PIS,,,Dominican Republic,,Rooted Plant (including grafted),,EXPORTADORA IMPERIO VERDE,4,16046,,,,,,1,,,,,,,,,,,,,,,
80,80,,Miami PIS,,,,,Airport - Aircraft - Cargo - PIS,,,Mexico,,Rooted Cutting (including air layer),,Not Selected,11,15968,,,,,,28,,,,,,,,,,,,,,,
80,80,,Miami PIS,,,,,Airport - Aircraft - Cargo - PIS,,,Costa Rica,,Meristem or Callus Tissue Culture (micropropagated/in vitro culture),,MUNDIFLORA FARM,12,5679,,,,,,16,,,,,,,,,,,,,,,
80,80,,Miami PIS,,,,,Airport - Aircraft - Cargo - PIS,,,Malaysia,,Unrooted Cutting,,Same as Shipper,6,4580,,,,,,8,,,,,,,,,,,,,,,
80,80,,Miami PIS,,,,,Airport - Aircraft - Cargo - PIS,,,Philippines,,Meristem or Callus Tissue Culture (micropropagated/in vitro culture),,Not Selected,3,10154,,,,,,2,,,,,,,,,,,,,,,
80,80,,Los Angeles PIS,,,,,Airport - Aircraft - Cargo - PIS,,,Costa Rica,,Rooted Plant (including grafted),,COOPEINDIA R.L. Box 7-10,0,15,,,,,,11,,,,,,,,,,,,,,,
80,80,,Miami PIS,,,,,Airport - Aircraft - Cargo - PIS,,,China,,Unrooted Cutting,,IVAGRO SA,22,27010,,,,,,7,,,,,,,,,,,,,,,
80,80,,Linden PIS,,,,,Airport - Aircraft - Cargo - PIS,,,Thailand,,Rooted Cutting (including air layer),,KAPOK PLANTAS,176,12629,,,,,,24,,,,,,,,,,,,,,,
80,80,,Miami PIS,,,,,Airport - Aircraft - Cargo - PIS,,,China,,"Bulb, Corm, Rhizome, Tuberous Stem",,"Wilberth Gonzalez Villegas, S.A.",1,87,,,,,,25,,,,,,,,,,,,,,,
80,80,,Miami PIS,,,,,Airport - Aircraft - Cargo - PIS,,,Costa Rica,,Unrooted Cutting,,IVAGRO SA 2450 (1-91),1,25,,,,,,18,,,,,,,,,,,,,,,
80,80,,Miami PIS,,,,,Airport - Aircraft - Cargo - PIS,,,Mexico,,Unrooted Plant,,DONGGUAN,1,11,,,,,,6,,,,,,,,,,,,,,,
80,80,,Houston PIS,,,,,Airport - Aircraft - Cargo - PIS,,,China,,Rooted Plant (including grafted),,THREETHAWAT PHRAESIWAROJ,1,2928,,,,,,12,,,,,,,,,,,,,,,
80,80,,Linden PIS,,,,,Airport - Aircraft - Cargo - PIS,,,Mexico,,Unrooted Plant,,Cerca del Paraiso ,11,14513,,,,,,14,,,,,,,,,,,,,,,
80,80,,Miami PIS,,,,,Airport - Aircraft - Cargo - PIS,,,Taiwan,,Unrooted Cutting,,INNOVAPLANT DE COSTA RICA,6,31600,,,,,,4,,,,,,,,,,,,,,,
80,80,,Miami PIS,,,,,Maritime Port - Vessel - Cargo - PIS,,,Dominican Republic,,Unrooted Plant,,Mr. Wirote Makmoon,18,181240,,,,,,17,,,,,,,,,,,,,,,
80,80,,Miami PIS,,,,,Airport - Aircraft - Cargo - PIS,,,China,,Unrooted Plant,,KARN PATCHAM,2,12671,,,,,,5,,,,,,,,,,,,,,,
80,80,,JFK PIS,,,,,Airport - Aircraft - Cargo - PIS,,,Costa Rica,,Meristem or Callus Tissue Culture (micropropagated/in vitro culture),,PLANT INVESTMENTS SOCIEDAD ANONI,2,4642,,,,,,11,,,,,,,,,,,,,,,
80,80,,Linden PIS,,,,,Airport - Aircraft - Cargo - PIS,,,Thailand,,Meristem or Callus Tissue Culture (micropropagated/in vitro culture),,Not Selected,1,33751,,,,,,7,,,,,,,,,,,,,,,
81,81,,Atlanta PIS,,,,,Airport - Aircraft - Cargo - PIS,,,Mexico,,Unrooted Cutting,,AGRO MARIA LINDA S. A.,18,74706,,,,,,7,,,,,,,,,,,,,,,
81,81,,Miami PIS,,,,,Airport - Aircraft - Cargo - PIS,,,China,,Unrooted Cutting,,ORNAMENTALES LA CIMA S.A.,50,1840,,,,,,3,,,,,,,,,,,,,,,
81,81,,Atlanta PIS,,,,,Airport - Aircraft - Cargo - PIS,,,Netherlands,,Unrooted Cutting,,ORNAMENTALES SAPO VERDE Box 401-402,10,19777,,,,,,16,,,,,,,,,,,,,,,
81,81,,Miami PIS,,,,,Airport - Aircraft - Cargo - PIS,,,Guatemala,,Unrooted Plant,,Same as Shipper,4,6583,,,,,,18,,,,,,,,,,,,,,,
81,81,,Miami PIS,,,,,Airport - Aircraft - Cargo - PIS,,,Costa Rica,,Meristem or Callus Tissue Culture (micropropagated/in vitro culture),,BLOOM SPOT,0,413,,,,,,26,,,,,,,,,,,,,,,
81,81,,Miami PIS,,,,,Airport - Aircraft - Cargo - PIS,,,Costa Rica,,Rooted Plant (including grafted),,INDUSTRIAS AGRICOLAS CENTRO AMER,1,684,,,,,,24,,,,,,,,,,,,,,,
81,81,,Los Angeles PIS,,,,,Airport - Aircraft - Cargo - PIS,,,Dominican Republic,,Meristem or Callus Tissue Culture (micropropagated/in vitro culture),,"ZHANGZHOU SPRING SUNSHINE, IMPORT   EXPORT TRADE CO.LTD",4,1722,,,,,,8,,,,,,,,,,,,,,,
82,82,,Linden PIS,,,,,Maritime Port - Vessel - Cargo - PIS,,,Mexico,,Rooted Cutting (including air layer),,NICALAAS J. SCHOENMAKER E OUTROS,21,10030,,,,,,24,,,,,,,,,,,,,,,
82,82,,Miami PIS,,,,,Airport - Aircraft - Cargo - PIS,,,Dominican Republic,,Unrooted Cutting,,Not Selected,11,7027,,,,,,1,,,,,,,,,,,,,,,
82,82,,Los Angeles PIS,,,,,Airport - Aircraft - Cargo - PIS,,,Dominican Republic,,Unrooted Cutting,,COSTA FAMRS LLC,8,8,,,,,,23,,,,,,,,,,,,,,,
82,82,,Miami PIS,,,,,Airport - Aircraft - Cargo - PIS,,,Costa Rica,,Rooted Plant (including grafted),,Innovaplant de Costa Rica TC,10,23375,,,,,,12,,,,,,,,,,,,,,,
82,82,,Miami PIS,,,,,Airport - Aircraft - Cargo - PIS,,,China,,Unrooted Cutting,,VIVERO INTERNACIONAL S.A. DE C.V.,0,118955,,,,,,26,,,,,,,,,,,,,,,
82,82,,Linden PIS,,,,,Airport - Aircraft - Cargo - PIS,,,Thailand,,Rooted Plant (including grafted),,T C INTER LIMITED PARTNERSHIP,7,36,,,,,,10,,,,,,,,,,,,,,,
82,82,,Los Angeles PIS,,,,,Airport - Aircraft - Cargo - PIS,,,Costa Rica,,Meristem or Callus Tissue Culture (micropropagated/in vitro culture),,ARCO IRIS DEL CARIBE SA,33,15711,,,,,,12,,,,,,,,,,,,,,,
82,82,,Miami PIS,,,,,Airport - Aircraft - Cargo - PIS,,,Guatemala,,"Bulb, Corm, Rhizome, Tuberous Stem",,BEAUTY LINE GUATEMALA,11,62238,,,,,,4,,,,,,,,,,,,,,,
82,82,,Atlanta PIS,,,,,Airport - Aircraft - Cargo - PIS,,,Guatemala,,Unrooted Cutting,,CV KEBUN MAJU BERSAMA,0,55,,,,,,16,,,,,,,,,,,,,,,
82,82,,Honolulu PIS,,,,,Airport - Aircraft - Cargo - PIS,,,Costa Rica,,Unrooted Cutting,,Not Selected,21,52324,,,,,,9,,,,,,,,,,,,,,,
82,82,,Atlanta PIS,,,,,Maritime Port - Vessel - Cargo - PIS,,,Taiwan,,Unrooted Cutting,,Same as Shipper,2,12794,,,,,,25,,,,,,,,,,,,,,,
82,82,,Atlanta PIS,,,,,Maritime Port - Vessel - Cargo - PIS,,,Italy,,Rooted Plant (including grafted),,PLANTAS Y FLORES ORNAMENTALES CABH S.A,0,176,,,,,,1,,,,,,,,,,,,,,,
82,82,,Miami PIS,,,,,Airport - Aircraft - Cargo - PIS,,,Nicaragua,,Unrooted Plant,,GILBERTO MERINO,181,72412,,,,,,25,,,,,,,,,,,,,,,
82,82,,Miami PIS,,,,,Airport - Aircraft - Cargo - PIS,,,Guatemala,,Rooted Cutting (including air layer),,LA FLORESTA ORNAMENTALES S.A.,136,18,,,,,,19,,,,,,,,,,,,,,,
82,82,,Atlanta PIS,,,,,Maritime Port - Vessel - Cargo - PIS,,,Costa Rica,,Unrooted Cutting,,Not Selected,10,7590,,,,,,10,,,,,,,,,,,,,,,
82,82,,Atlanta PIS,,,,,Airport - Aircraft - Cargo - PIS,,,Netherlands,,"Bulb, Corm, Rhizome, Tuberous Stem",,"Wilberth Gonzalez Villegas, S.A.",2,871,,,,,,3,,,,,,,,,,,,,,,
82,82,,Nogales PIS,,,,,Airport - Aircraft - Cargo - PIS,,,Costa Rica,,Rooted Plant (including grafted),,INDUSTRIAS AGRICOLAS 23-32,80,44631,,,,,,5,,,,,,,,,,,,,,,
83,83,,Los Angeles PIS,,,,,Maritime Port - Vessel - Cargo - PIS,,,Mexico,,Rooted Plant (including grafted),,M Y M PRODUCTORES S.A.,2,18411,,,,,,6,,,,,,,,,,,,,,,
83,83,,Miami PIS,,,,,Airport - Aircraft - Cargo - PIS,,,Mexico,,Rooted Plant (including grafted),,ORQUIDEAS SANTO DOMINGO S.R.L,14,11799,,,,,,13,,,,,,,,,,,,,,,
83,83,,Miami PIS,,,,,Airport - Aircraft - Cargo - PIS,,,Mexico,,Unrooted Cutting,,SUNSHINE HORTICULTURE CO LTD,0,19,,,,,,19,,,,,,,,,,,,,,,
83,83,,JFK PIS,,,,,Airport - Aircraft - Cargo - PIS,,,Netherlands,,Unrooted Cutting,,VIVERO LAS GARDENIAS,36,57480,,,,,,11,,,,,,,,,,,,,,,
83,83,,Miami PIS,,,,,Airport - Aircraft - Cargo - PIS,,,Thailand,,Rooted Plant (including grafted),,Mr. Wirote Makmoon,4,12321,,,,,,27,,,,,,,,,,,,,,,
83,83,,Miami PIS,,,,,Airport - Aircraft - Cargo - PIS,,,Viet Nam,,Rooted Plant (including grafted),,"Zhanjiang Yongxing Import and Export Trade Co., LTD.",22,64446,,,,,,22,,,,,,,,,,,,,,,
83,83,,Miami PIS,,,,,Airport - Aircraft - Cargo - PIS,,,Mexico,,Meristem or Callus Tissue Culture (micropropagated/in vitro culture),,COOPERATIVA AGRICOLA REGIONAL DE Box 25-27,26,6504,,,,,,14,,,,,,,,,,,,,,,
83,83,,Miami PIS,,,,,Maritime Port - Vessel - Cargo - PIS,,,Taiwan,,Unrooted Cutting,,BEAUTY LINE GUATEMALA,6,7355,,,,,,7,,,,,,,,,,,,,,,
83,83,,Miami PIS,,,,,Airport - Aircraft - Cargo - PIS,,,Thailand,,Rooted Plant (including grafted),,VITRO PLUS BOX 1-4,1,917,,,,,,23,,,,,,,,,,,,,,,
83,83,,Miami PIS,,,,,Airport - Aircraft - Cargo - PIS,,,Guatemala,,Unrooted Cutting,,Anita Salazar Avila,0,416,,,,,,6,,,,,,,,,,,,,,,
83,83,,Atlanta PIS,,,,,Airport - Aircraft - Cargo - PIS,,,Thailand,,Unrooted Plant,,"PLANTAS ILIMITADAS, SOCIEDAD ANONIM",168,109204,,,,,,20,,,,,,,,,,,,,,,
83,83,,Miami PIS,,,,,Maritime Port - Vessel - Cargo - PIS,,,Guatemala,,Unrooted Plant,,LA FLORESTA ORNAMENTALES S.A.,16,347,,,,,,25,,,,,,,,,,,,,,,
83,83,,Miami PIS,,,,,Airport - Aircraft - Cargo - PIS,,,Guatemala,,Unrooted Cutting,,The Pida,0,94,,,,,,24,,,,,,,,,,,,,,,
83,83,,Los Angeles PIS,,,,,Airport - Aircraft - Cargo - PIS,,,Thailand,,Rooted Plant (including grafted),,TUCAN EXPORTERS,11,24788,,,,,,9,,,,,,,,,,,,,,,
83,83,,Miami PIS,,,,,Airport - Aircraft - Cargo - PIS,,,Guatemala,,Unrooted Cutting,,EDEN GARDEN FOR EXOTIC,5,281230,,,,,,16,,,,,,,,,,,,,,,
83,83,,Miami PIS,,,,,Airport - Aircraft - Express Carrier - PIS,,,India,,Rooted Cutting (including air layer),,AGROPECUARIA PENIEL SA,81,547151,,,,,,11,,,,,,,,,,,,,,,
83,83,,Miami PIS,,,,,Airport - Aircraft - Cargo - PIS,,,Taiwan,,Unrooted Plant,,Same as Shipper,38,561517,,,,,,20,,,,,,,,,,,,,,,
83,83,,Miami PIS,,,,,Airport - Aircraft - Cargo - PIS,,,Dominican Republic,,Unrooted Cutting,,TUCAN EXPORT BOX 1-57,54,16323,,,,,,4,,,,,,,,,,,,,,,
83,83,,Miami PIS,,,,,Airport - Aircraft - Cargo - PIS,,,Thailand,,Meristem or Callus Tissue Culture (micropropagated/in vitro culture),,Thanawit Pechmit,11,978,,,,,,24,,,,,,,,,,,,,,,
83,83,,Seattle PIS,,,,,Airport - Aircraft - Cargo - PIS,,,Netherlands,,Rooted Cutting (including air layer),,Ornamentales Sapo Verde 501,0,25,,,,,,1,,,,,,,,,,,,,,,
84,84,,JFK PIS,,,,,Airport - Aircraft - Cargo - PIS,,,Costa Rica,,Unrooted Cutting,,IVAGRO S.A. BOX 1-11,4,3532,,,,,,10,,,,,,,,,,,,,,,
84,84,,Los Angeles PIS,,,,,Airport - Aircraft - Cargo - PIS,,,Netherlands,,Unrooted Cutting,,Same as Shipper,0,14,,,,,,7,,,,,,,,,,,,,,,
84,84,,Miami PIS,,,,,Airport - Aircraft - Cargo - PIS,,,Taiwan,,Unrooted Cutting,,Kantapat Kaewpradith,36,36758,,,,,,21,,,,,,,,,,,,,,,
84,84,,Linden PIS,,,,,Airport - Aircraft - Cargo - PIS,,,Brazil,,Unrooted Cutting,,INNOVAPLANT DE COSTA RICA,146,978472,,,,,,16,,,,,,,,,,,,,,,
84,84,,Miami PIS,,,,,Airport - Aircraft - Cargo - PIS,,,Taiwan,,Unrooted Cutting,,TUCAN EXPORTERS,40,14,,,,,,2,,,,,,,,,,,,,,,
84,84,,Miami PIS,,,,,Airport - Aircraft - Cargo - PIS,,,India,,"Root cutting, crown, or clump, Tuberous Root",,Not Selected,122,77284,,,,,,8,,,,,,,,,,,,,,,
84,84,,Atlanta PIS,,,,,Airport - Aircraft - Cargo - PIS,,,Costa Rica,,Unrooted Cutting,,ANTHO ORNAMENTALES SA box 1-10,21,379,,,,,,15,,,,,,,,,,,,,,,
84,84,,Seattle PIS,,,,,Airport - Aircraft - Cargo - PIS,,,Costa Rica,,"Root cutting, crown, or clump, Tuberous Root",,EXPORTADORA IMPERIO VERDE S.A.,40,22606,,,,,,4,,,,,,,,,,,,,,,
84,84,,Miami PIS,,,,,Airport - Aircraft - Cargo - PIS,,,Costa Rica,,Rooted Cutting (including air layer),,Same as Shipper,5,111695,,,,,,17,,,,,,,,,,,,,,,
84,84,,Los Indios PIS,,,,,Airport - Aircraft - Cargo - PIS,,,China,,Rooted Cutting (including air layer),,MICROPLANTAS S.A.,33,12331,,,,,,14,,,,,,,,,,,,,,,
84,84,,Miami PIS,,,,,Maritime Port - Vessel - Cargo - PIS,,,Mexico,,Rooted Plant (including grafted),,Ornamentales Sapo Verde Box 900-921,627,18563,,,,,,6,,,,,,,,,,,,,,,
84,84,,Miami PIS,,,,,Airport - Aircraft - Cargo - PIS,,,Sri Lanka,,Unrooted Plant,,SHENZEN TUOLI FLOWERS AND TREES,4,4677,,,,,,19,,,,,,,,,,,,,,,
84,84,,Atlanta PIS,,,,,Airport - Aircraft - Cargo - PIS,,,Thailand,,Unrooted Cutting,,LOS TARRALES S.A.,1,17767,,,,,,17,,,,,,,,,,,,,,,
84,84,,JFK PIS,,,,,Airport - Aircraft - Cargo - PIS,,,Taiwan,,Meristem or Callus Tissue Culture (micropropagated/in vitro culture),,Same as Shipper,38,48688,,,,,,5,,,,,,,,,,,,,,,
84,84,,Los Angeles PIS,,,,,Airport - Aircraft - Cargo - PIS,,,Guatemala,,Unrooted Plant,,PACHARA ORCHIDS INTERTRADE CO.LTD.,18,155929,,,,,,11,,,,,,,,,,,,,,,
84,84,,Atlanta PIS,,,,,Airport - Aircraft - Cargo - PIS,,,United Kingdom of Great Britain and N. Ireland,,Rooted Plant (including grafted),,Plantas Ornamentales de Costa Rica 1-15,3,39,,,,,,7,,,,,,,,,,,,,,,
84,84,,Miami PIS,,,,,Airport - Aircraft - Cargo - PIS,,,El Salvador,,Unrooted Cutting,,BEAUTY LINE GUATEMALA,0,7,,,,,,25,,,,,,,,,,,,,,,
84,84,,Los Angeles PIS,,,,,Airport - Aircraft - Cargo - PIS,,,"Korea, South",,Rooted Cutting (including air layer),,M Y M PRODUCTORES S A ,0,37,,,,,,7,,,,,,,,,,,,,,,
84,84,,Miami PIS,,,,,Airport - Aircraft - Cargo - PIS,,,Guatemala,,Unrooted Plant,,Jarad Sivipapong,5,43918,,,,,,5,,,,,,,,,,,,,,,
84,84,,Miami PIS,,,,,Airport - Aircraft - Cargo - PIS,,,Guatemala,,Unrooted Cutting,,POLDER CO LTD,0,2133,,,,,,23,,,,,,,,,,,,,,,
85,85,,Linden PIS,,,,,Airport - Aircraft - Cargo - PIS,,,Ecuador,,Unrooted Cutting,,BEAUTY LINE GUATEMALA S A,0,4,,,,,,14,,,,,,,,,,,,,,,
85,85,,Los Angeles PIS,,,,,Maritime Port - Vessel - Cargo - PIS,,,Uganda,,Unrooted Cutting,,Not Selected,3,51,,,,,,6,,,,,,,,,,,,,,,
85,85,,Miami PIS,,,,,Airport - Aircraft - Cargo - PIS,,,Costa Rica,,Meristem or Callus Tissue Culture (micropropagated/in vitro culture),,DARWIN COLOMBIA,36,19724,,,,,,16,,,,,,,,,,,,,,,
85,85,,Miami PIS,,,,,Airport - Aircraft - Cargo - PIS,,,Costa Rica,,"Root cutting, crown, or clump, Tuberous Root",,LAS LIMAS  SA,0,1017,,,,,,5,,,,,,,,,,,,,,,
85,85,,Miami PIS,,,,,Maritime Port - Vessel - Cargo - PIS,,,El Salvador,,Rooted Plant (including grafted),,CHING HUA ORCHIDS CO LTD.,15,84111,,,,,,13,,,,,,,,,,,,,,,
85,85,,Miami PIS,,,,,Airport - Aircraft - Cargo - PIS,,,Mexico,,"Bulb, Corm, Rhizome, Tuberous Stem",,FERTIPLANT BV.,95,184496,,,,,,13,,,,,,,,,,,,,,,
85,85,,JFK PIS,,,,,Airport - Aircraft - Cargo - PIS,,,Kenya,,Unrooted Cutting,,INNOVAPLANT DE COSTA RICA,79,1588,,,,,,26,,,,,,,,,,,,,,,
85,85,,Beltsville PIS,,,,,Airport - Aircraft - Cargo - PIS,,,Thailand,,Unrooted Cutting,,Cactus Inter Co. ,1,47,,,,,,26,,,,,,,,,,,,,,,
85,85,,Miami PIS,,,,,Maritime Port - Vessel - Cargo - PIS,,,Portugal,,Rooted Plant (including grafted),,DARWIN COLOMBIA SAS,1,161,,,,,,23,,,,,,,,,,,,,,,
85,85,,Miami PIS,,,,,Airport - Aircraft - Cargo - PIS,,,Mexico,,Unrooted Cutting,,GUATEXOTIC,84,34737,,,,,,14,,,,,,,,,,,,,,,
85,85,,Los Angeles PIS,,,,,Maritime Port - Vessel - Cargo - PIS,,,Guatemala,,Unrooted Cutting,,INVITRO INTERNATIONAL PVT LTD.,44,91,,,,,,6,,,,,,,,,,,,,,,
85,85,,Guam PIS,,,,,Airport - Aircraft - Cargo - PIS,,,Netherlands,,Rooted Plant (including grafted),,BERKAH MELANO INDONESIA,8,78129,,,,,,24,,,,,,,,,,,,,,,
85,85,,Miami PIS,,,,,Airport - Aircraft - Cargo - PIS,,,Ecuador,,Unrooted Cutting,,LAS LIMAS,0,0,,,,,,18,,,,,,,,,,,,,,,
85,85,,Miami PIS,,,,,Airport - Aircraft - Cargo - PIS,,,Costa Rica,,Unrooted Plant,,INDUSTRIAS AGRICOLAS CENTRO AMERICANAS,1,15,,,,,,4,,,,,,,,,,,,,,,
85,85,,Los Angeles PIS,,,,,Airport - Aircraft - Cargo - PIS,,,Costa Rica,,Unrooted Cutting,,Mr. Bomb Takomfoo,0,391,,,,,,5,,,,,,,,,,,,,,,
85,85,,Miami PIS,,,,,Airport - Aircraft - Cargo - PIS,,,"Korea, South",,Unrooted Cutting,,INNOVA PLANT DE COSTA RICA SA,2,7576,,,,,,10,,,,,,,,,,,,,,,
85,85,,Linden PIS,,,,,Airport - Aircraft - Cargo - PIS,,,Guatemala,,Rooted Plant (including grafted),,VITA FARMS Box 7801-7802,0,2006,,,,,,20,,,,,,,,,,,,,,,
85,85,,Miami PIS,,,,,Airport - Aircraft - Cargo - PIS,,,Netherlands,,Rooted Plant (including grafted),,Costa Farms LLC,55,181197,,,,,,4,,,,,,,,,,,,,,,
85,85,,Miami PIS,,,,,Airport - Aircraft - Cargo - PIS,,,Costa Rica,,Unrooted Cutting,,VITA  FARM Box 1501,44,241452,,,,,,2,,,,,,,,,,,,,,,
85,85,,Atlanta PIS,,,,,Airport - Aircraft - Cargo - PIS,,,Costa Rica,,Rooted Plant (including grafted),,NATTA 1565 LIMITED PARTNERSHIP,1,1458,,,,,,12,,,,,,,,,,,,,,,
86,86,,Atlanta PIS,,,,,Airport - Aircraft - Cargo - PIS,,,Guatemala,,Rooted Plant (including grafted),,Costa Farms LLC,1,21,,,,,,25,,,,,,,,,,,,,,,
86,86,,Miami PIS,,,,,Airport - Aircraft - Cargo - PIS,,,Costa Rica,,"Bulb, Corm, Rhizome, Tuberous Stem",,VISHWAREKHA BIOTECH,0,0,,,,,,10,,,,,,,,,,,,,,,
86,86,,Los Angeles PIS,,,,,Maritime Port - Vessel - Cargo - PIS,,,Netherlands,,Meristem or Callus Tissue Culture (micropropagated/in vitro culture),,ORNAMENTES SAPO VERDE 1200,0,193,,,,,,14,,,,,,,,,,,,,,,
86,86,,Los Angeles PIS,,,,,Airport - Aircraft - Cargo - PIS,,,Guatemala,,"Bulb, Corm, Rhizome, Tuberous Stem",,SOUTHERN INT'L DEVELOPMENT (SID)CO.,6,5535,,,,,,15,,,,,,,,,,,,,,,
86,86,,Los Angeles PIS,,,,,Airport - Aircraft - Cargo - PIS,,,Guatemala,,Rooted Cutting (including air layer),,KARN PATCHAM,1,11518,,,,,,4,,,,,,,,,,,,,,,
86,86,,Honolulu PIS,,,,,Airport - Aircraft - Cargo - PIS,,,Guatemala,,Rooted Plant (including grafted),,Escactus,2,3545,,,,,,2,,,,,,,,,,,,,,,
86,86,,JFK PIS,,,,,Airport - Aircraft - Cargo - PIS,,,Guatemala,,Rooted Plant (including grafted),,Not Selected,97,231170,,,,,,13,,,,,,,,,,,,,,,
86,86,,Miami PIS,,,,,Airport - Aircraft - Cargo - PIS,,,Costa Rica,,Budwood/Graftwood (scion),,ORNAMENTALES SAPO VERDE SA Box 1601-1609,17,513273,,,,,,18,,,,,,,,,,,,,,,
86,86,,Linden PIS,,,,,Airport - Aircraft - Cargo - PIS,,,China,,Unrooted Cutting,,FLORICULTURA Y CIA LTDA,118,345189,,,,,,12,,,,,,,,,,,,,,,
86,86,,Miami PIS,,,,,Airport - Aircraft - Cargo - PIS,,,Poland,,Rooted Plant (including grafted),,CHOM ORCHIDS,35,247780,,,,,,11,,,,,,,,,,,,,,,
86,86,,Miami PIS,,,,,Maritime Port - Vessel - Cargo - PIS,,,China,,Meristem or Callus Tissue Culture (micropropagated/in vitro culture),,BALL HORTICULTURAL COMPANY,0,15,,,,,,28,,,,,,,,,,,,,,,
86,86,,Miami PIS,,,,,Airport - Aircraft - Cargo - PIS,,,India,,Rooted Cutting (including air layer),,MICRO PLANTAS,23,37497,,,,,,1,,,,,,,,,,,,,,,
86,86,,Miami PIS,,,,,Airport - Aircraft - Cargo - PIS,,,Costa Rica,,Meristem or Callus Tissue Culture (micropropagated/in vitro culture),,LATHYFLORA KENYA LTD,162,135544,,,,,,19,,,,,,,,,,,,,,,
86,86,,Los Angeles PIS,,,,,Airport - Aircraft - Cargo - PIS,,,Guatemala,,Rooted Cutting (including air layer),,Same as Shipper,0,22,,,,,,23,,,,,,,,,,,,,,,
87,87,,Miami PIS,,,,,Land Border - Truck - Cargo - PIS,,,Costa Rica,,Unrooted Cutting,,BOTANIKA S.A.,0,370,,,,,,6,,,,,,,,,,,,,,,
87,87,,Los Angeles PIS,,,,,Maritime Port - Vessel - Cargo - PIS,,,Philippines,,Unrooted Plant,,KANJANA ORCHIDS CO LTD,3,4758,,,,,,6,,,,,,,,,,,,,,,
87,87,,Miami PIS,,,,,Airport - Aircraft - Cargo - PIS,,,Sri Lanka,,Unrooted Cutting,,RED FOX LAS MERCEDES  SA DE CV,7,97444,,,,,,22,,,,,,,,,,,,,,,
87,87,,Miami PIS,,,,,Airport - Aircraft - Cargo - PIS,,,Taiwan,,Unrooted Cutting,,"Plantas ilimitadas, sociedad anonima",1,5540,,,,,,13,,,,,,,,,,,,,,,
87,87,,Miami PIS,,,,,Airport - Aircraft - Cargo - PIS,,,Thailand,,Unrooted Cutting,,Same as Shipper,19,173,,,,,,11,,,,,,,,,,,,,,,
87,87,,Los Angeles PIS,,,,,Airport - Aircraft - Cargo - PIS,,,Spain,,Rooted Plant (including grafted),,KAPOK PLANTS S A,1,22613,,,,,,25,,,,,,,,,,,,,,,
87,87,,Miami PIS,,,,,Airport - Aircraft - Cargo - PIS,,,Taiwan,,Unrooted Cutting,,AGROEXPORTADORA LA LAGUNA CHICHO 1-18,0,5902,,,,,,18,,,,,,,,,,,,,,,
88,88,,Miami PIS,,,,,Maritime Port - Vessel - Cargo - PIS,,,Taiwan,,Meristem or Callus Tissue Culture (micropropagated/in vitro culture),,PT. ALCHEMIE BERKAH BERSAMA,0,15,,,,,,1,,,,,,,,,,,,,,,
88,88,,Miami PIS,,,,,Airport - Aircraft - Cargo - PIS,,,Peru,,Rooted Plant (including grafted),,ORNAMENTALES SAPO VERDE SA Box 1601-1609,1,19,,,,,,15,,,,,,,,,,,,,,,
88,88,,Miami PIS,,,,,Airport - Aircraft - Cargo - PIS,,,Guatemala,,Unrooted Cutting,,VITA FARMS 1301,0,526,,,,,,27,,,,,,,,,,,,,,,
88,88,,Miami PIS,,,,,Airport - Aircraft - Cargo - PIS,,,Netherlands,,Meristem or Callus Tissue Culture (micropropagated/in vitro culture),,Same as Shipper,4,9855,,,,,,4,,,,,,,,,,,,,,,
88,88,,Miami PIS,,,,,Airport - Aircraft - Cargo - PIS,,,Costa Rica,,Rooted Plant (including grafted),,AGRO KOMPASS S  A BOX 1-81,33,178961,,,,,,18,,,,,,,,,,,,,,,
88,88,,Houston PIS,,,,,Airport - Aircraft - Cargo - PIS,,,Taiwan,,Unrooted Cutting,,PLANT 1688,0,7019,,,,,,20,,,,,,,,,,,,,,,
88,88,,Los Angeles PIS,,,,,Airport - Aircraft - Cargo - PIS,,,Costa Rica,,Unrooted Plant,,TUCAN EXPORTERS,0,175,,,,,,3,,,,,,,,,,,,,,,
88,88,,Miami PIS,,,,,Airport - Aircraft - Cargo - PIS,,,Guatemala,,Rooted Plant (including grafted),,VITA FARMS 5801 ,3,2169,,,,,,6,,,,,,,,,,,,,,,
88,88,,Atlanta PIS,,,,,Airport - Aircraft - Cargo - PIS,,,Costa Rica,,Unrooted Cutting,,PULL LEAF,0,21307,,,,,,16,,,,,,,,,,,,,,,
88,88,,Linden PIS,,,,,Airport - Aircraft - Cargo - PIS,,,Guatemala,,Unrooted Cutting,,LA FLOR EXOTICA DEL CARIBE BULLIS SA,10,16378,,,,,,17,,,,,,,,,,,,,,,
88,88,,Miami PIS,,,,,Airport - Aircraft - Express Carrier - PIS,,,Netherlands,,Rooted Cutting (including air layer),,Bromelias De Colombia,10,70038,,,,,,1,,,,,,,,,,,,,,,
88,88,,Miami PIS,,,,,Airport - Aircraft - Cargo - PIS,,,Costa Rica,,Meristem or Callus Tissue Culture (micropropagated/in vitro culture),,Vita Farms 1701,48,265557,,,,,,18,,,,,,,,,,,,,,,
88,88,,JFK PIS,,,,,Maritime Port - Vessel - Cargo - PIS,,,Israel,,Unrooted Cutting,,BEAUTY LINE GUATEMALA,4,268,,,,,,10,,,,,,,,,,,,,,,
88,88,,Miami PIS,,,,,Airport - Aircraft - Cargo - PIS,,,Brazil,,Rooted Cutting (including air layer),,AGRO KOMPASS S.A.,15,32993,,,,,,28,,,,,,,,,,,,,,,
88,88,,Atlanta PIS,,,,,Airport - Aircraft - Cargo - PIS,,,Costa Rica,,Rooted Plant (including grafted),,Primeros en Follaje ,4,322,,,,,,19,,,,,,,,,,,,,,,
88,88,,Miami PIS,,,,,Airport - Aircraft - Cargo - PIS,,,Mexico,,Unrooted Cutting,,"Funjian Lingbo Imp, and Ex. Co, LTD",1,144,,,,,,2,,,,,,,,,,,,,,,
88,88,,Houston PIS,,,,,Airport - Aircraft - Cargo - PIS,,,Indonesia,,Unrooted Plant,,PLANT SOURCE INTERNATIONAL,0,121,,,,,,19,,,,,,,,,,,,,,,
88,88,,Miami PIS,,,,,Airport - Aircraft - Cargo - PIS,,,Guatemala,,Unrooted Cutting,,"FOSHAN SANSHUI YOUNG PLANTS Co., LTD",0,1,,,,,,14,,,,,,,,,,,,,,,
88,88,,Linden PIS,,,,,Airport - Aircraft - Cargo - PIS,,,Dominican Republic,,Rooted Plant (including grafted),,BEAUTY LINE GUATEMALA,15,31,,,,,,25,,,,,,,,,,,,,,,
88,88,,Miami PIS,,,,,Airport - Aircraft - Cargo - PIS,,,Guatemala,,Unrooted Cutting,,Not Selected,5,3650,,,,,,5,,,,,,,,,,,,,,,
88,88,,Miami PIS,,,,,Airport - Aircraft - Cargo - PIS,,,Kenya,,Meristem or Callus Tissue Culture (micropropagated/in vitro culture),,IVAGRO S.A. BOX 1-11,5,18732,,,,,,12,,,,,,,,,,,,,,,
89,89,,Miami PIS,,,,,Maritime Port - Vessel - Cargo - PIS,,,Guatemala,,Rooted Plant (including grafted),,ZION PLANTS,10,23717,,,,,,9,,,,,,,,,,,,,,,
89,89,,Miami PIS,,,,,Airport - Aircraft - Cargo - PIS,,,China,,Unrooted Cutting,,Not Selected,1,14,,,,,,23,,,,,,,,,,,,,,,
89,89,,Atlanta PIS,,,,,Airport - Aircraft - Cargo - PIS,,,Dominican Republic,,Rooted Plant (including grafted),,TICOPLANT,3,5385,,,,,,23,,,,,,,,,,,,,,,
89,89,,Miami PIS,,,,,Airport - Aircraft - Cargo - PIS,,,Netherlands,,Unrooted Cutting,,ORNAMENTALES SAPO VERDE  1601,0,40,,,,,,14,,,,,,,,,,,,,,,
89,89,,Miami PIS,,,,,Airport - Aircraft - Cargo - PIS,,,Ecuador,,Rooted Cutting (including air layer),,Not Selected,13,25619,,,,,,8,,,,,,,,,,,,,,,
89,89,,Seattle PIS,,,,,Airport - Aircraft - Cargo - PIS,,,Guatemala,,Meristem or Callus Tissue Culture (micropropagated/in vitro culture),,SAPO VERDE 1201,9,2078,,,,,,26,,,,,,,,,,,,,,,
89,89,,Miami PIS,,,,,Airport - Aircraft - Cargo - PIS,,,Costa Rica,,Rooted Plant (including grafted),,PRODUCTOS VALPARAISO,1,907,,,,,,20,,,,,,,,,,,,,,,
89,89,,Atlanta PIS,,,,,Airport - Aircraft - Cargo - PIS,,,Mexico,,Rooted Cutting (including air layer),,Ornamentales Sapo Verde BOX 990,3,36909,,,,,,17,,,,,,,,,,,,,,,
89,89,,Miami PIS,,,,,Maritime Port - Vessel - Cargo - PIS,,,Netherlands,,Unrooted Cutting,,INDUSTRIAS AGRICOLAS CENTRO AMERICANAS,16,78938,,,,,,11,,,,,,,,,,,,,,,
89,89,,Miami PIS,,,,,Airport - Aircraft - Cargo - PIS,,,Poland,,Rooted Plant (including grafted),,MONRASA,0,14348,,,,,,11,,,,,,,,,,,,,,,
89,89,,Miami PIS,,,,,Airport - Aircraft - Cargo - PIS,,,Mexico,,Rooted Plant (including grafted),,Mr. Wirote Makmoon,14,8,,,,,,9,,,,,,,,,,,,,,,
89,89,,Honolulu PIS,,,,,Airport - Aircraft - Cargo - PIS,,,Costa Rica,,Unrooted Cutting,,Ornamentales Sapo Verde 401-472,13,8085,,,,,,12,,,,,,,,,,,,,,,
89,89,,Atlanta PIS,,,,,Airport - Aircraft - Cargo - PIS,,,Viet Nam,,Rooted Cutting (including air layer),,FLORAMO S A,13,21908,,,,,,18,,,,,,,,,,,,,,,
89,89,,JFK PIS,,,,,Airport - Aircraft - Cargo - PIS,,,India,,Rooted Cutting (including air layer),,KULTANA ORCHIDS,1,6,,,,,,15,,,,,,,,,,,,,,,
89,89,,Miami PIS,,,,,Airport - Aircraft - Cargo - PIS,,,South Africa,,Unrooted Cutting,,HELOISA BORDIGNON LEME,3,240003,,,,,,21,,,,,,,,,,,,,,,
89,89,,Los Angeles PIS,,,,,Maritime Port - Vessel - Cargo - PIS,,,Costa Rica,,Rooted Plant (including grafted),,Costa Farms LLC,2,9751,,,,,,19,,,,,,,,,,,,,,,
89,89,,Miami PIS,,,,,Airport - Aircraft - Cargo - PIS,,,Costa Rica,,Rooted Plant (including grafted),,VITA  FARM Box 1501,23,153080,,,,,,26,,,,,,,,,,,,,,,
89,89,,Miami PIS,,,,,Maritime Port - Vessel - Cargo - PIS,,,Uganda,,Unrooted Cutting,,La Laguna Chichoj,4,8125,,,,,,19,,,,,,,,,,,,,,,
89,89,,Los Angeles PIS,,,,,Airport - Aircraft - Cargo - PIS,,,Brazil,,"Bulb, Corm, Rhizome, Tuberous Stem",,Same as Shipper,24,36766,,,,,,1,,,,,,,,,,,,,,,
89,89,,Miami PIS,,,,,Airport - Aircraft - Cargo - PIS,,,Mexico,,Rooted Plant (including grafted),,ANNIA FUENTES Box 101-103,1,1229,,,,,,7,,,,,,,,,,,,,,,
89,89,,Miami PIS,,,,,Airport - Aircraft - Express Carrier - PIS,,,Costa Rica,,Unrooted Cutting,,AGRO MARIA LINDA S. A.,68,283647,,,,,,19,,,,,,,,,,,,,,,
89,89,,Miami PIS,,,,,Airport - Aircraft - Cargo - PIS,,,Guatemala,,Unrooted Cutting,,VITA FARMS Box# 001-062,1,150,,,,,,21,,,,,,,,,,,,,,,
89,89,,Linden PIS,,,,,Airport - Aircraft - Cargo - PIS,,,China,,Unrooted Cutting,,Not Selected,70,54208,,,,,,25,,,,,,,,,,,,,,,
90,90,,Miami PIS,,,,,Airport - Aircraft - Cargo - PIS,,,Netherlands,,Unrooted Cutting,,KAPOK PLANTAS,2,760,,,,,,24,,,,,,,,,,,,,,,
90,90,,Linden PIS,,,,,Airport - Aircraft - Cargo - PIS,,,Brazil,,Unrooted Cutting,,Ornamentales Sapo Verde 301-320,2,20421,,,,,,27,,,,,,,,,,,,,,,
90,90,,Miami PIS,,,,,Airport - Aircraft - Cargo - PIS,,,Mexico,,Unrooted Cutting,,FERTIPLANT BV.,5,28222,,,,,,24,,,,,,,,,,,,,,,
90,90,,Miami PIS,,,,,Maritime Port - Vessel - Cargo - PIS,,,Peru,,Meristem or Callus Tissue Culture (micropropagated/in vitro culture),,LATHYFLORA,5,30009,,,,,,10,,,,,,,,,,,,,,,
90,90,,Miami PIS,,,,,Airport - Aircraft - Cargo - PIS,,,Netherlands,,Rooted Cutting (including air layer),,Not Selected,0,5,,,,,,21,,,,,,,,,,,,,,,
91,91,,Miami PIS,,,,,Airport - Aircraft - Cargo - PIS,,,Netherlands,,Rooted Plant (including grafted),,Not Selected,1,14,,,,,,4,,,,,,,,,,,,,,,
91,91,,Linden PIS,,,,,Airport - Aircraft - Cargo - PIS,,,Guatemala,,Rooted Cutting (including air layer),,DALAT HASFARM CO LTD,2,112,,,,,,19,,,,,,,,,,,,,,,
91,91,,Atlanta PIS,,,,,Airport - Aircraft - Cargo - PIS,,,Dominican Republic,,Meristem or Callus Tissue Culture (micropropagated/in vitro culture),,LAS LIMAS,1,1778,,,,,,14,,,,,,,,,,,,,,,
91,91,,Linden PIS,,,,,Airport - Aircraft - Cargo - PIS,,,Mexico,,Unrooted Cutting,,FERTIPLANT B V,142,34435,,,,,,6,,,,,,,,,,,,,,,
91,91,,Miami PIS,,,,,Airport - Aircraft - Cargo - PIS,,,Nicaragua,,Rooted Plant (including grafted),,PLANTAS ILIMITADAS S A 32,0,14,,,,,,18,,,,,,,,,,,,,,,
91,91,,Miami PIS,,,,,Maritime Port - Vessel - Cargo - PIS,,,Costa Rica,,"Bulb, Corm, Rhizome, Tuberous Stem",,MR. Chancha Bunnongprung,28,26586,,,,,,2,,,,,,,,,,,,,,,
91,91,,JFK PIS,,,,,Airport - Aircraft - Cargo - PIS,,,Netherlands,,Unrooted Cutting,,FLORICULTURA Y CIA LTDA,3,7847,,,,,,10,,,,,,,,,,,,,,,
92,92,,Los Angeles PIS,,,,,Airport - Aircraft - Cargo - PIS,,,Costa Rica,,Unrooted Cutting,,Vita Farms Box 6801-6818,6,14485,,,,,,26,,,,,,,,,,,,,,,
92,92,,Miami PIS,,,,,Airport - Aircraft - Cargo - PIS,,,Indonesia,,Unrooted Cutting,,Phormiums Exporter S.A,1,1724,,,,,,3,,,,,,,,,,,,,,,
92,92,,Miami PIS,,,,,Airport - Aircraft - Cargo - PIS,,,Colombia,,Rooted Plant (including grafted),,VITA FARMS SA 1300,32,25856,,,,,,14,,,,,,,,,,,,,,,
92,92,,Miami PIS,,,,,Airport - Aircraft - Cargo - PIS,,,Mexico,,Rooted Plant (including grafted),,ORCHITECH LAB CO LTD,1,3769,,,,,,28,,,,,,,,,,,,,,,
92,92,,Los Angeles PIS,,,,,Airport - Aircraft - Cargo - PIS,,,"Korea, South",,Unrooted Cutting,,BC BROMELIAS DE COLOMBI SAS SA,8,81427,,,,,,23,,,,,,,,,,,,,,,
92,92,,Los Angeles PIS,,,,,Airport - Aircraft - Cargo - PIS,,,Ethiopia,,Rooted Plant (including grafted),,TROPI PLANTAS SA,10,25811,,,,,,22,,,,,,,,,,,,,,,
92,92,,Atlanta PIS,,,,,Airport - Aircraft - Cargo - PIS,,,Guatemala,,Unrooted Cutting,,ANTHO ORNAMENTALES SA box 1-10,57,546,,,,,,11,,,,,,,,,,,,,,,
92,92,,Miami PIS,,,,,Airport - Aircraft - Cargo - PIS,,,Taiwan,,Unrooted Cutting,,INNOVAPLANT DE COSTA RICA,1,20,,,,,,18,,,,,,,,,,,,,,,
92,92,,Miami PIS,,,,,Airport - Aircraft - Cargo - PIS,,,New Zealand,,Unrooted Plant,,Not Selected,255,10837,,,,,,26,,,,,,,,,,,,,,,
92,92,,Miami PIS,,,,,Airport - Aircraft - Cargo - PIS,,,Guatemala,,Rooted Cutting (including air layer),,PALMAS DE R.I,4,8663,,,,,,25,,,,,,,,,,,,,,,
92,92,,Miami PIS,,,,,Airport - Aircraft - Cargo - PIS,,,Thailand,,Unrooted Cutting,,BEAUTY LINE GUATEMALA,1,6955,,,,,,19,,,,,,,,,,,,,,,
92,92,,Linden PIS,,,,,Maritime Port - Vessel - Cargo - PIS,,,China,,Unrooted Plant,,PREMKAMON INTANIN,911,20755,,,,,,18,,,,,,,,,,,,,,,
92,92,,Atlanta PIS,,,,,Airport - Aircraft - Cargo - PIS,,,Poland,,Unrooted Cutting,,PLANTAS DE MI TIERRA S A,41,8446,,,,,,1,,,,,,,,,,,,,,,
92,92,,Miami PIS,,,,,Airport - Aircraft - Cargo - PIS,,,Thailand,,Meristem or Callus Tissue Culture (micropropagated/in vitro culture),,TICOPLANT,20,3181,,,,,,6,,,,,,,,,,,,,,,
92,92,,Miami PIS,,,,,Airport - Aircraft - Cargo - PIS,,,Costa Rica,,Unrooted Cutting,,Not Selected,6,484,,,,,,3,,,,,,,,,,,,,,,
92,92,,Miami PIS,,,,,Airport - Aircraft - Cargo - PIS,,,Costa Rica,,Rooted Cutting (including air layer),,PLANTAS DEL TAMBO S.A.S.,1,12295,,,,,,26,,,,,,,,,,,,,,,
92,92,,Los Indios PIS,,,,,Airport - Aircraft - Cargo - PIS,,,Guatemala,,"Root cutting, crown, or clump, Tuberous Root",,VITA FARMS Box 5501-5583,3,2912,,,,,,19,,,,,,,,,,,,,,,
92,92,,Miami PIS,,,,,Airport - Aircraft - Cargo - PIS,,,Costa Rica,,Unrooted Cutting,,Mr. Wirote Makmoon,36,3340,,,,,,15,,,,,,,,,,,,,,,
92,92,,Miami PIS,,,,,Maritime Port - Vessel - Cargo - PIS,,,Taiwan,,Rooted Plant (including grafted),,Same as Shipper,43,7829,,,,,,24,,,,,,,,,,,,,,,
92,92,,Miami PIS,,,,,Airport - Aircraft - Cargo - PIS,,,El Salvador,,Rooted Plant (including grafted),,Vivero Las Gardenias ,13,247,,,,,,5,,,,,,,,,,,,,,,
92,92,,Beltsville PIS,,,,,Maritime Port - Vessel - Cargo - PIS,,,India,,Unrooted Cutting,,"PACHARA ORCHIDS INTERTRADE CO.,",3,96560,,,,,,12,,,,,,,,,,,,,,,
92,92,,Miami PIS,,,,,Airport - Aircraft - Cargo - PIS,,,Guatemala,,Unrooted Cutting,,SOCIEDAD TIGRA,48,15755,,,,,,22,,,,,,,,,,,,,,,
93,93,,Miami PIS,,,,,Airport - Aircraft - Cargo - PIS,,,Guatemala,,Meristem or Callus Tissue Culture (micropropagated/in vitro culture),,MAI AN PHU EXPORT IMPORT SERVICES T,14,218228,,,,,,28,,,,,,,,,,,,,,,
93,93,,Atlanta PIS,,,,,Maritime Port - Vessel - Cargo - PIS,,,Guatemala,,Rooted Plant (including grafted),,APO VERDE ,24,4796,,,,,,26,,,,,,,,,,,,,,,
93,93,,Miami PIS,,,,,Airport - Aircraft - Cargo - PIS,,,Singapore,,Unrooted Cutting,,VIVERO LAS GARDENIAS,10,2412,,,,,,9,,,,,,,,,,,,,,,
93,93,,Miami PIS,,,,,Airport - Aircraft - Cargo - PIS,,,Costa Rica,,Rooted Plant (including grafted),,Sawitree Kyriakides,21,14305,,,,,,16,,,,,,,,,,,,,,,
93,93,,Miami PIS,,,,,Airport - Aircraft - Cargo - PIS,,,Taiwan,,Rooted Plant (including grafted),,INNOVAPLANT DE COSTA RICA,0,201,,,,,,28,,,,,,,,,,,,,,,
93,93,,Atlanta PIS,,,,,Airport - Aircraft - Cargo - PIS,,,Guatemala,,Rooted Plant (including grafted),,ORIENTAL AQUARIUM  S  PTE LTD,20,387312,,,,,,28,,,,,,,,,,,,,,,
93,93,,Miami PIS,,,,,Airport - Aircraft - Cargo - PIS,,,Taiwan,,Rooted Plant (including grafted),,Costa Farms LLC,94,210173,,,,,,4,,,,,,,,,,,,,,,
93,93,,Los Angeles PIS,,,,,Airport - Aircraft - Cargo - PIS,,,India,,Rooted Plant (including grafted),,VITA FARMS Box 8501-8510,7,2935,,,,,,4,,,,,,,,,,,,,,,
93,93,,Atlanta PIS,,,,,Airport - Aircraft - Cargo - PIS,,,Taiwan,,Unrooted Cutting,,LUCHA ORNAMENTAL S.A. BOX 101,1,2353,,,,,,26,,,,,,,,,,,,,,,
93,93,,Miami PIS,,,,,Airport - Aircraft - Cargo - PIS,,,Italy,,Meristem or Callus Tissue Culture (micropropagated/in vitro culture),,Same as Shipper,5,2808,,,,,,6,,,,,,,,,,,,,,,
93,93,,Atlanta PIS,,,,,Airport - Aircraft - Cargo - PIS,,,Thailand,,Rooted Plant (including grafted),,Same as Shipper,8,20922,,,,,,28,,,,,,,,,,,,,,,
93,93,,Atlanta PIS,,,,,Airport - Aircraft - Cargo - PIS,,,Mexico,,Rooted Plant (including grafted),,BOTANIKA S.A.,6,6840,,,,,,26,,,,,,,,,,,,,,,
93,93,,Los Angeles PIS,,,,,Airport - Aircraft - Cargo - PIS,,,Guatemala,,Meristem or Callus Tissue Culture (micropropagated/in vitro culture),,Prateep Suetrong,13,3384,,,,,,12,,,,,,,,,,,,,,,
93,93,,Miami PIS,,,,,Airport - Aircraft - Cargo - PIS,,,Costa Rica,,Rooted Cutting (including air layer),,Same as Shipper,4,577,,,,,,11,,,,,,,,,,,,,,,
93,93,,Miami PIS,,,,,Airport - Aircraft - Cargo - PIS,,,Costa Rica,,Rooted Plant (including grafted),,DARWIN COLOMBIA S.A.S,0,4756,,,,,,22,,,,,,,,,,,,,,,
93,93,,Los Angeles PIS,,,,,Maritime Port - Vessel - Cargo - PIS,,,Guatemala,,"Bulb, Corm, Rhizome, Tuberous Stem",,Ornamentales Sapo Verde Box 701-703,5,1733,,,,,,28,,,,,,,,,,,,,,,
93,93,,Miami PIS,,,,,Airport - Aircraft - Cargo - PIS,,,Costa Rica,,Rooted Cutting (including air layer),,LAS LIMAS,8,5227,,,,,,20,,,,,,,,,,,,,,,
93,93,,Miami PIS,,,,,Airport - Aircraft - Cargo - PIS,,,Costa Rica,,Rooted Plant (including grafted),,KAPOK PLANTS S A,31,5859,,,,,,23,,,,,,,,,,,,,,,
94,94,,Miami PIS,,,,,Airport - Aircraft - Cargo - PIS,,,Guatemala,,Unrooted Plant,,ORNAMENTALES SAPO VERDE Box 401-402,18,1469,,,,,,14,,,,,,,,,,,,,,,
94,94,,Miami PIS,,,,,Airport - Aircraft - Cargo - PIS,,,Guatemala,,Unrooted Cutting,,Same as Shipper,0,542,,,,,,9,,,,,,,,,,,,,,,
94,94,,Miami PIS,,,,,Airport - Aircraft - Cargo - PIS,,,Costa Rica,,Rooted Plant (including grafted),,ORIENTAL AQUARIUM LTD,0,96,,,,,,12,,,,,,,,,,,,,,,
94,94,,Atlanta PIS,,,,,Airport - Aircraft - Cargo - PIS,,,Costa Rica,,Rooted Plant (including grafted),,ECUAMAGIC S.A.,15,62192,,,,,,1,,,,,,,,,,,,,,,
94,94,,JFK PIS,,,,,Airport - Aircraft - Cargo - PIS,,,Guatemala,,Rooted Plant (including grafted),,AYO AGRIC E COM DE EQUP  AGRIC,0,865,,,,,,16,,,,,,,,,,,,,,,
94,94,,Miami PIS,,,,,Maritime Port - Vessel - Cargo - PIS,,,Guatemala,,Unrooted Cutting,,Same as Shipper,31,12718,,,,,,21,,,,,,,,,,,,,,,
94,94,,JFK PIS,,,,,Airport - Aircraft - Cargo - PIS,,,Netherlands,,Rooted Plant (including grafted),,"FIDES GUATEMALA, S.A.",1,11421,,,,,,26,,,,,,,,,,,,,,,
94,94,,Atlanta PIS,,,,,Airport - Aircraft - Cargo - PIS,,,Thailand,,Unrooted Plant,,Vita Farms 2301-2347,3,18966,,,,,,1,,,,,,,,,,,,,,,
94,94,,Miami PIS,,,,,Airport - Aircraft - Cargo - PIS,,,Thailand,,Rooted Plant (including grafted),,NATTA 1565 LIMITED PARTNERSHIP,6,10834,,,,,,4,,,,,,,,,,,,,,,
94,94,,Miami PIS,,,,,Airport - Aircraft - Cargo - PIS,,,Dominican Republic,,Unrooted Cutting,,FINO FOLLAJE SA,1,476,,,,,,15,,,,,,,,,,,,,,,
95,95,,Guam PIS,,,,,Airport - Aircraft - Cargo - PIS,,,Colombia,,Unrooted Plant,,WOON LENG,2,7794,,,,,,4,,,,,,,,,,,,,,,
95,95,,Miami PIS,,,,,Airport - Aircraft - Cargo - PIS,,,Costa Rica,,Rooted Plant (including grafted),,TUCAN EXPORTERS,16,153618,,,,,,1,,,,,,,,,,,,,,,
95,95,,Linden PIS,,,,,Airport - Aircraft - Cargo - PIS,,,Netherlands,,Unrooted Cutting,,Dalat Has Farm Agrivina,0,2134,,,,,,1,,,,,,,,,,,,,,,
95,95,,Miami PIS,,,,,Airport - Aircraft - Cargo - PIS,,,Thailand,,Meristem or Callus Tissue Culture (micropropagated/in vitro culture),,ARCO IRIS DEL CARIBE S.A.,3404,5991,,,,,,18,,,,,,,,,,,,,,,
95,95,,Los Angeles PIS,,,,,Airport - Aircraft - Cargo - PIS,,,Guatemala,,Meristem or Callus Tissue Culture (micropropagated/in vitro culture),,Same as Shipper,366,23855,,,,,,7,,,,,,,,,,,,,,,
95,95,,Atlanta PIS,,,,,Airport - Aircraft - Cargo - PIS,,,Thailand,,"Bulb, Corm, Rhizome, Tuberous Stem",,RED FOX LAS MERCEDES  SA DE CV,5,14517,,,,,,14,,,,,,,,,,,,,,,
95,95,,San Diego PIS,,,,,Airport - Aircraft - Cargo - PIS,,,China,,Rooted Plant (including grafted),,BOCELS BROMELAIDS,25,43598,,,,,,28,,,,,,,,,,,,,,,
95,95,,Miami PIS,,,,,Airport - Aircraft - Cargo - PIS,,,Ecuador,,Unrooted Cutting,,KAPOK PLANTAS SA,7,6729,,,,,,17,,,,,,,,,,,,,,,
95,95,,Miami PIS,,,,,Maritime Port - Vessel - Cargo - PIS,,,Mexico,,Unrooted Plant,,Not Selected,0,169,,,,,,16,,,,,,,,,,,,,,,
95,95,,Miami PIS,,,,,Airport - Aircraft - Cargo - PIS,,,Guatemala,,Rooted Plant (including grafted),,MANOTE QUAHPHANIT,2,5209,,,,,,23,,,,,,,,,,,,,,,
95,95,,Miami PIS,,,,,Airport - Aircraft - Cargo - PIS,,,El Salvador,,Unrooted Cutting,,Not Selected,4,3509,,,,,,16,,,,,,,,,,,,,,,
95,95,,Miami PIS,,,,,Airport - Aircraft - Cargo - PIS,,,Netherlands,,Unrooted Plant,,INDUSTRIAS AGRICOLAS CENTRO AMER,0,75,,,,,,11,,,,,,,,,,,,,,,
95,95,,Miami PIS,,,,,Airport - Aircraft - Cargo - PIS,,,Netherlands,,Unrooted Cutting,,VITA FARMS.S.A,2,9936,,,,,,20,,,,,,,,,,,,,,,
95,95,,Miami PIS,,,,,Maritime Port - Vessel - Cargo - PIS,,,Singapore,,Rooted Plant (including grafted),,AGROPECUARIA PENIEL (GUATEXOTIC),43,277764,,,,,,26,,,,,,,,,,,,,,,
95,95,,Miami PIS,,,,,Airport - Aircraft - Cargo - PIS,,,Netherlands,,Rooted Cutting (including air layer),,INNOVA PLANT DE COSTA RICA SA,779,35385,,,,,,22,,,,,,,,,,,,,,,
95,95,,Miami PIS,,,,,Airport - Aircraft - Cargo - PIS,,,Thailand,,Unrooted Cutting,,Not Selected,4,13530,,,,,,15,,,,,,,,,,,,,,,
95,95,,Los Angeles PIS,,,,,Airport - Aircraft - Cargo - PIS,,,Thailand,,Unrooted Cutting,,ATEN BIOTECH,11,4498,,,,,,14,,,,,,,,,,,,,,,
95,95,,Miami PIS,,,,,Airport - Aircraft - Cargo - PIS,,,Guatemala,,Unrooted Cutting,,INNOVA PLANT DE COSTA RICA SA,5,12421,,,,,,15,,,,,,,,,,,,,,,
95,95,,Linden PIS,,,,,Airport - Aircraft - Cargo - PIS,,,El Salvador,,"Root cutting, crown, or clump, Tuberous Root",,CACTUSINTER CO LTD,4,13862,,,,,,17,,,,,,,,,,,,,,,
95,95,,Linden PIS,,,,,Airport - Aircraft - Cargo - PIS,,,Nicaragua,,Meristem or Callus Tissue Culture (micropropagated/in vitro culture),,HV AGROPLANTAS S.R.L.,26,5366,,,,,,20,,,,,,,,,,,,,,,
95,95,,Miami PIS,,,,,Airport - Aircraft - Cargo - PIS,,,Philippines,,Rooted Plant (including grafted),,FLORICULTURA Y CIA LTDA,0,1981,,,,,,19,,,,,,,,,,,,,,,
96,96,,Orlando PIS,,,,,Maritime Port - Vessel - Cargo - PIS,,,China,,Meristem or Callus Tissue Culture (micropropagated/in vitro culture),,Not Selected,0,171,,,,,,15,,,,,,,,,,,,,,,
96,96,,Miami PIS,,,,,Airport - Aircraft - Cargo - PIS,,,Costa Rica,,Unrooted Cutting,,LIANYUNGANG FLORWER KING,6,12497,,,,,,25,,,,,,,,,,,,,,,
96,96,,Nogales PIS,,,,,Airport - Aircraft - Cargo - PIS,,,Taiwan,,Unrooted Cutting,,FERNANDO DAVID CHAVES GONZALES,12,14698,,,,,,28,,,,,,,,,,,,,,,
96,96,,Los Indios PIS,,,,,Airport - Aircraft - Cargo - PIS,,,Canada,,Unrooted Cutting,,Plantas De Mi Tierra S.A.,0,352,,,,,,8,,,,,,,,,,,,,,,
96,96,,Miami PIS,,,,,Airport - Aircraft - Express Carrier - PIS,,,Germany,,Unrooted Cutting,,INNOVAPLANT DE COSTA RICA,0,550,,,,,,6,,,,,,,,,,,,,,,
96,96,,Miami PIS,,,,,Airport - Aircraft - Cargo - PIS,,,Germany,,Rooted Plant (including grafted),,KAPOK PLANTAS  SOCIEDAD ANONIMA,23,1534,,,,,,19,,,,,,,,,,,,,,,
96,96,,Miami PIS,,,,,Airport - Aircraft - Cargo - PIS,,,China,,Unrooted Cutting,,COSTA FARMS,26,63830,,,,,,27,,,,,,,,,,,,,,,
96,96,,Linden PIS,,,,,Airport - Aircraft - Cargo - PIS,,,Guatemala,,Unrooted Cutting,,-COOPEINDIA R.L. Box 17-21,30,28094,,,,,,10,,,,,,,,,,,,,,,
96,96,,Miami PIS,,,,,Airport - Aircraft - Cargo - PIS,,,Viet Nam,,Unrooted Cutting,,PRODUCTOS VALPARAISO,1,18781,,,,,,7,,,,,,,,,,,,,,,
97,97,,Miami PIS,,,,,Airport - Aircraft - Cargo - PIS,,,Belgium,,Meristem or Callus Tissue Culture (micropropagated/in vitro culture),,M Y M PRODUCTORES S A ,17,10350,,,,,,6,,,,,,,,,,,,,,,
97,97,,Miami PIS,,,,,Airport - Aircraft - Cargo - PIS,,,Netherlands,,Unrooted Cutting,,Same as Shipper,640,42693,,,,,,26,,,,,,,,,,,,,,,
97,97,,Miami PIS,,,,,Airport - Aircraft - Express Carrier - PIS,,,Thailand,,Rooted Cutting (including air layer),,ZACATE ORNAMENTAL Y DECORATIVO,5,18686,,,,,,8,,,,,,,,,,,,,,,
97,97,,Los Angeles PIS,,,,,Airport - Aircraft - Cargo - PIS,,,United States of America,,Rooted Plant (including grafted),,ORNAMENTAL DE SAPO  VERDE  1201,3,29157,,,,,,18,,,,,,,,,,,,,,,
97,97,,JFK PIS,,,,,Airport - Aircraft - Cargo - PIS,,,Netherlands,,Rooted Plant (including grafted),,AGRO MARIA LINDA S. A.,0,46,,,,,,9,,,,,,,,,,,,,,,
97,97,,Miami PIS,,,,,Airport - Aircraft - Cargo - PIS,,,Guatemala,,Rooted Plant (including grafted),,FUJIAN LINGBO IMP AND EXP CO LTD,51,90906,,,,,,9,,,,,,,,,,,,,,,
97,97,,Linden PIS,,,,,Airport - Aircraft - Cargo - PIS,,,Guatemala,,Rooted Plant (including grafted),,BLOOMSPOT,18,250,,,,,,28,,,,,,,,,,,,,,,
97,97,,Miami PIS,,,,,Maritime Port - Vessel - Cargo - PIS,,,Thailand,,Unrooted Cutting,,Interfoliage,3,22852,,,,,,24,,,,,,,,,,,,,,,
97,97,,Miami PIS,,,,,Airport - Aircraft - Cargo - PIS,,,Netherlands,,Rooted Plant (including grafted),,Not Selected,8,113433,,,,,,1,,,,,,,,,,,,,,,
97,97,,Miami PIS,,,,,Airport - Aircraft - Cargo - PIS,,,Canada,,Unrooted Cutting,,POPOW ORCHIDS,7,114510,,,,,,13,,,,,,,,,,,,,,,
97,97,,Atlanta PIS,,,,,Maritime Port - Vessel - Cargo - PIS,,,Costa Rica,,Meristem or Callus Tissue Culture (micropropagated/in vitro culture),,LA FLORESTA ORNAMENTALES S.A.,14,20864,,,,,,18,,,,,,,,,,,,,,,
97,97,,Miami PIS,,,,,Maritime Port - Vessel - Cargo - PIS,,,Costa Rica,,Meristem or Callus Tissue Culture (micropropagated/in vitro culture),,HSIEH CHIE LIANG,0,1,,,,,,22,,,,,,,,,,,,,,,
97,97,,Miami PIS,,,,,Airport - Aircraft - Cargo - PIS,,,Thailand,,Rooted Plant (including grafted),,LA FLORESTA ORNAMENTALES S.A.,14,739,,,,,,4,,,,,,,,,,,,,,,
97,97,,Miami PIS,,,,,Airport - Aircraft - Cargo - PIS,,,Kenya,,Unrooted Cutting,,Mr. Wirote Makmoon,938,886,,,,,,15,,,,,,,,,,,,,,,
97,97,,Honolulu PIS,,,,,Airport - Aircraft - Cargo - PIS,,,Costa Rica,,Rooted Plant (including grafted),,"ZION PLANTS, SOCIEDAD ANONIMA",11,5251,,,,,,15,,,,,,,,,,,,,,,
97,97,,Miami PIS,,,,,Airport - Aircraft - Cargo - PIS,,,Peru,,Unrooted Cutting,,DALAT HASFARM AGRIVINA LTD,12,39727,,,,,,21,,,,,,,,,,,,,,,
98,98,,Miami PIS,,,,,Airport - Aircraft - Cargo - PIS,,,China,,Meristem or Callus Tissue Culture (micropropagated/in vitro culture),,SAPO VERDE 1001,4,9858,,,,,,23,,,,,,,,,,,,,,,
98,98,,Miami PIS,,,,,Airport - Aircraft - Cargo - PIS,,,Costa Rica,,Rooted Plant (including grafted),,Vita Farms 1701,96,171923,,,,,,11,,,,,,,,,,,,,,,
98,98,,Miami PIS,,,,,Airport - Aircraft - Cargo - PIS,,,Ecuador,,Unrooted Cutting,,INNOVA PLANT DE COSTA RICA SA,1,201,,,,,,23,,,,,,,,,,,,,,,
98,98,,JFK PIS,,,,,Maritime Port - Vessel - Cargo - PIS,,,China,,Rooted Plant (including grafted),,AYO AGRICULTURA E COMERCIO,23,15884,,,,,,7,,,,,,,,,,,,,,,
99,99,,Miami PIS,,,,,Maritime Port - Vessel - Cargo - PIS,,,Costa Rica,,Rooted Plant (including grafted),,FLORAPLANT SA DE CV,114,34,,,,,,9,,,,,,,,,,,,,,,
99,99,,JFK PIS,,,,,Airport - Aircraft - Cargo - PIS,,,Thailand,,Unrooted Cutting,,VITA FARMS Box 801-840,1,75,,,,,,6,,,,,,,,,,,,,,,
99,99,,Linden PIS,,,,,Airport - Aircraft - Cargo - PIS,,,Mexico,,Unrooted Cutting,,ATEN BIOTECH P LTD,10,19447,,,,,,23,,,,,,,,,,,,,,,
99,99,,Miami PIS,,,,,Airport - Aircraft - Cargo - PIS,,,Viet Nam,,Rooted Plant (including grafted),,Vita Farms Boxes 1201-1255,5,13,,,,,,25,,,,,,,,,,,,,,,
99,99,,Miami PIS,,,,,Airport - Aircraft - Cargo - PIS,,,Kenya,,Unrooted Cutting,,INVERSIONES AGROCOMERCIALES (IVAGRO),21,4464,,,,,,15,,,,,,,,,,,,,,,
99,99,,Los Indios PIS,,,,,Airport - Aircraft - Cargo - PIS,,,Thailand,,Unrooted Cutting,,INDUSTRIAS AGRICOLAS 23-32,13,51917,,,,,,27,,,,,,,,,,,,,,,
99,99,,Miami PIS,,,,,Airport - Aircraft - Cargo - PIS,,,Mexico,,Meristem or Callus Tissue Culture (micropropagated/in vitro culture),,MONRA SA,17,263642,,,,,,16,,,,,,,,,,,,,,,
99,99,,JFK PIS,,,,,Airport - Aircraft - Cargo - PIS,,,China,,Rooted Plant (including grafted),,LOS PINOS POPTUN,3,44733,,,,,,6,,,,,,,,,,,,,,,
99,99,,Los Angeles PIS,,,,,Airport - Aircraft - Cargo - PIS,,,Indonesia,,Rooted Plant (including grafted),,TROPICA DEL ATLANTICO,39,22225,,,,,,26,,,,,,,,,,,,,,,
100,100,,Miami PIS,,,,,Airport - Aircraft - Cargo - PIS,,,Costa Rica,,Rooted Plant (including grafted),,TUCAN EXPORTERS,318,53007,,,,,,21,,,,,,,,,,,,,,,
100,100,,Miami PIS,,,,,Airport - Aircraft - Cargo - PIS,,,China,,Rooted Plant (including grafted),,ZHONGSHAN BRIGHTEN FLORICULTURE,19,5089,,,,,,24,,,,,,,,,,,,,,,
100,100,,Los Angeles PIS,,,,,Airport - Aircraft - Cargo - PIS,,,China,,Unrooted Cutting,,CACTUSINTER CO LTD,238,17070,,,,,,19,,,,,,,,,,,,,,,
100,100,,Linden PIS,,,,,Airport - Aircraft - Cargo - PIS,,,Taiwan,,Unrooted Plant,,-COOPEINDIA R.L. Box 17-21,942,52931,,,,,,17,,,,,,,,,,,,,,,
100,100,,Miami PIS,,,,,Airport - Aircraft - Cargo - PIS,,,China,,Meristem or Callus Tissue Culture (micropropagated/in vitro culture),,"THAI EXOTIC GREENERY CO., LTD",9,14198,,,,,,27,,,,,,,,,,,,,,,
100,100,,Miami PIS,,,,,Airport - Aircraft - Cargo - PIS,,,Costa Rica,,Unrooted Cutting,,"TRIPLE Q INTERNATIONAL CO., LTD",18,775,,,,,,25,,,,,,,,,,,,,,,
100,100,,Miami PIS,,,,,Airport - Aircraft - Cargo - PIS,,,El Salvador,,Unrooted Cutting,,FERTIPLANT BV,23,138507,,,,,,19,,,,,,,,,,,,,,,
100,100,,Miami PIS,,,,,Airport - Aircraft - Cargo - PIS,,,Ethiopia,,Unrooted Cutting,,LATHY FLORA KENYA LIMITED,17,5194,,,,,,13,,,,,,,,,,,,,,,
100,100,,Miami PIS,,,,,Airport - Aircraft - Cargo - PIS,,,Costa Rica,,Rooted Plant (including grafted),,DARWIN COLOMBIA S.A.S,0,1624,,,,,,4,,,,,,,,,,,,,,,
100,100,,Atlanta PIS,,,,,Airport - Aircraft - Cargo - PIS,,,Guatemala,,Unrooted Cutting,,MICROPLANTAS S.A.,0,10162,,,,,,16,,,,,,,,,,,,,,,
100,100,,Miami PIS,,,,,Airport - Aircraft - Cargo - PIS,,,Guatemala,,"Bulb, Corm, Rhizome, Tuberous Stem",,SUPER NURSERY,1,282,,,,,,21,,,,,,,,,,,,,,,
100,100,,Miami PIS,,,,,Airport - Aircraft - Cargo - PIS,,,Guatemala,,Rooted Cutting (including air layer),,M & M Productores 1,49,157495,,,,,,18,,,,,,,,,,,,,,,
100,100,,Atlanta PIS,,,,,Airport - Aircraft - Express Carrier - PIS,,,China,,Unrooted Cutting,,DARWIN COLOMBIA S.A.S,60,191890,,,,,,2,,,,,,,,,,,,,,,
100,100,,Miami PIS,,,,,Airport - Aircraft - Cargo - PIS,,,Thailand,,Unrooted Plant,,Not Selected,7,3927,,,,,,20,,,,,,,,,,,,,,,
100,100,,Miami PIS,,,,,Airport - Aircraft - Cargo - PIS,,,India,,Rooted Plant (including grafted),,BI VERDE,3,225,,,,,,8,,,,,,,,,,,,,,,
100,100,,Atlanta PIS,,,,,Airport - Aircraft - Express Carrier - PIS,,,Guatemala,,Unrooted Cutting,,PLANTEXPO,1,593,,,,,,17,,,,,,,,,,,,,,,
100,100,,Miami PIS,,,,,Airport - Aircraft - Cargo - PIS,,,Thailand,,Rooted Plant (including grafted),,PALKI  S.A.,1,77,,,,,,17,,,,,,,,,,,,,,,
100,100,,Miami PIS,,,,,Airport - Aircraft - Cargo - PIS,,,Netherlands,,Rooted Plant (including grafted),,M & R AGROEXPORTS,1,2229,,,,,,1,,,,,,,,,,,,,,,
100,100,,Miami PIS,,,,,Airport - Aircraft - Cargo - PIS,,,Guatemala,,Rooted Plant (including grafted),,Not Selected,1,1443,,,,,,16,,,,,,,,,,,,,,,
100,100,,Miami PIS,,,,,Airport - Aircraft - Cargo - PIS,,,Japan,,Meristem or Callus Tissue Culture (micropropagated/in vitro culture),,Not Selected,7,14719,,,,,,21,,,,,,,,,,,,,,,
100,100,,Miami PIS,,,,,Maritime Port - Vessel - Cargo - PIS,,,Malaysia,,Unrooted Cutting,,KOREA FLORICULTURE AGRICULTURALCOO,5,10790,,,,,,11,,,,,,,,,,,,,,,
100,100,,JFK PIS,,,,,Airport - Aircraft - Cargo - PIS,,,Thailand,,Rooted Plant (including grafted),,DARWIN COLOMBIA SAS,152,729591,,,,,,11,,,,,,,,,,,,,,,
