INSPECTION_ID,INSPECTION_NUMBER,INSPECTION_LOCATION_ID,INSPECTION_LOCATION_NAME,INSPECTION_LOCATION_STATE_CODE,CATEGORY,SUBCATEGORY,PATHWAY_ID,PATHWAY,ID,COUNTRY_OF_ORIGIN_ID,COUNTRY_OF_ORIGIN_NAME,PROPAGATIVE_MATERIAL_TYPE_ID,PROPAGATIVE_MATERIAL_TYPE,PRODUCER_ID,PRODUCER_NAME,TOTAL_SAMPLING_UNITS,TOTAL_PLANT_QUANTITY,SUBMITTED_DATETIME,REMARKS,CONFIDENCE_LEVEL,RISK_RATING,DETECTION_LEVEL,REQUIRED_NUMBER_OF_BOXES,PULL_NUMBERS,IS_CERTIFIED_OFFSHORE_GREENHOUSE,IS_ACTIVE,CREATED_BY_USER_ID,CREATED_BY_USER_FIRST_NAME,CREATED_BY_USER_MIDDLE_NAME,CREATED_BY_USER_LAST_NAME,CREATED_DATETIME,MODIFIED_BY_USER_ID,MODIFIED_BY_USER_FIRST_NAME,MODIFIED_BY_USER_MIDDLE_NAME,MODIFIED_BY_USER_LAST_NAME,MODIFIED_DATETIME,remarks2,pack_plant
1,,,,,,,,None,,,Tanzania,,,,,100,20000,,,,,,25,,,,,,,,,,,,,,,
1,,,,,,,,None,,,Tanzania,,,,,100,20000,,,,,,25,,,,,,,,,,,,,,,
1,,,,,,,,None,,,Tanzania,,,,,100,20000,,,,,,25,,,,,,,,,,,,,,,
1,,,,,,,,None,,,Tanzania,,,,,100,20000,,,,,,25,,,,,,,,,,,,,,,
1,,,,,,,,None,,,Tanzania,,,,,100,20000,,,,,,25,,,,,,,,,,,,,,,
1,,,,,,,,None,,,Tanzania,,,,,100,20000,,,,,,25,,,,,,,,,,,,,,,
1,,,,,,,,None,,,Tanzania,,,,,100,20000,,,,,,25,,,,,,,,,,,,,,,
1,,,,,,,,None,,,Tanzania,,,,,100,20000,,,,,,25,,,,,,,,,,,,,,,
1,,,,,,,,None,,,Tanzania,,,,,100,20000,,,,,,25,,,,,,,,,,,,,,,
1,,,,,,,,None,,,Tanzania,,,,,100,20000,,,,,,25,,,,,,,,,,,,,,,
1,,,,,,,,None,,,Tanzania,,,,,100,20000,,,,,,25,,,,,,,,,,,,,,,
1,,,,,,,,None,,,Tanzania,,,,,100,20000,,,,,,25,,,,,,,,,,,,,,,
1,,,,,,,,None,,,Tanzania,,,,,100,20000,,,,,,25,,,,,,,,,,,,,,,
1,,,,,,,,None,,,Tanzania,,,,,100,20000,,,,,,25,,,,,,,,,,,,,,,
1,,,,,,,,None,,,Tanzania,,,,,100,20000,,,,,,25,,,,,,,,,,,,,,,
1,,,,,,,,None,,,Tanzania,,,,,100,20000,,,,,,25,,,,,,,,,,,,,,,
1,,,,,,,,None,,,Tanzania,,,,,100,20000,,,,,,25,,,,,,,,,,,,,,,
1,,,,,,,,None,,,Tanzania,,,,,100,20000,,,,,,25,,,,,,,,,,,,,,,
1,,,,,,,,None,,,Tanzania,,,,,100,20000,,,,,,25,,,,,,,,,,,,,,,
1,,,,,,,,None,,,Tanzania,,,,,100,20000,,,,,,25,,,,,,,,,,,,,,,
1,,,,,,,,None,,,Tanzania,,,,,100,20000,,,,,,25,,,,,,,,,,,,,,,
1,,,,,,,,None,,,Tanzania,,,,,100,20000,,,,,,25,,,,,,,,,,,,,,,
1,,,,,,,,None,,,Tanzania,,,,,100,20000,,,,,,25,,,,,,,,,,,,,,,
1,,,,,,,,None,,,Tanzania,,,,,100,20000,,,,,,25,,,,,,,,,,,,,,,
1,,,,,,,,None,,,Tanzania,,,,,100,20000,,,,,,25,,,,,,,,,,,,,,,
2,,,,,,,,None,,,India,,,,,100,20000,,,,,,25,,,,,,,,,,,,,,,
2,,,,,,,,None,,,India,,,,,100,20000,,,,,,25,,,,,,,,,,,,,,,
2,,,,,,,,None,,,India,,,,,100,20000,,,,,,25,,,,,,,,,,,,,,,
2,,,,,,,,None,,,India,,,,,100,20000,,,,,,25,,,,,,,,,,,,,,,
2,,,,,,,,None,,,India,,,,,100,20000,,,,,,25,,,,,,,,,,,,,,,
2,,,,,,,,None,,,India,,,,,100,20000,,,,,,25,,,,,,,,,,,,,,,
2,,,,,,,,None,,,India,,,,,100,20000,,,,,,25,,,,,,,,,,,,,,,
2,,,,,,,,None,,,India,,,,,100,20000,,,,,,25,,,,,,,,,,,,,,,
2,,,,,,,,None,,,India,,,,,100,20000,,,,,,25,,,,,,,,,,,,,,,
2,,,,,,,,None,,,India,,,,,100,20000,,,,,,25,,,,,,,,,,,,,,,
2,,,,,,,,None,,,India,,,,,100,20000,,,,,,25,,,,,,,,,,,,,,,
2,,,,,,,,None,,,India,,,,,100,20000,,,,,,25,,,,,,,,,,,,,,,
2,,,,,,,,None,,,India,,,,,100,20000,,,,,,25,,,,,,,,,,,,,,,
2,,,,,,,,None,,,India,,,,,100,20000,,,,,,25,,,,,,,,,,,,,,,
2,,,,,,,,None,,,India,,,,,100,20000,,,,,,25,,,,,,,,,,,,,,,
2,,,,,,,,None,,,India,,,,,100,20000,,,,,,25,,,,,,,,,,,,,,,
2,,,,,,,,None,,,India,,,,,100,20000,,,,,,25,,,,,,,,,,,,,,,
2,,,,,,,,None,,,India,,,,,100,20000,,,,,,25,,,,,,,,,,,,,,,
2,,,,,,,,None,,,India,,,,,100,20000,,,,,,25,,,,,,,,,,,,,,,
2,,,,,,,,None,,,India,,,,,100,20000,,,,,,25,,,,,,,,,,,,,,,
2,,,,,,,,None,,,India,,,,,100,20000,,,,,,25,,,,,,,,,,,,,,,
2,,,,,,,,None,,,India,,,,,100,20000,,,,,,25,,,,,,,,,,,,,,,
2,,,,,,,,None,,,India,,,,,100,20000,,,,,,25,,,,,,,,,,,,,,,
2,,,,,,,,None,,,India,,,,,100,20000,,,,,,25,,,,,,,,,,,,,,,
2,,,,,,,,None,,,India,,,,,100,20000,,,,,,25,,,,,,,,,,,,,,,
3,,,,,,,,None,,,Israel,,,,,100,20000,,,,,,25,,,,,,,,,,,,,,,
3,,,,,,,,None,,,Israel,,,,,100,20000,,,,,,25,,,,,,,,,,,,,,,
3,,,,,,,,None,,,Israel,,,,,100,20000,,,,,,25,,,,,,,,,,,,,,,
3,,,,,,,,None,,,Israel,,,,,100,20000,,,,,,25,,,,,,,,,,,,,,,
3,,,,,,,,None,,,Israel,,,,,100,20000,,,,,,25,,,,,,,,,,,,,,,
3,,,,,,,,None,,,Israel,,,,,100,20000,,,,,,25,,,,,,,,,,,,,,,
3,,,,,,,,None,,,Israel,,,,,100,20000,,,,,,25,,,,,,,,,,,,,,,
3,,,,,,,,None,,,Israel,,,,,100,20000,,,,,,25,,,,,,,,,,,,,,,
3,,,,,,,,None,,,Israel,,,,,100,20000,,,,,,25,,,,,,,,,,,,,,,
3,,,,,,,,None,,,Israel,,,,,100,20000,,,,,,25,,,,,,,,,,,,,,,
3,,,,,,,,None,,,Israel,,,,,100,20000,,,,,,25,,,,,,,,,,,,,,,
3,,,,,,,,None,,,Israel,,,,,100,20000,,,,,,25,,,,,,,,,,,,,,,
3,,,,,,,,None,,,Israel,,,,,100,20000,,,,,,25,,,,,,,,,,,,,,,
3,,,,,,,,None,,,Israel,,,,,100,20000,,,,,,25,,,,,,,,,,,,,,,
3,,,,,,,,None,,,Israel,,,,,100,20000,,,,,,25,,,,,,,,,,,,,,,
3,,,,,,,,None,,,Israel,,,,,100,20000,,,,,,25,,,,,,,,,,,,,,,
3,,,,,,,,None,,,Israel,,,,,100,20000,,,,,,25,,,,,,,,,,,,,,,
3,,,,,,,,None,,,Israel,,,,,100,20000,,,,,,25,,,,,,,,,,,,,,,
3,,,,,,,,None,,,Israel,,,,,100,20000,,,,,,25,,,,,,,,,,,,,,,
3,,,,,,,,None,,,Israel,,,,,100,20000,,,,,,25,,,,,,,,,,,,,,,
3,,,,,,,,None,,,Israel,,,,,100,20000,,,,,,25,,,,,,,,,,,,,,,
3,,,,,,,,None,,,Israel,,,,,100,20000,,,,,,25,,,,,,,,,,,,,,,
3,,,,,,,,None,,,Israel,,,,,100,20000,,,,,,25,,,,,,,,,,,,,,,
3,,,,,,,,None,,,Israel,,,,,100,20000,,,,,,25,,,,,,,,,,,,,,,
3,,,,,,,,None,,,Israel,,,,,100,20000,,,,,,25,,,,,,,,,,,,,,,
4,,,,,,,,None,,,Israel,,,,,100,20000,,,,,,25,,,,,,,,,,,,,,,
4,,,,,,,,None,,,Israel,,,,,100,20000,,,,,,25,,,,,,,,,,,,,,,
4,,,,,,,,None,,,Israel,,,,,100,20000,,,,,,25,,,,,,,,,,,,,,,
4,,,,,,,,None,,,Israel,,,,,100,20000,,,,,,25,,,,,,,,,,,,,,,
4,,,,,,,,None,,,Israel,,,,,100,20000,,,,,,25,,,,,,,,,,,,,,,
4,,,,,,,,None,,,Israel,,,,,100,20000,,,,,,25,,,,,,,,,,,,,,,
4,,,,,,,,None,,,Israel,,,,,100,20000,,,,,,25,,,,,,,,,,,,,,,
4,,,,,,,,None,,,Israel,,,,,100,20000,,,,,,25,,,,,,,,,,,,,,,
4,,,,,,,,None,,,Israel,,,,,100,20000,,,,,,25,,,,,,,,,,,,,,,
4,,,,,,,,None,,,Israel,,,,,100,20000,,,,,,25,,,,,,,,,,,,,,,
4,,,,,,,,None,,,Israel,,,,,100,20000,,,,,,25,,,,,,,,,,,,,,,
4,,,,,,,,None,,,Israel,,,,,100,20000,,,,,,25,,,,,,,,,,,,,,,
4,,,,,,,,None,,,Israel,,,,,100,20000,,,,,,25,,,,,,,,,,,,,,,
4,,,,,,,,None,,,Israel,,,,,100,20000,,,,,,25,,,,,,,,,,,,,,,
4,,,,,,,,None,,,Israel,,,,,100,20000,,,,,,25,,,,,,,,,,,,,,,
4,,,,,,,,None,,,Israel,,,,,100,20000,,,,,,25,,,,,,,,,,,,,,,
4,,,,,,,,None,,,Israel,,,,,100,20000,,,,,,25,,,,,,,,,,,,,,,
4,,,,,,,,None,,,Israel,,,,,100,20000,,,,,,25,,,,,,,,,,,,,,,
4,,,,,,,,None,,,Israel,,,,,100,20000,,,,,,25,,,,,,,,,,,,,,,
4,,,,,,,,None,,,Israel,,,,,100,20000,,,,,,25,,,,,,,,,,,,,,,
4,,,,,,,,None,,,Israel,,,,,100,20000,,,,,,25,,,,,,,,,,,,,,,
4,,,,,,,,None,,,Israel,,,,,100,20000,,,,,,25,,,,,,,,,,,,,,,
4,,,,,,,,None,,,Israel,,,,,100,20000,,,,,,25,,,,,,,,,,,,,,,
4,,,,,,,,None,,,Israel,,,,,100,20000,,,,,,25,,,,,,,,,,,,,,,
4,,,,,,,,None,,,Israel,,,,,100,20000,,,,,,25,,,,,,,,,,,,,,,
5,,,,,,,,None,,,Netherlands,,,,,100,20000,,,,,,25,,,,,,,,,,,,,,,
5,,,,,,,,None,,,Netherlands,,,,,100,20000,,,,,,25,,,,,,,,,,,,,,,
5,,,,,,,,None,,,Netherlands,,,,,100,20000,,,,,,25,,,,,,,,,,,,,,,
5,,,,,,,,None,,,Netherlands,,,,,100,20000,,,,,,25,,,,,,,,,,,,,,,
5,,,,,,,,None,,,Netherlands,,,,,100,20000,,,,,,25,,,,,,,,,,,,,,,
5,,,,,,,,None,,,Netherlands,,,,,100,20000,,,,,,25,,,,,,,,,,,,,,,
5,,,,,,,,None,,,Netherlands,,,,,100,20000,,,,,,25,,,,,,,,,,,,,,,
5,,,,,,,,None,,,Netherlands,,,,,100,20000,,,,,,25,,,,,,,,,,,,,,,
5,,,,,,,,None,,,Netherlands,,,,,100,20000,,,,,,25,,,,,,,,,,,,,,,
5,,,,,,,,None,,,Netherlands,,,,,100,20000,,,,,,25,,,,,,,,,,,,,,,
5,,,,,,,,None,,,Netherlands,,,,,100,20000,,,,,,25,,,,,,,,,,,,,,,
5,,,,,,,,None,,,Netherlands,,,,,100,20000,,,,,,25,,,,,,,,,,,,,,,
5,,,,,,,,None,,,Netherlands,,,,,100,20000,,,,,,25,,,,,,,,,,,,,,,
5,,,,,,,,None,,,Netherlands,,,,,100,20000,,,,,,25,,,,,,,,,,,,,,,
5,,,,,,,,None,,,Netherlands,,,,,100,20000,,,,,,25,,,,,,,,,,,,,,,
5,,,,,,,,None,,,Netherlands,,,,,100,20000,,,,,,25,,,,,,,,,,,,,,,
5,,,,,,,,None,,,Netherlands,,,,,100,20000,,,,,,25,,,,,,,,,,,,,,,
5,,,,,,,,None,,,Netherlands,,,,,100,20000,,,,,,25,,,,,,,,,,,,,,,
5,,,,,,,,None,,,Netherlands,,,,,100,20000,,,,,,25,,,,,,,,,,,,,,,
5,,,,,,,,None,,,Netherlands,,,,,100,20000,,,,,,25,,,,,,,,,,,,,,,
5,,,,,,,,None,,,Netherlands,,,,,100,20000,,,,,,25,,,,,,,,,,,,,,,
5,,,,,,,,None,,,Netherlands,,,,,100,20000,,,,,,25,,,,,,,,,,,,,,,
5,,,,,,,,None,,,Netherlands,,,,,100,20000,,,,,,25,,,,,,,,,,,,,,,
5,,,,,,,,None,,,Netherlands,,,,,100,20000,,,,,,25,,,,,,,,,,,,,,,
5,,,,,,,,None,,,Netherlands,,,,,100,20000,,,,,,25,,,,,,,,,,,,,,,
6,,,,,,,,None,,,Netherlands,,,,,100,20000,,,,,,25,,,,,,,,,,,,,,,
6,,,,,,,,None,,,Netherlands,,,,,100,20000,,,,,,25,,,,,,,,,,,,,,,
6,,,,,,,,None,,,Netherlands,,,,,100,20000,,,,,,25,,,,,,,,,,,,,,,
6,,,,,,,,None,,,Netherlands,,,,,100,20000,,,,,,25,,,,,,,,,,,,,,,
6,,,,,,,,None,,,Netherlands,,,,,100,20000,,,,,,25,,,,,,,,,,,,,,,
6,,,,,,,,None,,,Netherlands,,,,,100,20000,,,,,,25,,,,,,,,,,,,,,,
6,,,,,,,,None,,,Netherlands,,,,,100,20000,,,,,,25,,,,,,,,,,,,,,,
6,,,,,,,,None,,,Netherlands,,,,,100,20000,,,,,,25,,,,,,,,,,,,,,,
6,,,,,,,,None,,,Netherlands,,,,,100,20000,,,,,,25,,,,,,,,,,,,,,,
6,,,,,,,,None,,,Netherlands,,,,,100,20000,,,,,,25,,,,,,,,,,,,,,,
6,,,,,,,,None,,,Netherlands,,,,,100,20000,,,,,,25,,,,,,,,,,,,,,,
6,,,,,,,,None,,,Netherlands,,,,,100,20000,,,,,,25,,,,,,,,,,,,,,,
6,,,,,,,,None,,,Netherlands,,,,,100,20000,,,,,,25,,,,,,,,,,,,,,,
6,,,,,,,,None,,,Netherlands,,,,,100,20000,,,,,,25,,,,,,,,,,,,,,,
6,,,,,,,,None,,,Netherlands,,,,,100,20000,,,,,,25,,,,,,,,,,,,,,,
6,,,,,,,,None,,,Netherlands,,,,,100,20000,,,,,,25,,,,,,,,,,,,,,,
6,,,,,,,,None,,,Netherlands,,,,,100,20000,,,,,,25,,,,,,,,,,,,,,,
6,,,,,,,,None,,,Netherlands,,,,,100,20000,,,,,,25,,,,,,,,,,,,,,,
6,,,,,,,,None,,,Netherlands,,,,,100,20000,,,,,,25,,,,,,,,,,,,,,,
6,,,,,,,,None,,,Netherlands,,,,,100,20000,,,,,,25,,,,,,,,,,,,,,,
6,,,,,,,,None,,,Netherlands,,,,,100,20000,,,,,,25,,,,,,,,,,,,,,,
6,,,,,,,,None,,,Netherlands,,,,,100,20000,,,,,,25,,,,,,,,,,,,,,,
6,,,,,,,,None,,,Netherlands,,,,,100,20000,,,,,,25,,,,,,,,,,,,,,,
6,,,,,,,,None,,,Netherlands,,,,,100,20000,,,,,,25,,,,,,,,,,,,,,,
6,,,,,,,,None,,,Netherlands,,,,,100,20000,,,,,,25,,,,,,,,,,,,,,,
7,,,,,,,,None,,,Japan,,,,,100,20000,,,,,,25,,,,,,,,,,,,,,,
7,,,,,,,,None,,,Japan,,,,,100,20000,,,,,,25,,,,,,,,,,,,,,,
7,,,,,,,,None,,,Japan,,,,,100,20000,,,,,,25,,,,,,,,,,,,,,,
7,,,,,,,,None,,,Japan,,,,,100,20000,,,,,,25,,,,,,,,,,,,,,,
7,,,,,,,,None,,,Japan,,,,,100,20000,,,,,,25,,,,,,,,,,,,,,,
7,,,,,,,,None,,,Japan,,,,,100,20000,,,,,,25,,,,,,,,,,,,,,,
7,,,,,,,,None,,,Japan,,,,,100,20000,,,,,,25,,,,,,,,,,,,,,,
7,,,,,,,,None,,,Japan,,,,,100,20000,,,,,,25,,,,,,,,,,,,,,,
7,,,,,,,,None,,,Japan,,,,,100,20000,,,,,,25,,,,,,,,,,,,,,,
7,,,,,,,,None,,,Japan,,,,,100,20000,,,,,,25,,,,,,,,,,,,,,,
7,,,,,,,,None,,,Japan,,,,,100,20000,,,,,,25,,,,,,,,,,,,,,,
7,,,,,,,,None,,,Japan,,,,,100,20000,,,,,,25,,,,,,,,,,,,,,,
7,,,,,,,,None,,,Japan,,,,,100,20000,,,,,,25,,,,,,,,,,,,,,,
7,,,,,,,,None,,,Japan,,,,,100,20000,,,,,,25,,,,,,,,,,,,,,,
7,,,,,,,,None,,,Japan,,,,,100,20000,,,,,,25,,,,,,,,,,,,,,,
7,,,,,,,,None,,,Japan,,,,,100,20000,,,,,,25,,,,,,,,,,,,,,,
7,,,,,,,,None,,,Japan,,,,,100,20000,,,,,,25,,,,,,,,,,,,,,,
7,,,,,,,,None,,,Japan,,,,,100,20000,,,,,,25,,,,,,,,,,,,,,,
7,,,,,,,,None,,,Japan,,,,,100,20000,,,,,,25,,,,,,,,,,,,,,,
7,,,,,,,,None,,,Japan,,,,,100,20000,,,,,,25,,,,,,,,,,,,,,,
7,,,,,,,,None,,,Japan,,,,,100,20000,,,,,,25,,,,,,,,,,,,,,,
7,,,,,,,,None,,,Japan,,,,,100,20000,,,,,,25,,,,,,,,,,,,,,,
7,,,,,,,,None,,,Japan,,,,,100,20000,,,,,,25,,,,,,,,,,,,,,,
7,,,,,,,,None,,,Japan,,,,,100,20000,,,,,,25,,,,,,,,,,,,,,,
7,,,,,,,,None,,,Japan,,,,,100,20000,,,,,,25,,,,,,,,,,,,,,,
8,,,,,,,,None,,,Japan,,,,,100,20000,,,,,,25,,,,,,,,,,,,,,,
8,,,,,,,,None,,,Japan,,,,,100,20000,,,,,,25,,,,,,,,,,,,,,,
8,,,,,,,,None,,,Japan,,,,,100,20000,,,,,,25,,,,,,,,,,,,,,,
8,,,,,,,,None,,,Japan,,,,,100,20000,,,,,,25,,,,,,,,,,,,,,,
8,,,,,,,,None,,,Japan,,,,,100,20000,,,,,,25,,,,,,,,,,,,,,,
8,,,,,,,,None,,,Japan,,,,,100,20000,,,,,,25,,,,,,,,,,,,,,,
8,,,,,,,,None,,,Japan,,,,,100,20000,,,,,,25,,,,,,,,,,,,,,,
8,,,,,,,,None,,,Japan,,,,,100,20000,,,,,,25,,,,,,,,,,,,,,,
8,,,,,,,,None,,,Japan,,,,,100,20000,,,,,,25,,,,,,,,,,,,,,,
8,,,,,,,,None,,,Japan,,,,,100,20000,,,,,,25,,,,,,,,,,,,,,,
8,,,,,,,,None,,,Japan,,,,,100,20000,,,,,,25,,,,,,,,,,,,,,,
8,,,,,,,,None,,,Japan,,,,,100,20000,,,,,,25,,,,,,,,,,,,,,,
8,,,,,,,,None,,,Japan,,,,,100,20000,,,,,,25,,,,,,,,,,,,,,,
8,,,,,,,,None,,,Japan,,,,,100,20000,,,,,,25,,,,,,,,,,,,,,,
8,,,,,,,,None,,,Japan,,,,,100,20000,,,,,,25,,,,,,,,,,,,,,,
8,,,,,,,,None,,,Japan,,,,,100,20000,,,,,,25,,,,,,,,,,,,,,,
8,,,,,,,,None,,,Japan,,,,,100,20000,,,,,,25,,,,,,,,,,,,,,,
8,,,,,,,,None,,,Japan,,,,,100,20000,,,,,,25,,,,,,,,,,,,,,,
8,,,,,,,,None,,,Japan,,,,,100,20000,,,,,,25,,,,,,,,,,,,,,,
8,,,,,,,,None,,,Japan,,,,,100,20000,,,,,,25,,,,,,,,,,,,,,,
8,,,,,,,,None,,,Japan,,,,,100,20000,,,,,,25,,,,,,,,,,,,,,,
8,,,,,,,,None,,,Japan,,,,,100,20000,,,,,,25,,,,,,,,,,,,,,,
8,,,,,,,,None,,,Japan,,,,,100,20000,,,,,,25,,,,,,,,,,,,,,,
8,,,,,,,,None,,,Japan,,,,,100,20000,,,,,,25,,,,,,,,,,,,,,,
8,,,,,,,,None,,,Japan,,,,,100,20000,,,,,,25,,,,,,,,,,,,,,,
9,,,,,,,,None,,,Tanzania,,,,,100,20000,,,,,,25,,,,,,,,,,,,,,,
9,,,,,,,,None,,,Tanzania,,,,,100,20000,,,,,,25,,,,,,,,,,,,,,,
9,,,,,,,,None,,,Tanzania,,,,,100,20000,,,,,,25,,,,,,,,,,,,,,,
9,,,,,,,,None,,,Tanzania,,,,,100,20000,,,,,,25,,,,,,,,,,,,,,,
9,,,,,,,,None,,,Tanzania,,,,,100,20000,,,,,,25,,,,,,,,,,,,,,,
9,,,,,,,,None,,,Tanzania,,,,,100,20000,,,,,,25,,,,,,,,,,,,,,,
9,,,,,,,,None,,,Tanzania,,,,,100,20000,,,,,,25,,,,,,,,,,,,,,,
9,,,,,,,,None,,,Tanzania,,,,,100,20000,,,,,,25,,,,,,,,,,,,,,,
9,,,,,,,,None,,,Tanzania,,,,,100,20000,,,,,,25,,,,,,,,,,,,,,,
9,,,,,,,,None,,,Tanzania,,,,,100,20000,,,,,,25,,,,,,,,,,,,,,,
9,,,,,,,,None,,,Tanzania,,,,,100,20000,,,,,,25,,,,,,,,,,,,,,,
9,,,,,,,,None,,,Tanzania,,,,,100,20000,,,,,,25,,,,,,,,,,,,,,,
9,,,,,,,,None,,,Tanzania,,,,,100,20000,,,,,,25,,,,,,,,,,,,,,,
9,,,,,,,,None,,,Tanzania,,,,,100,20000,,,,,,25,,,,,,,,,,,,,,,
9,,,,,,,,None,,,Tanzania,,,,,100,20000,,,,,,25,,,,,,,,,,,,,,,
9,,,,,,,,None,,,Tanzania,,,,,100,20000,,,,,,25,,,,,,,,,,,,,,,
9,,,,,,,,None,,,Tanzania,,,,,100,20000,,,,,,25,,,,,,,,,,,,,,,
9,,,,,,,,None,,,Tanzania,,,,,100,20000,,,,,,25,,,,,,,,,,,,,,,
9,,,,,,,,None,,,Tanzania,,,,,100,20000,,,,,,25,,,,,,,,,,,,,,,
9,,,,,,,,None,,,Tanzania,,,,,100,20000,,,,,,25,,,,,,,,,,,,,,,
9,,,,,,,,None,,,Tanzania,,,,,100,20000,,,,,,25,,,,,,,,,,,,,,,
9,,,,,,,,None,,,Tanzania,,,,,100,20000,,,,,,25,,,,,,,,,,,,,,,
9,,,,,,,,None,,,Tanzania,,,,,100,20000,,,,,,25,,,,,,,,,,,,,,,
9,,,,,,,,None,,,Tanzania,,,,,100,20000,,,,,,25,,,,,,,,,,,,,,,
9,,,,,,,,None,,,Tanzania,,,,,100,20000,,,,,,25,,,,,,,,,,,,,,,
10,,,,,,,,None,,,Tanzania,,,,,100,20000,,,,,,25,,,,,,,,,,,,,,,
10,,,,,,,,None,,,Tanzania,,,,,100,20000,,,,,,25,,,,,,,,,,,,,,,
10,,,,,,,,None,,,Tanzania,,,,,100,20000,,,,,,25,,,,,,,,,,,,,,,
10,,,,,,,,None,,,Tanzania,,,,,100,20000,,,,,,25,,,,,,,,,,,,,,,
10,,,,,,,,None,,,Tanzania,,,,,100,20000,,,,,,25,,,,,,,,,,,,,,,
10,,,,,,,,None,,,Tanzania,,,,,100,20000,,,,,,25,,,,,,,,,,,,,,,
10,,,,,,,,None,,,Tanzania,,,,,100,20000,,,,,,25,,,,,,,,,,,,,,,
10,,,,,,,,None,,,Tanzania,,,,,100,20000,,,,,,25,,,,,,,,,,,,,,,
10,,,,,,,,None,,,Tanzania,,,,,100,20000,,,,,,25,,,,,,,,,,,,,,,
10,,,,,,,,None,,,Tanzania,,,,,100,20000,,,,,,25,,,,,,,,,,,,,,,
10,,,,,,,,None,,,Tanzania,,,,,100,20000,,,,,,25,,,,,,,,,,,,,,,
10,,,,,,,,None,,,Tanzania,,,,,100,20000,,,,,,25,,,,,,,,,,,,,,,
10,,,,,,,,None,,,Tanzania,,,,,100,20000,,,,,,25,,,,,,,,,,,,,,,
10,,,,,,,,None,,,Tanzania,,,,,100,20000,,,,,,25,,,,,,,,,,,,,,,
10,,,,,,,,None,,,Tanzania,,,,,100,20000,,,,,,25,,,,,,,,,,,,,,,
10,,,,,,,,None,,,Tanzania,,,,,100,20000,,,,,,25,,,,,,,,,,,,,,,
10,,,,,,,,None,,,Tanzania,,,,,100,20000,,,,,,25,,,,,,,,,,,,,,,
10,,,,,,,,None,,,Tanzania,,,,,100,20000,,,,,,25,,,,,,,,,,,,,,,
10,,,,,,,,None,,,Tanzania,,,,,100,20000,,,,,,25,,,,,,,,,,,,,,,
10,,,,,,,,None,,,Tanzania,,,,,100,20000,,,,,,25,,,,,,,,,,,,,,,
10,,,,,,,,None,,,Tanzania,,,,,100,20000,,,,,,25,,,,,,,,,,,,,,,
10,,,,,,,,None,,,Tanzania,,,,,100,20000,,,,,,25,,,,,,,,,,,,,,,
10,,,,,,,,None,,,Tanzania,,,,,100,20000,,,,,,25,,,,,,,,,,,,,,,
10,,,,,,,,None,,,Tanzania,,,,,100,20000,,,,,,25,,,,,,,,,,,,,,,
10,,,,,,,,None,,,Tanzania,,,,,100,20000,,,,,,25,,,,,,,,,,,,,,,
11,,,,,,,,None,,,Israel,,,,,100,20000,,,,,,25,,,,,,,,,,,,,,,
11,,,,,,,,None,,,Israel,,,,,100,20000,,,,,,25,,,,,,,,,,,,,,,
11,,,,,,,,None,,,Israel,,,,,100,20000,,,,,,25,,,,,,,,,,,,,,,
11,,,,,,,,None,,,Israel,,,,,100,20000,,,,,,25,,,,,,,,,,,,,,,
11,,,,,,,,None,,,Israel,,,,,100,20000,,,,,,25,,,,,,,,,,,,,,,
11,,,,,,,,None,,,Israel,,,,,100,20000,,,,,,25,,,,,,,,,,,,,,,
11,,,,,,,,None,,,Israel,,,,,100,20000,,,,,,25,,,,,,,,,,,,,,,
11,,,,,,,,None,,,Israel,,,,,100,20000,,,,,,25,,,,,,,,,,,,,,,
11,,,,,,,,None,,,Israel,,,,,100,20000,,,,,,25,,,,,,,,,,,,,,,
11,,,,,,,,None,,,Israel,,,,,100,20000,,,,,,25,,,,,,,,,,,,,,,
11,,,,,,,,None,,,Israel,,,,,100,20000,,,,,,25,,,,,,,,,,,,,,,
11,,,,,,,,None,,,Israel,,,,,100,20000,,,,,,25,,,,,,,,,,,,,,,
11,,,,,,,,None,,,Israel,,,,,100,20000,,,,,,25,,,,,,,,,,,,,,,
11,,,,,,,,None,,,Israel,,,,,100,20000,,,,,,25,,,,,,,,,,,,,,,
11,,,,,,,,None,,,Israel,,,,,100,20000,,,,,,25,,,,,,,,,,,,,,,
11,,,,,,,,None,,,Israel,,,,,100,20000,,,,,,25,,,,,,,,,,,,,,,
11,,,,,,,,None,,,Israel,,,,,100,20000,,,,,,25,,,,,,,,,,,,,,,
11,,,,,,,,None,,,Israel,,,,,100,20000,,,,,,25,,,,,,,,,,,,,,,
11,,,,,,,,None,,,Israel,,,,,100,20000,,,,,,25,,,,,,,,,,,,,,,
11,,,,,,,,None,,,Israel,,,,,100,20000,,,,,,25,,,,,,,,,,,,,,,
11,,,,,,,,None,,,Israel,,,,,100,20000,,,,,,25,,,,,,,,,,,,,,,
11,,,,,,,,None,,,Israel,,,,,100,20000,,,,,,25,,,,,,,,,,,,,,,
11,,,,,,,,None,,,Israel,,,,,100,20000,,,,,,25,,,,,,,,,,,,,,,
11,,,,,,,,None,,,Israel,,,,,100,20000,,,,,,25,,,,,,,,,,,,,,,
11,,,,,,,,None,,,Israel,,,,,100,20000,,,,,,25,,,,,,,,,,,,,,,
12,,,,,,,,None,,,Netherlands,,,,,100,20000,,,,,,25,,,,,,,,,,,,,,,
12,,,,,,,,None,,,Netherlands,,,,,100,20000,,,,,,25,,,,,,,,,,,,,,,
12,,,,,,,,None,,,Netherlands,,,,,100,20000,,,,,,25,,,,,,,,,,,,,,,
12,,,,,,,,None,,,Netherlands,,,,,100,20000,,,,,,25,,,,,,,,,,,,,,,
12,,,,,,,,None,,,Netherlands,,,,,100,20000,,,,,,25,,,,,,,,,,,,,,,
12,,,,,,,,None,,,Netherlands,,,,,100,20000,,,,,,25,,,,,,,,,,,,,,,
12,,,,,,,,None,,,Netherlands,,,,,100,20000,,,,,,25,,,,,,,,,,,,,,,
12,,,,,,,,None,,,Netherlands,,,,,100,20000,,,,,,25,,,,,,,,,,,,,,,
12,,,,,,,,None,,,Netherlands,,,,,100,20000,,,,,,25,,,,,,,,,,,,,,,
12,,,,,,,,None,,,Netherlands,,,,,100,20000,,,,,,25,,,,,,,,,,,,,,,
12,,,,,,,,None,,,Netherlands,,,,,100,20000,,,,,,25,,,,,,,,,,,,,,,
12,,,,,,,,None,,,Netherlands,,,,,100,20000,,,,,,25,,,,,,,,,,,,,,,
12,,,,,,,,None,,,Netherlands,,,,,100,20000,,,,,,25,,,,,,,,,,,,,,,
12,,,,,,,,None,,,Netherlands,,,,,100,20000,,,,,,25,,,,,,,,,,,,,,,
12,,,,,,,,None,,,Netherlands,,,,,100,20000,,,,,,25,,,,,,,,,,,,,,,
12,,,,,,,,None,,,Netherlands,,,,,100,20000,,,,,,25,,,,,,,,,,,,,,,
12,,,,,,,,None,,,Netherlands,,,,,100,20000,,,,,,25,,,,,,,,,,,,,,,
12,,,,,,,,None,,,Netherlands,,,,,100,20000,,,,,,25,,,,,,,,,,,,,,,
12,,,,,,,,None,,,Netherlands,,,,,100,20000,,,,,,25,,,,,,,,,,,,,,,
12,,,,,,,,None,,,Netherlands,,,,,100,20000,,,,,,25,,,,,,,,,,,,,,,
12,,,,,,,,None,,,Netherlands,,,,,100,20000,,,,,,25,,,,,,,,,,,,,,,
12,,,,,,,,None,,,Netherlands,,,,,100,20000,,,,,,25,,,,,,,,,,,,,,,
12,,,,,,,,None,,,Netherlands,,,,,100,20000,,,,,,25,,,,,,,,,,,,,,,
12,,,,,,,,None,,,Netherlands,,,,,100,20000,,,,,,25,,,,,,,,,,,,,,,
12,,,,,,,,None,,,Netherlands,,,,,100,20000,,,,,,25,,,,,,,,,,,,,,,
13,,,,,,,,None,,,Mexico,,,,,100,20000,,,,,,25,,,,,,,,,,,,,,,
13,,,,,,,,None,,,Mexico,,,,,100,20000,,,,,,25,,,,,,,,,,,,,,,
13,,,,,,,,None,,,Mexico,,,,,100,20000,,,,,,25,,,,,,,,,,,,,,,
13,,,,,,,,None,,,Mexico,,,,,100,20000,,,,,,25,,,,,,,,,,,,,,,
13,,,,,,,,None,,,Mexico,,,,,100,20000,,,,,,25,,,,,,,,,,,,,,,
13,,,,,,,,None,,,Mexico,,,,,100,20000,,,,,,25,,,,,,,,,,,,,,,
13,,,,,,,,None,,,Mexico,,,,,100,20000,,,,,,25,,,,,,,,,,,,,,,
13,,,,,,,,None,,,Mexico,,,,,100,20000,,,,,,25,,,,,,,,,,,,,,,
13,,,,,,,,None,,,Mexico,,,,,100,20000,,,,,,25,,,,,,,,,,,,,,,
13,,,,,,,,None,,,Mexico,,,,,100,20000,,,,,,25,,,,,,,,,,,,,,,
13,,,,,,,,None,,,Mexico,,,,,100,20000,,,,,,25,,,,,,,,,,,,,,,
13,,,,,,,,None,,,Mexico,,,,,100,20000,,,,,,25,,,,,,,,,,,,,,,
13,,,,,,,,None,,,Mexico,,,,,100,20000,,,,,,25,,,,,,,,,,,,,,,
13,,,,,,,,None,,,Mexico,,,,,100,20000,,,,,,25,,,,,,,,,,,,,,,
13,,,,,,,,None,,,Mexico,,,,,100,20000,,,,,,25,,,,,,,,,,,,,,,
13,,,,,,,,None,,,Mexico,,,,,100,20000,,,,,,25,,,,,,,,,,,,,,,
13,,,,,,,,None,,,Mexico,,,,,100,20000,,,,,,25,,,,,,,,,,,,,,,
13,,,,,,,,None,,,Mexico,,,,,100,20000,,,,,,25,,,,,,,,,,,,,,,
13,,,,,,,,None,,,Mexico,,,,,100,20000,,,,,,25,,,,,,,,,,,,,,,
13,,,,,,,,None,,,Mexico,,,,,100,20000,,,,,,25,,,,,,,,,,,,,,,
13,,,,,,,,None,,,Mexico,,,,,100,20000,,,,,,25,,,,,,,,,,,,,,,
13,,,,,,,,None,,,Mexico,,,,,100,20000,,,,,,25,,,,,,,,,,,,,,,
13,,,,,,,,None,,,Mexico,,,,,100,20000,,,,,,25,,,,,,,,,,,,,,,
13,,,,,,,,None,,,Mexico,,,,,100,20000,,,,,,25,,,,,,,,,,,,,,,
13,,,,,,,,None,,,Mexico,,,,,100,20000,,,,,,25,,,,,,,,,,,,,,,
14,,,,,,,,None,,,Japan,,,,,100,20000,,,,,,25,,,,,,,,,,,,,,,
14,,,,,,,,None,,,Japan,,,,,100,20000,,,,,,25,,,,,,,,,,,,,,,
14,,,,,,,,None,,,Japan,,,,,100,20000,,,,,,25,,,,,,,,,,,,,,,
14,,,,,,,,None,,,Japan,,,,,100,20000,,,,,,25,,,,,,,,,,,,,,,
14,,,,,,,,None,,,Japan,,,,,100,20000,,,,,,25,,,,,,,,,,,,,,,
14,,,,,,,,None,,,Japan,,,,,100,20000,,,,,,25,,,,,,,,,,,,,,,
14,,,,,,,,None,,,Japan,,,,,100,20000,,,,,,25,,,,,,,,,,,,,,,
14,,,,,,,,None,,,Japan,,,,,100,20000,,,,,,25,,,,,,,,,,,,,,,
14,,,,,,,,None,,,Japan,,,,,100,20000,,,,,,25,,,,,,,,,,,,,,,
14,,,,,,,,None,,,Japan,,,,,100,20000,,,,,,25,,,,,,,,,,,,,,,
14,,,,,,,,None,,,Japan,,,,,100,20000,,,,,,25,,,,,,,,,,,,,,,
14,,,,,,,,None,,,Japan,,,,,100,20000,,,,,,25,,,,,,,,,,,,,,,
14,,,,,,,,None,,,Japan,,,,,100,20000,,,,,,25,,,,,,,,,,,,,,,
14,,,,,,,,None,,,Japan,,,,,100,20000,,,,,,25,,,,,,,,,,,,,,,
14,,,,,,,,None,,,Japan,,,,,100,20000,,,,,,25,,,,,,,,,,,,,,,
14,,,,,,,,None,,,Japan,,,,,100,20000,,,,,,25,,,,,,,,,,,,,,,
14,,,,,,,,None,,,Japan,,,,,100,20000,,,,,,25,,,,,,,,,,,,,,,
14,,,,,,,,None,,,Japan,,,,,100,20000,,,,,,25,,,,,,,,,,,,,,,
14,,,,,,,,None,,,Japan,,,,,100,20000,,,,,,25,,,,,,,,,,,,,,,
14,,,,,,,,None,,,Japan,,,,,100,20000,,,,,,25,,,,,,,,,,,,,,,
14,,,,,,,,None,,,Japan,,,,,100,20000,,,,,,25,,,,,,,,,,,,,,,
14,,,,,,,,None,,,Japan,,,,,100,20000,,,,,,25,,,,,,,,,,,,,,,
14,,,,,,,,None,,,Japan,,,,,100,20000,,,,,,25,,,,,,,,,,,,,,,
14,,,,,,,,None,,,Japan,,,,,100,20000,,,,,,25,,,,,,,,,,,,,,,
14,,,,,,,,None,,,Japan,,,,,100,20000,,,,,,25,,,,,,,,,,,,,,,
15,,,,,,,,None,,,Israel,,,,,100,20000,,,,,,25,,,,,,,,,,,,,,,
15,,,,,,,,None,,,Israel,,,,,100,20000,,,,,,25,,,,,,,,,,,,,,,
15,,,,,,,,None,,,Israel,,,,,100,20000,,,,,,25,,,,,,,,,,,,,,,
15,,,,,,,,None,,,Israel,,,,,100,20000,,,,,,25,,,,,,,,,,,,,,,
15,,,,,,,,None,,,Israel,,,,,100,20000,,,,,,25,,,,,,,,,,,,,,,
15,,,,,,,,None,,,Israel,,,,,100,20000,,,,,,25,,,,,,,,,,,,,,,
15,,,,,,,,None,,,Israel,,,,,100,20000,,,,,,25,,,,,,,,,,,,,,,
15,,,,,,,,None,,,Israel,,,,,100,20000,,,,,,25,,,,,,,,,,,,,,,
15,,,,,,,,None,,,Israel,,,,,100,20000,,,,,,25,,,,,,,,,,,,,,,
15,,,,,,,,None,,,Israel,,,,,100,20000,,,,,,25,,,,,,,,,,,,,,,
15,,,,,,,,None,,,Israel,,,,,100,20000,,,,,,25,,,,,,,,,,,,,,,
15,,,,,,,,None,,,Israel,,,,,100,20000,,,,,,25,,,,,,,,,,,,,,,
15,,,,,,,,None,,,Israel,,,,,100,20000,,,,,,25,,,,,,,,,,,,,,,
15,,,,,,,,None,,,Israel,,,,,100,20000,,,,,,25,,,,,,,,,,,,,,,
15,,,,,,,,None,,,Israel,,,,,100,20000,,,,,,25,,,,,,,,,,,,,,,
15,,,,,,,,None,,,Israel,,,,,100,20000,,,,,,25,,,,,,,,,,,,,,,
15,,,,,,,,None,,,Israel,,,,,100,20000,,,,,,25,,,,,,,,,,,,,,,
15,,,,,,,,None,,,Israel,,,,,100,20000,,,,,,25,,,,,,,,,,,,,,,
15,,,,,,,,None,,,Israel,,,,,100,20000,,,,,,25,,,,,,,,,,,,,,,
15,,,,,,,,None,,,Israel,,,,,100,20000,,,,,,25,,,,,,,,,,,,,,,
15,,,,,,,,None,,,Israel,,,,,100,20000,,,,,,25,,,,,,,,,,,,,,,
15,,,,,,,,None,,,Israel,,,,,100,20000,,,,,,25,,,,,,,,,,,,,,,
15,,,,,,,,None,,,Israel,,,,,100,20000,,,,,,25,,,,,,,,,,,,,,,
15,,,,,,,,None,,,Israel,,,,,100,20000,,,,,,25,,,,,,,,,,,,,,,
15,,,,,,,,None,,,Israel,,,,,100,20000,,,,,,25,,,,,,,,,,,,,,,
16,,,,,,,,None,,,Tanzania,,,,,100,20000,,,,,,25,,,,,,,,,,,,,,,
16,,,,,,,,None,,,Tanzania,,,,,100,20000,,,,,,25,,,,,,,,,,,,,,,
16,,,,,,,,None,,,Tanzania,,,,,100,20000,,,,,,25,,,,,,,,,,,,,,,
16,,,,,,,,None,,,Tanzania,,,,,100,20000,,,,,,25,,,,,,,,,,,,,,,
16,,,,,,,,None,,,Tanzania,,,,,100,20000,,,,,,25,,,,,,,,,,,,,,,
16,,,,,,,,None,,,Tanzania,,,,,100,20000,,,,,,25,,,,,,,,,,,,,,,
16,,,,,,,,None,,,Tanzania,,,,,100,20000,,,,,,25,,,,,,,,,,,,,,,
16,,,,,,,,None,,,Tanzania,,,,,100,20000,,,,,,25,,,,,,,,,,,,,,,
16,,,,,,,,None,,,Tanzania,,,,,100,20000,,,,,,25,,,,,,,,,,,,,,,
16,,,,,,,,None,,,Tanzania,,,,,100,20000,,,,,,25,,,,,,,,,,,,,,,
16,,,,,,,,None,,,Tanzania,,,,,100,20000,,,,,,25,,,,,,,,,,,,,,,
16,,,,,,,,None,,,Tanzania,,,,,100,20000,,,,,,25,,,,,,,,,,,,,,,
16,,,,,,,,None,,,Tanzania,,,,,100,20000,,,,,,25,,,,,,,,,,,,,,,
16,,,,,,,,None,,,Tanzania,,,,,100,20000,,,,,,25,,,,,,,,,,,,,,,
16,,,,,,,,None,,,Tanzania,,,,,100,20000,,,,,,25,,,,,,,,,,,,,,,
16,,,,,,,,None,,,Tanzania,,,,,100,20000,,,,,,25,,,,,,,,,,,,,,,
16,,,,,,,,None,,,Tanzania,,,,,100,20000,,,,,,25,,,,,,,,,,,,,,,
16,,,,,,,,None,,,Tanzania,,,,,100,20000,,,,,,25,,,,,,,,,,,,,,,
16,,,,,,,,None,,,Tanzania,,,,,100,20000,,,,,,25,,,,,,,,,,,,,,,
16,,,,,,,,None,,,Tanzania,,,,,100,20000,,,,,,25,,,,,,,,,,,,,,,
16,,,,,,,,None,,,Tanzania,,,,,100,20000,,,,,,25,,,,,,,,,,,,,,,
16,,,,,,,,None,,,Tanzania,,,,,100,20000,,,,,,25,,,,,,,,,,,,,,,
16,,,,,,,,None,,,Tanzania,,,,,100,20000,,,,,,25,,,,,,,,,,,,,,,
16,,,,,,,,None,,,Tanzania,,,,,100,20000,,,,,,25,,,,,,,,,,,,,,,
16,,,,,,,,None,,,Tanzania,,,,,100,20000,,,,,,25,,,,,,,,,,,,,,,
17,,,,,,,,None,,,New Zealand,,,,,100,20000,,,,,,25,,,,,,,,,,,,,,,
17,,,,,,,,None,,,New Zealand,,,,,100,20000,,,,,,25,,,,,,,,,,,,,,,
17,,,,,,,,None,,,New Zealand,,,,,100,20000,,,,,,25,,,,,,,,,,,,,,,
17,,,,,,,,None,,,New Zealand,,,,,100,20000,,,,,,25,,,,,,,,,,,,,,,
17,,,,,,,,None,,,New Zealand,,,,,100,20000,,,,,,25,,,,,,,,,,,,,,,
17,,,,,,,,None,,,New Zealand,,,,,100,20000,,,,,,25,,,,,,,,,,,,,,,
17,,,,,,,,None,,,New Zealand,,,,,100,20000,,,,,,25,,,,,,,,,,,,,,,
17,,,,,,,,None,,,New Zealand,,,,,100,20000,,,,,,25,,,,,,,,,,,,,,,
17,,,,,,,,None,,,New Zealand,,,,,100,20000,,,,,,25,,,,,,,,,,,,,,,
17,,,,,,,,None,,,New Zealand,,,,,100,20000,,,,,,25,,,,,,,,,,,,,,,
17,,,,,,,,None,,,New Zealand,,,,,100,20000,,,,,,25,,,,,,,,,,,,,,,
17,,,,,,,,None,,,New Zealand,,,,,100,20000,,,,,,25,,,,,,,,,,,,,,,
17,,,,,,,,None,,,New Zealand,,,,,100,20000,,,,,,25,,,,,,,,,,,,,,,
17,,,,,,,,None,,,New Zealand,,,,,100,20000,,,,,,25,,,,,,,,,,,,,,,
17,,,,,,,,None,,,New Zealand,,,,,100,20000,,,,,,25,,,,,,,,,,,,,,,
17,,,,,,,,None,,,New Zealand,,,,,100,20000,,,,,,25,,,,,,,,,,,,,,,
17,,,,,,,,None,,,New Zealand,,,,,100,20000,,,,,,25,,,,,,,,,,,,,,,
17,,,,,,,,None,,,New Zealand,,,,,100,20000,,,,,,25,,,,,,,,,,,,,,,
17,,,,,,,,None,,,New Zealand,,,,,100,20000,,,,,,25,,,,,,,,,,,,,,,
17,,,,,,,,None,,,New Zealand,,,,,100,20000,,,,,,25,,,,,,,,,,,,,,,
17,,,,,,,,None,,,New Zealand,,,,,100,20000,,,,,,25,,,,,,,,,,,,,,,
17,,,,,,,,None,,,New Zealand,,,,,100,20000,,,,,,25,,,,,,,,,,,,,,,
17,,,,,,,,None,,,New Zealand,,,,,100,20000,,,,,,25,,,,,,,,,,,,,,,
17,,,,,,,,None,,,New Zealand,,,,,100,20000,,,,,,25,,,,,,,,,,,,,,,
17,,,,,,,,None,,,New Zealand,,,,,100,20000,,,,,,25,,,,,,,,,,,,,,,
18,,,,,,,,None,,,New Zealand,,,,,100,20000,,,,,,25,,,,,,,,,,,,,,,
18,,,,,,,,None,,,New Zealand,,,,,100,20000,,,,,,25,,,,,,,,,,,,,,,
18,,,,,,,,None,,,New Zealand,,,,,100,20000,,,,,,25,,,,,,,,,,,,,,,
18,,,,,,,,None,,,New Zealand,,,,,100,20000,,,,,,25,,,,,,,,,,,,,,,
18,,,,,,,,None,,,New Zealand,,,,,100,20000,,,,,,25,,,,,,,,,,,,,,,
18,,,,,,,,None,,,New Zealand,,,,,100,20000,,,,,,25,,,,,,,,,,,,,,,
18,,,,,,,,None,,,New Zealand,,,,,100,20000,,,,,,25,,,,,,,,,,,,,,,
18,,,,,,,,None,,,New Zealand,,,,,100,20000,,,,,,25,,,,,,,,,,,,,,,
18,,,,,,,,None,,,New Zealand,,,,,100,20000,,,,,,25,,,,,,,,,,,,,,,
18,,,,,,,,None,,,New Zealand,,,,,100,20000,,,,,,25,,,,,,,,,,,,,,,
18,,,,,,,,None,,,New Zealand,,,,,100,20000,,,,,,25,,,,,,,,,,,,,,,
18,,,,,,,,None,,,New Zealand,,,,,100,20000,,,,,,25,,,,,,,,,,,,,,,
18,,,,,,,,None,,,New Zealand,,,,,100,20000,,,,,,25,,,,,,,,,,,,,,,
18,,,,,,,,None,,,New Zealand,,,,,100,20000,,,,,,25,,,,,,,,,,,,,,,
18,,,,,,,,None,,,New Zealand,,,,,100,20000,,,,,,25,,,,,,,,,,,,,,,
18,,,,,,,,None,,,New Zealand,,,,,100,20000,,,,,,25,,,,,,,,,,,,,,,
18,,,,,,,,None,,,New Zealand,,,,,100,20000,,,,,,25,,,,,,,,,,,,,,,
18,,,,,,,,None,,,New Zealand,,,,,100,20000,,,,,,25,,,,,,,,,,,,,,,
18,,,,,,,,None,,,New Zealand,,,,,100,20000,,,,,,25,,,,,,,,,,,,,,,
18,,,,,,,,None,,,New Zealand,,,,,100,20000,,,,,,25,,,,,,,,,,,,,,,
18,,,,,,,,None,,,New Zealand,,,,,100,20000,,,,,,25,,,,,,,,,,,,,,,
18,,,,,,,,None,,,New Zealand,,,,,100,20000,,,,,,25,,,,,,,,,,,,,,,
18,,,,,,,,None,,,New Zealand,,,,,100,20000,,,,,,25,,,,,,,,,,,,,,,
18,,,,,,,,None,,,New Zealand,,,,,100,20000,,,,,,25,,,,,,,,,,,,,,,
18,,,,,,,,None,,,New Zealand,,,,,100,20000,,,,,,25,,,,,,,,,,,,,,,
19,,,,,,,,None,,,New Zealand,,,,,100,20000,,,,,,25,,,,,,,,,,,,,,,
19,,,,,,,,None,,,New Zealand,,,,,100,20000,,,,,,25,,,,,,,,,,,,,,,
19,,,,,,,,None,,,New Zealand,,,,,100,20000,,,,,,25,,,,,,,,,,,,,,,
19,,,,,,,,None,,,New Zealand,,,,,100,20000,,,,,,25,,,,,,,,,,,,,,,
19,,,,,,,,None,,,New Zealand,,,,,100,20000,,,,,,25,,,,,,,,,,,,,,,
19,,,,,,,,None,,,New Zealand,,,,,100,20000,,,,,,25,,,,,,,,,,,,,,,
19,,,,,,,,None,,,New Zealand,,,,,100,20000,,,,,,25,,,,,,,,,,,,,,,
19,,,,,,,,None,,,New Zealand,,,,,100,20000,,,,,,25,,,,,,,,,,,,,,,
19,,,,,,,,None,,,New Zealand,,,,,100,20000,,,,,,25,,,,,,,,,,,,,,,
19,,,,,,,,None,,,New Zealand,,,,,100,20000,,,,,,25,,,,,,,,,,,,,,,
19,,,,,,,,None,,,New Zealand,,,,,100,20000,,,,,,25,,,,,,,,,,,,,,,
19,,,,,,,,None,,,New Zealand,,,,,100,20000,,,,,,25,,,,,,,,,,,,,,,
19,,,,,,,,None,,,New Zealand,,,,,100,20000,,,,,,25,,,,,,,,,,,,,,,
19,,,,,,,,None,,,New Zealand,,,,,100,20000,,,,,,25,,,,,,,,,,,,,,,
19,,,,,,,,None,,,New Zealand,,,,,100,20000,,,,,,25,,,,,,,,,,,,,,,
19,,,,,,,,None,,,New Zealand,,,,,100,20000,,,,,,25,,,,,,,,,,,,,,,
19,,,,,,,,None,,,New Zealand,,,,,100,20000,,,,,,25,,,,,,,,,,,,,,,
19,,,,,,,,None,,,New Zealand,,,,,100,20000,,,,,,25,,,,,,,,,,,,,,,
19,,,,,,,,None,,,New Zealand,,,,,100,20000,,,,,,25,,,,,,,,,,,,,,,
19,,,,,,,,None,,,New Zealand,,,,,100,20000,,,,,,25,,,,,,,,,,,,,,,
19,,,,,,,,None,,,New Zealand,,,,,100,20000,,,,,,25,,,,,,,,,,,,,,,
19,,,,,,,,None,,,New Zealand,,,,,100,20000,,,,,,25,,,,,,,,,,,,,,,
19,,,,,,,,None,,,New Zealand,,,,,100,20000,,,,,,25,,,,,,,,,,,,,,,
19,,,,,,,,None,,,New Zealand,,,,,100,20000,,,,,,25,,,,,,,,,,,,,,,
19,,,,,,,,None,,,New Zealand,,,,,100,20000,,,,,,25,,,,,,,,,,,,,,,
20,,,,,,,,None,,,Japan,,,,,100,20000,,,,,,25,,,,,,,,,,,,,,,
20,,,,,,,,None,,,Japan,,,,,100,20000,,,,,,25,,,,,,,,,,,,,,,
20,,,,,,,,None,,,Japan,,,,,100,20000,,,,,,25,,,,,,,,,,,,,,,
20,,,,,,,,None,,,Japan,,,,,100,20000,,,,,,25,,,,,,,,,,,,,,,
20,,,,,,,,None,,,Japan,,,,,100,20000,,,,,,25,,,,,,,,,,,,,,,
20,,,,,,,,None,,,Japan,,,,,100,20000,,,,,,25,,,,,,,,,,,,,,,
20,,,,,,,,None,,,Japan,,,,,100,20000,,,,,,25,,,,,,,,,,,,,,,
20,,,,,,,,None,,,Japan,,,,,100,20000,,,,,,25,,,,,,,,,,,,,,,
20,,,,,,,,None,,,Japan,,,,,100,20000,,,,,,25,,,,,,,,,,,,,,,
20,,,,,,,,None,,,Japan,,,,,100,20000,,,,,,25,,,,,,,,,,,,,,,
20,,,,,,,,None,,,Japan,,,,,100,20000,,,,,,25,,,,,,,,,,,,,,,
20,,,,,,,,None,,,Japan,,,,,100,20000,,,,,,25,,,,,,,,,,,,,,,
20,,,,,,,,None,,,Japan,,,,,100,20000,,,,,,25,,,,,,,,,,,,,,,
20,,,,,,,,None,,,Japan,,,,,100,20000,,,,,,25,,,,,,,,,,,,,,,
20,,,,,,,,None,,,Japan,,,,,100,20000,,,,,,25,,,,,,,,,,,,,,,
20,,,,,,,,None,,,Japan,,,,,100,20000,,,,,,25,,,,,,,,,,,,,,,
20,,,,,,,,None,,,Japan,,,,,100,20000,,,,,,25,,,,,,,,,,,,,,,
20,,,,,,,,None,,,Japan,,,,,100,20000,,,,,,25,,,,,,,,,,,,,,,
20,,,,,,,,None,,,Japan,,,,,100,20000,,,,,,25,,,,,,,,,,,,,,,
20,,,,,,,,None,,,Japan,,,,,100,20000,,,,,,25,,,,,,,,,,,,,,,
20,,,,,,,,None,,,Japan,,,,,100,20000,,,,,,25,,,,,,,,,,,,,,,
20,,,,,,,,None,,,Japan,,,,,100,20000,,,,,,25,,,,,,,,,,,,,,,
20,,,,,,,,None,,,Japan,,,,,100,20000,,,,,,25,,,,,,,,,,,,,,,
20,,,,,,,,None,,,Japan,,,,,100,20000,,,,,,25,,,,,,,,,,,,,,,
20,,,,,,,,None,,,Japan,,,,,100,20000,,,,,,25,,,,,,,,,,,,,,,
21,,,,,,,,None,,,Tanzania,,,,,100,20000,,,,,,25,,,,,,,,,,,,,,,
21,,,,,,,,None,,,Tanzania,,,,,100,20000,,,,,,25,,,,,,,,,,,,,,,
21,,,,,,,,None,,,Tanzania,,,,,100,20000,,,,,,25,,,,,,,,,,,,,,,
21,,,,,,,,None,,,Tanzania,,,,,100,20000,,,,,,25,,,,,,,,,,,,,,,
21,,,,,,,,None,,,Tanzania,,,,,100,20000,,,,,,25,,,,,,,,,,,,,,,
21,,,,,,,,None,,,Tanzania,,,,,100,20000,,,,,,25,,,,,,,,,,,,,,,
21,,,,,,,,None,,,Tanzania,,,,,100,20000,,,,,,25,,,,,,,,,,,,,,,
21,,,,,,,,None,,,Tanzania,,,,,100,20000,,,,,,25,,,,,,,,,,,,,,,
21,,,,,,,,None,,,Tanzania,,,,,100,20000,,,,,,25,,,,,,,,,,,,,,,
21,,,,,,,,None,,,Tanzania,,,,,100,20000,,,,,,25,,,,,,,,,,,,,,,
21,,,,,,,,None,,,Tanzania,,,,,100,20000,,,,,,25,,,,,,,,,,,,,,,
21,,,,,,,,None,,,Tanzania,,,,,100,20000,,,,,,25,,,,,,,,,,,,,,,
21,,,,,,,,None,,,Tanzania,,,,,100,20000,,,,,,25,,,,,,,,,,,,,,,
21,,,,,,,,None,,,Tanzania,,,,,100,20000,,,,,,25,,,,,,,,,,,,,,,
21,,,,,,,,None,,,Tanzania,,,,,100,20000,,,,,,25,,,,,,,,,,,,,,,
21,,,,,,,,None,,,Tanzania,,,,,100,20000,,,,,,25,,,,,,,,,,,,,,,
21,,,,,,,,None,,,Tanzania,,,,,100,20000,,,,,,25,,,,,,,,,,,,,,,
21,,,,,,,,None,,,Tanzania,,,,,100,20000,,,,,,25,,,,,,,,,,,,,,,
21,,,,,,,,None,,,Tanzania,,,,,100,20000,,,,,,25,,,,,,,,,,,,,,,
21,,,,,,,,None,,,Tanzania,,,,,100,20000,,,,,,25,,,,,,,,,,,,,,,
21,,,,,,,,None,,,Tanzania,,,,,100,20000,,,,,,25,,,,,,,,,,,,,,,
21,,,,,,,,None,,,Tanzania,,,,,100,20000,,,,,,25,,,,,,,,,,,,,,,
21,,,,,,,,None,,,Tanzania,,,,,100,20000,,,,,,25,,,,,,,,,,,,,,,
21,,,,,,,,None,,,Tanzania,,,,,100,20000,,,,,,25,,,,,,,,,,,,,,,
21,,,,,,,,None,,,Tanzania,,,,,100,20000,,,,,,25,,,,,,,,,,,,,,,
22,,,,,,,,None,,,New Zealand,,,,,100,20000,,,,,,25,,,,,,,,,,,,,,,
22,,,,,,,,None,,,New Zealand,,,,,100,20000,,,,,,25,,,,,,,,,,,,,,,
22,,,,,,,,None,,,New Zealand,,,,,100,20000,,,,,,25,,,,,,,,,,,,,,,
22,,,,,,,,None,,,New Zealand,,,,,100,20000,,,,,,25,,,,,,,,,,,,,,,
22,,,,,,,,None,,,New Zealand,,,,,100,20000,,,,,,25,,,,,,,,,,,,,,,
22,,,,,,,,None,,,New Zealand,,,,,100,20000,,,,,,25,,,,,,,,,,,,,,,
22,,,,,,,,None,,,New Zealand,,,,,100,20000,,,,,,25,,,,,,,,,,,,,,,
22,,,,,,,,None,,,New Zealand,,,,,100,20000,,,,,,25,,,,,,,,,,,,,,,
22,,,,,,,,None,,,New Zealand,,,,,100,20000,,,,,,25,,,,,,,,,,,,,,,
22,,,,,,,,None,,,New Zealand,,,,,100,20000,,,,,,25,,,,,,,,,,,,,,,
22,,,,,,,,None,,,New Zealand,,,,,100,20000,,,,,,25,,,,,,,,,,,,,,,
22,,,,,,,,None,,,New Zealand,,,,,100,20000,,,,,,25,,,,,,,,,,,,,,,
22,,,,,,,,None,,,New Zealand,,,,,100,20000,,,,,,25,,,,,,,,,,,,,,,
22,,,,,,,,None,,,New Zealand,,,,,100,20000,,,,,,25,,,,,,,,,,,,,,,
22,,,,,,,,None,,,New Zealand,,,,,100,20000,,,,,,25,,,,,,,,,,,,,,,
22,,,,,,,,None,,,New Zealand,,,,,100,20000,,,,,,25,,,,,,,,,,,,,,,
22,,,,,,,,None,,,New Zealand,,,,,100,20000,,,,,,25,,,,,,,,,,,,,,,
22,,,,,,,,None,,,New Zealand,,,,,100,20000,,,,,,25,,,,,,,,,,,,,,,
22,,,,,,,,None,,,New Zealand,,,,,100,20000,,,,,,25,,,,,,,,,,,,,,,
22,,,,,,,,None,,,New Zealand,,,,,100,20000,,,,,,25,,,,,,,,,,,,,,,
22,,,,,,,,None,,,New Zealand,,,,,100,20000,,,,,,25,,,,,,,,,,,,,,,
22,,,,,,,,None,,,New Zealand,,,,,100,20000,,,,,,25,,,,,,,,,,,,,,,
22,,,,,,,,None,,,New Zealand,,,,,100,20000,,,,,,25,,,,,,,,,,,,,,,
22,,,,,,,,None,,,New Zealand,,,,,100,20000,,,,,,25,,,,,,,,,,,,,,,
22,,,,,,,,None,,,New Zealand,,,,,100,20000,,,,,,25,,,,,,,,,,,,,,,
23,,,,,,,,None,,,Israel,,,,,100,20000,,,,,,25,,,,,,,,,,,,,,,
23,,,,,,,,None,,,Israel,,,,,100,20000,,,,,,25,,,,,,,,,,,,,,,
23,,,,,,,,None,,,Israel,,,,,100,20000,,,,,,25,,,,,,,,,,,,,,,
23,,,,,,,,None,,,Israel,,,,,100,20000,,,,,,25,,,,,,,,,,,,,,,
23,,,,,,,,None,,,Israel,,,,,100,20000,,,,,,25,,,,,,,,,,,,,,,
23,,,,,,,,None,,,Israel,,,,,100,20000,,,,,,25,,,,,,,,,,,,,,,
23,,,,,,,,None,,,Israel,,,,,100,20000,,,,,,25,,,,,,,,,,,,,,,
23,,,,,,,,None,,,Israel,,,,,100,20000,,,,,,25,,,,,,,,,,,,,,,
23,,,,,,,,None,,,Israel,,,,,100,20000,,,,,,25,,,,,,,,,,,,,,,
23,,,,,,,,None,,,Israel,,,,,100,20000,,,,,,25,,,,,,,,,,,,,,,
23,,,,,,,,None,,,Israel,,,,,100,20000,,,,,,25,,,,,,,,,,,,,,,
23,,,,,,,,None,,,Israel,,,,,100,20000,,,,,,25,,,,,,,,,,,,,,,
23,,,,,,,,None,,,Israel,,,,,100,20000,,,,,,25,,,,,,,,,,,,,,,
23,,,,,,,,None,,,Israel,,,,,100,20000,,,,,,25,,,,,,,,,,,,,,,
23,,,,,,,,None,,,Israel,,,,,100,20000,,,,,,25,,,,,,,,,,,,,,,
23,,,,,,,,None,,,Israel,,,,,100,20000,,,,,,25,,,,,,,,,,,,,,,
23,,,,,,,,None,,,Israel,,,,,100,20000,,,,,,25,,,,,,,,,,,,,,,
23,,,,,,,,None,,,Israel,,,,,100,20000,,,,,,25,,,,,,,,,,,,,,,
23,,,,,,,,None,,,Israel,,,,,100,20000,,,,,,25,,,,,,,,,,,,,,,
23,,,,,,,,None,,,Israel,,,,,100,20000,,,,,,25,,,,,,,,,,,,,,,
23,,,,,,,,None,,,Israel,,,,,100,20000,,,,,,25,,,,,,,,,,,,,,,
23,,,,,,,,None,,,Israel,,,,,100,20000,,,,,,25,,,,,,,,,,,,,,,
23,,,,,,,,None,,,Israel,,,,,100,20000,,,,,,25,,,,,,,,,,,,,,,
23,,,,,,,,None,,,Israel,,,,,100,20000,,,,,,25,,,,,,,,,,,,,,,
23,,,,,,,,None,,,Israel,,,,,100,20000,,,,,,25,,,,,,,,,,,,,,,
24,,,,,,,,None,,,Netherlands,,,,,100,20000,,,,,,25,,,,,,,,,,,,,,,
24,,,,,,,,None,,,Netherlands,,,,,100,20000,,,,,,25,,,,,,,,,,,,,,,
24,,,,,,,,None,,,Netherlands,,,,,100,20000,,,,,,25,,,,,,,,,,,,,,,
24,,,,,,,,None,,,Netherlands,,,,,100,20000,,,,,,25,,,,,,,,,,,,,,,
24,,,,,,,,None,,,Netherlands,,,,,100,20000,,,,,,25,,,,,,,,,,,,,,,
24,,,,,,,,None,,,Netherlands,,,,,100,20000,,,,,,25,,,,,,,,,,,,,,,
24,,,,,,,,None,,,Netherlands,,,,,100,20000,,,,,,25,,,,,,,,,,,,,,,
24,,,,,,,,None,,,Netherlands,,,,,100,20000,,,,,,25,,,,,,,,,,,,,,,
24,,,,,,,,None,,,Netherlands,,,,,100,20000,,,,,,25,,,,,,,,,,,,,,,
24,,,,,,,,None,,,Netherlands,,,,,100,20000,,,,,,25,,,,,,,,,,,,,,,
24,,,,,,,,None,,,Netherlands,,,,,100,20000,,,,,,25,,,,,,,,,,,,,,,
24,,,,,,,,None,,,Netherlands,,,,,100,20000,,,,,,25,,,,,,,,,,,,,,,
24,,,,,,,,None,,,Netherlands,,,,,100,20000,,,,,,25,,,,,,,,,,,,,,,
24,,,,,,,,None,,,Netherlands,,,,,100,20000,,,,,,25,,,,,,,,,,,,,,,
24,,,,,,,,None,,,Netherlands,,,,,100,20000,,,,,,25,,,,,,,,,,,,,,,
24,,,,,,,,None,,,Netherlands,,,,,100,20000,,,,,,25,,,,,,,,,,,,,,,
24,,,,,,,,None,,,Netherlands,,,,,100,20000,,,,,,25,,,,,,,,,,,,,,,
24,,,,,,,,None,,,Netherlands,,,,,100,20000,,,,,,25,,,,,,,,,,,,,,,
24,,,,,,,,None,,,Netherlands,,,,,100,20000,,,,,,25,,,,,,,,,,,,,,,
24,,,,,,,,None,,,Netherlands,,,,,100,20000,,,,,,25,,,,,,,,,,,,,,,
24,,,,,,,,None,,,Netherlands,,,,,100,20000,,,,,,25,,,,,,,,,,,,,,,
24,,,,,,,,None,,,Netherlands,,,,,100,20000,,,,,,25,,,,,,,,,,,,,,,
24,,,,,,,,None,,,Netherlands,,,,,100,20000,,,,,,25,,,,,,,,,,,,,,,
24,,,,,,,,None,,,Netherlands,,,,,100,20000,,,,,,25,,,,,,,,,,,,,,,
24,,,,,,,,None,,,Netherlands,,,,,100,20000,,,,,,25,,,,,,,,,,,,,,,
25,,,,,,,,None,,,Netherlands,,,,,100,20000,,,,,,25,,,,,,,,,,,,,,,
25,,,,,,,,None,,,Netherlands,,,,,100,20000,,,,,,25,,,,,,,,,,,,,,,
25,,,,,,,,None,,,Netherlands,,,,,100,20000,,,,,,25,,,,,,,,,,,,,,,
25,,,,,,,,None,,,Netherlands,,,,,100,20000,,,,,,25,,,,,,,,,,,,,,,
25,,,,,,,,None,,,Netherlands,,,,,100,20000,,,,,,25,,,,,,,,,,,,,,,
25,,,,,,,,None,,,Netherlands,,,,,100,20000,,,,,,25,,,,,,,,,,,,,,,
25,,,,,,,,None,,,Netherlands,,,,,100,20000,,,,,,25,,,,,,,,,,,,,,,
25,,,,,,,,None,,,Netherlands,,,,,100,20000,,,,,,25,,,,,,,,,,,,,,,
25,,,,,,,,None,,,Netherlands,,,,,100,20000,,,,,,25,,,,,,,,,,,,,,,
25,,,,,,,,None,,,Netherlands,,,,,100,20000,,,,,,25,,,,,,,,,,,,,,,
25,,,,,,,,None,,,Netherlands,,,,,100,20000,,,,,,25,,,,,,,,,,,,,,,
25,,,,,,,,None,,,Netherlands,,,,,100,20000,,,,,,25,,,,,,,,,,,,,,,
25,,,,,,,,None,,,Netherlands,,,,,100,20000,,,,,,25,,,,,,,,,,,,,,,
25,,,,,,,,None,,,Netherlands,,,,,100,20000,,,,,,25,,,,,,,,,,,,,,,
25,,,,,,,,None,,,Netherlands,,,,,100,20000,,,,,,25,,,,,,,,,,,,,,,
25,,,,,,,,None,,,Netherlands,,,,,100,20000,,,,,,25,,,,,,,,,,,,,,,
25,,,,,,,,None,,,Netherlands,,,,,100,20000,,,,,,25,,,,,,,,,,,,,,,
25,,,,,,,,None,,,Netherlands,,,,,100,20000,,,,,,25,,,,,,,,,,,,,,,
25,,,,,,,,None,,,Netherlands,,,,,100,20000,,,,,,25,,,,,,,,,,,,,,,
25,,,,,,,,None,,,Netherlands,,,,,100,20000,,,,,,25,,,,,,,,,,,,,,,
25,,,,,,,,None,,,Netherlands,,,,,100,20000,,,,,,25,,,,,,,,,,,,,,,
25,,,,,,,,None,,,Netherlands,,,,,100,20000,,,,,,25,,,,,,,,,,,,,,,
25,,,,,,,,None,,,Netherlands,,,,,100,20000,,,,,,25,,,,,,,,,,,,,,,
25,,,,,,,,None,,,Netherlands,,,,,100,20000,,,,,,25,,,,,,,,,,,,,,,
25,,,,,,,,None,,,Netherlands,,,,,100,20000,,,,,,25,,,,,,,,,,,,,,,
26,,,,,,,,None,,,New Zealand,,,,,100,20000,,,,,,25,,,,,,,,,,,,,,,
26,,,,,,,,None,,,New Zealand,,,,,100,20000,,,,,,25,,,,,,,,,,,,,,,
26,,,,,,,,None,,,New Zealand,,,,,100,20000,,,,,,25,,,,,,,,,,,,,,,
26,,,,,,,,None,,,New Zealand,,,,,100,20000,,,,,,25,,,,,,,,,,,,,,,
26,,,,,,,,None,,,New Zealand,,,,,100,20000,,,,,,25,,,,,,,,,,,,,,,
26,,,,,,,,None,,,New Zealand,,,,,100,20000,,,,,,25,,,,,,,,,,,,,,,
26,,,,,,,,None,,,New Zealand,,,,,100,20000,,,,,,25,,,,,,,,,,,,,,,
26,,,,,,,,None,,,New Zealand,,,,,100,20000,,,,,,25,,,,,,,,,,,,,,,
26,,,,,,,,None,,,New Zealand,,,,,100,20000,,,,,,25,,,,,,,,,,,,,,,
26,,,,,,,,None,,,New Zealand,,,,,100,20000,,,,,,25,,,,,,,,,,,,,,,
26,,,,,,,,None,,,New Zealand,,,,,100,20000,,,,,,25,,,,,,,,,,,,,,,
26,,,,,,,,None,,,New Zealand,,,,,100,20000,,,,,,25,,,,,,,,,,,,,,,
26,,,,,,,,None,,,New Zealand,,,,,100,20000,,,,,,25,,,,,,,,,,,,,,,
26,,,,,,,,None,,,New Zealand,,,,,100,20000,,,,,,25,,,,,,,,,,,,,,,
26,,,,,,,,None,,,New Zealand,,,,,100,20000,,,,,,25,,,,,,,,,,,,,,,
26,,,,,,,,None,,,New Zealand,,,,,100,20000,,,,,,25,,,,,,,,,,,,,,,
26,,,,,,,,None,,,New Zealand,,,,,100,20000,,,,,,25,,,,,,,,,,,,,,,
26,,,,,,,,None,,,New Zealand,,,,,100,20000,,,,,,25,,,,,,,,,,,,,,,
26,,,,,,,,None,,,New Zealand,,,,,100,20000,,,,,,25,,,,,,,,,,,,,,,
26,,,,,,,,None,,,New Zealand,,,,,100,20000,,,,,,25,,,,,,,,,,,,,,,
26,,,,,,,,None,,,New Zealand,,,,,100,20000,,,,,,25,,,,,,,,,,,,,,,
26,,,,,,,,None,,,New Zealand,,,,,100,20000,,,,,,25,,,,,,,,,,,,,,,
26,,,,,,,,None,,,New Zealand,,,,,100,20000,,,,,,25,,,,,,,,,,,,,,,
26,,,,,,,,None,,,New Zealand,,,,,100,20000,,,,,,25,,,,,,,,,,,,,,,
26,,,,,,,,None,,,New Zealand,,,,,100,20000,,,,,,25,,,,,,,,,,,,,,,
27,,,,,,,,None,,,Japan,,,,,100,20000,,,,,,25,,,,,,,,,,,,,,,
27,,,,,,,,None,,,Japan,,,,,100,20000,,,,,,25,,,,,,,,,,,,,,,
27,,,,,,,,None,,,Japan,,,,,100,20000,,,,,,25,,,,,,,,,,,,,,,
27,,,,,,,,None,,,Japan,,,,,100,20000,,,,,,25,,,,,,,,,,,,,,,
27,,,,,,,,None,,,Japan,,,,,100,20000,,,,,,25,,,,,,,,,,,,,,,
27,,,,,,,,None,,,Japan,,,,,100,20000,,,,,,25,,,,,,,,,,,,,,,
27,,,,,,,,None,,,Japan,,,,,100,20000,,,,,,25,,,,,,,,,,,,,,,
27,,,,,,,,None,,,Japan,,,,,100,20000,,,,,,25,,,,,,,,,,,,,,,
27,,,,,,,,None,,,Japan,,,,,100,20000,,,,,,25,,,,,,,,,,,,,,,
27,,,,,,,,None,,,Japan,,,,,100,20000,,,,,,25,,,,,,,,,,,,,,,
27,,,,,,,,None,,,Japan,,,,,100,20000,,,,,,25,,,,,,,,,,,,,,,
27,,,,,,,,None,,,Japan,,,,,100,20000,,,,,,25,,,,,,,,,,,,,,,
27,,,,,,,,None,,,Japan,,,,,100,20000,,,,,,25,,,,,,,,,,,,,,,
27,,,,,,,,None,,,Japan,,,,,100,20000,,,,,,25,,,,,,,,,,,,,,,
27,,,,,,,,None,,,Japan,,,,,100,20000,,,,,,25,,,,,,,,,,,,,,,
27,,,,,,,,None,,,Japan,,,,,100,20000,,,,,,25,,,,,,,,,,,,,,,
27,,,,,,,,None,,,Japan,,,,,100,20000,,,,,,25,,,,,,,,,,,,,,,
27,,,,,,,,None,,,Japan,,,,,100,20000,,,,,,25,,,,,,,,,,,,,,,
27,,,,,,,,None,,,Japan,,,,,100,20000,,,,,,25,,,,,,,,,,,,,,,
27,,,,,,,,None,,,Japan,,,,,100,20000,,,,,,25,,,,,,,,,,,,,,,
27,,,,,,,,None,,,Japan,,,,,100,20000,,,,,,25,,,,,,,,,,,,,,,
27,,,,,,,,None,,,Japan,,,,,100,20000,,,,,,25,,,,,,,,,,,,,,,
27,,,,,,,,None,,,Japan,,,,,100,20000,,,,,,25,,,,,,,,,,,,,,,
27,,,,,,,,None,,,Japan,,,,,100,20000,,,,,,25,,,,,,,,,,,,,,,
27,,,,,,,,None,,,Japan,,,,,100,20000,,,,,,25,,,,,,,,,,,,,,,
28,,,,,,,,None,,,Tanzania,,,,,100,20000,,,,,,25,,,,,,,,,,,,,,,
28,,,,,,,,None,,,Tanzania,,,,,100,20000,,,,,,25,,,,,,,,,,,,,,,
28,,,,,,,,None,,,Tanzania,,,,,100,20000,,,,,,25,,,,,,,,,,,,,,,
28,,,,,,,,None,,,Tanzania,,,,,100,20000,,,,,,25,,,,,,,,,,,,,,,
28,,,,,,,,None,,,Tanzania,,,,,100,20000,,,,,,25,,,,,,,,,,,,,,,
28,,,,,,,,None,,,Tanzania,,,,,100,20000,,,,,,25,,,,,,,,,,,,,,,
28,,,,,,,,None,,,Tanzania,,,,,100,20000,,,,,,25,,,,,,,,,,,,,,,
28,,,,,,,,None,,,Tanzania,,,,,100,20000,,,,,,25,,,,,,,,,,,,,,,
28,,,,,,,,None,,,Tanzania,,,,,100,20000,,,,,,25,,,,,,,,,,,,,,,
28,,,,,,,,None,,,Tanzania,,,,,100,20000,,,,,,25,,,,,,,,,,,,,,,
28,,,,,,,,None,,,Tanzania,,,,,100,20000,,,,,,25,,,,,,,,,,,,,,,
28,,,,,,,,None,,,Tanzania,,,,,100,20000,,,,,,25,,,,,,,,,,,,,,,
28,,,,,,,,None,,,Tanzania,,,,,100,20000,,,,,,25,,,,,,,,,,,,,,,
28,,,,,,,,None,,,Tanzania,,,,,100,20000,,,,,,25,,,,,,,,,,,,,,,
28,,,,,,,,None,,,Tanzania,,,,,100,20000,,,,,,25,,,,,,,,,,,,,,,
28,,,,,,,,None,,,Tanzania,,,,,100,20000,,,,,,25,,,,,,,,,,,,,,,
28,,,,,,,,None,,,Tanzania,,,,,100,20000,,,,,,25,,,,,,,,,,,,,,,
28,,,,,,,,None,,,Tanzania,,,,,100,20000,,,,,,25,,,,,,,,,,,,,,,
28,,,,,,,,None,,,Tanzania,,,,,100,20000,,,,,,25,,,,,,,,,,,,,,,
28,,,,,,,,None,,,Tanzania,,,,,100,20000,,,,,,25,,,,,,,,,,,,,,,
28,,,,,,,,None,,,Tanzania,,,,,100,20000,,,,,,25,,,,,,,,,,,,,,,
28,,,,,,,,None,,,Tanzania,,,,,100,20000,,,,,,25,,,,,,,,,,,,,,,
28,,,,,,,,None,,,Tanzania,,,,,100,20000,,,,,,25,,,,,,,,,,,,,,,
28,,,,,,,,None,,,Tanzania,,,,,100,20000,,,,,,25,,,,,,,,,,,,,,,
28,,,,,,,,None,,,Tanzania,,,,,100,20000,,,,,,25,,,,,,,,,,,,,,,
29,,,,,,,,None,,,India,,,,,100,20000,,,,,,25,,,,,,,,,,,,,,,
29,,,,,,,,None,,,India,,,,,100,20000,,,,,,25,,,,,,,,,,,,,,,
29,,,,,,,,None,,,India,,,,,100,20000,,,,,,25,,,,,,,,,,,,,,,
29,,,,,,,,None,,,India,,,,,100,20000,,,,,,25,,,,,,,,,,,,,,,
29,,,,,,,,None,,,India,,,,,100,20000,,,,,,25,,,,,,,,,,,,,,,
29,,,,,,,,None,,,India,,,,,100,20000,,,,,,25,,,,,,,,,,,,,,,
29,,,,,,,,None,,,India,,,,,100,20000,,,,,,25,,,,,,,,,,,,,,,
29,,,,,,,,None,,,India,,,,,100,20000,,,,,,25,,,,,,,,,,,,,,,
29,,,,,,,,None,,,India,,,,,100,20000,,,,,,25,,,,,,,,,,,,,,,
29,,,,,,,,None,,,India,,,,,100,20000,,,,,,25,,,,,,,,,,,,,,,
29,,,,,,,,None,,,India,,,,,100,20000,,,,,,25,,,,,,,,,,,,,,,
29,,,,,,,,None,,,India,,,,,100,20000,,,,,,25,,,,,,,,,,,,,,,
29,,,,,,,,None,,,India,,,,,100,20000,,,,,,25,,,,,,,,,,,,,,,
29,,,,,,,,None,,,India,,,,,100,20000,,,,,,25,,,,,,,,,,,,,,,
29,,,,,,,,None,,,India,,,,,100,20000,,,,,,25,,,,,,,,,,,,,,,
29,,,,,,,,None,,,India,,,,,100,20000,,,,,,25,,,,,,,,,,,,,,,
29,,,,,,,,None,,,India,,,,,100,20000,,,,,,25,,,,,,,,,,,,,,,
29,,,,,,,,None,,,India,,,,,100,20000,,,,,,25,,,,,,,,,,,,,,,
29,,,,,,,,None,,,India,,,,,100,20000,,,,,,25,,,,,,,,,,,,,,,
29,,,,,,,,None,,,India,,,,,100,20000,,,,,,25,,,,,,,,,,,,,,,
29,,,,,,,,None,,,India,,,,,100,20000,,,,,,25,,,,,,,,,,,,,,,
29,,,,,,,,None,,,India,,,,,100,20000,,,,,,25,,,,,,,,,,,,,,,
29,,,,,,,,None,,,India,,,,,100,20000,,,,,,25,,,,,,,,,,,,,,,
29,,,,,,,,None,,,India,,,,,100,20000,,,,,,25,,,,,,,,,,,,,,,
29,,,,,,,,None,,,India,,,,,100,20000,,,,,,25,,,,,,,,,,,,,,,
30,,,,,,,,None,,,Japan,,,,,100,20000,,,,,,25,,,,,,,,,,,,,,,
30,,,,,,,,None,,,Japan,,,,,100,20000,,,,,,25,,,,,,,,,,,,,,,
30,,,,,,,,None,,,Japan,,,,,100,20000,,,,,,25,,,,,,,,,,,,,,,
30,,,,,,,,None,,,Japan,,,,,100,20000,,,,,,25,,,,,,,,,,,,,,,
30,,,,,,,,None,,,Japan,,,,,100,20000,,,,,,25,,,,,,,,,,,,,,,
30,,,,,,,,None,,,Japan,,,,,100,20000,,,,,,25,,,,,,,,,,,,,,,
30,,,,,,,,None,,,Japan,,,,,100,20000,,,,,,25,,,,,,,,,,,,,,,
30,,,,,,,,None,,,Japan,,,,,100,20000,,,,,,25,,,,,,,,,,,,,,,
30,,,,,,,,None,,,Japan,,,,,100,20000,,,,,,25,,,,,,,,,,,,,,,
30,,,,,,,,None,,,Japan,,,,,100,20000,,,,,,25,,,,,,,,,,,,,,,
30,,,,,,,,None,,,Japan,,,,,100,20000,,,,,,25,,,,,,,,,,,,,,,
30,,,,,,,,None,,,Japan,,,,,100,20000,,,,,,25,,,,,,,,,,,,,,,
30,,,,,,,,None,,,Japan,,,,,100,20000,,,,,,25,,,,,,,,,,,,,,,
30,,,,,,,,None,,,Japan,,,,,100,20000,,,,,,25,,,,,,,,,,,,,,,
30,,,,,,,,None,,,Japan,,,,,100,20000,,,,,,25,,,,,,,,,,,,,,,
30,,,,,,,,None,,,Japan,,,,,100,20000,,,,,,25,,,,,,,,,,,,,,,
30,,,,,,,,None,,,Japan,,,,,100,20000,,,,,,25,,,,,,,,,,,,,,,
30,,,,,,,,None,,,Japan,,,,,100,20000,,,,,,25,,,,,,,,,,,,,,,
30,,,,,,,,None,,,Japan,,,,,100,20000,,,,,,25,,,,,,,,,,,,,,,
30,,,,,,,,None,,,Japan,,,,,100,20000,,,,,,25,,,,,,,,,,,,,,,
30,,,,,,,,None,,,Japan,,,,,100,20000,,,,,,25,,,,,,,,,,,,,,,
30,,,,,,,,None,,,Japan,,,,,100,20000,,,,,,25,,,,,,,,,,,,,,,
30,,,,,,,,None,,,Japan,,,,,100,20000,,,,,,25,,,,,,,,,,,,,,,
30,,,,,,,,None,,,Japan,,,,,100,20000,,,,,,25,,,,,,,,,,,,,,,
30,,,,,,,,None,,,Japan,,,,,100,20000,,,,,,25,,,,,,,,,,,,,,,
31,,,,,,,,None,,,Japan,,,,,100,20000,,,,,,25,,,,,,,,,,,,,,,
31,,,,,,,,None,,,Japan,,,,,100,20000,,,,,,25,,,,,,,,,,,,,,,
31,,,,,,,,None,,,Japan,,,,,100,20000,,,,,,25,,,,,,,,,,,,,,,
31,,,,,,,,None,,,Japan,,,,,100,20000,,,,,,25,,,,,,,,,,,,,,,
31,,,,,,,,None,,,Japan,,,,,100,20000,,,,,,25,,,,,,,,,,,,,,,
31,,,,,,,,None,,,Japan,,,,,100,20000,,,,,,25,,,,,,,,,,,,,,,
31,,,,,,,,None,,,Japan,,,,,100,20000,,,,,,25,,,,,,,,,,,,,,,
31,,,,,,,,None,,,Japan,,,,,100,20000,,,,,,25,,,,,,,,,,,,,,,
31,,,,,,,,None,,,Japan,,,,,100,20000,,,,,,25,,,,,,,,,,,,,,,
31,,,,,,,,None,,,Japan,,,,,100,20000,,,,,,25,,,,,,,,,,,,,,,
31,,,,,,,,None,,,Japan,,,,,100,20000,,,,,,25,,,,,,,,,,,,,,,
31,,,,,,,,None,,,Japan,,,,,100,20000,,,,,,25,,,,,,,,,,,,,,,
31,,,,,,,,None,,,Japan,,,,,100,20000,,,,,,25,,,,,,,,,,,,,,,
31,,,,,,,,None,,,Japan,,,,,100,20000,,,,,,25,,,,,,,,,,,,,,,
31,,,,,,,,None,,,Japan,,,,,100,20000,,,,,,25,,,,,,,,,,,,,,,
31,,,,,,,,None,,,Japan,,,,,100,20000,,,,,,25,,,,,,,,,,,,,,,
31,,,,,,,,None,,,Japan,,,,,100,20000,,,,,,25,,,,,,,,,,,,,,,
31,,,,,,,,None,,,Japan,,,,,100,20000,,,,,,25,,,,,,,,,,,,,,,
31,,,,,,,,None,,,Japan,,,,,100,20000,,,,,,25,,,,,,,,,,,,,,,
31,,,,,,,,None,,,Japan,,,,,100,20000,,,,,,25,,,,,,,,,,,,,,,
31,,,,,,,,None,,,Japan,,,,,100,20000,,,,,,25,,,,,,,,,,,,,,,
31,,,,,,,,None,,,Japan,,,,,100,20000,,,,,,25,,,,,,,,,,,,,,,
31,,,,,,,,None,,,Japan,,,,,100,20000,,,,,,25,,,,,,,,,,,,,,,
31,,,,,,,,None,,,Japan,,,,,100,20000,,,,,,25,,,,,,,,,,,,,,,
31,,,,,,,,None,,,Japan,,,,,100,20000,,,,,,25,,,,,,,,,,,,,,,
32,,,,,,,,None,,,India,,,,,100,20000,,,,,,25,,,,,,,,,,,,,,,
32,,,,,,,,None,,,India,,,,,100,20000,,,,,,25,,,,,,,,,,,,,,,
32,,,,,,,,None,,,India,,,,,100,20000,,,,,,25,,,,,,,,,,,,,,,
32,,,,,,,,None,,,India,,,,,100,20000,,,,,,25,,,,,,,,,,,,,,,
32,,,,,,,,None,,,India,,,,,100,20000,,,,,,25,,,,,,,,,,,,,,,
32,,,,,,,,None,,,India,,,,,100,20000,,,,,,25,,,,,,,,,,,,,,,
32,,,,,,,,None,,,India,,,,,100,20000,,,,,,25,,,,,,,,,,,,,,,
32,,,,,,,,None,,,India,,,,,100,20000,,,,,,25,,,,,,,,,,,,,,,
32,,,,,,,,None,,,India,,,,,100,20000,,,,,,25,,,,,,,,,,,,,,,
32,,,,,,,,None,,,India,,,,,100,20000,,,,,,25,,,,,,,,,,,,,,,
32,,,,,,,,None,,,India,,,,,100,20000,,,,,,25,,,,,,,,,,,,,,,
32,,,,,,,,None,,,India,,,,,100,20000,,,,,,25,,,,,,,,,,,,,,,
32,,,,,,,,None,,,India,,,,,100,20000,,,,,,25,,,,,,,,,,,,,,,
32,,,,,,,,None,,,India,,,,,100,20000,,,,,,25,,,,,,,,,,,,,,,
32,,,,,,,,None,,,India,,,,,100,20000,,,,,,25,,,,,,,,,,,,,,,
32,,,,,,,,None,,,India,,,,,100,20000,,,,,,25,,,,,,,,,,,,,,,
32,,,,,,,,None,,,India,,,,,100,20000,,,,,,25,,,,,,,,,,,,,,,
32,,,,,,,,None,,,India,,,,,100,20000,,,,,,25,,,,,,,,,,,,,,,
32,,,,,,,,None,,,India,,,,,100,20000,,,,,,25,,,,,,,,,,,,,,,
32,,,,,,,,None,,,India,,,,,100,20000,,,,,,25,,,,,,,,,,,,,,,
32,,,,,,,,None,,,India,,,,,100,20000,,,,,,25,,,,,,,,,,,,,,,
32,,,,,,,,None,,,India,,,,,100,20000,,,,,,25,,,,,,,,,,,,,,,
32,,,,,,,,None,,,India,,,,,100,20000,,,,,,25,,,,,,,,,,,,,,,
32,,,,,,,,None,,,India,,,,,100,20000,,,,,,25,,,,,,,,,,,,,,,
32,,,,,,,,None,,,India,,,,,100,20000,,,,,,25,,,,,,,,,,,,,,,
33,,,,,,,,None,,,Netherlands,,,,,100,20000,,,,,,25,,,,,,,,,,,,,,,
33,,,,,,,,None,,,Netherlands,,,,,100,20000,,,,,,25,,,,,,,,,,,,,,,
33,,,,,,,,None,,,Netherlands,,,,,100,20000,,,,,,25,,,,,,,,,,,,,,,
33,,,,,,,,None,,,Netherlands,,,,,100,20000,,,,,,25,,,,,,,,,,,,,,,
33,,,,,,,,None,,,Netherlands,,,,,100,20000,,,,,,25,,,,,,,,,,,,,,,
33,,,,,,,,None,,,Netherlands,,,,,100,20000,,,,,,25,,,,,,,,,,,,,,,
33,,,,,,,,None,,,Netherlands,,,,,100,20000,,,,,,25,,,,,,,,,,,,,,,
33,,,,,,,,None,,,Netherlands,,,,,100,20000,,,,,,25,,,,,,,,,,,,,,,
33,,,,,,,,None,,,Netherlands,,,,,100,20000,,,,,,25,,,,,,,,,,,,,,,
33,,,,,,,,None,,,Netherlands,,,,,100,20000,,,,,,25,,,,,,,,,,,,,,,
33,,,,,,,,None,,,Netherlands,,,,,100,20000,,,,,,25,,,,,,,,,,,,,,,
33,,,,,,,,None,,,Netherlands,,,,,100,20000,,,,,,25,,,,,,,,,,,,,,,
33,,,,,,,,None,,,Netherlands,,,,,100,20000,,,,,,25,,,,,,,,,,,,,,,
33,,,,,,,,None,,,Netherlands,,,,,100,20000,,,,,,25,,,,,,,,,,,,,,,
33,,,,,,,,None,,,Netherlands,,,,,100,20000,,,,,,25,,,,,,,,,,,,,,,
33,,,,,,,,None,,,Netherlands,,,,,100,20000,,,,,,25,,,,,,,,,,,,,,,
33,,,,,,,,None,,,Netherlands,,,,,100,20000,,,,,,25,,,,,,,,,,,,,,,
33,,,,,,,,None,,,Netherlands,,,,,100,20000,,,,,,25,,,,,,,,,,,,,,,
33,,,,,,,,None,,,Netherlands,,,,,100,20000,,,,,,25,,,,,,,,,,,,,,,
33,,,,,,,,None,,,Netherlands,,,,,100,20000,,,,,,25,,,,,,,,,,,,,,,
33,,,,,,,,None,,,Netherlands,,,,,100,20000,,,,,,25,,,,,,,,,,,,,,,
33,,,,,,,,None,,,Netherlands,,,,,100,20000,,,,,,25,,,,,,,,,,,,,,,
33,,,,,,,,None,,,Netherlands,,,,,100,20000,,,,,,25,,,,,,,,,,,,,,,
33,,,,,,,,None,,,Netherlands,,,,,100,20000,,,,,,25,,,,,,,,,,,,,,,
33,,,,,,,,None,,,Netherlands,,,,,100,20000,,,,,,25,,,,,,,,,,,,,,,
34,,,,,,,,None,,,New Zealand,,,,,100,20000,,,,,,25,,,,,,,,,,,,,,,
34,,,,,,,,None,,,New Zealand,,,,,100,20000,,,,,,25,,,,,,,,,,,,,,,
34,,,,,,,,None,,,New Zealand,,,,,100,20000,,,,,,25,,,,,,,,,,,,,,,
34,,,,,,,,None,,,New Zealand,,,,,100,20000,,,,,,25,,,,,,,,,,,,,,,
34,,,,,,,,None,,,New Zealand,,,,,100,20000,,,,,,25,,,,,,,,,,,,,,,
34,,,,,,,,None,,,New Zealand,,,,,100,20000,,,,,,25,,,,,,,,,,,,,,,
34,,,,,,,,None,,,New Zealand,,,,,100,20000,,,,,,25,,,,,,,,,,,,,,,
34,,,,,,,,None,,,New Zealand,,,,,100,20000,,,,,,25,,,,,,,,,,,,,,,
34,,,,,,,,None,,,New Zealand,,,,,100,20000,,,,,,25,,,,,,,,,,,,,,,
34,,,,,,,,None,,,New Zealand,,,,,100,20000,,,,,,25,,,,,,,,,,,,,,,
34,,,,,,,,None,,,New Zealand,,,,,100,20000,,,,,,25,,,,,,,,,,,,,,,
34,,,,,,,,None,,,New Zealand,,,,,100,20000,,,,,,25,,,,,,,,,,,,,,,
34,,,,,,,,None,,,New Zealand,,,,,100,20000,,,,,,25,,,,,,,,,,,,,,,
34,,,,,,,,None,,,New Zealand,,,,,100,20000,,,,,,25,,,,,,,,,,,,,,,
34,,,,,,,,None,,,New Zealand,,,,,100,20000,,,,,,25,,,,,,,,,,,,,,,
34,,,,,,,,None,,,New Zealand,,,,,100,20000,,,,,,25,,,,,,,,,,,,,,,
34,,,,,,,,None,,,New Zealand,,,,,100,20000,,,,,,25,,,,,,,,,,,,,,,
34,,,,,,,,None,,,New Zealand,,,,,100,20000,,,,,,25,,,,,,,,,,,,,,,
34,,,,,,,,None,,,New Zealand,,,,,100,20000,,,,,,25,,,,,,,,,,,,,,,
34,,,,,,,,None,,,New Zealand,,,,,100,20000,,,,,,25,,,,,,,,,,,,,,,
34,,,,,,,,None,,,New Zealand,,,,,100,20000,,,,,,25,,,,,,,,,,,,,,,
34,,,,,,,,None,,,New Zealand,,,,,100,20000,,,,,,25,,,,,,,,,,,,,,,
34,,,,,,,,None,,,New Zealand,,,,,100,20000,,,,,,25,,,,,,,,,,,,,,,
34,,,,,,,,None,,,New Zealand,,,,,100,20000,,,,,,25,,,,,,,,,,,,,,,
34,,,,,,,,None,,,New Zealand,,,,,100,20000,,,,,,25,,,,,,,,,,,,,,,
35,,,,,,,,None,,,Tanzania,,,,,100,20000,,,,,,25,,,,,,,,,,,,,,,
35,,,,,,,,None,,,Tanzania,,,,,100,20000,,,,,,25,,,,,,,,,,,,,,,
35,,,,,,,,None,,,Tanzania,,,,,100,20000,,,,,,25,,,,,,,,,,,,,,,
35,,,,,,,,None,,,Tanzania,,,,,100,20000,,,,,,25,,,,,,,,,,,,,,,
35,,,,,,,,None,,,Tanzania,,,,,100,20000,,,,,,25,,,,,,,,,,,,,,,
35,,,,,,,,None,,,Tanzania,,,,,100,20000,,,,,,25,,,,,,,,,,,,,,,
35,,,,,,,,None,,,Tanzania,,,,,100,20000,,,,,,25,,,,,,,,,,,,,,,
35,,,,,,,,None,,,Tanzania,,,,,100,20000,,,,,,25,,,,,,,,,,,,,,,
35,,,,,,,,None,,,Tanzania,,,,,100,20000,,,,,,25,,,,,,,,,,,,,,,
35,,,,,,,,None,,,Tanzania,,,,,100,20000,,,,,,25,,,,,,,,,,,,,,,
35,,,,,,,,None,,,Tanzania,,,,,100,20000,,,,,,25,,,,,,,,,,,,,,,
35,,,,,,,,None,,,Tanzania,,,,,100,20000,,,,,,25,,,,,,,,,,,,,,,
35,,,,,,,,None,,,Tanzania,,,,,100,20000,,,,,,25,,,,,,,,,,,,,,,
35,,,,,,,,None,,,Tanzania,,,,,100,20000,,,,,,25,,,,,,,,,,,,,,,
35,,,,,,,,None,,,Tanzania,,,,,100,20000,,,,,,25,,,,,,,,,,,,,,,
35,,,,,,,,None,,,Tanzania,,,,,100,20000,,,,,,25,,,,,,,,,,,,,,,
35,,,,,,,,None,,,Tanzania,,,,,100,20000,,,,,,25,,,,,,,,,,,,,,,
35,,,,,,,,None,,,Tanzania,,,,,100,20000,,,,,,25,,,,,,,,,,,,,,,
35,,,,,,,,None,,,Tanzania,,,,,100,20000,,,,,,25,,,,,,,,,,,,,,,
35,,,,,,,,None,,,Tanzania,,,,,100,20000,,,,,,25,,,,,,,,,,,,,,,
35,,,,,,,,None,,,Tanzania,,,,,100,20000,,,,,,25,,,,,,,,,,,,,,,
35,,,,,,,,None,,,Tanzania,,,,,100,20000,,,,,,25,,,,,,,,,,,,,,,
35,,,,,,,,None,,,Tanzania,,,,,100,20000,,,,,,25,,,,,,,,,,,,,,,
35,,,,,,,,None,,,Tanzania,,,,,100,20000,,,,,,25,,,,,,,,,,,,,,,
35,,,,,,,,None,,,Tanzania,,,,,100,20000,,,,,,25,,,,,,,,,,,,,,,
36,,,,,,,,None,,,Mexico,,,,,100,20000,,,,,,25,,,,,,,,,,,,,,,
36,,,,,,,,None,,,Mexico,,,,,100,20000,,,,,,25,,,,,,,,,,,,,,,
36,,,,,,,,None,,,Mexico,,,,,100,20000,,,,,,25,,,,,,,,,,,,,,,
36,,,,,,,,None,,,Mexico,,,,,100,20000,,,,,,25,,,,,,,,,,,,,,,
36,,,,,,,,None,,,Mexico,,,,,100,20000,,,,,,25,,,,,,,,,,,,,,,
36,,,,,,,,None,,,Mexico,,,,,100,20000,,,,,,25,,,,,,,,,,,,,,,
36,,,,,,,,None,,,Mexico,,,,,100,20000,,,,,,25,,,,,,,,,,,,,,,
36,,,,,,,,None,,,Mexico,,,,,100,20000,,,,,,25,,,,,,,,,,,,,,,
36,,,,,,,,None,,,Mexico,,,,,100,20000,,,,,,25,,,,,,,,,,,,,,,
36,,,,,,,,None,,,Mexico,,,,,100,20000,,,,,,25,,,,,,,,,,,,,,,
36,,,,,,,,None,,,Mexico,,,,,100,20000,,,,,,25,,,,,,,,,,,,,,,
36,,,,,,,,None,,,Mexico,,,,,100,20000,,,,,,25,,,,,,,,,,,,,,,
36,,,,,,,,None,,,Mexico,,,,,100,20000,,,,,,25,,,,,,,,,,,,,,,
36,,,,,,,,None,,,Mexico,,,,,100,20000,,,,,,25,,,,,,,,,,,,,,,
36,,,,,,,,None,,,Mexico,,,,,100,20000,,,,,,25,,,,,,,,,,,,,,,
36,,,,,,,,None,,,Mexico,,,,,100,20000,,,,,,25,,,,,,,,,,,,,,,
36,,,,,,,,None,,,Mexico,,,,,100,20000,,,,,,25,,,,,,,,,,,,,,,
36,,,,,,,,None,,,Mexico,,,,,100,20000,,,,,,25,,,,,,,,,,,,,,,
36,,,,,,,,None,,,Mexico,,,,,100,20000,,,,,,25,,,,,,,,,,,,,,,
36,,,,,,,,None,,,Mexico,,,,,100,20000,,,,,,25,,,,,,,,,,,,,,,
36,,,,,,,,None,,,Mexico,,,,,100,20000,,,,,,25,,,,,,,,,,,,,,,
36,,,,,,,,None,,,Mexico,,,,,100,20000,,,,,,25,,,,,,,,,,,,,,,
36,,,,,,,,None,,,Mexico,,,,,100,20000,,,,,,25,,,,,,,,,,,,,,,
36,,,,,,,,None,,,Mexico,,,,,100,20000,,,,,,25,,,,,,,,,,,,,,,
36,,,,,,,,None,,,Mexico,,,,,100,20000,,,,,,25,,,,,,,,,,,,,,,
37,,,,,,,,None,,,India,,,,,100,20000,,,,,,25,,,,,,,,,,,,,,,
37,,,,,,,,None,,,India,,,,,100,20000,,,,,,25,,,,,,,,,,,,,,,
37,,,,,,,,None,,,India,,,,,100,20000,,,,,,25,,,,,,,,,,,,,,,
37,,,,,,,,None,,,India,,,,,100,20000,,,,,,25,,,,,,,,,,,,,,,
37,,,,,,,,None,,,India,,,,,100,20000,,,,,,25,,,,,,,,,,,,,,,
37,,,,,,,,None,,,India,,,,,100,20000,,,,,,25,,,,,,,,,,,,,,,
37,,,,,,,,None,,,India,,,,,100,20000,,,,,,25,,,,,,,,,,,,,,,
37,,,,,,,,None,,,India,,,,,100,20000,,,,,,25,,,,,,,,,,,,,,,
37,,,,,,,,None,,,India,,,,,100,20000,,,,,,25,,,,,,,,,,,,,,,
37,,,,,,,,None,,,India,,,,,100,20000,,,,,,25,,,,,,,,,,,,,,,
37,,,,,,,,None,,,India,,,,,100,20000,,,,,,25,,,,,,,,,,,,,,,
37,,,,,,,,None,,,India,,,,,100,20000,,,,,,25,,,,,,,,,,,,,,,
37,,,,,,,,None,,,India,,,,,100,20000,,,,,,25,,,,,,,,,,,,,,,
37,,,,,,,,None,,,India,,,,,100,20000,,,,,,25,,,,,,,,,,,,,,,
37,,,,,,,,None,,,India,,,,,100,20000,,,,,,25,,,,,,,,,,,,,,,
37,,,,,,,,None,,,India,,,,,100,20000,,,,,,25,,,,,,,,,,,,,,,
37,,,,,,,,None,,,India,,,,,100,20000,,,,,,25,,,,,,,,,,,,,,,
37,,,,,,,,None,,,India,,,,,100,20000,,,,,,25,,,,,,,,,,,,,,,
37,,,,,,,,None,,,India,,,,,100,20000,,,,,,25,,,,,,,,,,,,,,,
37,,,,,,,,None,,,India,,,,,100,20000,,,,,,25,,,,,,,,,,,,,,,
37,,,,,,,,None,,,India,,,,,100,20000,,,,,,25,,,,,,,,,,,,,,,
37,,,,,,,,None,,,India,,,,,100,20000,,,,,,25,,,,,,,,,,,,,,,
37,,,,,,,,None,,,India,,,,,100,20000,,,,,,25,,,,,,,,,,,,,,,
37,,,,,,,,None,,,India,,,,,100,20000,,,,,,25,,,,,,,,,,,,,,,
37,,,,,,,,None,,,India,,,,,100,20000,,,,,,25,,,,,,,,,,,,,,,
38,,,,,,,,None,,,Israel,,,,,100,20000,,,,,,25,,,,,,,,,,,,,,,
38,,,,,,,,None,,,Israel,,,,,100,20000,,,,,,25,,,,,,,,,,,,,,,
38,,,,,,,,None,,,Israel,,,,,100,20000,,,,,,25,,,,,,,,,,,,,,,
38,,,,,,,,None,,,Israel,,,,,100,20000,,,,,,25,,,,,,,,,,,,,,,
38,,,,,,,,None,,,Israel,,,,,100,20000,,,,,,25,,,,,,,,,,,,,,,
38,,,,,,,,None,,,Israel,,,,,100,20000,,,,,,25,,,,,,,,,,,,,,,
38,,,,,,,,None,,,Israel,,,,,100,20000,,,,,,25,,,,,,,,,,,,,,,
38,,,,,,,,None,,,Israel,,,,,100,20000,,,,,,25,,,,,,,,,,,,,,,
38,,,,,,,,None,,,Israel,,,,,100,20000,,,,,,25,,,,,,,,,,,,,,,
38,,,,,,,,None,,,Israel,,,,,100,20000,,,,,,25,,,,,,,,,,,,,,,
38,,,,,,,,None,,,Israel,,,,,100,20000,,,,,,25,,,,,,,,,,,,,,,
38,,,,,,,,None,,,Israel,,,,,100,20000,,,,,,25,,,,,,,,,,,,,,,
38,,,,,,,,None,,,Israel,,,,,100,20000,,,,,,25,,,,,,,,,,,,,,,
38,,,,,,,,None,,,Israel,,,,,100,20000,,,,,,25,,,,,,,,,,,,,,,
38,,,,,,,,None,,,Israel,,,,,100,20000,,,,,,25,,,,,,,,,,,,,,,
38,,,,,,,,None,,,Israel,,,,,100,20000,,,,,,25,,,,,,,,,,,,,,,
38,,,,,,,,None,,,Israel,,,,,100,20000,,,,,,25,,,,,,,,,,,,,,,
38,,,,,,,,None,,,Israel,,,,,100,20000,,,,,,25,,,,,,,,,,,,,,,
38,,,,,,,,None,,,Israel,,,,,100,20000,,,,,,25,,,,,,,,,,,,,,,
38,,,,,,,,None,,,Israel,,,,,100,20000,,,,,,25,,,,,,,,,,,,,,,
38,,,,,,,,None,,,Israel,,,,,100,20000,,,,,,25,,,,,,,,,,,,,,,
38,,,,,,,,None,,,Israel,,,,,100,20000,,,,,,25,,,,,,,,,,,,,,,
38,,,,,,,,None,,,Israel,,,,,100,20000,,,,,,25,,,,,,,,,,,,,,,
38,,,,,,,,None,,,Israel,,,,,100,20000,,,,,,25,,,,,,,,,,,,,,,
38,,,,,,,,None,,,Israel,,,,,100,20000,,,,,,25,,,,,,,,,,,,,,,
39,,,,,,,,None,,,India,,,,,100,20000,,,,,,25,,,,,,,,,,,,,,,
39,,,,,,,,None,,,India,,,,,100,20000,,,,,,25,,,,,,,,,,,,,,,
39,,,,,,,,None,,,India,,,,,100,20000,,,,,,25,,,,,,,,,,,,,,,
39,,,,,,,,None,,,India,,,,,100,20000,,,,,,25,,,,,,,,,,,,,,,
39,,,,,,,,None,,,India,,,,,100,20000,,,,,,25,,,,,,,,,,,,,,,
39,,,,,,,,None,,,India,,,,,100,20000,,,,,,25,,,,,,,,,,,,,,,
39,,,,,,,,None,,,India,,,,,100,20000,,,,,,25,,,,,,,,,,,,,,,
39,,,,,,,,None,,,India,,,,,100,20000,,,,,,25,,,,,,,,,,,,,,,
39,,,,,,,,None,,,India,,,,,100,20000,,,,,,25,,,,,,,,,,,,,,,
39,,,,,,,,None,,,India,,,,,100,20000,,,,,,25,,,,,,,,,,,,,,,
39,,,,,,,,None,,,India,,,,,100,20000,,,,,,25,,,,,,,,,,,,,,,
39,,,,,,,,None,,,India,,,,,100,20000,,,,,,25,,,,,,,,,,,,,,,
39,,,,,,,,None,,,India,,,,,100,20000,,,,,,25,,,,,,,,,,,,,,,
39,,,,,,,,None,,,India,,,,,100,20000,,,,,,25,,,,,,,,,,,,,,,
39,,,,,,,,None,,,India,,,,,100,20000,,,,,,25,,,,,,,,,,,,,,,
39,,,,,,,,None,,,India,,,,,100,20000,,,,,,25,,,,,,,,,,,,,,,
39,,,,,,,,None,,,India,,,,,100,20000,,,,,,25,,,,,,,,,,,,,,,
39,,,,,,,,None,,,India,,,,,100,20000,,,,,,25,,,,,,,,,,,,,,,
39,,,,,,,,None,,,India,,,,,100,20000,,,,,,25,,,,,,,,,,,,,,,
39,,,,,,,,None,,,India,,,,,100,20000,,,,,,25,,,,,,,,,,,,,,,
39,,,,,,,,None,,,India,,,,,100,20000,,,,,,25,,,,,,,,,,,,,,,
39,,,,,,,,None,,,India,,,,,100,20000,,,,,,25,,,,,,,,,,,,,,,
39,,,,,,,,None,,,India,,,,,100,20000,,,,,,25,,,,,,,,,,,,,,,
39,,,,,,,,None,,,India,,,,,100,20000,,,,,,25,,,,,,,,,,,,,,,
39,,,,,,,,None,,,India,,,,,100,20000,,,,,,25,,,,,,,,,,,,,,,
40,,,,,,,,None,,,Mexico,,,,,100,20000,,,,,,25,,,,,,,,,,,,,,,
40,,,,,,,,None,,,Mexico,,,,,100,20000,,,,,,25,,,,,,,,,,,,,,,
40,,,,,,,,None,,,Mexico,,,,,100,20000,,,,,,25,,,,,,,,,,,,,,,
40,,,,,,,,None,,,Mexico,,,,,100,20000,,,,,,25,,,,,,,,,,,,,,,
40,,,,,,,,None,,,Mexico,,,,,100,20000,,,,,,25,,,,,,,,,,,,,,,
40,,,,,,,,None,,,Mexico,,,,,100,20000,,,,,,25,,,,,,,,,,,,,,,
40,,,,,,,,None,,,Mexico,,,,,100,20000,,,,,,25,,,,,,,,,,,,,,,
40,,,,,,,,None,,,Mexico,,,,,100,20000,,,,,,25,,,,,,,,,,,,,,,
40,,,,,,,,None,,,Mexico,,,,,100,20000,,,,,,25,,,,,,,,,,,,,,,
40,,,,,,,,None,,,Mexico,,,,,100,20000,,,,,,25,,,,,,,,,,,,,,,
40,,,,,,,,None,,,Mexico,,,,,100,20000,,,,,,25,,,,,,,,,,,,,,,
40,,,,,,,,None,,,Mexico,,,,,100,20000,,,,,,25,,,,,,,,,,,,,,,
40,,,,,,,,None,,,Mexico,,,,,100,20000,,,,,,25,,,,,,,,,,,,,,,
40,,,,,,,,None,,,Mexico,,,,,100,20000,,,,,,25,,,,,,,,,,,,,,,
40,,,,,,,,None,,,Mexico,,,,,100,20000,,,,,,25,,,,,,,,,,,,,,,
40,,,,,,,,None,,,Mexico,,,,,100,20000,,,,,,25,,,,,,,,,,,,,,,
40,,,,,,,,None,,,Mexico,,,,,100,20000,,,,,,25,,,,,,,,,,,,,,,
40,,,,,,,,None,,,Mexico,,,,,100,20000,,,,,,25,,,,,,,,,,,,,,,
40,,,,,,,,None,,,Mexico,,,,,100,20000,,,,,,25,,,,,,,,,,,,,,,
40,,,,,,,,None,,,Mexico,,,,,100,20000,,,,,,25,,,,,,,,,,,,,,,
40,,,,,,,,None,,,Mexico,,,,,100,20000,,,,,,25,,,,,,,,,,,,,,,
40,,,,,,,,None,,,Mexico,,,,,100,20000,,,,,,25,,,,,,,,,,,,,,,
40,,,,,,,,None,,,Mexico,,,,,100,20000,,,,,,25,,,,,,,,,,,,,,,
40,,,,,,,,None,,,Mexico,,,,,100,20000,,,,,,25,,,,,,,,,,,,,,,
40,,,,,,,,None,,,Mexico,,,,,100,20000,,,,,,25,,,,,,,,,,,,,,,
41,,,,,,,,None,,,Netherlands,,,,,100,20000,,,,,,25,,,,,,,,,,,,,,,
41,,,,,,,,None,,,Netherlands,,,,,100,20000,,,,,,25,,,,,,,,,,,,,,,
41,,,,,,,,None,,,Netherlands,,,,,100,20000,,,,,,25,,,,,,,,,,,,,,,
41,,,,,,,,None,,,Netherlands,,,,,100,20000,,,,,,25,,,,,,,,,,,,,,,
41,,,,,,,,None,,,Netherlands,,,,,100,20000,,,,,,25,,,,,,,,,,,,,,,
41,,,,,,,,None,,,Netherlands,,,,,100,20000,,,,,,25,,,,,,,,,,,,,,,
41,,,,,,,,None,,,Netherlands,,,,,100,20000,,,,,,25,,,,,,,,,,,,,,,
41,,,,,,,,None,,,Netherlands,,,,,100,20000,,,,,,25,,,,,,,,,,,,,,,
41,,,,,,,,None,,,Netherlands,,,,,100,20000,,,,,,25,,,,,,,,,,,,,,,
41,,,,,,,,None,,,Netherlands,,,,,100,20000,,,,,,25,,,,,,,,,,,,,,,
41,,,,,,,,None,,,Netherlands,,,,,100,20000,,,,,,25,,,,,,,,,,,,,,,
41,,,,,,,,None,,,Netherlands,,,,,100,20000,,,,,,25,,,,,,,,,,,,,,,
41,,,,,,,,None,,,Netherlands,,,,,100,20000,,,,,,25,,,,,,,,,,,,,,,
41,,,,,,,,None,,,Netherlands,,,,,100,20000,,,,,,25,,,,,,,,,,,,,,,
41,,,,,,,,None,,,Netherlands,,,,,100,20000,,,,,,25,,,,,,,,,,,,,,,
41,,,,,,,,None,,,Netherlands,,,,,100,20000,,,,,,25,,,,,,,,,,,,,,,
41,,,,,,,,None,,,Netherlands,,,,,100,20000,,,,,,25,,,,,,,,,,,,,,,
41,,,,,,,,None,,,Netherlands,,,,,100,20000,,,,,,25,,,,,,,,,,,,,,,
41,,,,,,,,None,,,Netherlands,,,,,100,20000,,,,,,25,,,,,,,,,,,,,,,
41,,,,,,,,None,,,Netherlands,,,,,100,20000,,,,,,25,,,,,,,,,,,,,,,
41,,,,,,,,None,,,Netherlands,,,,,100,20000,,,,,,25,,,,,,,,,,,,,,,
41,,,,,,,,None,,,Netherlands,,,,,100,20000,,,,,,25,,,,,,,,,,,,,,,
41,,,,,,,,None,,,Netherlands,,,,,100,20000,,,,,,25,,,,,,,,,,,,,,,
41,,,,,,,,None,,,Netherlands,,,,,100,20000,,,,,,25,,,,,,,,,,,,,,,
41,,,,,,,,None,,,Netherlands,,,,,100,20000,,,,,,25,,,,,,,,,,,,,,,
42,,,,,,,,None,,,Japan,,,,,100,20000,,,,,,25,,,,,,,,,,,,,,,
42,,,,,,,,None,,,Japan,,,,,100,20000,,,,,,25,,,,,,,,,,,,,,,
42,,,,,,,,None,,,Japan,,,,,100,20000,,,,,,25,,,,,,,,,,,,,,,
42,,,,,,,,None,,,Japan,,,,,100,20000,,,,,,25,,,,,,,,,,,,,,,
42,,,,,,,,None,,,Japan,,,,,100,20000,,,,,,25,,,,,,,,,,,,,,,
42,,,,,,,,None,,,Japan,,,,,100,20000,,,,,,25,,,,,,,,,,,,,,,
42,,,,,,,,None,,,Japan,,,,,100,20000,,,,,,25,,,,,,,,,,,,,,,
42,,,,,,,,None,,,Japan,,,,,100,20000,,,,,,25,,,,,,,,,,,,,,,
42,,,,,,,,None,,,Japan,,,,,100,20000,,,,,,25,,,,,,,,,,,,,,,
42,,,,,,,,None,,,Japan,,,,,100,20000,,,,,,25,,,,,,,,,,,,,,,
42,,,,,,,,None,,,Japan,,,,,100,20000,,,,,,25,,,,,,,,,,,,,,,
42,,,,,,,,None,,,Japan,,,,,100,20000,,,,,,25,,,,,,,,,,,,,,,
42,,,,,,,,None,,,Japan,,,,,100,20000,,,,,,25,,,,,,,,,,,,,,,
42,,,,,,,,None,,,Japan,,,,,100,20000,,,,,,25,,,,,,,,,,,,,,,
42,,,,,,,,None,,,Japan,,,,,100,20000,,,,,,25,,,,,,,,,,,,,,,
42,,,,,,,,None,,,Japan,,,,,100,20000,,,,,,25,,,,,,,,,,,,,,,
42,,,,,,,,None,,,Japan,,,,,100,20000,,,,,,25,,,,,,,,,,,,,,,
42,,,,,,,,None,,,Japan,,,,,100,20000,,,,,,25,,,,,,,,,,,,,,,
42,,,,,,,,None,,,Japan,,,,,100,20000,,,,,,25,,,,,,,,,,,,,,,
42,,,,,,,,None,,,Japan,,,,,100,20000,,,,,,25,,,,,,,,,,,,,,,
42,,,,,,,,None,,,Japan,,,,,100,20000,,,,,,25,,,,,,,,,,,,,,,
42,,,,,,,,None,,,Japan,,,,,100,20000,,,,,,25,,,,,,,,,,,,,,,
42,,,,,,,,None,,,Japan,,,,,100,20000,,,,,,25,,,,,,,,,,,,,,,
42,,,,,,,,None,,,Japan,,,,,100,20000,,,,,,25,,,,,,,,,,,,,,,
42,,,,,,,,None,,,Japan,,,,,100,20000,,,,,,25,,,,,,,,,,,,,,,
43,,,,,,,,None,,,Tanzania,,,,,100,20000,,,,,,25,,,,,,,,,,,,,,,
43,,,,,,,,None,,,Tanzania,,,,,100,20000,,,,,,25,,,,,,,,,,,,,,,
43,,,,,,,,None,,,Tanzania,,,,,100,20000,,,,,,25,,,,,,,,,,,,,,,
43,,,,,,,,None,,,Tanzania,,,,,100,20000,,,,,,25,,,,,,,,,,,,,,,
43,,,,,,,,None,,,Tanzania,,,,,100,20000,,,,,,25,,,,,,,,,,,,,,,
43,,,,,,,,None,,,Tanzania,,,,,100,20000,,,,,,25,,,,,,,,,,,,,,,
43,,,,,,,,None,,,Tanzania,,,,,100,20000,,,,,,25,,,,,,,,,,,,,,,
43,,,,,,,,None,,,Tanzania,,,,,100,20000,,,,,,25,,,,,,,,,,,,,,,
43,,,,,,,,None,,,Tanzania,,,,,100,20000,,,,,,25,,,,,,,,,,,,,,,
43,,,,,,,,None,,,Tanzania,,,,,100,20000,,,,,,25,,,,,,,,,,,,,,,
43,,,,,,,,None,,,Tanzania,,,,,100,20000,,,,,,25,,,,,,,,,,,,,,,
43,,,,,,,,None,,,Tanzania,,,,,100,20000,,,,,,25,,,,,,,,,,,,,,,
43,,,,,,,,None,,,Tanzania,,,,,100,20000,,,,,,25,,,,,,,,,,,,,,,
43,,,,,,,,None,,,Tanzania,,,,,100,20000,,,,,,25,,,,,,,,,,,,,,,
43,,,,,,,,None,,,Tanzania,,,,,100,20000,,,,,,25,,,,,,,,,,,,,,,
43,,,,,,,,None,,,Tanzania,,,,,100,20000,,,,,,25,,,,,,,,,,,,,,,
43,,,,,,,,None,,,Tanzania,,,,,100,20000,,,,,,25,,,,,,,,,,,,,,,
43,,,,,,,,None,,,Tanzania,,,,,100,20000,,,,,,25,,,,,,,,,,,,,,,
43,,,,,,,,None,,,Tanzania,,,,,100,20000,,,,,,25,,,,,,,,,,,,,,,
43,,,,,,,,None,,,Tanzania,,,,,100,20000,,,,,,25,,,,,,,,,,,,,,,
43,,,,,,,,None,,,Tanzania,,,,,100,20000,,,,,,25,,,,,,,,,,,,,,,
43,,,,,,,,None,,,Tanzania,,,,,100,20000,,,,,,25,,,,,,,,,,,,,,,
43,,,,,,,,None,,,Tanzania,,,,,100,20000,,,,,,25,,,,,,,,,,,,,,,
43,,,,,,,,None,,,Tanzania,,,,,100,20000,,,,,,25,,,,,,,,,,,,,,,
43,,,,,,,,None,,,Tanzania,,,,,100,20000,,,,,,25,,,,,,,,,,,,,,,
44,,,,,,,,None,,,India,,,,,100,20000,,,,,,25,,,,,,,,,,,,,,,
44,,,,,,,,None,,,India,,,,,100,20000,,,,,,25,,,,,,,,,,,,,,,
44,,,,,,,,None,,,India,,,,,100,20000,,,,,,25,,,,,,,,,,,,,,,
44,,,,,,,,None,,,India,,,,,100,20000,,,,,,25,,,,,,,,,,,,,,,
44,,,,,,,,None,,,India,,,,,100,20000,,,,,,25,,,,,,,,,,,,,,,
44,,,,,,,,None,,,India,,,,,100,20000,,,,,,25,,,,,,,,,,,,,,,
44,,,,,,,,None,,,India,,,,,100,20000,,,,,,25,,,,,,,,,,,,,,,
44,,,,,,,,None,,,India,,,,,100,20000,,,,,,25,,,,,,,,,,,,,,,
44,,,,,,,,None,,,India,,,,,100,20000,,,,,,25,,,,,,,,,,,,,,,
44,,,,,,,,None,,,India,,,,,100,20000,,,,,,25,,,,,,,,,,,,,,,
44,,,,,,,,None,,,India,,,,,100,20000,,,,,,25,,,,,,,,,,,,,,,
44,,,,,,,,None,,,India,,,,,100,20000,,,,,,25,,,,,,,,,,,,,,,
44,,,,,,,,None,,,India,,,,,100,20000,,,,,,25,,,,,,,,,,,,,,,
44,,,,,,,,None,,,India,,,,,100,20000,,,,,,25,,,,,,,,,,,,,,,
44,,,,,,,,None,,,India,,,,,100,20000,,,,,,25,,,,,,,,,,,,,,,
44,,,,,,,,None,,,India,,,,,100,20000,,,,,,25,,,,,,,,,,,,,,,
44,,,,,,,,None,,,India,,,,,100,20000,,,,,,25,,,,,,,,,,,,,,,
44,,,,,,,,None,,,India,,,,,100,20000,,,,,,25,,,,,,,,,,,,,,,
44,,,,,,,,None,,,India,,,,,100,20000,,,,,,25,,,,,,,,,,,,,,,
44,,,,,,,,None,,,India,,,,,100,20000,,,,,,25,,,,,,,,,,,,,,,
44,,,,,,,,None,,,India,,,,,100,20000,,,,,,25,,,,,,,,,,,,,,,
44,,,,,,,,None,,,India,,,,,100,20000,,,,,,25,,,,,,,,,,,,,,,
44,,,,,,,,None,,,India,,,,,100,20000,,,,,,25,,,,,,,,,,,,,,,
44,,,,,,,,None,,,India,,,,,100,20000,,,,,,25,,,,,,,,,,,,,,,
44,,,,,,,,None,,,India,,,,,100,20000,,,,,,25,,,,,,,,,,,,,,,
45,,,,,,,,None,,,India,,,,,100,20000,,,,,,25,,,,,,,,,,,,,,,
45,,,,,,,,None,,,India,,,,,100,20000,,,,,,25,,,,,,,,,,,,,,,
45,,,,,,,,None,,,India,,,,,100,20000,,,,,,25,,,,,,,,,,,,,,,
45,,,,,,,,None,,,India,,,,,100,20000,,,,,,25,,,,,,,,,,,,,,,
45,,,,,,,,None,,,India,,,,,100,20000,,,,,,25,,,,,,,,,,,,,,,
45,,,,,,,,None,,,India,,,,,100,20000,,,,,,25,,,,,,,,,,,,,,,
45,,,,,,,,None,,,India,,,,,100,20000,,,,,,25,,,,,,,,,,,,,,,
45,,,,,,,,None,,,India,,,,,100,20000,,,,,,25,,,,,,,,,,,,,,,
45,,,,,,,,None,,,India,,,,,100,20000,,,,,,25,,,,,,,,,,,,,,,
45,,,,,,,,None,,,India,,,,,100,20000,,,,,,25,,,,,,,,,,,,,,,
45,,,,,,,,None,,,India,,,,,100,20000,,,,,,25,,,,,,,,,,,,,,,
45,,,,,,,,None,,,India,,,,,100,20000,,,,,,25,,,,,,,,,,,,,,,
45,,,,,,,,None,,,India,,,,,100,20000,,,,,,25,,,,,,,,,,,,,,,
45,,,,,,,,None,,,India,,,,,100,20000,,,,,,25,,,,,,,,,,,,,,,
45,,,,,,,,None,,,India,,,,,100,20000,,,,,,25,,,,,,,,,,,,,,,
45,,,,,,,,None,,,India,,,,,100,20000,,,,,,25,,,,,,,,,,,,,,,
45,,,,,,,,None,,,India,,,,,100,20000,,,,,,25,,,,,,,,,,,,,,,
45,,,,,,,,None,,,India,,,,,100,20000,,,,,,25,,,,,,,,,,,,,,,
45,,,,,,,,None,,,India,,,,,100,20000,,,,,,25,,,,,,,,,,,,,,,
45,,,,,,,,None,,,India,,,,,100,20000,,,,,,25,,,,,,,,,,,,,,,
45,,,,,,,,None,,,India,,,,,100,20000,,,,,,25,,,,,,,,,,,,,,,
45,,,,,,,,None,,,India,,,,,100,20000,,,,,,25,,,,,,,,,,,,,,,
45,,,,,,,,None,,,India,,,,,100,20000,,,,,,25,,,,,,,,,,,,,,,
45,,,,,,,,None,,,India,,,,,100,20000,,,,,,25,,,,,,,,,,,,,,,
45,,,,,,,,None,,,India,,,,,100,20000,,,,,,25,,,,,,,,,,,,,,,
46,,,,,,,,None,,,Tanzania,,,,,100,20000,,,,,,25,,,,,,,,,,,,,,,
46,,,,,,,,None,,,Tanzania,,,,,100,20000,,,,,,25,,,,,,,,,,,,,,,
46,,,,,,,,None,,,Tanzania,,,,,100,20000,,,,,,25,,,,,,,,,,,,,,,
46,,,,,,,,None,,,Tanzania,,,,,100,20000,,,,,,25,,,,,,,,,,,,,,,
46,,,,,,,,None,,,Tanzania,,,,,100,20000,,,,,,25,,,,,,,,,,,,,,,
46,,,,,,,,None,,,Tanzania,,,,,100,20000,,,,,,25,,,,,,,,,,,,,,,
46,,,,,,,,None,,,Tanzania,,,,,100,20000,,,,,,25,,,,,,,,,,,,,,,
46,,,,,,,,None,,,Tanzania,,,,,100,20000,,,,,,25,,,,,,,,,,,,,,,
46,,,,,,,,None,,,Tanzania,,,,,100,20000,,,,,,25,,,,,,,,,,,,,,,
46,,,,,,,,None,,,Tanzania,,,,,100,20000,,,,,,25,,,,,,,,,,,,,,,
46,,,,,,,,None,,,Tanzania,,,,,100,20000,,,,,,25,,,,,,,,,,,,,,,
46,,,,,,,,None,,,Tanzania,,,,,100,20000,,,,,,25,,,,,,,,,,,,,,,
46,,,,,,,,None,,,Tanzania,,,,,100,20000,,,,,,25,,,,,,,,,,,,,,,
46,,,,,,,,None,,,Tanzania,,,,,100,20000,,,,,,25,,,,,,,,,,,,,,,
46,,,,,,,,None,,,Tanzania,,,,,100,20000,,,,,,25,,,,,,,,,,,,,,,
46,,,,,,,,None,,,Tanzania,,,,,100,20000,,,,,,25,,,,,,,,,,,,,,,
46,,,,,,,,None,,,Tanzania,,,,,100,20000,,,,,,25,,,,,,,,,,,,,,,
46,,,,,,,,None,,,Tanzania,,,,,100,20000,,,,,,25,,,,,,,,,,,,,,,
46,,,,,,,,None,,,Tanzania,,,,,100,20000,,,,,,25,,,,,,,,,,,,,,,
46,,,,,,,,None,,,Tanzania,,,,,100,20000,,,,,,25,,,,,,,,,,,,,,,
46,,,,,,,,None,,,Tanzania,,,,,100,20000,,,,,,25,,,,,,,,,,,,,,,
46,,,,,,,,None,,,Tanzania,,,,,100,20000,,,,,,25,,,,,,,,,,,,,,,
46,,,,,,,,None,,,Tanzania,,,,,100,20000,,,,,,25,,,,,,,,,,,,,,,
46,,,,,,,,None,,,Tanzania,,,,,100,20000,,,,,,25,,,,,,,,,,,,,,,
46,,,,,,,,None,,,Tanzania,,,,,100,20000,,,,,,25,,,,,,,,,,,,,,,
47,,,,,,,,None,,,Tanzania,,,,,100,20000,,,,,,25,,,,,,,,,,,,,,,
47,,,,,,,,None,,,Tanzania,,,,,100,20000,,,,,,25,,,,,,,,,,,,,,,
47,,,,,,,,None,,,Tanzania,,,,,100,20000,,,,,,25,,,,,,,,,,,,,,,
47,,,,,,,,None,,,Tanzania,,,,,100,20000,,,,,,25,,,,,,,,,,,,,,,
47,,,,,,,,None,,,Tanzania,,,,,100,20000,,,,,,25,,,,,,,,,,,,,,,
47,,,,,,,,None,,,Tanzania,,,,,100,20000,,,,,,25,,,,,,,,,,,,,,,
47,,,,,,,,None,,,Tanzania,,,,,100,20000,,,,,,25,,,,,,,,,,,,,,,
47,,,,,,,,None,,,Tanzania,,,,,100,20000,,,,,,25,,,,,,,,,,,,,,,
47,,,,,,,,None,,,Tanzania,,,,,100,20000,,,,,,25,,,,,,,,,,,,,,,
47,,,,,,,,None,,,Tanzania,,,,,100,20000,,,,,,25,,,,,,,,,,,,,,,
47,,,,,,,,None,,,Tanzania,,,,,100,20000,,,,,,25,,,,,,,,,,,,,,,
47,,,,,,,,None,,,Tanzania,,,,,100,20000,,,,,,25,,,,,,,,,,,,,,,
47,,,,,,,,None,,,Tanzania,,,,,100,20000,,,,,,25,,,,,,,,,,,,,,,
47,,,,,,,,None,,,Tanzania,,,,,100,20000,,,,,,25,,,,,,,,,,,,,,,
47,,,,,,,,None,,,Tanzania,,,,,100,20000,,,,,,25,,,,,,,,,,,,,,,
47,,,,,,,,None,,,Tanzania,,,,,100,20000,,,,,,25,,,,,,,,,,,,,,,
47,,,,,,,,None,,,Tanzania,,,,,100,20000,,,,,,25,,,,,,,,,,,,,,,
47,,,,,,,,None,,,Tanzania,,,,,100,20000,,,,,,25,,,,,,,,,,,,,,,
47,,,,,,,,None,,,Tanzania,,,,,100,20000,,,,,,25,,,,,,,,,,,,,,,
47,,,,,,,,None,,,Tanzania,,,,,100,20000,,,,,,25,,,,,,,,,,,,,,,
47,,,,,,,,None,,,Tanzania,,,,,100,20000,,,,,,25,,,,,,,,,,,,,,,
47,,,,,,,,None,,,Tanzania,,,,,100,20000,,,,,,25,,,,,,,,,,,,,,,
47,,,,,,,,None,,,Tanzania,,,,,100,20000,,,,,,25,,,,,,,,,,,,,,,
47,,,,,,,,None,,,Tanzania,,,,,100,20000,,,,,,25,,,,,,,,,,,,,,,
47,,,,,,,,None,,,Tanzania,,,,,100,20000,,,,,,25,,,,,,,,,,,,,,,
48,,,,,,,,None,,,India,,,,,100,20000,,,,,,25,,,,,,,,,,,,,,,
48,,,,,,,,None,,,India,,,,,100,20000,,,,,,25,,,,,,,,,,,,,,,
48,,,,,,,,None,,,India,,,,,100,20000,,,,,,25,,,,,,,,,,,,,,,
48,,,,,,,,None,,,India,,,,,100,20000,,,,,,25,,,,,,,,,,,,,,,
48,,,,,,,,None,,,India,,,,,100,20000,,,,,,25,,,,,,,,,,,,,,,
48,,,,,,,,None,,,India,,,,,100,20000,,,,,,25,,,,,,,,,,,,,,,
48,,,,,,,,None,,,India,,,,,100,20000,,,,,,25,,,,,,,,,,,,,,,
48,,,,,,,,None,,,India,,,,,100,20000,,,,,,25,,,,,,,,,,,,,,,
48,,,,,,,,None,,,India,,,,,100,20000,,,,,,25,,,,,,,,,,,,,,,
48,,,,,,,,None,,,India,,,,,100,20000,,,,,,25,,,,,,,,,,,,,,,
48,,,,,,,,None,,,India,,,,,100,20000,,,,,,25,,,,,,,,,,,,,,,
48,,,,,,,,None,,,India,,,,,100,20000,,,,,,25,,,,,,,,,,,,,,,
48,,,,,,,,None,,,India,,,,,100,20000,,,,,,25,,,,,,,,,,,,,,,
48,,,,,,,,None,,,India,,,,,100,20000,,,,,,25,,,,,,,,,,,,,,,
48,,,,,,,,None,,,India,,,,,100,20000,,,,,,25,,,,,,,,,,,,,,,
48,,,,,,,,None,,,India,,,,,100,20000,,,,,,25,,,,,,,,,,,,,,,
48,,,,,,,,None,,,India,,,,,100,20000,,,,,,25,,,,,,,,,,,,,,,
48,,,,,,,,None,,,India,,,,,100,20000,,,,,,25,,,,,,,,,,,,,,,
48,,,,,,,,None,,,India,,,,,100,20000,,,,,,25,,,,,,,,,,,,,,,
48,,,,,,,,None,,,India,,,,,100,20000,,,,,,25,,,,,,,,,,,,,,,
48,,,,,,,,None,,,India,,,,,100,20000,,,,,,25,,,,,,,,,,,,,,,
48,,,,,,,,None,,,India,,,,,100,20000,,,,,,25,,,,,,,,,,,,,,,
48,,,,,,,,None,,,India,,,,,100,20000,,,,,,25,,,,,,,,,,,,,,,
48,,,,,,,,None,,,India,,,,,100,20000,,,,,,25,,,,,,,,,,,,,,,
48,,,,,,,,None,,,India,,,,,100,20000,,,,,,25,,,,,,,,,,,,,,,
49,,,,,,,,None,,,Japan,,,,,100,20000,,,,,,25,,,,,,,,,,,,,,,
49,,,,,,,,None,,,Japan,,,,,100,20000,,,,,,25,,,,,,,,,,,,,,,
49,,,,,,,,None,,,Japan,,,,,100,20000,,,,,,25,,,,,,,,,,,,,,,
49,,,,,,,,None,,,Japan,,,,,100,20000,,,,,,25,,,,,,,,,,,,,,,
49,,,,,,,,None,,,Japan,,,,,100,20000,,,,,,25,,,,,,,,,,,,,,,
49,,,,,,,,None,,,Japan,,,,,100,20000,,,,,,25,,,,,,,,,,,,,,,
49,,,,,,,,None,,,Japan,,,,,100,20000,,,,,,25,,,,,,,,,,,,,,,
49,,,,,,,,None,,,Japan,,,,,100,20000,,,,,,25,,,,,,,,,,,,,,,
49,,,,,,,,None,,,Japan,,,,,100,20000,,,,,,25,,,,,,,,,,,,,,,
49,,,,,,,,None,,,Japan,,,,,100,20000,,,,,,25,,,,,,,,,,,,,,,
49,,,,,,,,None,,,Japan,,,,,100,20000,,,,,,25,,,,,,,,,,,,,,,
49,,,,,,,,None,,,Japan,,,,,100,20000,,,,,,25,,,,,,,,,,,,,,,
49,,,,,,,,None,,,Japan,,,,,100,20000,,,,,,25,,,,,,,,,,,,,,,
49,,,,,,,,None,,,Japan,,,,,100,20000,,,,,,25,,,,,,,,,,,,,,,
49,,,,,,,,None,,,Japan,,,,,100,20000,,,,,,25,,,,,,,,,,,,,,,
49,,,,,,,,None,,,Japan,,,,,100,20000,,,,,,25,,,,,,,,,,,,,,,
49,,,,,,,,None,,,Japan,,,,,100,20000,,,,,,25,,,,,,,,,,,,,,,
49,,,,,,,,None,,,Japan,,,,,100,20000,,,,,,25,,,,,,,,,,,,,,,
49,,,,,,,,None,,,Japan,,,,,100,20000,,,,,,25,,,,,,,,,,,,,,,
49,,,,,,,,None,,,Japan,,,,,100,20000,,,,,,25,,,,,,,,,,,,,,,
49,,,,,,,,None,,,Japan,,,,,100,20000,,,,,,25,,,,,,,,,,,,,,,
49,,,,,,,,None,,,Japan,,,,,100,20000,,,,,,25,,,,,,,,,,,,,,,
49,,,,,,,,None,,,Japan,,,,,100,20000,,,,,,25,,,,,,,,,,,,,,,
49,,,,,,,,None,,,Japan,,,,,100,20000,,,,,,25,,,,,,,,,,,,,,,
49,,,,,,,,None,,,Japan,,,,,100,20000,,,,,,25,,,,,,,,,,,,,,,
50,,,,,,,,None,,,Tanzania,,,,,100,20000,,,,,,25,,,,,,,,,,,,,,,
50,,,,,,,,None,,,Tanzania,,,,,100,20000,,,,,,25,,,,,,,,,,,,,,,
50,,,,,,,,None,,,Tanzania,,,,,100,20000,,,,,,25,,,,,,,,,,,,,,,
50,,,,,,,,None,,,Tanzania,,,,,100,20000,,,,,,25,,,,,,,,,,,,,,,
50,,,,,,,,None,,,Tanzania,,,,,100,20000,,,,,,25,,,,,,,,,,,,,,,
50,,,,,,,,None,,,Tanzania,,,,,100,20000,,,,,,25,,,,,,,,,,,,,,,
50,,,,,,,,None,,,Tanzania,,,,,100,20000,,,,,,25,,,,,,,,,,,,,,,
50,,,,,,,,None,,,Tanzania,,,,,100,20000,,,,,,25,,,,,,,,,,,,,,,
50,,,,,,,,None,,,Tanzania,,,,,100,20000,,,,,,25,,,,,,,,,,,,,,,
50,,,,,,,,None,,,Tanzania,,,,,100,20000,,,,,,25,,,,,,,,,,,,,,,
50,,,,,,,,None,,,Tanzania,,,,,100,20000,,,,,,25,,,,,,,,,,,,,,,
50,,,,,,,,None,,,Tanzania,,,,,100,20000,,,,,,25,,,,,,,,,,,,,,,
50,,,,,,,,None,,,Tanzania,,,,,100,20000,,,,,,25,,,,,,,,,,,,,,,
50,,,,,,,,None,,,Tanzania,,,,,100,20000,,,,,,25,,,,,,,,,,,,,,,
50,,,,,,,,None,,,Tanzania,,,,,100,20000,,,,,,25,,,,,,,,,,,,,,,
50,,,,,,,,None,,,Tanzania,,,,,100,20000,,,,,,25,,,,,,,,,,,,,,,
50,,,,,,,,None,,,Tanzania,,,,,100,20000,,,,,,25,,,,,,,,,,,,,,,
50,,,,,,,,None,,,Tanzania,,,,,100,20000,,,,,,25,,,,,,,,,,,,,,,
50,,,,,,,,None,,,Tanzania,,,,,100,20000,,,,,,25,,,,,,,,,,,,,,,
50,,,,,,,,None,,,Tanzania,,,,,100,20000,,,,,,25,,,,,,,,,,,,,,,
50,,,,,,,,None,,,Tanzania,,,,,100,20000,,,,,,25,,,,,,,,,,,,,,,
50,,,,,,,,None,,,Tanzania,,,,,100,20000,,,,,,25,,,,,,,,,,,,,,,
50,,,,,,,,None,,,Tanzania,,,,,100,20000,,,,,,25,,,,,,,,,,,,,,,
50,,,,,,,,None,,,Tanzania,,,,,100,20000,,,,,,25,,,,,,,,,,,,,,,
50,,,,,,,,None,,,Tanzania,,,,,100,20000,,,,,,25,,,,,,,,,,,,,,,
51,,,,,,,,None,,,Japan,,,,,100,20000,,,,,,25,,,,,,,,,,,,,,,
51,,,,,,,,None,,,Japan,,,,,100,20000,,,,,,25,,,,,,,,,,,,,,,
51,,,,,,,,None,,,Japan,,,,,100,20000,,,,,,25,,,,,,,,,,,,,,,
51,,,,,,,,None,,,Japan,,,,,100,20000,,,,,,25,,,,,,,,,,,,,,,
51,,,,,,,,None,,,Japan,,,,,100,20000,,,,,,25,,,,,,,,,,,,,,,
51,,,,,,,,None,,,Japan,,,,,100,20000,,,,,,25,,,,,,,,,,,,,,,
51,,,,,,,,None,,,Japan,,,,,100,20000,,,,,,25,,,,,,,,,,,,,,,
51,,,,,,,,None,,,Japan,,,,,100,20000,,,,,,25,,,,,,,,,,,,,,,
51,,,,,,,,None,,,Japan,,,,,100,20000,,,,,,25,,,,,,,,,,,,,,,
51,,,,,,,,None,,,Japan,,,,,100,20000,,,,,,25,,,,,,,,,,,,,,,
51,,,,,,,,None,,,Japan,,,,,100,20000,,,,,,25,,,,,,,,,,,,,,,
51,,,,,,,,None,,,Japan,,,,,100,20000,,,,,,25,,,,,,,,,,,,,,,
51,,,,,,,,None,,,Japan,,,,,100,20000,,,,,,25,,,,,,,,,,,,,,,
51,,,,,,,,None,,,Japan,,,,,100,20000,,,,,,25,,,,,,,,,,,,,,,
51,,,,,,,,None,,,Japan,,,,,100,20000,,,,,,25,,,,,,,,,,,,,,,
51,,,,,,,,None,,,Japan,,,,,100,20000,,,,,,25,,,,,,,,,,,,,,,
51,,,,,,,,None,,,Japan,,,,,100,20000,,,,,,25,,,,,,,,,,,,,,,
51,,,,,,,,None,,,Japan,,,,,100,20000,,,,,,25,,,,,,,,,,,,,,,
51,,,,,,,,None,,,Japan,,,,,100,20000,,,,,,25,,,,,,,,,,,,,,,
51,,,,,,,,None,,,Japan,,,,,100,20000,,,,,,25,,,,,,,,,,,,,,,
51,,,,,,,,None,,,Japan,,,,,100,20000,,,,,,25,,,,,,,,,,,,,,,
51,,,,,,,,None,,,Japan,,,,,100,20000,,,,,,25,,,,,,,,,,,,,,,
51,,,,,,,,None,,,Japan,,,,,100,20000,,,,,,25,,,,,,,,,,,,,,,
51,,,,,,,,None,,,Japan,,,,,100,20000,,,,,,25,,,,,,,,,,,,,,,
51,,,,,,,,None,,,Japan,,,,,100,20000,,,,,,25,,,,,,,,,,,,,,,
52,,,,,,,,None,,,Mexico,,,,,100,20000,,,,,,25,,,,,,,,,,,,,,,
52,,,,,,,,None,,,Mexico,,,,,100,20000,,,,,,25,,,,,,,,,,,,,,,
52,,,,,,,,None,,,Mexico,,,,,100,20000,,,,,,25,,,,,,,,,,,,,,,
52,,,,,,,,None,,,Mexico,,,,,100,20000,,,,,,25,,,,,,,,,,,,,,,
52,,,,,,,,None,,,Mexico,,,,,100,20000,,,,,,25,,,,,,,,,,,,,,,
52,,,,,,,,None,,,Mexico,,,,,100,20000,,,,,,25,,,,,,,,,,,,,,,
52,,,,,,,,None,,,Mexico,,,,,100,20000,,,,,,25,,,,,,,,,,,,,,,
52,,,,,,,,None,,,Mexico,,,,,100,20000,,,,,,25,,,,,,,,,,,,,,,
52,,,,,,,,None,,,Mexico,,,,,100,20000,,,,,,25,,,,,,,,,,,,,,,
52,,,,,,,,None,,,Mexico,,,,,100,20000,,,,,,25,,,,,,,,,,,,,,,
52,,,,,,,,None,,,Mexico,,,,,100,20000,,,,,,25,,,,,,,,,,,,,,,
52,,,,,,,,None,,,Mexico,,,,,100,20000,,,,,,25,,,,,,,,,,,,,,,
52,,,,,,,,None,,,Mexico,,,,,100,20000,,,,,,25,,,,,,,,,,,,,,,
52,,,,,,,,None,,,Mexico,,,,,100,20000,,,,,,25,,,,,,,,,,,,,,,
52,,,,,,,,None,,,Mexico,,,,,100,20000,,,,,,25,,,,,,,,,,,,,,,
52,,,,,,,,None,,,Mexico,,,,,100,20000,,,,,,25,,,,,,,,,,,,,,,
52,,,,,,,,None,,,Mexico,,,,,100,20000,,,,,,25,,,,,,,,,,,,,,,
52,,,,,,,,None,,,Mexico,,,,,100,20000,,,,,,25,,,,,,,,,,,,,,,
52,,,,,,,,None,,,Mexico,,,,,100,20000,,,,,,25,,,,,,,,,,,,,,,
52,,,,,,,,None,,,Mexico,,,,,100,20000,,,,,,25,,,,,,,,,,,,,,,
52,,,,,,,,None,,,Mexico,,,,,100,20000,,,,,,25,,,,,,,,,,,,,,,
52,,,,,,,,None,,,Mexico,,,,,100,20000,,,,,,25,,,,,,,,,,,,,,,
52,,,,,,,,None,,,Mexico,,,,,100,20000,,,,,,25,,,,,,,,,,,,,,,
52,,,,,,,,None,,,Mexico,,,,,100,20000,,,,,,25,,,,,,,,,,,,,,,
52,,,,,,,,None,,,Mexico,,,,,100,20000,,,,,,25,,,,,,,,,,,,,,,
53,,,,,,,,None,,,Mexico,,,,,100,20000,,,,,,25,,,,,,,,,,,,,,,
53,,,,,,,,None,,,Mexico,,,,,100,20000,,,,,,25,,,,,,,,,,,,,,,
53,,,,,,,,None,,,Mexico,,,,,100,20000,,,,,,25,,,,,,,,,,,,,,,
53,,,,,,,,None,,,Mexico,,,,,100,20000,,,,,,25,,,,,,,,,,,,,,,
53,,,,,,,,None,,,Mexico,,,,,100,20000,,,,,,25,,,,,,,,,,,,,,,
53,,,,,,,,None,,,Mexico,,,,,100,20000,,,,,,25,,,,,,,,,,,,,,,
53,,,,,,,,None,,,Mexico,,,,,100,20000,,,,,,25,,,,,,,,,,,,,,,
53,,,,,,,,None,,,Mexico,,,,,100,20000,,,,,,25,,,,,,,,,,,,,,,
53,,,,,,,,None,,,Mexico,,,,,100,20000,,,,,,25,,,,,,,,,,,,,,,
53,,,,,,,,None,,,Mexico,,,,,100,20000,,,,,,25,,,,,,,,,,,,,,,
53,,,,,,,,None,,,Mexico,,,,,100,20000,,,,,,25,,,,,,,,,,,,,,,
53,,,,,,,,None,,,Mexico,,,,,100,20000,,,,,,25,,,,,,,,,,,,,,,
53,,,,,,,,None,,,Mexico,,,,,100,20000,,,,,,25,,,,,,,,,,,,,,,
53,,,,,,,,None,,,Mexico,,,,,100,20000,,,,,,25,,,,,,,,,,,,,,,
53,,,,,,,,None,,,Mexico,,,,,100,20000,,,,,,25,,,,,,,,,,,,,,,
53,,,,,,,,None,,,Mexico,,,,,100,20000,,,,,,25,,,,,,,,,,,,,,,
53,,,,,,,,None,,,Mexico,,,,,100,20000,,,,,,25,,,,,,,,,,,,,,,
53,,,,,,,,None,,,Mexico,,,,,100,20000,,,,,,25,,,,,,,,,,,,,,,
53,,,,,,,,None,,,Mexico,,,,,100,20000,,,,,,25,,,,,,,,,,,,,,,
53,,,,,,,,None,,,Mexico,,,,,100,20000,,,,,,25,,,,,,,,,,,,,,,
53,,,,,,,,None,,,Mexico,,,,,100,20000,,,,,,25,,,,,,,,,,,,,,,
53,,,,,,,,None,,,Mexico,,,,,100,20000,,,,,,25,,,,,,,,,,,,,,,
53,,,,,,,,None,,,Mexico,,,,,100,20000,,,,,,25,,,,,,,,,,,,,,,
53,,,,,,,,None,,,Mexico,,,,,100,20000,,,,,,25,,,,,,,,,,,,,,,
53,,,,,,,,None,,,Mexico,,,,,100,20000,,,,,,25,,,,,,,,,,,,,,,
54,,,,,,,,None,,,Mexico,,,,,100,20000,,,,,,25,,,,,,,,,,,,,,,
54,,,,,,,,None,,,Mexico,,,,,100,20000,,,,,,25,,,,,,,,,,,,,,,
54,,,,,,,,None,,,Mexico,,,,,100,20000,,,,,,25,,,,,,,,,,,,,,,
54,,,,,,,,None,,,Mexico,,,,,100,20000,,,,,,25,,,,,,,,,,,,,,,
54,,,,,,,,None,,,Mexico,,,,,100,20000,,,,,,25,,,,,,,,,,,,,,,
54,,,,,,,,None,,,Mexico,,,,,100,20000,,,,,,25,,,,,,,,,,,,,,,
54,,,,,,,,None,,,Mexico,,,,,100,20000,,,,,,25,,,,,,,,,,,,,,,
54,,,,,,,,None,,,Mexico,,,,,100,20000,,,,,,25,,,,,,,,,,,,,,,
54,,,,,,,,None,,,Mexico,,,,,100,20000,,,,,,25,,,,,,,,,,,,,,,
54,,,,,,,,None,,,Mexico,,,,,100,20000,,,,,,25,,,,,,,,,,,,,,,
54,,,,,,,,None,,,Mexico,,,,,100,20000,,,,,,25,,,,,,,,,,,,,,,
54,,,,,,,,None,,,Mexico,,,,,100,20000,,,,,,25,,,,,,,,,,,,,,,
54,,,,,,,,None,,,Mexico,,,,,100,20000,,,,,,25,,,,,,,,,,,,,,,
54,,,,,,,,None,,,Mexico,,,,,100,20000,,,,,,25,,,,,,,,,,,,,,,
54,,,,,,,,None,,,Mexico,,,,,100,20000,,,,,,25,,,,,,,,,,,,,,,
54,,,,,,,,None,,,Mexico,,,,,100,20000,,,,,,25,,,,,,,,,,,,,,,
54,,,,,,,,None,,,Mexico,,,,,100,20000,,,,,,25,,,,,,,,,,,,,,,
54,,,,,,,,None,,,Mexico,,,,,100,20000,,,,,,25,,,,,,,,,,,,,,,
54,,,,,,,,None,,,Mexico,,,,,100,20000,,,,,,25,,,,,,,,,,,,,,,
54,,,,,,,,None,,,Mexico,,,,,100,20000,,,,,,25,,,,,,,,,,,,,,,
54,,,,,,,,None,,,Mexico,,,,,100,20000,,,,,,25,,,,,,,,,,,,,,,
54,,,,,,,,None,,,Mexico,,,,,100,20000,,,,,,25,,,,,,,,,,,,,,,
54,,,,,,,,None,,,Mexico,,,,,100,20000,,,,,,25,,,,,,,,,,,,,,,
54,,,,,,,,None,,,Mexico,,,,,100,20000,,,,,,25,,,,,,,,,,,,,,,
54,,,,,,,,None,,,Mexico,,,,,100,20000,,,,,,25,,,,,,,,,,,,,,,
55,,,,,,,,None,,,Israel,,,,,100,20000,,,,,,25,,,,,,,,,,,,,,,
55,,,,,,,,None,,,Israel,,,,,100,20000,,,,,,25,,,,,,,,,,,,,,,
55,,,,,,,,None,,,Israel,,,,,100,20000,,,,,,25,,,,,,,,,,,,,,,
55,,,,,,,,None,,,Israel,,,,,100,20000,,,,,,25,,,,,,,,,,,,,,,
55,,,,,,,,None,,,Israel,,,,,100,20000,,,,,,25,,,,,,,,,,,,,,,
55,,,,,,,,None,,,Israel,,,,,100,20000,,,,,,25,,,,,,,,,,,,,,,
55,,,,,,,,None,,,Israel,,,,,100,20000,,,,,,25,,,,,,,,,,,,,,,
55,,,,,,,,None,,,Israel,,,,,100,20000,,,,,,25,,,,,,,,,,,,,,,
55,,,,,,,,None,,,Israel,,,,,100,20000,,,,,,25,,,,,,,,,,,,,,,
55,,,,,,,,None,,,Israel,,,,,100,20000,,,,,,25,,,,,,,,,,,,,,,
55,,,,,,,,None,,,Israel,,,,,100,20000,,,,,,25,,,,,,,,,,,,,,,
55,,,,,,,,None,,,Israel,,,,,100,20000,,,,,,25,,,,,,,,,,,,,,,
55,,,,,,,,None,,,Israel,,,,,100,20000,,,,,,25,,,,,,,,,,,,,,,
55,,,,,,,,None,,,Israel,,,,,100,20000,,,,,,25,,,,,,,,,,,,,,,
55,,,,,,,,None,,,Israel,,,,,100,20000,,,,,,25,,,,,,,,,,,,,,,
55,,,,,,,,None,,,Israel,,,,,100,20000,,,,,,25,,,,,,,,,,,,,,,
55,,,,,,,,None,,,Israel,,,,,100,20000,,,,,,25,,,,,,,,,,,,,,,
55,,,,,,,,None,,,Israel,,,,,100,20000,,,,,,25,,,,,,,,,,,,,,,
55,,,,,,,,None,,,Israel,,,,,100,20000,,,,,,25,,,,,,,,,,,,,,,
55,,,,,,,,None,,,Israel,,,,,100,20000,,,,,,25,,,,,,,,,,,,,,,
55,,,,,,,,None,,,Israel,,,,,100,20000,,,,,,25,,,,,,,,,,,,,,,
55,,,,,,,,None,,,Israel,,,,,100,20000,,,,,,25,,,,,,,,,,,,,,,
55,,,,,,,,None,,,Israel,,,,,100,20000,,,,,,25,,,,,,,,,,,,,,,
55,,,,,,,,None,,,Israel,,,,,100,20000,,,,,,25,,,,,,,,,,,,,,,
55,,,,,,,,None,,,Israel,,,,,100,20000,,,,,,25,,,,,,,,,,,,,,,
56,,,,,,,,None,,,Israel,,,,,100,20000,,,,,,25,,,,,,,,,,,,,,,
56,,,,,,,,None,,,Israel,,,,,100,20000,,,,,,25,,,,,,,,,,,,,,,
56,,,,,,,,None,,,Israel,,,,,100,20000,,,,,,25,,,,,,,,,,,,,,,
56,,,,,,,,None,,,Israel,,,,,100,20000,,,,,,25,,,,,,,,,,,,,,,
56,,,,,,,,None,,,Israel,,,,,100,20000,,,,,,25,,,,,,,,,,,,,,,
56,,,,,,,,None,,,Israel,,,,,100,20000,,,,,,25,,,,,,,,,,,,,,,
56,,,,,,,,None,,,Israel,,,,,100,20000,,,,,,25,,,,,,,,,,,,,,,
56,,,,,,,,None,,,Israel,,,,,100,20000,,,,,,25,,,,,,,,,,,,,,,
56,,,,,,,,None,,,Israel,,,,,100,20000,,,,,,25,,,,,,,,,,,,,,,
56,,,,,,,,None,,,Israel,,,,,100,20000,,,,,,25,,,,,,,,,,,,,,,
56,,,,,,,,None,,,Israel,,,,,100,20000,,,,,,25,,,,,,,,,,,,,,,
56,,,,,,,,None,,,Israel,,,,,100,20000,,,,,,25,,,,,,,,,,,,,,,
56,,,,,,,,None,,,Israel,,,,,100,20000,,,,,,25,,,,,,,,,,,,,,,
56,,,,,,,,None,,,Israel,,,,,100,20000,,,,,,25,,,,,,,,,,,,,,,
56,,,,,,,,None,,,Israel,,,,,100,20000,,,,,,25,,,,,,,,,,,,,,,
56,,,,,,,,None,,,Israel,,,,,100,20000,,,,,,25,,,,,,,,,,,,,,,
56,,,,,,,,None,,,Israel,,,,,100,20000,,,,,,25,,,,,,,,,,,,,,,
56,,,,,,,,None,,,Israel,,,,,100,20000,,,,,,25,,,,,,,,,,,,,,,
56,,,,,,,,None,,,Israel,,,,,100,20000,,,,,,25,,,,,,,,,,,,,,,
56,,,,,,,,None,,,Israel,,,,,100,20000,,,,,,25,,,,,,,,,,,,,,,
56,,,,,,,,None,,,Israel,,,,,100,20000,,,,,,25,,,,,,,,,,,,,,,
56,,,,,,,,None,,,Israel,,,,,100,20000,,,,,,25,,,,,,,,,,,,,,,
56,,,,,,,,None,,,Israel,,,,,100,20000,,,,,,25,,,,,,,,,,,,,,,
56,,,,,,,,None,,,Israel,,,,,100,20000,,,,,,25,,,,,,,,,,,,,,,
56,,,,,,,,None,,,Israel,,,,,100,20000,,,,,,25,,,,,,,,,,,,,,,
57,,,,,,,,None,,,Tanzania,,,,,100,20000,,,,,,25,,,,,,,,,,,,,,,
57,,,,,,,,None,,,Tanzania,,,,,100,20000,,,,,,25,,,,,,,,,,,,,,,
57,,,,,,,,None,,,Tanzania,,,,,100,20000,,,,,,25,,,,,,,,,,,,,,,
57,,,,,,,,None,,,Tanzania,,,,,100,20000,,,,,,25,,,,,,,,,,,,,,,
57,,,,,,,,None,,,Tanzania,,,,,100,20000,,,,,,25,,,,,,,,,,,,,,,
57,,,,,,,,None,,,Tanzania,,,,,100,20000,,,,,,25,,,,,,,,,,,,,,,
57,,,,,,,,None,,,Tanzania,,,,,100,20000,,,,,,25,,,,,,,,,,,,,,,
57,,,,,,,,None,,,Tanzania,,,,,100,20000,,,,,,25,,,,,,,,,,,,,,,
57,,,,,,,,None,,,Tanzania,,,,,100,20000,,,,,,25,,,,,,,,,,,,,,,
57,,,,,,,,None,,,Tanzania,,,,,100,20000,,,,,,25,,,,,,,,,,,,,,,
57,,,,,,,,None,,,Tanzania,,,,,100,20000,,,,,,25,,,,,,,,,,,,,,,
57,,,,,,,,None,,,Tanzania,,,,,100,20000,,,,,,25,,,,,,,,,,,,,,,
57,,,,,,,,None,,,Tanzania,,,,,100,20000,,,,,,25,,,,,,,,,,,,,,,
57,,,,,,,,None,,,Tanzania,,,,,100,20000,,,,,,25,,,,,,,,,,,,,,,
57,,,,,,,,None,,,Tanzania,,,,,100,20000,,,,,,25,,,,,,,,,,,,,,,
57,,,,,,,,None,,,Tanzania,,,,,100,20000,,,,,,25,,,,,,,,,,,,,,,
57,,,,,,,,None,,,Tanzania,,,,,100,20000,,,,,,25,,,,,,,,,,,,,,,
57,,,,,,,,None,,,Tanzania,,,,,100,20000,,,,,,25,,,,,,,,,,,,,,,
57,,,,,,,,None,,,Tanzania,,,,,100,20000,,,,,,25,,,,,,,,,,,,,,,
57,,,,,,,,None,,,Tanzania,,,,,100,20000,,,,,,25,,,,,,,,,,,,,,,
57,,,,,,,,None,,,Tanzania,,,,,100,20000,,,,,,25,,,,,,,,,,,,,,,
57,,,,,,,,None,,,Tanzania,,,,,100,20000,,,,,,25,,,,,,,,,,,,,,,
57,,,,,,,,None,,,Tanzania,,,,,100,20000,,,,,,25,,,,,,,,,,,,,,,
57,,,,,,,,None,,,Tanzania,,,,,100,20000,,,,,,25,,,,,,,,,,,,,,,
57,,,,,,,,None,,,Tanzania,,,,,100,20000,,,,,,25,,,,,,,,,,,,,,,
58,,,,,,,,None,,,Japan,,,,,100,20000,,,,,,25,,,,,,,,,,,,,,,
58,,,,,,,,None,,,Japan,,,,,100,20000,,,,,,25,,,,,,,,,,,,,,,
58,,,,,,,,None,,,Japan,,,,,100,20000,,,,,,25,,,,,,,,,,,,,,,
58,,,,,,,,None,,,Japan,,,,,100,20000,,,,,,25,,,,,,,,,,,,,,,
58,,,,,,,,None,,,Japan,,,,,100,20000,,,,,,25,,,,,,,,,,,,,,,
58,,,,,,,,None,,,Japan,,,,,100,20000,,,,,,25,,,,,,,,,,,,,,,
58,,,,,,,,None,,,Japan,,,,,100,20000,,,,,,25,,,,,,,,,,,,,,,
58,,,,,,,,None,,,Japan,,,,,100,20000,,,,,,25,,,,,,,,,,,,,,,
58,,,,,,,,None,,,Japan,,,,,100,20000,,,,,,25,,,,,,,,,,,,,,,
58,,,,,,,,None,,,Japan,,,,,100,20000,,,,,,25,,,,,,,,,,,,,,,
58,,,,,,,,None,,,Japan,,,,,100,20000,,,,,,25,,,,,,,,,,,,,,,
58,,,,,,,,None,,,Japan,,,,,100,20000,,,,,,25,,,,,,,,,,,,,,,
58,,,,,,,,None,,,Japan,,,,,100,20000,,,,,,25,,,,,,,,,,,,,,,
58,,,,,,,,None,,,Japan,,,,,100,20000,,,,,,25,,,,,,,,,,,,,,,
58,,,,,,,,None,,,Japan,,,,,100,20000,,,,,,25,,,,,,,,,,,,,,,
58,,,,,,,,None,,,Japan,,,,,100,20000,,,,,,25,,,,,,,,,,,,,,,
58,,,,,,,,None,,,Japan,,,,,100,20000,,,,,,25,,,,,,,,,,,,,,,
58,,,,,,,,None,,,Japan,,,,,100,20000,,,,,,25,,,,,,,,,,,,,,,
58,,,,,,,,None,,,Japan,,,,,100,20000,,,,,,25,,,,,,,,,,,,,,,
58,,,,,,,,None,,,Japan,,,,,100,20000,,,,,,25,,,,,,,,,,,,,,,
58,,,,,,,,None,,,Japan,,,,,100,20000,,,,,,25,,,,,,,,,,,,,,,
58,,,,,,,,None,,,Japan,,,,,100,20000,,,,,,25,,,,,,,,,,,,,,,
58,,,,,,,,None,,,Japan,,,,,100,20000,,,,,,25,,,,,,,,,,,,,,,
58,,,,,,,,None,,,Japan,,,,,100,20000,,,,,,25,,,,,,,,,,,,,,,
58,,,,,,,,None,,,Japan,,,,,100,20000,,,,,,25,,,,,,,,,,,,,,,
59,,,,,,,,None,,,Netherlands,,,,,100,20000,,,,,,25,,,,,,,,,,,,,,,
59,,,,,,,,None,,,Netherlands,,,,,100,20000,,,,,,25,,,,,,,,,,,,,,,
59,,,,,,,,None,,,Netherlands,,,,,100,20000,,,,,,25,,,,,,,,,,,,,,,
59,,,,,,,,None,,,Netherlands,,,,,100,20000,,,,,,25,,,,,,,,,,,,,,,
59,,,,,,,,None,,,Netherlands,,,,,100,20000,,,,,,25,,,,,,,,,,,,,,,
59,,,,,,,,None,,,Netherlands,,,,,100,20000,,,,,,25,,,,,,,,,,,,,,,
59,,,,,,,,None,,,Netherlands,,,,,100,20000,,,,,,25,,,,,,,,,,,,,,,
59,,,,,,,,None,,,Netherlands,,,,,100,20000,,,,,,25,,,,,,,,,,,,,,,
59,,,,,,,,None,,,Netherlands,,,,,100,20000,,,,,,25,,,,,,,,,,,,,,,
59,,,,,,,,None,,,Netherlands,,,,,100,20000,,,,,,25,,,,,,,,,,,,,,,
59,,,,,,,,None,,,Netherlands,,,,,100,20000,,,,,,25,,,,,,,,,,,,,,,
59,,,,,,,,None,,,Netherlands,,,,,100,20000,,,,,,25,,,,,,,,,,,,,,,
59,,,,,,,,None,,,Netherlands,,,,,100,20000,,,,,,25,,,,,,,,,,,,,,,
59,,,,,,,,None,,,Netherlands,,,,,100,20000,,,,,,25,,,,,,,,,,,,,,,
59,,,,,,,,None,,,Netherlands,,,,,100,20000,,,,,,25,,,,,,,,,,,,,,,
59,,,,,,,,None,,,Netherlands,,,,,100,20000,,,,,,25,,,,,,,,,,,,,,,
59,,,,,,,,None,,,Netherlands,,,,,100,20000,,,,,,25,,,,,,,,,,,,,,,
59,,,,,,,,None,,,Netherlands,,,,,100,20000,,,,,,25,,,,,,,,,,,,,,,
59,,,,,,,,None,,,Netherlands,,,,,100,20000,,,,,,25,,,,,,,,,,,,,,,
59,,,,,,,,None,,,Netherlands,,,,,100,20000,,,,,,25,,,,,,,,,,,,,,,
59,,,,,,,,None,,,Netherlands,,,,,100,20000,,,,,,25,,,,,,,,,,,,,,,
59,,,,,,,,None,,,Netherlands,,,,,100,20000,,,,,,25,,,,,,,,,,,,,,,
59,,,,,,,,None,,,Netherlands,,,,,100,20000,,,,,,25,,,,,,,,,,,,,,,
59,,,,,,,,None,,,Netherlands,,,,,100,20000,,,,,,25,,,,,,,,,,,,,,,
59,,,,,,,,None,,,Netherlands,,,,,100,20000,,,,,,25,,,,,,,,,,,,,,,
60,,,,,,,,None,,,New Zealand,,,,,100,20000,,,,,,25,,,,,,,,,,,,,,,
60,,,,,,,,None,,,New Zealand,,,,,100,20000,,,,,,25,,,,,,,,,,,,,,,
60,,,,,,,,None,,,New Zealand,,,,,100,20000,,,,,,25,,,,,,,,,,,,,,,
60,,,,,,,,None,,,New Zealand,,,,,100,20000,,,,,,25,,,,,,,,,,,,,,,
60,,,,,,,,None,,,New Zealand,,,,,100,20000,,,,,,25,,,,,,,,,,,,,,,
60,,,,,,,,None,,,New Zealand,,,,,100,20000,,,,,,25,,,,,,,,,,,,,,,
60,,,,,,,,None,,,New Zealand,,,,,100,20000,,,,,,25,,,,,,,,,,,,,,,
60,,,,,,,,None,,,New Zealand,,,,,100,20000,,,,,,25,,,,,,,,,,,,,,,
60,,,,,,,,None,,,New Zealand,,,,,100,20000,,,,,,25,,,,,,,,,,,,,,,
60,,,,,,,,None,,,New Zealand,,,,,100,20000,,,,,,25,,,,,,,,,,,,,,,
60,,,,,,,,None,,,New Zealand,,,,,100,20000,,,,,,25,,,,,,,,,,,,,,,
60,,,,,,,,None,,,New Zealand,,,,,100,20000,,,,,,25,,,,,,,,,,,,,,,
60,,,,,,,,None,,,New Zealand,,,,,100,20000,,,,,,25,,,,,,,,,,,,,,,
60,,,,,,,,None,,,New Zealand,,,,,100,20000,,,,,,25,,,,,,,,,,,,,,,
60,,,,,,,,None,,,New Zealand,,,,,100,20000,,,,,,25,,,,,,,,,,,,,,,
60,,,,,,,,None,,,New Zealand,,,,,100,20000,,,,,,25,,,,,,,,,,,,,,,
60,,,,,,,,None,,,New Zealand,,,,,100,20000,,,,,,25,,,,,,,,,,,,,,,
60,,,,,,,,None,,,New Zealand,,,,,100,20000,,,,,,25,,,,,,,,,,,,,,,
60,,,,,,,,None,,,New Zealand,,,,,100,20000,,,,,,25,,,,,,,,,,,,,,,
60,,,,,,,,None,,,New Zealand,,,,,100,20000,,,,,,25,,,,,,,,,,,,,,,
60,,,,,,,,None,,,New Zealand,,,,,100,20000,,,,,,25,,,,,,,,,,,,,,,
60,,,,,,,,None,,,New Zealand,,,,,100,20000,,,,,,25,,,,,,,,,,,,,,,
60,,,,,,,,None,,,New Zealand,,,,,100,20000,,,,,,25,,,,,,,,,,,,,,,
60,,,,,,,,None,,,New Zealand,,,,,100,20000,,,,,,25,,,,,,,,,,,,,,,
60,,,,,,,,None,,,New Zealand,,,,,100,20000,,,,,,25,,,,,,,,,,,,,,,
61,,,,,,,,None,,,New Zealand,,,,,100,20000,,,,,,25,,,,,,,,,,,,,,,
61,,,,,,,,None,,,New Zealand,,,,,100,20000,,,,,,25,,,,,,,,,,,,,,,
61,,,,,,,,None,,,New Zealand,,,,,100,20000,,,,,,25,,,,,,,,,,,,,,,
61,,,,,,,,None,,,New Zealand,,,,,100,20000,,,,,,25,,,,,,,,,,,,,,,
61,,,,,,,,None,,,New Zealand,,,,,100,20000,,,,,,25,,,,,,,,,,,,,,,
61,,,,,,,,None,,,New Zealand,,,,,100,20000,,,,,,25,,,,,,,,,,,,,,,
61,,,,,,,,None,,,New Zealand,,,,,100,20000,,,,,,25,,,,,,,,,,,,,,,
61,,,,,,,,None,,,New Zealand,,,,,100,20000,,,,,,25,,,,,,,,,,,,,,,
61,,,,,,,,None,,,New Zealand,,,,,100,20000,,,,,,25,,,,,,,,,,,,,,,
61,,,,,,,,None,,,New Zealand,,,,,100,20000,,,,,,25,,,,,,,,,,,,,,,
61,,,,,,,,None,,,New Zealand,,,,,100,20000,,,,,,25,,,,,,,,,,,,,,,
61,,,,,,,,None,,,New Zealand,,,,,100,20000,,,,,,25,,,,,,,,,,,,,,,
61,,,,,,,,None,,,New Zealand,,,,,100,20000,,,,,,25,,,,,,,,,,,,,,,
61,,,,,,,,None,,,New Zealand,,,,,100,20000,,,,,,25,,,,,,,,,,,,,,,
61,,,,,,,,None,,,New Zealand,,,,,100,20000,,,,,,25,,,,,,,,,,,,,,,
61,,,,,,,,None,,,New Zealand,,,,,100,20000,,,,,,25,,,,,,,,,,,,,,,
61,,,,,,,,None,,,New Zealand,,,,,100,20000,,,,,,25,,,,,,,,,,,,,,,
61,,,,,,,,None,,,New Zealand,,,,,100,20000,,,,,,25,,,,,,,,,,,,,,,
61,,,,,,,,None,,,New Zealand,,,,,100,20000,,,,,,25,,,,,,,,,,,,,,,
61,,,,,,,,None,,,New Zealand,,,,,100,20000,,,,,,25,,,,,,,,,,,,,,,
61,,,,,,,,None,,,New Zealand,,,,,100,20000,,,,,,25,,,,,,,,,,,,,,,
61,,,,,,,,None,,,New Zealand,,,,,100,20000,,,,,,25,,,,,,,,,,,,,,,
61,,,,,,,,None,,,New Zealand,,,,,100,20000,,,,,,25,,,,,,,,,,,,,,,
61,,,,,,,,None,,,New Zealand,,,,,100,20000,,,,,,25,,,,,,,,,,,,,,,
61,,,,,,,,None,,,New Zealand,,,,,100,20000,,,,,,25,,,,,,,,,,,,,,,
62,,,,,,,,None,,,Tanzania,,,,,100,20000,,,,,,25,,,,,,,,,,,,,,,
62,,,,,,,,None,,,Tanzania,,,,,100,20000,,,,,,25,,,,,,,,,,,,,,,
62,,,,,,,,None,,,Tanzania,,,,,100,20000,,,,,,25,,,,,,,,,,,,,,,
62,,,,,,,,None,,,Tanzania,,,,,100,20000,,,,,,25,,,,,,,,,,,,,,,
62,,,,,,,,None,,,Tanzania,,,,,100,20000,,,,,,25,,,,,,,,,,,,,,,
62,,,,,,,,None,,,Tanzania,,,,,100,20000,,,,,,25,,,,,,,,,,,,,,,
62,,,,,,,,None,,,Tanzania,,,,,100,20000,,,,,,25,,,,,,,,,,,,,,,
62,,,,,,,,None,,,Tanzania,,,,,100,20000,,,,,,25,,,,,,,,,,,,,,,
62,,,,,,,,None,,,Tanzania,,,,,100,20000,,,,,,25,,,,,,,,,,,,,,,
62,,,,,,,,None,,,Tanzania,,,,,100,20000,,,,,,25,,,,,,,,,,,,,,,
62,,,,,,,,None,,,Tanzania,,,,,100,20000,,,,,,25,,,,,,,,,,,,,,,
62,,,,,,,,None,,,Tanzania,,,,,100,20000,,,,,,25,,,,,,,,,,,,,,,
62,,,,,,,,None,,,Tanzania,,,,,100,20000,,,,,,25,,,,,,,,,,,,,,,
62,,,,,,,,None,,,Tanzania,,,,,100,20000,,,,,,25,,,,,,,,,,,,,,,
62,,,,,,,,None,,,Tanzania,,,,,100,20000,,,,,,25,,,,,,,,,,,,,,,
62,,,,,,,,None,,,Tanzania,,,,,100,20000,,,,,,25,,,,,,,,,,,,,,,
62,,,,,,,,None,,,Tanzania,,,,,100,20000,,,,,,25,,,,,,,,,,,,,,,
62,,,,,,,,None,,,Tanzania,,,,,100,20000,,,,,,25,,,,,,,,,,,,,,,
62,,,,,,,,None,,,Tanzania,,,,,100,20000,,,,,,25,,,,,,,,,,,,,,,
62,,,,,,,,None,,,Tanzania,,,,,100,20000,,,,,,25,,,,,,,,,,,,,,,
62,,,,,,,,None,,,Tanzania,,,,,100,20000,,,,,,25,,,,,,,,,,,,,,,
62,,,,,,,,None,,,Tanzania,,,,,100,20000,,,,,,25,,,,,,,,,,,,,,,
62,,,,,,,,None,,,Tanzania,,,,,100,20000,,,,,,25,,,,,,,,,,,,,,,
62,,,,,,,,None,,,Tanzania,,,,,100,20000,,,,,,25,,,,,,,,,,,,,,,
62,,,,,,,,None,,,Tanzania,,,,,100,20000,,,,,,25,,,,,,,,,,,,,,,
63,,,,,,,,None,,,Tanzania,,,,,100,20000,,,,,,25,,,,,,,,,,,,,,,
63,,,,,,,,None,,,Tanzania,,,,,100,20000,,,,,,25,,,,,,,,,,,,,,,
63,,,,,,,,None,,,Tanzania,,,,,100,20000,,,,,,25,,,,,,,,,,,,,,,
63,,,,,,,,None,,,Tanzania,,,,,100,20000,,,,,,25,,,,,,,,,,,,,,,
63,,,,,,,,None,,,Tanzania,,,,,100,20000,,,,,,25,,,,,,,,,,,,,,,
63,,,,,,,,None,,,Tanzania,,,,,100,20000,,,,,,25,,,,,,,,,,,,,,,
63,,,,,,,,None,,,Tanzania,,,,,100,20000,,,,,,25,,,,,,,,,,,,,,,
63,,,,,,,,None,,,Tanzania,,,,,100,20000,,,,,,25,,,,,,,,,,,,,,,
63,,,,,,,,None,,,Tanzania,,,,,100,20000,,,,,,25,,,,,,,,,,,,,,,
63,,,,,,,,None,,,Tanzania,,,,,100,20000,,,,,,25,,,,,,,,,,,,,,,
63,,,,,,,,None,,,Tanzania,,,,,100,20000,,,,,,25,,,,,,,,,,,,,,,
63,,,,,,,,None,,,Tanzania,,,,,100,20000,,,,,,25,,,,,,,,,,,,,,,
63,,,,,,,,None,,,Tanzania,,,,,100,20000,,,,,,25,,,,,,,,,,,,,,,
63,,,,,,,,None,,,Tanzania,,,,,100,20000,,,,,,25,,,,,,,,,,,,,,,
63,,,,,,,,None,,,Tanzania,,,,,100,20000,,,,,,25,,,,,,,,,,,,,,,
63,,,,,,,,None,,,Tanzania,,,,,100,20000,,,,,,25,,,,,,,,,,,,,,,
63,,,,,,,,None,,,Tanzania,,,,,100,20000,,,,,,25,,,,,,,,,,,,,,,
63,,,,,,,,None,,,Tanzania,,,,,100,20000,,,,,,25,,,,,,,,,,,,,,,
63,,,,,,,,None,,,Tanzania,,,,,100,20000,,,,,,25,,,,,,,,,,,,,,,
63,,,,,,,,None,,,Tanzania,,,,,100,20000,,,,,,25,,,,,,,,,,,,,,,
63,,,,,,,,None,,,Tanzania,,,,,100,20000,,,,,,25,,,,,,,,,,,,,,,
63,,,,,,,,None,,,Tanzania,,,,,100,20000,,,,,,25,,,,,,,,,,,,,,,
63,,,,,,,,None,,,Tanzania,,,,,100,20000,,,,,,25,,,,,,,,,,,,,,,
63,,,,,,,,None,,,Tanzania,,,,,100,20000,,,,,,25,,,,,,,,,,,,,,,
63,,,,,,,,None,,,Tanzania,,,,,100,20000,,,,,,25,,,,,,,,,,,,,,,
64,,,,,,,,None,,,Israel,,,,,100,20000,,,,,,25,,,,,,,,,,,,,,,
64,,,,,,,,None,,,Israel,,,,,100,20000,,,,,,25,,,,,,,,,,,,,,,
64,,,,,,,,None,,,Israel,,,,,100,20000,,,,,,25,,,,,,,,,,,,,,,
64,,,,,,,,None,,,Israel,,,,,100,20000,,,,,,25,,,,,,,,,,,,,,,
64,,,,,,,,None,,,Israel,,,,,100,20000,,,,,,25,,,,,,,,,,,,,,,
64,,,,,,,,None,,,Israel,,,,,100,20000,,,,,,25,,,,,,,,,,,,,,,
64,,,,,,,,None,,,Israel,,,,,100,20000,,,,,,25,,,,,,,,,,,,,,,
64,,,,,,,,None,,,Israel,,,,,100,20000,,,,,,25,,,,,,,,,,,,,,,
64,,,,,,,,None,,,Israel,,,,,100,20000,,,,,,25,,,,,,,,,,,,,,,
64,,,,,,,,None,,,Israel,,,,,100,20000,,,,,,25,,,,,,,,,,,,,,,
64,,,,,,,,None,,,Israel,,,,,100,20000,,,,,,25,,,,,,,,,,,,,,,
64,,,,,,,,None,,,Israel,,,,,100,20000,,,,,,25,,,,,,,,,,,,,,,
64,,,,,,,,None,,,Israel,,,,,100,20000,,,,,,25,,,,,,,,,,,,,,,
64,,,,,,,,None,,,Israel,,,,,100,20000,,,,,,25,,,,,,,,,,,,,,,
64,,,,,,,,None,,,Israel,,,,,100,20000,,,,,,25,,,,,,,,,,,,,,,
64,,,,,,,,None,,,Israel,,,,,100,20000,,,,,,25,,,,,,,,,,,,,,,
64,,,,,,,,None,,,Israel,,,,,100,20000,,,,,,25,,,,,,,,,,,,,,,
64,,,,,,,,None,,,Israel,,,,,100,20000,,,,,,25,,,,,,,,,,,,,,,
64,,,,,,,,None,,,Israel,,,,,100,20000,,,,,,25,,,,,,,,,,,,,,,
64,,,,,,,,None,,,Israel,,,,,100,20000,,,,,,25,,,,,,,,,,,,,,,
64,,,,,,,,None,,,Israel,,,,,100,20000,,,,,,25,,,,,,,,,,,,,,,
64,,,,,,,,None,,,Israel,,,,,100,20000,,,,,,25,,,,,,,,,,,,,,,
64,,,,,,,,None,,,Israel,,,,,100,20000,,,,,,25,,,,,,,,,,,,,,,
64,,,,,,,,None,,,Israel,,,,,100,20000,,,,,,25,,,,,,,,,,,,,,,
64,,,,,,,,None,,,Israel,,,,,100,20000,,,,,,25,,,,,,,,,,,,,,,
65,,,,,,,,None,,,India,,,,,100,20000,,,,,,25,,,,,,,,,,,,,,,
65,,,,,,,,None,,,India,,,,,100,20000,,,,,,25,,,,,,,,,,,,,,,
65,,,,,,,,None,,,India,,,,,100,20000,,,,,,25,,,,,,,,,,,,,,,
65,,,,,,,,None,,,India,,,,,100,20000,,,,,,25,,,,,,,,,,,,,,,
65,,,,,,,,None,,,India,,,,,100,20000,,,,,,25,,,,,,,,,,,,,,,
65,,,,,,,,None,,,India,,,,,100,20000,,,,,,25,,,,,,,,,,,,,,,
65,,,,,,,,None,,,India,,,,,100,20000,,,,,,25,,,,,,,,,,,,,,,
65,,,,,,,,None,,,India,,,,,100,20000,,,,,,25,,,,,,,,,,,,,,,
65,,,,,,,,None,,,India,,,,,100,20000,,,,,,25,,,,,,,,,,,,,,,
65,,,,,,,,None,,,India,,,,,100,20000,,,,,,25,,,,,,,,,,,,,,,
65,,,,,,,,None,,,India,,,,,100,20000,,,,,,25,,,,,,,,,,,,,,,
65,,,,,,,,None,,,India,,,,,100,20000,,,,,,25,,,,,,,,,,,,,,,
65,,,,,,,,None,,,India,,,,,100,20000,,,,,,25,,,,,,,,,,,,,,,
65,,,,,,,,None,,,India,,,,,100,20000,,,,,,25,,,,,,,,,,,,,,,
65,,,,,,,,None,,,India,,,,,100,20000,,,,,,25,,,,,,,,,,,,,,,
65,,,,,,,,None,,,India,,,,,100,20000,,,,,,25,,,,,,,,,,,,,,,
65,,,,,,,,None,,,India,,,,,100,20000,,,,,,25,,,,,,,,,,,,,,,
65,,,,,,,,None,,,India,,,,,100,20000,,,,,,25,,,,,,,,,,,,,,,
65,,,,,,,,None,,,India,,,,,100,20000,,,,,,25,,,,,,,,,,,,,,,
65,,,,,,,,None,,,India,,,,,100,20000,,,,,,25,,,,,,,,,,,,,,,
65,,,,,,,,None,,,India,,,,,100,20000,,,,,,25,,,,,,,,,,,,,,,
65,,,,,,,,None,,,India,,,,,100,20000,,,,,,25,,,,,,,,,,,,,,,
65,,,,,,,,None,,,India,,,,,100,20000,,,,,,25,,,,,,,,,,,,,,,
65,,,,,,,,None,,,India,,,,,100,20000,,,,,,25,,,,,,,,,,,,,,,
65,,,,,,,,None,,,India,,,,,100,20000,,,,,,25,,,,,,,,,,,,,,,
66,,,,,,,,None,,,India,,,,,100,20000,,,,,,25,,,,,,,,,,,,,,,
66,,,,,,,,None,,,India,,,,,100,20000,,,,,,25,,,,,,,,,,,,,,,
66,,,,,,,,None,,,India,,,,,100,20000,,,,,,25,,,,,,,,,,,,,,,
66,,,,,,,,None,,,India,,,,,100,20000,,,,,,25,,,,,,,,,,,,,,,
66,,,,,,,,None,,,India,,,,,100,20000,,,,,,25,,,,,,,,,,,,,,,
66,,,,,,,,None,,,India,,,,,100,20000,,,,,,25,,,,,,,,,,,,,,,
66,,,,,,,,None,,,India,,,,,100,20000,,,,,,25,,,,,,,,,,,,,,,
66,,,,,,,,None,,,India,,,,,100,20000,,,,,,25,,,,,,,,,,,,,,,
66,,,,,,,,None,,,India,,,,,100,20000,,,,,,25,,,,,,,,,,,,,,,
66,,,,,,,,None,,,India,,,,,100,20000,,,,,,25,,,,,,,,,,,,,,,
66,,,,,,,,None,,,India,,,,,100,20000,,,,,,25,,,,,,,,,,,,,,,
66,,,,,,,,None,,,India,,,,,100,20000,,,,,,25,,,,,,,,,,,,,,,
66,,,,,,,,None,,,India,,,,,100,20000,,,,,,25,,,,,,,,,,,,,,,
66,,,,,,,,None,,,India,,,,,100,20000,,,,,,25,,,,,,,,,,,,,,,
66,,,,,,,,None,,,India,,,,,100,20000,,,,,,25,,,,,,,,,,,,,,,
66,,,,,,,,None,,,India,,,,,100,20000,,,,,,25,,,,,,,,,,,,,,,
66,,,,,,,,None,,,India,,,,,100,20000,,,,,,25,,,,,,,,,,,,,,,
66,,,,,,,,None,,,India,,,,,100,20000,,,,,,25,,,,,,,,,,,,,,,
66,,,,,,,,None,,,India,,,,,100,20000,,,,,,25,,,,,,,,,,,,,,,
66,,,,,,,,None,,,India,,,,,100,20000,,,,,,25,,,,,,,,,,,,,,,
66,,,,,,,,None,,,India,,,,,100,20000,,,,,,25,,,,,,,,,,,,,,,
66,,,,,,,,None,,,India,,,,,100,20000,,,,,,25,,,,,,,,,,,,,,,
66,,,,,,,,None,,,India,,,,,100,20000,,,,,,25,,,,,,,,,,,,,,,
66,,,,,,,,None,,,India,,,,,100,20000,,,,,,25,,,,,,,,,,,,,,,
66,,,,,,,,None,,,India,,,,,100,20000,,,,,,25,,,,,,,,,,,,,,,
67,,,,,,,,None,,,India,,,,,100,20000,,,,,,25,,,,,,,,,,,,,,,
67,,,,,,,,None,,,India,,,,,100,20000,,,,,,25,,,,,,,,,,,,,,,
67,,,,,,,,None,,,India,,,,,100,20000,,,,,,25,,,,,,,,,,,,,,,
67,,,,,,,,None,,,India,,,,,100,20000,,,,,,25,,,,,,,,,,,,,,,
67,,,,,,,,None,,,India,,,,,100,20000,,,,,,25,,,,,,,,,,,,,,,
67,,,,,,,,None,,,India,,,,,100,20000,,,,,,25,,,,,,,,,,,,,,,
67,,,,,,,,None,,,India,,,,,100,20000,,,,,,25,,,,,,,,,,,,,,,
67,,,,,,,,None,,,India,,,,,100,20000,,,,,,25,,,,,,,,,,,,,,,
67,,,,,,,,None,,,India,,,,,100,20000,,,,,,25,,,,,,,,,,,,,,,
67,,,,,,,,None,,,India,,,,,100,20000,,,,,,25,,,,,,,,,,,,,,,
67,,,,,,,,None,,,India,,,,,100,20000,,,,,,25,,,,,,,,,,,,,,,
67,,,,,,,,None,,,India,,,,,100,20000,,,,,,25,,,,,,,,,,,,,,,
67,,,,,,,,None,,,India,,,,,100,20000,,,,,,25,,,,,,,,,,,,,,,
67,,,,,,,,None,,,India,,,,,100,20000,,,,,,25,,,,,,,,,,,,,,,
67,,,,,,,,None,,,India,,,,,100,20000,,,,,,25,,,,,,,,,,,,,,,
67,,,,,,,,None,,,India,,,,,100,20000,,,,,,25,,,,,,,,,,,,,,,
67,,,,,,,,None,,,India,,,,,100,20000,,,,,,25,,,,,,,,,,,,,,,
67,,,,,,,,None,,,India,,,,,100,20000,,,,,,25,,,,,,,,,,,,,,,
67,,,,,,,,None,,,India,,,,,100,20000,,,,,,25,,,,,,,,,,,,,,,
67,,,,,,,,None,,,India,,,,,100,20000,,,,,,25,,,,,,,,,,,,,,,
67,,,,,,,,None,,,India,,,,,100,20000,,,,,,25,,,,,,,,,,,,,,,
67,,,,,,,,None,,,India,,,,,100,20000,,,,,,25,,,,,,,,,,,,,,,
67,,,,,,,,None,,,India,,,,,100,20000,,,,,,25,,,,,,,,,,,,,,,
67,,,,,,,,None,,,India,,,,,100,20000,,,,,,25,,,,,,,,,,,,,,,
67,,,,,,,,None,,,India,,,,,100,20000,,,,,,25,,,,,,,,,,,,,,,
68,,,,,,,,None,,,Japan,,,,,100,20000,,,,,,25,,,,,,,,,,,,,,,
68,,,,,,,,None,,,Japan,,,,,100,20000,,,,,,25,,,,,,,,,,,,,,,
68,,,,,,,,None,,,Japan,,,,,100,20000,,,,,,25,,,,,,,,,,,,,,,
68,,,,,,,,None,,,Japan,,,,,100,20000,,,,,,25,,,,,,,,,,,,,,,
68,,,,,,,,None,,,Japan,,,,,100,20000,,,,,,25,,,,,,,,,,,,,,,
68,,,,,,,,None,,,Japan,,,,,100,20000,,,,,,25,,,,,,,,,,,,,,,
68,,,,,,,,None,,,Japan,,,,,100,20000,,,,,,25,,,,,,,,,,,,,,,
68,,,,,,,,None,,,Japan,,,,,100,20000,,,,,,25,,,,,,,,,,,,,,,
68,,,,,,,,None,,,Japan,,,,,100,20000,,,,,,25,,,,,,,,,,,,,,,
68,,,,,,,,None,,,Japan,,,,,100,20000,,,,,,25,,,,,,,,,,,,,,,
68,,,,,,,,None,,,Japan,,,,,100,20000,,,,,,25,,,,,,,,,,,,,,,
68,,,,,,,,None,,,Japan,,,,,100,20000,,,,,,25,,,,,,,,,,,,,,,
68,,,,,,,,None,,,Japan,,,,,100,20000,,,,,,25,,,,,,,,,,,,,,,
68,,,,,,,,None,,,Japan,,,,,100,20000,,,,,,25,,,,,,,,,,,,,,,
68,,,,,,,,None,,,Japan,,,,,100,20000,,,,,,25,,,,,,,,,,,,,,,
68,,,,,,,,None,,,Japan,,,,,100,20000,,,,,,25,,,,,,,,,,,,,,,
68,,,,,,,,None,,,Japan,,,,,100,20000,,,,,,25,,,,,,,,,,,,,,,
68,,,,,,,,None,,,Japan,,,,,100,20000,,,,,,25,,,,,,,,,,,,,,,
68,,,,,,,,None,,,Japan,,,,,100,20000,,,,,,25,,,,,,,,,,,,,,,
68,,,,,,,,None,,,Japan,,,,,100,20000,,,,,,25,,,,,,,,,,,,,,,
68,,,,,,,,None,,,Japan,,,,,100,20000,,,,,,25,,,,,,,,,,,,,,,
68,,,,,,,,None,,,Japan,,,,,100,20000,,,,,,25,,,,,,,,,,,,,,,
68,,,,,,,,None,,,Japan,,,,,100,20000,,,,,,25,,,,,,,,,,,,,,,
68,,,,,,,,None,,,Japan,,,,,100,20000,,,,,,25,,,,,,,,,,,,,,,
68,,,,,,,,None,,,Japan,,,,,100,20000,,,,,,25,,,,,,,,,,,,,,,
69,,,,,,,,None,,,New Zealand,,,,,100,20000,,,,,,25,,,,,,,,,,,,,,,
69,,,,,,,,None,,,New Zealand,,,,,100,20000,,,,,,25,,,,,,,,,,,,,,,
69,,,,,,,,None,,,New Zealand,,,,,100,20000,,,,,,25,,,,,,,,,,,,,,,
69,,,,,,,,None,,,New Zealand,,,,,100,20000,,,,,,25,,,,,,,,,,,,,,,
69,,,,,,,,None,,,New Zealand,,,,,100,20000,,,,,,25,,,,,,,,,,,,,,,
69,,,,,,,,None,,,New Zealand,,,,,100,20000,,,,,,25,,,,,,,,,,,,,,,
69,,,,,,,,None,,,New Zealand,,,,,100,20000,,,,,,25,,,,,,,,,,,,,,,
69,,,,,,,,None,,,New Zealand,,,,,100,20000,,,,,,25,,,,,,,,,,,,,,,
69,,,,,,,,None,,,New Zealand,,,,,100,20000,,,,,,25,,,,,,,,,,,,,,,
69,,,,,,,,None,,,New Zealand,,,,,100,20000,,,,,,25,,,,,,,,,,,,,,,
69,,,,,,,,None,,,New Zealand,,,,,100,20000,,,,,,25,,,,,,,,,,,,,,,
69,,,,,,,,None,,,New Zealand,,,,,100,20000,,,,,,25,,,,,,,,,,,,,,,
69,,,,,,,,None,,,New Zealand,,,,,100,20000,,,,,,25,,,,,,,,,,,,,,,
69,,,,,,,,None,,,New Zealand,,,,,100,20000,,,,,,25,,,,,,,,,,,,,,,
69,,,,,,,,None,,,New Zealand,,,,,100,20000,,,,,,25,,,,,,,,,,,,,,,
69,,,,,,,,None,,,New Zealand,,,,,100,20000,,,,,,25,,,,,,,,,,,,,,,
69,,,,,,,,None,,,New Zealand,,,,,100,20000,,,,,,25,,,,,,,,,,,,,,,
69,,,,,,,,None,,,New Zealand,,,,,100,20000,,,,,,25,,,,,,,,,,,,,,,
69,,,,,,,,None,,,New Zealand,,,,,100,20000,,,,,,25,,,,,,,,,,,,,,,
69,,,,,,,,None,,,New Zealand,,,,,100,20000,,,,,,25,,,,,,,,,,,,,,,
69,,,,,,,,None,,,New Zealand,,,,,100,20000,,,,,,25,,,,,,,,,,,,,,,
69,,,,,,,,None,,,New Zealand,,,,,100,20000,,,,,,25,,,,,,,,,,,,,,,
69,,,,,,,,None,,,New Zealand,,,,,100,20000,,,,,,25,,,,,,,,,,,,,,,
69,,,,,,,,None,,,New Zealand,,,,,100,20000,,,,,,25,,,,,,,,,,,,,,,
69,,,,,,,,None,,,New Zealand,,,,,100,20000,,,,,,25,,,,,,,,,,,,,,,
70,,,,,,,,None,,,India,,,,,100,20000,,,,,,25,,,,,,,,,,,,,,,
70,,,,,,,,None,,,India,,,,,100,20000,,,,,,25,,,,,,,,,,,,,,,
70,,,,,,,,None,,,India,,,,,100,20000,,,,,,25,,,,,,,,,,,,,,,
70,,,,,,,,None,,,India,,,,,100,20000,,,,,,25,,,,,,,,,,,,,,,
70,,,,,,,,None,,,India,,,,,100,20000,,,,,,25,,,,,,,,,,,,,,,
70,,,,,,,,None,,,India,,,,,100,20000,,,,,,25,,,,,,,,,,,,,,,
70,,,,,,,,None,,,India,,,,,100,20000,,,,,,25,,,,,,,,,,,,,,,
70,,,,,,,,None,,,India,,,,,100,20000,,,,,,25,,,,,,,,,,,,,,,
70,,,,,,,,None,,,India,,,,,100,20000,,,,,,25,,,,,,,,,,,,,,,
70,,,,,,,,None,,,India,,,,,100,20000,,,,,,25,,,,,,,,,,,,,,,
70,,,,,,,,None,,,India,,,,,100,20000,,,,,,25,,,,,,,,,,,,,,,
70,,,,,,,,None,,,India,,,,,100,20000,,,,,,25,,,,,,,,,,,,,,,
70,,,,,,,,None,,,India,,,,,100,20000,,,,,,25,,,,,,,,,,,,,,,
70,,,,,,,,None,,,India,,,,,100,20000,,,,,,25,,,,,,,,,,,,,,,
70,,,,,,,,None,,,India,,,,,100,20000,,,,,,25,,,,,,,,,,,,,,,
70,,,,,,,,None,,,India,,,,,100,20000,,,,,,25,,,,,,,,,,,,,,,
70,,,,,,,,None,,,India,,,,,100,20000,,,,,,25,,,,,,,,,,,,,,,
70,,,,,,,,None,,,India,,,,,100,20000,,,,,,25,,,,,,,,,,,,,,,
70,,,,,,,,None,,,India,,,,,100,20000,,,,,,25,,,,,,,,,,,,,,,
70,,,,,,,,None,,,India,,,,,100,20000,,,,,,25,,,,,,,,,,,,,,,
70,,,,,,,,None,,,India,,,,,100,20000,,,,,,25,,,,,,,,,,,,,,,
70,,,,,,,,None,,,India,,,,,100,20000,,,,,,25,,,,,,,,,,,,,,,
70,,,,,,,,None,,,India,,,,,100,20000,,,,,,25,,,,,,,,,,,,,,,
70,,,,,,,,None,,,India,,,,,100,20000,,,,,,25,,,,,,,,,,,,,,,
70,,,,,,,,None,,,India,,,,,100,20000,,,,,,25,,,,,,,,,,,,,,,
71,,,,,,,,None,,,Tanzania,,,,,100,20000,,,,,,25,,,,,,,,,,,,,,,
71,,,,,,,,None,,,Tanzania,,,,,100,20000,,,,,,25,,,,,,,,,,,,,,,
71,,,,,,,,None,,,Tanzania,,,,,100,20000,,,,,,25,,,,,,,,,,,,,,,
71,,,,,,,,None,,,Tanzania,,,,,100,20000,,,,,,25,,,,,,,,,,,,,,,
71,,,,,,,,None,,,Tanzania,,,,,100,20000,,,,,,25,,,,,,,,,,,,,,,
71,,,,,,,,None,,,Tanzania,,,,,100,20000,,,,,,25,,,,,,,,,,,,,,,
71,,,,,,,,None,,,Tanzania,,,,,100,20000,,,,,,25,,,,,,,,,,,,,,,
71,,,,,,,,None,,,Tanzania,,,,,100,20000,,,,,,25,,,,,,,,,,,,,,,
71,,,,,,,,None,,,Tanzania,,,,,100,20000,,,,,,25,,,,,,,,,,,,,,,
71,,,,,,,,None,,,Tanzania,,,,,100,20000,,,,,,25,,,,,,,,,,,,,,,
71,,,,,,,,None,,,Tanzania,,,,,100,20000,,,,,,25,,,,,,,,,,,,,,,
71,,,,,,,,None,,,Tanzania,,,,,100,20000,,,,,,25,,,,,,,,,,,,,,,
71,,,,,,,,None,,,Tanzania,,,,,100,20000,,,,,,25,,,,,,,,,,,,,,,
71,,,,,,,,None,,,Tanzania,,,,,100,20000,,,,,,25,,,,,,,,,,,,,,,
71,,,,,,,,None,,,Tanzania,,,,,100,20000,,,,,,25,,,,,,,,,,,,,,,
71,,,,,,,,None,,,Tanzania,,,,,100,20000,,,,,,25,,,,,,,,,,,,,,,
71,,,,,,,,None,,,Tanzania,,,,,100,20000,,,,,,25,,,,,,,,,,,,,,,
71,,,,,,,,None,,,Tanzania,,,,,100,20000,,,,,,25,,,,,,,,,,,,,,,
71,,,,,,,,None,,,Tanzania,,,,,100,20000,,,,,,25,,,,,,,,,,,,,,,
71,,,,,,,,None,,,Tanzania,,,,,100,20000,,,,,,25,,,,,,,,,,,,,,,
71,,,,,,,,None,,,Tanzania,,,,,100,20000,,,,,,25,,,,,,,,,,,,,,,
71,,,,,,,,None,,,Tanzania,,,,,100,20000,,,,,,25,,,,,,,,,,,,,,,
71,,,,,,,,None,,,Tanzania,,,,,100,20000,,,,,,25,,,,,,,,,,,,,,,
71,,,,,,,,None,,,Tanzania,,,,,100,20000,,,,,,25,,,,,,,,,,,,,,,
71,,,,,,,,None,,,Tanzania,,,,,100,20000,,,,,,25,,,,,,,,,,,,,,,
72,,,,,,,,None,,,Israel,,,,,100,20000,,,,,,25,,,,,,,,,,,,,,,
72,,,,,,,,None,,,Israel,,,,,100,20000,,,,,,25,,,,,,,,,,,,,,,
72,,,,,,,,None,,,Israel,,,,,100,20000,,,,,,25,,,,,,,,,,,,,,,
72,,,,,,,,None,,,Israel,,,,,100,20000,,,,,,25,,,,,,,,,,,,,,,
72,,,,,,,,None,,,Israel,,,,,100,20000,,,,,,25,,,,,,,,,,,,,,,
72,,,,,,,,None,,,Israel,,,,,100,20000,,,,,,25,,,,,,,,,,,,,,,
72,,,,,,,,None,,,Israel,,,,,100,20000,,,,,,25,,,,,,,,,,,,,,,
72,,,,,,,,None,,,Israel,,,,,100,20000,,,,,,25,,,,,,,,,,,,,,,
72,,,,,,,,None,,,Israel,,,,,100,20000,,,,,,25,,,,,,,,,,,,,,,
72,,,,,,,,None,,,Israel,,,,,100,20000,,,,,,25,,,,,,,,,,,,,,,
72,,,,,,,,None,,,Israel,,,,,100,20000,,,,,,25,,,,,,,,,,,,,,,
72,,,,,,,,None,,,Israel,,,,,100,20000,,,,,,25,,,,,,,,,,,,,,,
72,,,,,,,,None,,,Israel,,,,,100,20000,,,,,,25,,,,,,,,,,,,,,,
72,,,,,,,,None,,,Israel,,,,,100,20000,,,,,,25,,,,,,,,,,,,,,,
72,,,,,,,,None,,,Israel,,,,,100,20000,,,,,,25,,,,,,,,,,,,,,,
72,,,,,,,,None,,,Israel,,,,,100,20000,,,,,,25,,,,,,,,,,,,,,,
72,,,,,,,,None,,,Israel,,,,,100,20000,,,,,,25,,,,,,,,,,,,,,,
72,,,,,,,,None,,,Israel,,,,,100,20000,,,,,,25,,,,,,,,,,,,,,,
72,,,,,,,,None,,,Israel,,,,,100,20000,,,,,,25,,,,,,,,,,,,,,,
72,,,,,,,,None,,,Israel,,,,,100,20000,,,,,,25,,,,,,,,,,,,,,,
72,,,,,,,,None,,,Israel,,,,,100,20000,,,,,,25,,,,,,,,,,,,,,,
72,,,,,,,,None,,,Israel,,,,,100,20000,,,,,,25,,,,,,,,,,,,,,,
72,,,,,,,,None,,,Israel,,,,,100,20000,,,,,,25,,,,,,,,,,,,,,,
72,,,,,,,,None,,,Israel,,,,,100,20000,,,,,,25,,,,,,,,,,,,,,,
72,,,,,,,,None,,,Israel,,,,,100,20000,,,,,,25,,,,,,,,,,,,,,,
73,,,,,,,,None,,,Netherlands,,,,,100,20000,,,,,,25,,,,,,,,,,,,,,,
73,,,,,,,,None,,,Netherlands,,,,,100,20000,,,,,,25,,,,,,,,,,,,,,,
73,,,,,,,,None,,,Netherlands,,,,,100,20000,,,,,,25,,,,,,,,,,,,,,,
73,,,,,,,,None,,,Netherlands,,,,,100,20000,,,,,,25,,,,,,,,,,,,,,,
73,,,,,,,,None,,,Netherlands,,,,,100,20000,,,,,,25,,,,,,,,,,,,,,,
73,,,,,,,,None,,,Netherlands,,,,,100,20000,,,,,,25,,,,,,,,,,,,,,,
73,,,,,,,,None,,,Netherlands,,,,,100,20000,,,,,,25,,,,,,,,,,,,,,,
73,,,,,,,,None,,,Netherlands,,,,,100,20000,,,,,,25,,,,,,,,,,,,,,,
73,,,,,,,,None,,,Netherlands,,,,,100,20000,,,,,,25,,,,,,,,,,,,,,,
73,,,,,,,,None,,,Netherlands,,,,,100,20000,,,,,,25,,,,,,,,,,,,,,,
73,,,,,,,,None,,,Netherlands,,,,,100,20000,,,,,,25,,,,,,,,,,,,,,,
73,,,,,,,,None,,,Netherlands,,,,,100,20000,,,,,,25,,,,,,,,,,,,,,,
73,,,,,,,,None,,,Netherlands,,,,,100,20000,,,,,,25,,,,,,,,,,,,,,,
73,,,,,,,,None,,,Netherlands,,,,,100,20000,,,,,,25,,,,,,,,,,,,,,,
73,,,,,,,,None,,,Netherlands,,,,,100,20000,,,,,,25,,,,,,,,,,,,,,,
73,,,,,,,,None,,,Netherlands,,,,,100,20000,,,,,,25,,,,,,,,,,,,,,,
73,,,,,,,,None,,,Netherlands,,,,,100,20000,,,,,,25,,,,,,,,,,,,,,,
73,,,,,,,,None,,,Netherlands,,,,,100,20000,,,,,,25,,,,,,,,,,,,,,,
73,,,,,,,,None,,,Netherlands,,,,,100,20000,,,,,,25,,,,,,,,,,,,,,,
73,,,,,,,,None,,,Netherlands,,,,,100,20000,,,,,,25,,,,,,,,,,,,,,,
73,,,,,,,,None,,,Netherlands,,,,,100,20000,,,,,,25,,,,,,,,,,,,,,,
73,,,,,,,,None,,,Netherlands,,,,,100,20000,,,,,,25,,,,,,,,,,,,,,,
73,,,,,,,,None,,,Netherlands,,,,,100,20000,,,,,,25,,,,,,,,,,,,,,,
73,,,,,,,,None,,,Netherlands,,,,,100,20000,,,,,,25,,,,,,,,,,,,,,,
73,,,,,,,,None,,,Netherlands,,,,,100,20000,,,,,,25,,,,,,,,,,,,,,,
74,,,,,,,,None,,,Japan,,,,,100,20000,,,,,,25,,,,,,,,,,,,,,,
74,,,,,,,,None,,,Japan,,,,,100,20000,,,,,,25,,,,,,,,,,,,,,,
74,,,,,,,,None,,,Japan,,,,,100,20000,,,,,,25,,,,,,,,,,,,,,,
74,,,,,,,,None,,,Japan,,,,,100,20000,,,,,,25,,,,,,,,,,,,,,,
74,,,,,,,,None,,,Japan,,,,,100,20000,,,,,,25,,,,,,,,,,,,,,,
74,,,,,,,,None,,,Japan,,,,,100,20000,,,,,,25,,,,,,,,,,,,,,,
74,,,,,,,,None,,,Japan,,,,,100,20000,,,,,,25,,,,,,,,,,,,,,,
74,,,,,,,,None,,,Japan,,,,,100,20000,,,,,,25,,,,,,,,,,,,,,,
74,,,,,,,,None,,,Japan,,,,,100,20000,,,,,,25,,,,,,,,,,,,,,,
74,,,,,,,,None,,,Japan,,,,,100,20000,,,,,,25,,,,,,,,,,,,,,,
74,,,,,,,,None,,,Japan,,,,,100,20000,,,,,,25,,,,,,,,,,,,,,,
74,,,,,,,,None,,,Japan,,,,,100,20000,,,,,,25,,,,,,,,,,,,,,,
74,,,,,,,,None,,,Japan,,,,,100,20000,,,,,,25,,,,,,,,,,,,,,,
74,,,,,,,,None,,,Japan,,,,,100,20000,,,,,,25,,,,,,,,,,,,,,,
74,,,,,,,,None,,,Japan,,,,,100,20000,,,,,,25,,,,,,,,,,,,,,,
74,,,,,,,,None,,,Japan,,,,,100,20000,,,,,,25,,,,,,,,,,,,,,,
74,,,,,,,,None,,,Japan,,,,,100,20000,,,,,,25,,,,,,,,,,,,,,,
74,,,,,,,,None,,,Japan,,,,,100,20000,,,,,,25,,,,,,,,,,,,,,,
74,,,,,,,,None,,,Japan,,,,,100,20000,,,,,,25,,,,,,,,,,,,,,,
74,,,,,,,,None,,,Japan,,,,,100,20000,,,,,,25,,,,,,,,,,,,,,,
74,,,,,,,,None,,,Japan,,,,,100,20000,,,,,,25,,,,,,,,,,,,,,,
74,,,,,,,,None,,,Japan,,,,,100,20000,,,,,,25,,,,,,,,,,,,,,,
74,,,,,,,,None,,,Japan,,,,,100,20000,,,,,,25,,,,,,,,,,,,,,,
74,,,,,,,,None,,,Japan,,,,,100,20000,,,,,,25,,,,,,,,,,,,,,,
74,,,,,,,,None,,,Japan,,,,,100,20000,,,,,,25,,,,,,,,,,,,,,,
75,,,,,,,,None,,,India,,,,,100,20000,,,,,,25,,,,,,,,,,,,,,,
75,,,,,,,,None,,,India,,,,,100,20000,,,,,,25,,,,,,,,,,,,,,,
75,,,,,,,,None,,,India,,,,,100,20000,,,,,,25,,,,,,,,,,,,,,,
75,,,,,,,,None,,,India,,,,,100,20000,,,,,,25,,,,,,,,,,,,,,,
75,,,,,,,,None,,,India,,,,,100,20000,,,,,,25,,,,,,,,,,,,,,,
75,,,,,,,,None,,,India,,,,,100,20000,,,,,,25,,,,,,,,,,,,,,,
75,,,,,,,,None,,,India,,,,,100,20000,,,,,,25,,,,,,,,,,,,,,,
75,,,,,,,,None,,,India,,,,,100,20000,,,,,,25,,,,,,,,,,,,,,,
75,,,,,,,,None,,,India,,,,,100,20000,,,,,,25,,,,,,,,,,,,,,,
75,,,,,,,,None,,,India,,,,,100,20000,,,,,,25,,,,,,,,,,,,,,,
75,,,,,,,,None,,,India,,,,,100,20000,,,,,,25,,,,,,,,,,,,,,,
75,,,,,,,,None,,,India,,,,,100,20000,,,,,,25,,,,,,,,,,,,,,,
75,,,,,,,,None,,,India,,,,,100,20000,,,,,,25,,,,,,,,,,,,,,,
75,,,,,,,,None,,,India,,,,,100,20000,,,,,,25,,,,,,,,,,,,,,,
75,,,,,,,,None,,,India,,,,,100,20000,,,,,,25,,,,,,,,,,,,,,,
75,,,,,,,,None,,,India,,,,,100,20000,,,,,,25,,,,,,,,,,,,,,,
75,,,,,,,,None,,,India,,,,,100,20000,,,,,,25,,,,,,,,,,,,,,,
75,,,,,,,,None,,,India,,,,,100,20000,,,,,,25,,,,,,,,,,,,,,,
75,,,,,,,,None,,,India,,,,,100,20000,,,,,,25,,,,,,,,,,,,,,,
75,,,,,,,,None,,,India,,,,,100,20000,,,,,,25,,,,,,,,,,,,,,,
75,,,,,,,,None,,,India,,,,,100,20000,,,,,,25,,,,,,,,,,,,,,,
75,,,,,,,,None,,,India,,,,,100,20000,,,,,,25,,,,,,,,,,,,,,,
75,,,,,,,,None,,,India,,,,,100,20000,,,,,,25,,,,,,,,,,,,,,,
75,,,,,,,,None,,,India,,,,,100,20000,,,,,,25,,,,,,,,,,,,,,,
75,,,,,,,,None,,,India,,,,,100,20000,,,,,,25,,,,,,,,,,,,,,,
76,,,,,,,,None,,,Mexico,,,,,100,20000,,,,,,25,,,,,,,,,,,,,,,
76,,,,,,,,None,,,Mexico,,,,,100,20000,,,,,,25,,,,,,,,,,,,,,,
76,,,,,,,,None,,,Mexico,,,,,100,20000,,,,,,25,,,,,,,,,,,,,,,
76,,,,,,,,None,,,Mexico,,,,,100,20000,,,,,,25,,,,,,,,,,,,,,,
76,,,,,,,,None,,,Mexico,,,,,100,20000,,,,,,25,,,,,,,,,,,,,,,
76,,,,,,,,None,,,Mexico,,,,,100,20000,,,,,,25,,,,,,,,,,,,,,,
76,,,,,,,,None,,,Mexico,,,,,100,20000,,,,,,25,,,,,,,,,,,,,,,
76,,,,,,,,None,,,Mexico,,,,,100,20000,,,,,,25,,,,,,,,,,,,,,,
76,,,,,,,,None,,,Mexico,,,,,100,20000,,,,,,25,,,,,,,,,,,,,,,
76,,,,,,,,None,,,Mexico,,,,,100,20000,,,,,,25,,,,,,,,,,,,,,,
76,,,,,,,,None,,,Mexico,,,,,100,20000,,,,,,25,,,,,,,,,,,,,,,
76,,,,,,,,None,,,Mexico,,,,,100,20000,,,,,,25,,,,,,,,,,,,,,,
76,,,,,,,,None,,,Mexico,,,,,100,20000,,,,,,25,,,,,,,,,,,,,,,
76,,,,,,,,None,,,Mexico,,,,,100,20000,,,,,,25,,,,,,,,,,,,,,,
76,,,,,,,,None,,,Mexico,,,,,100,20000,,,,,,25,,,,,,,,,,,,,,,
76,,,,,,,,None,,,Mexico,,,,,100,20000,,,,,,25,,,,,,,,,,,,,,,
76,,,,,,,,None,,,Mexico,,,,,100,20000,,,,,,25,,,,,,,,,,,,,,,
76,,,,,,,,None,,,Mexico,,,,,100,20000,,,,,,25,,,,,,,,,,,,,,,
76,,,,,,,,None,,,Mexico,,,,,100,20000,,,,,,25,,,,,,,,,,,,,,,
76,,,,,,,,None,,,Mexico,,,,,100,20000,,,,,,25,,,,,,,,,,,,,,,
76,,,,,,,,None,,,Mexico,,,,,100,20000,,,,,,25,,,,,,,,,,,,,,,
76,,,,,,,,None,,,Mexico,,,,,100,20000,,,,,,25,,,,,,,,,,,,,,,
76,,,,,,,,None,,,Mexico,,,,,100,20000,,,,,,25,,,,,,,,,,,,,,,
76,,,,,,,,None,,,Mexico,,,,,100,20000,,,,,,25,,,,,,,,,,,,,,,
76,,,,,,,,None,,,Mexico,,,,,100,20000,,,,,,25,,,,,,,,,,,,,,,
77,,,,,,,,None,,,Tanzania,,,,,100,20000,,,,,,25,,,,,,,,,,,,,,,
77,,,,,,,,None,,,Tanzania,,,,,100,20000,,,,,,25,,,,,,,,,,,,,,,
77,,,,,,,,None,,,Tanzania,,,,,100,20000,,,,,,25,,,,,,,,,,,,,,,
77,,,,,,,,None,,,Tanzania,,,,,100,20000,,,,,,25,,,,,,,,,,,,,,,
77,,,,,,,,None,,,Tanzania,,,,,100,20000,,,,,,25,,,,,,,,,,,,,,,
77,,,,,,,,None,,,Tanzania,,,,,100,20000,,,,,,25,,,,,,,,,,,,,,,
77,,,,,,,,None,,,Tanzania,,,,,100,20000,,,,,,25,,,,,,,,,,,,,,,
77,,,,,,,,None,,,Tanzania,,,,,100,20000,,,,,,25,,,,,,,,,,,,,,,
77,,,,,,,,None,,,Tanzania,,,,,100,20000,,,,,,25,,,,,,,,,,,,,,,
77,,,,,,,,None,,,Tanzania,,,,,100,20000,,,,,,25,,,,,,,,,,,,,,,
77,,,,,,,,None,,,Tanzania,,,,,100,20000,,,,,,25,,,,,,,,,,,,,,,
77,,,,,,,,None,,,Tanzania,,,,,100,20000,,,,,,25,,,,,,,,,,,,,,,
77,,,,,,,,None,,,Tanzania,,,,,100,20000,,,,,,25,,,,,,,,,,,,,,,
77,,,,,,,,None,,,Tanzania,,,,,100,20000,,,,,,25,,,,,,,,,,,,,,,
77,,,,,,,,None,,,Tanzania,,,,,100,20000,,,,,,25,,,,,,,,,,,,,,,
77,,,,,,,,None,,,Tanzania,,,,,100,20000,,,,,,25,,,,,,,,,,,,,,,
77,,,,,,,,None,,,Tanzania,,,,,100,20000,,,,,,25,,,,,,,,,,,,,,,
77,,,,,,,,None,,,Tanzania,,,,,100,20000,,,,,,25,,,,,,,,,,,,,,,
77,,,,,,,,None,,,Tanzania,,,,,100,20000,,,,,,25,,,,,,,,,,,,,,,
77,,,,,,,,None,,,Tanzania,,,,,100,20000,,,,,,25,,,,,,,,,,,,,,,
77,,,,,,,,None,,,Tanzania,,,,,100,20000,,,,,,25,,,,,,,,,,,,,,,
77,,,,,,,,None,,,Tanzania,,,,,100,20000,,,,,,25,,,,,,,,,,,,,,,
77,,,,,,,,None,,,Tanzania,,,,,100,20000,,,,,,25,,,,,,,,,,,,,,,
77,,,,,,,,None,,,Tanzania,,,,,100,20000,,,,,,25,,,,,,,,,,,,,,,
77,,,,,,,,None,,,Tanzania,,,,,100,20000,,,,,,25,,,,,,,,,,,,,,,
78,,,,,,,,None,,,Tanzania,,,,,100,20000,,,,,,25,,,,,,,,,,,,,,,
78,,,,,,,,None,,,Tanzania,,,,,100,20000,,,,,,25,,,,,,,,,,,,,,,
78,,,,,,,,None,,,Tanzania,,,,,100,20000,,,,,,25,,,,,,,,,,,,,,,
78,,,,,,,,None,,,Tanzania,,,,,100,20000,,,,,,25,,,,,,,,,,,,,,,
78,,,,,,,,None,,,Tanzania,,,,,100,20000,,,,,,25,,,,,,,,,,,,,,,
78,,,,,,,,None,,,Tanzania,,,,,100,20000,,,,,,25,,,,,,,,,,,,,,,
78,,,,,,,,None,,,Tanzania,,,,,100,20000,,,,,,25,,,,,,,,,,,,,,,
78,,,,,,,,None,,,Tanzania,,,,,100,20000,,,,,,25,,,,,,,,,,,,,,,
78,,,,,,,,None,,,Tanzania,,,,,100,20000,,,,,,25,,,,,,,,,,,,,,,
78,,,,,,,,None,,,Tanzania,,,,,100,20000,,,,,,25,,,,,,,,,,,,,,,
78,,,,,,,,None,,,Tanzania,,,,,100,20000,,,,,,25,,,,,,,,,,,,,,,
78,,,,,,,,None,,,Tanzania,,,,,100,20000,,,,,,25,,,,,,,,,,,,,,,
78,,,,,,,,None,,,Tanzania,,,,,100,20000,,,,,,25,,,,,,,,,,,,,,,
78,,,,,,,,None,,,Tanzania,,,,,100,20000,,,,,,25,,,,,,,,,,,,,,,
78,,,,,,,,None,,,Tanzania,,,,,100,20000,,,,,,25,,,,,,,,,,,,,,,
78,,,,,,,,None,,,Tanzania,,,,,100,20000,,,,,,25,,,,,,,,,,,,,,,
78,,,,,,,,None,,,Tanzania,,,,,100,20000,,,,,,25,,,,,,,,,,,,,,,
78,,,,,,,,None,,,Tanzania,,,,,100,20000,,,,,,25,,,,,,,,,,,,,,,
78,,,,,,,,None,,,Tanzania,,,,,100,20000,,,,,,25,,,,,,,,,,,,,,,
78,,,,,,,,None,,,Tanzania,,,,,100,20000,,,,,,25,,,,,,,,,,,,,,,
78,,,,,,,,None,,,Tanzania,,,,,100,20000,,,,,,25,,,,,,,,,,,,,,,
78,,,,,,,,None,,,Tanzania,,,,,100,20000,,,,,,25,,,,,,,,,,,,,,,
78,,,,,,,,None,,,Tanzania,,,,,100,20000,,,,,,25,,,,,,,,,,,,,,,
78,,,,,,,,None,,,Tanzania,,,,,100,20000,,,,,,25,,,,,,,,,,,,,,,
78,,,,,,,,None,,,Tanzania,,,,,100,20000,,,,,,25,,,,,,,,,,,,,,,
79,,,,,,,,None,,,Israel,,,,,100,20000,,,,,,25,,,,,,,,,,,,,,,
79,,,,,,,,None,,,Israel,,,,,100,20000,,,,,,25,,,,,,,,,,,,,,,
79,,,,,,,,None,,,Israel,,,,,100,20000,,,,,,25,,,,,,,,,,,,,,,
79,,,,,,,,None,,,Israel,,,,,100,20000,,,,,,25,,,,,,,,,,,,,,,
79,,,,,,,,None,,,Israel,,,,,100,20000,,,,,,25,,,,,,,,,,,,,,,
79,,,,,,,,None,,,Israel,,,,,100,20000,,,,,,25,,,,,,,,,,,,,,,
79,,,,,,,,None,,,Israel,,,,,100,20000,,,,,,25,,,,,,,,,,,,,,,
79,,,,,,,,None,,,Israel,,,,,100,20000,,,,,,25,,,,,,,,,,,,,,,
79,,,,,,,,None,,,Israel,,,,,100,20000,,,,,,25,,,,,,,,,,,,,,,
79,,,,,,,,None,,,Israel,,,,,100,20000,,,,,,25,,,,,,,,,,,,,,,
79,,,,,,,,None,,,Israel,,,,,100,20000,,,,,,25,,,,,,,,,,,,,,,
79,,,,,,,,None,,,Israel,,,,,100,20000,,,,,,25,,,,,,,,,,,,,,,
79,,,,,,,,None,,,Israel,,,,,100,20000,,,,,,25,,,,,,,,,,,,,,,
79,,,,,,,,None,,,Israel,,,,,100,20000,,,,,,25,,,,,,,,,,,,,,,
79,,,,,,,,None,,,Israel,,,,,100,20000,,,,,,25,,,,,,,,,,,,,,,
79,,,,,,,,None,,,Israel,,,,,100,20000,,,,,,25,,,,,,,,,,,,,,,
79,,,,,,,,None,,,Israel,,,,,100,20000,,,,,,25,,,,,,,,,,,,,,,
79,,,,,,,,None,,,Israel,,,,,100,20000,,,,,,25,,,,,,,,,,,,,,,
79,,,,,,,,None,,,Israel,,,,,100,20000,,,,,,25,,,,,,,,,,,,,,,
79,,,,,,,,None,,,Israel,,,,,100,20000,,,,,,25,,,,,,,,,,,,,,,
79,,,,,,,,None,,,Israel,,,,,100,20000,,,,,,25,,,,,,,,,,,,,,,
79,,,,,,,,None,,,Israel,,,,,100,20000,,,,,,25,,,,,,,,,,,,,,,
79,,,,,,,,None,,,Israel,,,,,100,20000,,,,,,25,,,,,,,,,,,,,,,
79,,,,,,,,None,,,Israel,,,,,100,20000,,,,,,25,,,,,,,,,,,,,,,
79,,,,,,,,None,,,Israel,,,,,100,20000,,,,,,25,,,,,,,,,,,,,,,
80,,,,,,,,None,,,Netherlands,,,,,100,20000,,,,,,25,,,,,,,,,,,,,,,
80,,,,,,,,None,,,Netherlands,,,,,100,20000,,,,,,25,,,,,,,,,,,,,,,
80,,,,,,,,None,,,Netherlands,,,,,100,20000,,,,,,25,,,,,,,,,,,,,,,
80,,,,,,,,None,,,Netherlands,,,,,100,20000,,,,,,25,,,,,,,,,,,,,,,
80,,,,,,,,None,,,Netherlands,,,,,100,20000,,,,,,25,,,,,,,,,,,,,,,
80,,,,,,,,None,,,Netherlands,,,,,100,20000,,,,,,25,,,,,,,,,,,,,,,
80,,,,,,,,None,,,Netherlands,,,,,100,20000,,,,,,25,,,,,,,,,,,,,,,
80,,,,,,,,None,,,Netherlands,,,,,100,20000,,,,,,25,,,,,,,,,,,,,,,
80,,,,,,,,None,,,Netherlands,,,,,100,20000,,,,,,25,,,,,,,,,,,,,,,
80,,,,,,,,None,,,Netherlands,,,,,100,20000,,,,,,25,,,,,,,,,,,,,,,
80,,,,,,,,None,,,Netherlands,,,,,100,20000,,,,,,25,,,,,,,,,,,,,,,
80,,,,,,,,None,,,Netherlands,,,,,100,20000,,,,,,25,,,,,,,,,,,,,,,
80,,,,,,,,None,,,Netherlands,,,,,100,20000,,,,,,25,,,,,,,,,,,,,,,
80,,,,,,,,None,,,Netherlands,,,,,100,20000,,,,,,25,,,,,,,,,,,,,,,
80,,,,,,,,None,,,Netherlands,,,,,100,20000,,,,,,25,,,,,,,,,,,,,,,
80,,,,,,,,None,,,Netherlands,,,,,100,20000,,,,,,25,,,,,,,,,,,,,,,
80,,,,,,,,None,,,Netherlands,,,,,100,20000,,,,,,25,,,,,,,,,,,,,,,
80,,,,,,,,None,,,Netherlands,,,,,100,20000,,,,,,25,,,,,,,,,,,,,,,
80,,,,,,,,None,,,Netherlands,,,,,100,20000,,,,,,25,,,,,,,,,,,,,,,
80,,,,,,,,None,,,Netherlands,,,,,100,20000,,,,,,25,,,,,,,,,,,,,,,
80,,,,,,,,None,,,Netherlands,,,,,100,20000,,,,,,25,,,,,,,,,,,,,,,
80,,,,,,,,None,,,Netherlands,,,,,100,20000,,,,,,25,,,,,,,,,,,,,,,
80,,,,,,,,None,,,Netherlands,,,,,100,20000,,,,,,25,,,,,,,,,,,,,,,
80,,,,,,,,None,,,Netherlands,,,,,100,20000,,,,,,25,,,,,,,,,,,,,,,
80,,,,,,,,None,,,Netherlands,,,,,100,20000,,,,,,25,,,,,,,,,,,,,,,
81,,,,,,,,None,,,India,,,,,100,20000,,,,,,25,,,,,,,,,,,,,,,
81,,,,,,,,None,,,India,,,,,100,20000,,,,,,25,,,,,,,,,,,,,,,
81,,,,,,,,None,,,India,,,,,100,20000,,,,,,25,,,,,,,,,,,,,,,
81,,,,,,,,None,,,India,,,,,100,20000,,,,,,25,,,,,,,,,,,,,,,
81,,,,,,,,None,,,India,,,,,100,20000,,,,,,25,,,,,,,,,,,,,,,
81,,,,,,,,None,,,India,,,,,100,20000,,,,,,25,,,,,,,,,,,,,,,
81,,,,,,,,None,,,India,,,,,100,20000,,,,,,25,,,,,,,,,,,,,,,
81,,,,,,,,None,,,India,,,,,100,20000,,,,,,25,,,,,,,,,,,,,,,
81,,,,,,,,None,,,India,,,,,100,20000,,,,,,25,,,,,,,,,,,,,,,
81,,,,,,,,None,,,India,,,,,100,20000,,,,,,25,,,,,,,,,,,,,,,
81,,,,,,,,None,,,India,,,,,100,20000,,,,,,25,,,,,,,,,,,,,,,
81,,,,,,,,None,,,India,,,,,100,20000,,,,,,25,,,,,,,,,,,,,,,
81,,,,,,,,None,,,India,,,,,100,20000,,,,,,25,,,,,,,,,,,,,,,
81,,,,,,,,None,,,India,,,,,100,20000,,,,,,25,,,,,,,,,,,,,,,
81,,,,,,,,None,,,India,,,,,100,20000,,,,,,25,,,,,,,,,,,,,,,
81,,,,,,,,None,,,India,,,,,100,20000,,,,,,25,,,,,,,,,,,,,,,
81,,,,,,,,None,,,India,,,,,100,20000,,,,,,25,,,,,,,,,,,,,,,
81,,,,,,,,None,,,India,,,,,100,20000,,,,,,25,,,,,,,,,,,,,,,
81,,,,,,,,None,,,India,,,,,100,20000,,,,,,25,,,,,,,,,,,,,,,
81,,,,,,,,None,,,India,,,,,100,20000,,,,,,25,,,,,,,,,,,,,,,
81,,,,,,,,None,,,India,,,,,100,20000,,,,,,25,,,,,,,,,,,,,,,
81,,,,,,,,None,,,India,,,,,100,20000,,,,,,25,,,,,,,,,,,,,,,
81,,,,,,,,None,,,India,,,,,100,20000,,,,,,25,,,,,,,,,,,,,,,
81,,,,,,,,None,,,India,,,,,100,20000,,,,,,25,,,,,,,,,,,,,,,
81,,,,,,,,None,,,India,,,,,100,20000,,,,,,25,,,,,,,,,,,,,,,
82,,,,,,,,None,,,Netherlands,,,,,100,20000,,,,,,25,,,,,,,,,,,,,,,
82,,,,,,,,None,,,Netherlands,,,,,100,20000,,,,,,25,,,,,,,,,,,,,,,
82,,,,,,,,None,,,Netherlands,,,,,100,20000,,,,,,25,,,,,,,,,,,,,,,
82,,,,,,,,None,,,Netherlands,,,,,100,20000,,,,,,25,,,,,,,,,,,,,,,
82,,,,,,,,None,,,Netherlands,,,,,100,20000,,,,,,25,,,,,,,,,,,,,,,
82,,,,,,,,None,,,Netherlands,,,,,100,20000,,,,,,25,,,,,,,,,,,,,,,
82,,,,,,,,None,,,Netherlands,,,,,100,20000,,,,,,25,,,,,,,,,,,,,,,
82,,,,,,,,None,,,Netherlands,,,,,100,20000,,,,,,25,,,,,,,,,,,,,,,
82,,,,,,,,None,,,Netherlands,,,,,100,20000,,,,,,25,,,,,,,,,,,,,,,
82,,,,,,,,None,,,Netherlands,,,,,100,20000,,,,,,25,,,,,,,,,,,,,,,
82,,,,,,,,None,,,Netherlands,,,,,100,20000,,,,,,25,,,,,,,,,,,,,,,
82,,,,,,,,None,,,Netherlands,,,,,100,20000,,,,,,25,,,,,,,,,,,,,,,
82,,,,,,,,None,,,Netherlands,,,,,100,20000,,,,,,25,,,,,,,,,,,,,,,
82,,,,,,,,None,,,Netherlands,,,,,100,20000,,,,,,25,,,,,,,,,,,,,,,
82,,,,,,,,None,,,Netherlands,,,,,100,20000,,,,,,25,,,,,,,,,,,,,,,
82,,,,,,,,None,,,Netherlands,,,,,100,20000,,,,,,25,,,,,,,,,,,,,,,
82,,,,,,,,None,,,Netherlands,,,,,100,20000,,,,,,25,,,,,,,,,,,,,,,
82,,,,,,,,None,,,Netherlands,,,,,100,20000,,,,,,25,,,,,,,,,,,,,,,
82,,,,,,,,None,,,Netherlands,,,,,100,20000,,,,,,25,,,,,,,,,,,,,,,
82,,,,,,,,None,,,Netherlands,,,,,100,20000,,,,,,25,,,,,,,,,,,,,,,
82,,,,,,,,None,,,Netherlands,,,,,100,20000,,,,,,25,,,,,,,,,,,,,,,
82,,,,,,,,None,,,Netherlands,,,,,100,20000,,,,,,25,,,,,,,,,,,,,,,
82,,,,,,,,None,,,Netherlands,,,,,100,20000,,,,,,25,,,,,,,,,,,,,,,
82,,,,,,,,None,,,Netherlands,,,,,100,20000,,,,,,25,,,,,,,,,,,,,,,
82,,,,,,,,None,,,Netherlands,,,,,100,20000,,,,,,25,,,,,,,,,,,,,,,
83,,,,,,,,None,,,Israel,,,,,100,20000,,,,,,25,,,,,,,,,,,,,,,
83,,,,,,,,None,,,Israel,,,,,100,20000,,,,,,25,,,,,,,,,,,,,,,
83,,,,,,,,None,,,Israel,,,,,100,20000,,,,,,25,,,,,,,,,,,,,,,
83,,,,,,,,None,,,Israel,,,,,100,20000,,,,,,25,,,,,,,,,,,,,,,
83,,,,,,,,None,,,Israel,,,,,100,20000,,,,,,25,,,,,,,,,,,,,,,
83,,,,,,,,None,,,Israel,,,,,100,20000,,,,,,25,,,,,,,,,,,,,,,
83,,,,,,,,None,,,Israel,,,,,100,20000,,,,,,25,,,,,,,,,,,,,,,
83,,,,,,,,None,,,Israel,,,,,100,20000,,,,,,25,,,,,,,,,,,,,,,
83,,,,,,,,None,,,Israel,,,,,100,20000,,,,,,25,,,,,,,,,,,,,,,
83,,,,,,,,None,,,Israel,,,,,100,20000,,,,,,25,,,,,,,,,,,,,,,
83,,,,,,,,None,,,Israel,,,,,100,20000,,,,,,25,,,,,,,,,,,,,,,
83,,,,,,,,None,,,Israel,,,,,100,20000,,,,,,25,,,,,,,,,,,,,,,
83,,,,,,,,None,,,Israel,,,,,100,20000,,,,,,25,,,,,,,,,,,,,,,
83,,,,,,,,None,,,Israel,,,,,100,20000,,,,,,25,,,,,,,,,,,,,,,
83,,,,,,,,None,,,Israel,,,,,100,20000,,,,,,25,,,,,,,,,,,,,,,
83,,,,,,,,None,,,Israel,,,,,100,20000,,,,,,25,,,,,,,,,,,,,,,
83,,,,,,,,None,,,Israel,,,,,100,20000,,,,,,25,,,,,,,,,,,,,,,
83,,,,,,,,None,,,Israel,,,,,100,20000,,,,,,25,,,,,,,,,,,,,,,
83,,,,,,,,None,,,Israel,,,,,100,20000,,,,,,25,,,,,,,,,,,,,,,
83,,,,,,,,None,,,Israel,,,,,100,20000,,,,,,25,,,,,,,,,,,,,,,
83,,,,,,,,None,,,Israel,,,,,100,20000,,,,,,25,,,,,,,,,,,,,,,
83,,,,,,,,None,,,Israel,,,,,100,20000,,,,,,25,,,,,,,,,,,,,,,
83,,,,,,,,None,,,Israel,,,,,100,20000,,,,,,25,,,,,,,,,,,,,,,
83,,,,,,,,None,,,Israel,,,,,100,20000,,,,,,25,,,,,,,,,,,,,,,
83,,,,,,,,None,,,Israel,,,,,100,20000,,,,,,25,,,,,,,,,,,,,,,
84,,,,,,,,None,,,Japan,,,,,100,20000,,,,,,25,,,,,,,,,,,,,,,
84,,,,,,,,None,,,Japan,,,,,100,20000,,,,,,25,,,,,,,,,,,,,,,
84,,,,,,,,None,,,Japan,,,,,100,20000,,,,,,25,,,,,,,,,,,,,,,
84,,,,,,,,None,,,Japan,,,,,100,20000,,,,,,25,,,,,,,,,,,,,,,
84,,,,,,,,None,,,Japan,,,,,100,20000,,,,,,25,,,,,,,,,,,,,,,
84,,,,,,,,None,,,Japan,,,,,100,20000,,,,,,25,,,,,,,,,,,,,,,
84,,,,,,,,None,,,Japan,,,,,100,20000,,,,,,25,,,,,,,,,,,,,,,
84,,,,,,,,None,,,Japan,,,,,100,20000,,,,,,25,,,,,,,,,,,,,,,
84,,,,,,,,None,,,Japan,,,,,100,20000,,,,,,25,,,,,,,,,,,,,,,
84,,,,,,,,None,,,Japan,,,,,100,20000,,,,,,25,,,,,,,,,,,,,,,
84,,,,,,,,None,,,Japan,,,,,100,20000,,,,,,25,,,,,,,,,,,,,,,
84,,,,,,,,None,,,Japan,,,,,100,20000,,,,,,25,,,,,,,,,,,,,,,
84,,,,,,,,None,,,Japan,,,,,100,20000,,,,,,25,,,,,,,,,,,,,,,
84,,,,,,,,None,,,Japan,,,,,100,20000,,,,,,25,,,,,,,,,,,,,,,
84,,,,,,,,None,,,Japan,,,,,100,20000,,,,,,25,,,,,,,,,,,,,,,
84,,,,,,,,None,,,Japan,,,,,100,20000,,,,,,25,,,,,,,,,,,,,,,
84,,,,,,,,None,,,Japan,,,,,100,20000,,,,,,25,,,,,,,,,,,,,,,
84,,,,,,,,None,,,Japan,,,,,100,20000,,,,,,25,,,,,,,,,,,,,,,
84,,,,,,,,None,,,Japan,,,,,100,20000,,,,,,25,,,,,,,,,,,,,,,
84,,,,,,,,None,,,Japan,,,,,100,20000,,,,,,25,,,,,,,,,,,,,,,
84,,,,,,,,None,,,Japan,,,,,100,20000,,,,,,25,,,,,,,,,,,,,,,
84,,,,,,,,None,,,Japan,,,,,100,20000,,,,,,25,,,,,,,,,,,,,,,
84,,,,,,,,None,,,Japan,,,,,100,20000,,,,,,25,,,,,,,,,,,,,,,
84,,,,,,,,None,,,Japan,,,,,100,20000,,,,,,25,,,,,,,,,,,,,,,
84,,,,,,,,None,,,Japan,,,,,100,20000,,,,,,25,,,,,,,,,,,,,,,
85,,,,,,,,None,,,New Zealand,,,,,100,20000,,,,,,25,,,,,,,,,,,,,,,
85,,,,,,,,None,,,New Zealand,,,,,100,20000,,,,,,25,,,,,,,,,,,,,,,
85,,,,,,,,None,,,New Zealand,,,,,100,20000,,,,,,25,,,,,,,,,,,,,,,
85,,,,,,,,None,,,New Zealand,,,,,100,20000,,,,,,25,,,,,,,,,,,,,,,
85,,,,,,,,None,,,New Zealand,,,,,100,20000,,,,,,25,,,,,,,,,,,,,,,
85,,,,,,,,None,,,New Zealand,,,,,100,20000,,,,,,25,,,,,,,,,,,,,,,
85,,,,,,,,None,,,New Zealand,,,,,100,20000,,,,,,25,,,,,,,,,,,,,,,
85,,,,,,,,None,,,New Zealand,,,,,100,20000,,,,,,25,,,,,,,,,,,,,,,
85,,,,,,,,None,,,New Zealand,,,,,100,20000,,,,,,25,,,,,,,,,,,,,,,
85,,,,,,,,None,,,New Zealand,,,,,100,20000,,,,,,25,,,,,,,,,,,,,,,
85,,,,,,,,None,,,New Zealand,,,,,100,20000,,,,,,25,,,,,,,,,,,,,,,
85,,,,,,,,None,,,New Zealand,,,,,100,20000,,,,,,25,,,,,,,,,,,,,,,
85,,,,,,,,None,,,New Zealand,,,,,100,20000,,,,,,25,,,,,,,,,,,,,,,
85,,,,,,,,None,,,New Zealand,,,,,100,20000,,,,,,25,,,,,,,,,,,,,,,
85,,,,,,,,None,,,New Zealand,,,,,100,20000,,,,,,25,,,,,,,,,,,,,,,
85,,,,,,,,None,,,New Zealand,,,,,100,20000,,,,,,25,,,,,,,,,,,,,,,
85,,,,,,,,None,,,New Zealand,,,,,100,20000,,,,,,25,,,,,,,,,,,,,,,
85,,,,,,,,None,,,New Zealand,,,,,100,20000,,,,,,25,,,,,,,,,,,,,,,
85,,,,,,,,None,,,New Zealand,,,,,100,20000,,,,,,25,,,,,,,,,,,,,,,
85,,,,,,,,None,,,New Zealand,,,,,100,20000,,,,,,25,,,,,,,,,,,,,,,
85,,,,,,,,None,,,New Zealand,,,,,100,20000,,,,,,25,,,,,,,,,,,,,,,
85,,,,,,,,None,,,New Zealand,,,,,100,20000,,,,,,25,,,,,,,,,,,,,,,
85,,,,,,,,None,,,New Zealand,,,,,100,20000,,,,,,25,,,,,,,,,,,,,,,
85,,,,,,,,None,,,New Zealand,,,,,100,20000,,,,,,25,,,,,,,,,,,,,,,
85,,,,,,,,None,,,New Zealand,,,,,100,20000,,,,,,25,,,,,,,,,,,,,,,
86,,,,,,,,None,,,Mexico,,,,,100,20000,,,,,,25,,,,,,,,,,,,,,,
86,,,,,,,,None,,,Mexico,,,,,100,20000,,,,,,25,,,,,,,,,,,,,,,
86,,,,,,,,None,,,Mexico,,,,,100,20000,,,,,,25,,,,,,,,,,,,,,,
86,,,,,,,,None,,,Mexico,,,,,100,20000,,,,,,25,,,,,,,,,,,,,,,
86,,,,,,,,None,,,Mexico,,,,,100,20000,,,,,,25,,,,,,,,,,,,,,,
86,,,,,,,,None,,,Mexico,,,,,100,20000,,,,,,25,,,,,,,,,,,,,,,
86,,,,,,,,None,,,Mexico,,,,,100,20000,,,,,,25,,,,,,,,,,,,,,,
86,,,,,,,,None,,,Mexico,,,,,100,20000,,,,,,25,,,,,,,,,,,,,,,
86,,,,,,,,None,,,Mexico,,,,,100,20000,,,,,,25,,,,,,,,,,,,,,,
86,,,,,,,,None,,,Mexico,,,,,100,20000,,,,,,25,,,,,,,,,,,,,,,
86,,,,,,,,None,,,Mexico,,,,,100,20000,,,,,,25,,,,,,,,,,,,,,,
86,,,,,,,,None,,,Mexico,,,,,100,20000,,,,,,25,,,,,,,,,,,,,,,
86,,,,,,,,None,,,Mexico,,,,,100,20000,,,,,,25,,,,,,,,,,,,,,,
86,,,,,,,,None,,,Mexico,,,,,100,20000,,,,,,25,,,,,,,,,,,,,,,
86,,,,,,,,None,,,Mexico,,,,,100,20000,,,,,,25,,,,,,,,,,,,,,,
86,,,,,,,,None,,,Mexico,,,,,100,20000,,,,,,25,,,,,,,,,,,,,,,
86,,,,,,,,None,,,Mexico,,,,,100,20000,,,,,,25,,,,,,,,,,,,,,,
86,,,,,,,,None,,,Mexico,,,,,100,20000,,,,,,25,,,,,,,,,,,,,,,
86,,,,,,,,None,,,Mexico,,,,,100,20000,,,,,,25,,,,,,,,,,,,,,,
86,,,,,,,,None,,,Mexico,,,,,100,20000,,,,,,25,,,,,,,,,,,,,,,
86,,,,,,,,None,,,Mexico,,,,,100,20000,,,,,,25,,,,,,,,,,,,,,,
86,,,,,,,,None,,,Mexico,,,,,100,20000,,,,,,25,,,,,,,,,,,,,,,
86,,,,,,,,None,,,Mexico,,,,,100,20000,,,,,,25,,,,,,,,,,,,,,,
86,,,,,,,,None,,,Mexico,,,,,100,20000,,,,,,25,,,,,,,,,,,,,,,
86,,,,,,,,None,,,Mexico,,,,,100,20000,,,,,,25,,,,,,,,,,,,,,,
87,,,,,,,,None,,,India,,,,,100,20000,,,,,,25,,,,,,,,,,,,,,,
87,,,,,,,,None,,,India,,,,,100,20000,,,,,,25,,,,,,,,,,,,,,,
87,,,,,,,,None,,,India,,,,,100,20000,,,,,,25,,,,,,,,,,,,,,,
87,,,,,,,,None,,,India,,,,,100,20000,,,,,,25,,,,,,,,,,,,,,,
87,,,,,,,,None,,,India,,,,,100,20000,,,,,,25,,,,,,,,,,,,,,,
87,,,,,,,,None,,,India,,,,,100,20000,,,,,,25,,,,,,,,,,,,,,,
87,,,,,,,,None,,,India,,,,,100,20000,,,,,,25,,,,,,,,,,,,,,,
87,,,,,,,,None,,,India,,,,,100,20000,,,,,,25,,,,,,,,,,,,,,,
87,,,,,,,,None,,,India,,,,,100,20000,,,,,,25,,,,,,,,,,,,,,,
87,,,,,,,,None,,,India,,,,,100,20000,,,,,,25,,,,,,,,,,,,,,,
87,,,,,,,,None,,,India,,,,,100,20000,,,,,,25,,,,,,,,,,,,,,,
87,,,,,,,,None,,,India,,,,,100,20000,,,,,,25,,,,,,,,,,,,,,,
87,,,,,,,,None,,,India,,,,,100,20000,,,,,,25,,,,,,,,,,,,,,,
87,,,,,,,,None,,,India,,,,,100,20000,,,,,,25,,,,,,,,,,,,,,,
87,,,,,,,,None,,,India,,,,,100,20000,,,,,,25,,,,,,,,,,,,,,,
87,,,,,,,,None,,,India,,,,,100,20000,,,,,,25,,,,,,,,,,,,,,,
87,,,,,,,,None,,,India,,,,,100,20000,,,,,,25,,,,,,,,,,,,,,,
87,,,,,,,,None,,,India,,,,,100,20000,,,,,,25,,,,,,,,,,,,,,,
87,,,,,,,,None,,,India,,,,,100,20000,,,,,,25,,,,,,,,,,,,,,,
87,,,,,,,,None,,,India,,,,,100,20000,,,,,,25,,,,,,,,,,,,,,,
87,,,,,,,,None,,,India,,,,,100,20000,,,,,,25,,,,,,,,,,,,,,,
87,,,,,,,,None,,,India,,,,,100,20000,,,,,,25,,,,,,,,,,,,,,,
87,,,,,,,,None,,,India,,,,,100,20000,,,,,,25,,,,,,,,,,,,,,,
87,,,,,,,,None,,,India,,,,,100,20000,,,,,,25,,,,,,,,,,,,,,,
87,,,,,,,,None,,,India,,,,,100,20000,,,,,,25,,,,,,,,,,,,,,,
88,,,,,,,,None,,,Netherlands,,,,,100,20000,,,,,,25,,,,,,,,,,,,,,,
88,,,,,,,,None,,,Netherlands,,,,,100,20000,,,,,,25,,,,,,,,,,,,,,,
88,,,,,,,,None,,,Netherlands,,,,,100,20000,,,,,,25,,,,,,,,,,,,,,,
88,,,,,,,,None,,,Netherlands,,,,,100,20000,,,,,,25,,,,,,,,,,,,,,,
88,,,,,,,,None,,,Netherlands,,,,,100,20000,,,,,,25,,,,,,,,,,,,,,,
88,,,,,,,,None,,,Netherlands,,,,,100,20000,,,,,,25,,,,,,,,,,,,,,,
88,,,,,,,,None,,,Netherlands,,,,,100,20000,,,,,,25,,,,,,,,,,,,,,,
88,,,,,,,,None,,,Netherlands,,,,,100,20000,,,,,,25,,,,,,,,,,,,,,,
88,,,,,,,,None,,,Netherlands,,,,,100,20000,,,,,,25,,,,,,,,,,,,,,,
88,,,,,,,,None,,,Netherlands,,,,,100,20000,,,,,,25,,,,,,,,,,,,,,,
88,,,,,,,,None,,,Netherlands,,,,,100,20000,,,,,,25,,,,,,,,,,,,,,,
88,,,,,,,,None,,,Netherlands,,,,,100,20000,,,,,,25,,,,,,,,,,,,,,,
88,,,,,,,,None,,,Netherlands,,,,,100,20000,,,,,,25,,,,,,,,,,,,,,,
88,,,,,,,,None,,,Netherlands,,,,,100,20000,,,,,,25,,,,,,,,,,,,,,,
88,,,,,,,,None,,,Netherlands,,,,,100,20000,,,,,,25,,,,,,,,,,,,,,,
88,,,,,,,,None,,,Netherlands,,,,,100,20000,,,,,,25,,,,,,,,,,,,,,,
88,,,,,,,,None,,,Netherlands,,,,,100,20000,,,,,,25,,,,,,,,,,,,,,,
88,,,,,,,,None,,,Netherlands,,,,,100,20000,,,,,,25,,,,,,,,,,,,,,,
88,,,,,,,,None,,,Netherlands,,,,,100,20000,,,,,,25,,,,,,,,,,,,,,,
88,,,,,,,,None,,,Netherlands,,,,,100,20000,,,,,,25,,,,,,,,,,,,,,,
88,,,,,,,,None,,,Netherlands,,,,,100,20000,,,,,,25,,,,,,,,,,,,,,,
88,,,,,,,,None,,,Netherlands,,,,,100,20000,,,,,,25,,,,,,,,,,,,,,,
88,,,,,,,,None,,,Netherlands,,,,,100,20000,,,,,,25,,,,,,,,,,,,,,,
88,,,,,,,,None,,,Netherlands,,,,,100,20000,,,,,,25,,,,,,,,,,,,,,,
88,,,,,,,,None,,,Netherlands,,,,,100,20000,,,,,,25,,,,,,,,,,,,,,,
89,,,,,,,,None,,,Netherlands,,,,,100,20000,,,,,,25,,,,,,,,,,,,,,,
89,,,,,,,,None,,,Netherlands,,,,,100,20000,,,,,,25,,,,,,,,,,,,,,,
89,,,,,,,,None,,,Netherlands,,,,,100,20000,,,,,,25,,,,,,,,,,,,,,,
89,,,,,,,,None,,,Netherlands,,,,,100,20000,,,,,,25,,,,,,,,,,,,,,,
89,,,,,,,,None,,,Netherlands,,,,,100,20000,,,,,,25,,,,,,,,,,,,,,,
89,,,,,,,,None,,,Netherlands,,,,,100,20000,,,,,,25,,,,,,,,,,,,,,,
89,,,,,,,,None,,,Netherlands,,,,,100,20000,,,,,,25,,,,,,,,,,,,,,,
89,,,,,,,,None,,,Netherlands,,,,,100,20000,,,,,,25,,,,,,,,,,,,,,,
89,,,,,,,,None,,,Netherlands,,,,,100,20000,,,,,,25,,,,,,,,,,,,,,,
89,,,,,,,,None,,,Netherlands,,,,,100,20000,,,,,,25,,,,,,,,,,,,,,,
89,,,,,,,,None,,,Netherlands,,,,,100,20000,,,,,,25,,,,,,,,,,,,,,,
89,,,,,,,,None,,,Netherlands,,,,,100,20000,,,,,,25,,,,,,,,,,,,,,,
89,,,,,,,,None,,,Netherlands,,,,,100,20000,,,,,,25,,,,,,,,,,,,,,,
89,,,,,,,,None,,,Netherlands,,,,,100,20000,,,,,,25,,,,,,,,,,,,,,,
89,,,,,,,,None,,,Netherlands,,,,,100,20000,,,,,,25,,,,,,,,,,,,,,,
89,,,,,,,,None,,,Netherlands,,,,,100,20000,,,,,,25,,,,,,,,,,,,,,,
89,,,,,,,,None,,,Netherlands,,,,,100,20000,,,,,,25,,,,,,,,,,,,,,,
89,,,,,,,,None,,,Netherlands,,,,,100,20000,,,,,,25,,,,,,,,,,,,,,,
89,,,,,,,,None,,,Netherlands,,,,,100,20000,,,,,,25,,,,,,,,,,,,,,,
89,,,,,,,,None,,,Netherlands,,,,,100,20000,,,,,,25,,,,,,,,,,,,,,,
89,,,,,,,,None,,,Netherlands,,,,,100,20000,,,,,,25,,,,,,,,,,,,,,,
89,,,,,,,,None,,,Netherlands,,,,,100,20000,,,,,,25,,,,,,,,,,,,,,,
89,,,,,,,,None,,,Netherlands,,,,,100,20000,,,,,,25,,,,,,,,,,,,,,,
89,,,,,,,,None,,,Netherlands,,,,,100,20000,,,,,,25,,,,,,,,,,,,,,,
89,,,,,,,,None,,,Netherlands,,,,,100,20000,,,,,,25,,,,,,,,,,,,,,,
90,,,,,,,,None,,,New Zealand,,,,,100,20000,,,,,,25,,,,,,,,,,,,,,,
90,,,,,,,,None,,,New Zealand,,,,,100,20000,,,,,,25,,,,,,,,,,,,,,,
90,,,,,,,,None,,,New Zealand,,,,,100,20000,,,,,,25,,,,,,,,,,,,,,,
90,,,,,,,,None,,,New Zealand,,,,,100,20000,,,,,,25,,,,,,,,,,,,,,,
90,,,,,,,,None,,,New Zealand,,,,,100,20000,,,,,,25,,,,,,,,,,,,,,,
90,,,,,,,,None,,,New Zealand,,,,,100,20000,,,,,,25,,,,,,,,,,,,,,,
90,,,,,,,,None,,,New Zealand,,,,,100,20000,,,,,,25,,,,,,,,,,,,,,,
90,,,,,,,,None,,,New Zealand,,,,,100,20000,,,,,,25,,,,,,,,,,,,,,,
90,,,,,,,,None,,,New Zealand,,,,,100,20000,,,,,,25,,,,,,,,,,,,,,,
90,,,,,,,,None,,,New Zealand,,,,,100,20000,,,,,,25,,,,,,,,,,,,,,,
90,,,,,,,,None,,,New Zealand,,,,,100,20000,,,,,,25,,,,,,,,,,,,,,,
90,,,,,,,,None,,,New Zealand,,,,,100,20000,,,,,,25,,,,,,,,,,,,,,,
90,,,,,,,,None,,,New Zealand,,,,,100,20000,,,,,,25,,,,,,,,,,,,,,,
90,,,,,,,,None,,,New Zealand,,,,,100,20000,,,,,,25,,,,,,,,,,,,,,,
90,,,,,,,,None,,,New Zealand,,,,,100,20000,,,,,,25,,,,,,,,,,,,,,,
90,,,,,,,,None,,,New Zealand,,,,,100,20000,,,,,,25,,,,,,,,,,,,,,,
90,,,,,,,,None,,,New Zealand,,,,,100,20000,,,,,,25,,,,,,,,,,,,,,,
90,,,,,,,,None,,,New Zealand,,,,,100,20000,,,,,,25,,,,,,,,,,,,,,,
90,,,,,,,,None,,,New Zealand,,,,,100,20000,,,,,,25,,,,,,,,,,,,,,,
90,,,,,,,,None,,,New Zealand,,,,,100,20000,,,,,,25,,,,,,,,,,,,,,,
90,,,,,,,,None,,,New Zealand,,,,,100,20000,,,,,,25,,,,,,,,,,,,,,,
90,,,,,,,,None,,,New Zealand,,,,,100,20000,,,,,,25,,,,,,,,,,,,,,,
90,,,,,,,,None,,,New Zealand,,,,,100,20000,,,,,,25,,,,,,,,,,,,,,,
90,,,,,,,,None,,,New Zealand,,,,,100,20000,,,,,,25,,,,,,,,,,,,,,,
90,,,,,,,,None,,,New Zealand,,,,,100,20000,,,,,,25,,,,,,,,,,,,,,,
91,,,,,,,,None,,,Japan,,,,,100,20000,,,,,,25,,,,,,,,,,,,,,,
91,,,,,,,,None,,,Japan,,,,,100,20000,,,,,,25,,,,,,,,,,,,,,,
91,,,,,,,,None,,,Japan,,,,,100,20000,,,,,,25,,,,,,,,,,,,,,,
91,,,,,,,,None,,,Japan,,,,,100,20000,,,,,,25,,,,,,,,,,,,,,,
91,,,,,,,,None,,,Japan,,,,,100,20000,,,,,,25,,,,,,,,,,,,,,,
91,,,,,,,,None,,,Japan,,,,,100,20000,,,,,,25,,,,,,,,,,,,,,,
91,,,,,,,,None,,,Japan,,,,,100,20000,,,,,,25,,,,,,,,,,,,,,,
91,,,,,,,,None,,,Japan,,,,,100,20000,,,,,,25,,,,,,,,,,,,,,,
91,,,,,,,,None,,,Japan,,,,,100,20000,,,,,,25,,,,,,,,,,,,,,,
91,,,,,,,,None,,,Japan,,,,,100,20000,,,,,,25,,,,,,,,,,,,,,,
91,,,,,,,,None,,,Japan,,,,,100,20000,,,,,,25,,,,,,,,,,,,,,,
91,,,,,,,,None,,,Japan,,,,,100,20000,,,,,,25,,,,,,,,,,,,,,,
91,,,,,,,,None,,,Japan,,,,,100,20000,,,,,,25,,,,,,,,,,,,,,,
91,,,,,,,,None,,,Japan,,,,,100,20000,,,,,,25,,,,,,,,,,,,,,,
91,,,,,,,,None,,,Japan,,,,,100,20000,,,,,,25,,,,,,,,,,,,,,,
91,,,,,,,,None,,,Japan,,,,,100,20000,,,,,,25,,,,,,,,,,,,,,,
91,,,,,,,,None,,,Japan,,,,,100,20000,,,,,,25,,,,,,,,,,,,,,,
91,,,,,,,,None,,,Japan,,,,,100,20000,,,,,,25,,,,,,,,,,,,,,,
91,,,,,,,,None,,,Japan,,,,,100,20000,,,,,,25,,,,,,,,,,,,,,,
91,,,,,,,,None,,,Japan,,,,,100,20000,,,,,,25,,,,,,,,,,,,,,,
91,,,,,,,,None,,,Japan,,,,,100,20000,,,,,,25,,,,,,,,,,,,,,,
91,,,,,,,,None,,,Japan,,,,,100,20000,,,,,,25,,,,,,,,,,,,,,,
91,,,,,,,,None,,,Japan,,,,,100,20000,,,,,,25,,,,,,,,,,,,,,,
91,,,,,,,,None,,,Japan,,,,,100,20000,,,,,,25,,,,,,,,,,,,,,,
91,,,,,,,,None,,,Japan,,,,,100,20000,,,,,,25,,,,,,,,,,,,,,,
92,,,,,,,,None,,,India,,,,,100,20000,,,,,,25,,,,,,,,,,,,,,,
92,,,,,,,,None,,,India,,,,,100,20000,,,,,,25,,,,,,,,,,,,,,,
92,,,,,,,,None,,,India,,,,,100,20000,,,,,,25,,,,,,,,,,,,,,,
92,,,,,,,,None,,,India,,,,,100,20000,,,,,,25,,,,,,,,,,,,,,,
92,,,,,,,,None,,,India,,,,,100,20000,,,,,,25,,,,,,,,,,,,,,,
92,,,,,,,,None,,,India,,,,,100,20000,,,,,,25,,,,,,,,,,,,,,,
92,,,,,,,,None,,,India,,,,,100,20000,,,,,,25,,,,,,,,,,,,,,,
92,,,,,,,,None,,,India,,,,,100,20000,,,,,,25,,,,,,,,,,,,,,,
92,,,,,,,,None,,,India,,,,,100,20000,,,,,,25,,,,,,,,,,,,,,,
92,,,,,,,,None,,,India,,,,,100,20000,,,,,,25,,,,,,,,,,,,,,,
92,,,,,,,,None,,,India,,,,,100,20000,,,,,,25,,,,,,,,,,,,,,,
92,,,,,,,,None,,,India,,,,,100,20000,,,,,,25,,,,,,,,,,,,,,,
92,,,,,,,,None,,,India,,,,,100,20000,,,,,,25,,,,,,,,,,,,,,,
92,,,,,,,,None,,,India,,,,,100,20000,,,,,,25,,,,,,,,,,,,,,,
92,,,,,,,,None,,,India,,,,,100,20000,,,,,,25,,,,,,,,,,,,,,,
92,,,,,,,,None,,,India,,,,,100,20000,,,,,,25,,,,,,,,,,,,,,,
92,,,,,,,,None,,,India,,,,,100,20000,,,,,,25,,,,,,,,,,,,,,,
92,,,,,,,,None,,,India,,,,,100,20000,,,,,,25,,,,,,,,,,,,,,,
92,,,,,,,,None,,,India,,,,,100,20000,,,,,,25,,,,,,,,,,,,,,,
92,,,,,,,,None,,,India,,,,,100,20000,,,,,,25,,,,,,,,,,,,,,,
92,,,,,,,,None,,,India,,,,,100,20000,,,,,,25,,,,,,,,,,,,,,,
92,,,,,,,,None,,,India,,,,,100,20000,,,,,,25,,,,,,,,,,,,,,,
92,,,,,,,,None,,,India,,,,,100,20000,,,,,,25,,,,,,,,,,,,,,,
92,,,,,,,,None,,,India,,,,,100,20000,,,,,,25,,,,,,,,,,,,,,,
92,,,,,,,,None,,,India,,,,,100,20000,,,,,,25,,,,,,,,,,,,,,,
93,,,,,,,,None,,,Japan,,,,,100,20000,,,,,,25,,,,,,,,,,,,,,,
93,,,,,,,,None,,,Japan,,,,,100,20000,,,,,,25,,,,,,,,,,,,,,,
93,,,,,,,,None,,,Japan,,,,,100,20000,,,,,,25,,,,,,,,,,,,,,,
93,,,,,,,,None,,,Japan,,,,,100,20000,,,,,,25,,,,,,,,,,,,,,,
93,,,,,,,,None,,,Japan,,,,,100,20000,,,,,,25,,,,,,,,,,,,,,,
93,,,,,,,,None,,,Japan,,,,,100,20000,,,,,,25,,,,,,,,,,,,,,,
93,,,,,,,,None,,,Japan,,,,,100,20000,,,,,,25,,,,,,,,,,,,,,,
93,,,,,,,,None,,,Japan,,,,,100,20000,,,,,,25,,,,,,,,,,,,,,,
93,,,,,,,,None,,,Japan,,,,,100,20000,,,,,,25,,,,,,,,,,,,,,,
93,,,,,,,,None,,,Japan,,,,,100,20000,,,,,,25,,,,,,,,,,,,,,,
93,,,,,,,,None,,,Japan,,,,,100,20000,,,,,,25,,,,,,,,,,,,,,,
93,,,,,,,,None,,,Japan,,,,,100,20000,,,,,,25,,,,,,,,,,,,,,,
93,,,,,,,,None,,,Japan,,,,,100,20000,,,,,,25,,,,,,,,,,,,,,,
93,,,,,,,,None,,,Japan,,,,,100,20000,,,,,,25,,,,,,,,,,,,,,,
93,,,,,,,,None,,,Japan,,,,,100,20000,,,,,,25,,,,,,,,,,,,,,,
93,,,,,,,,None,,,Japan,,,,,100,20000,,,,,,25,,,,,,,,,,,,,,,
93,,,,,,,,None,,,Japan,,,,,100,20000,,,,,,25,,,,,,,,,,,,,,,
93,,,,,,,,None,,,Japan,,,,,100,20000,,,,,,25,,,,,,,,,,,,,,,
93,,,,,,,,None,,,Japan,,,,,100,20000,,,,,,25,,,,,,,,,,,,,,,
93,,,,,,,,None,,,Japan,,,,,100,20000,,,,,,25,,,,,,,,,,,,,,,
93,,,,,,,,None,,,Japan,,,,,100,20000,,,,,,25,,,,,,,,,,,,,,,
93,,,,,,,,None,,,Japan,,,,,100,20000,,,,,,25,,,,,,,,,,,,,,,
93,,,,,,,,None,,,Japan,,,,,100,20000,,,,,,25,,,,,,,,,,,,,,,
93,,,,,,,,None,,,Japan,,,,,100,20000,,,,,,25,,,,,,,,,,,,,,,
93,,,,,,,,None,,,Japan,,,,,100,20000,,,,,,25,,,,,,,,,,,,,,,
94,,,,,,,,None,,,India,,,,,100,20000,,,,,,25,,,,,,,,,,,,,,,
94,,,,,,,,None,,,India,,,,,100,20000,,,,,,25,,,,,,,,,,,,,,,
94,,,,,,,,None,,,India,,,,,100,20000,,,,,,25,,,,,,,,,,,,,,,
94,,,,,,,,None,,,India,,,,,100,20000,,,,,,25,,,,,,,,,,,,,,,
94,,,,,,,,None,,,India,,,,,100,20000,,,,,,25,,,,,,,,,,,,,,,
94,,,,,,,,None,,,India,,,,,100,20000,,,,,,25,,,,,,,,,,,,,,,
94,,,,,,,,None,,,India,,,,,100,20000,,,,,,25,,,,,,,,,,,,,,,
94,,,,,,,,None,,,India,,,,,100,20000,,,,,,25,,,,,,,,,,,,,,,
94,,,,,,,,None,,,India,,,,,100,20000,,,,,,25,,,,,,,,,,,,,,,
94,,,,,,,,None,,,India,,,,,100,20000,,,,,,25,,,,,,,,,,,,,,,
94,,,,,,,,None,,,India,,,,,100,20000,,,,,,25,,,,,,,,,,,,,,,
94,,,,,,,,None,,,India,,,,,100,20000,,,,,,25,,,,,,,,,,,,,,,
94,,,,,,,,None,,,India,,,,,100,20000,,,,,,25,,,,,,,,,,,,,,,
94,,,,,,,,None,,,India,,,,,100,20000,,,,,,25,,,,,,,,,,,,,,,
94,,,,,,,,None,,,India,,,,,100,20000,,,,,,25,,,,,,,,,,,,,,,
94,,,,,,,,None,,,India,,,,,100,20000,,,,,,25,,,,,,,,,,,,,,,
94,,,,,,,,None,,,India,,,,,100,20000,,,,,,25,,,,,,,,,,,,,,,
94,,,,,,,,None,,,India,,,,,100,20000,,,,,,25,,,,,,,,,,,,,,,
94,,,,,,,,None,,,India,,,,,100,20000,,,,,,25,,,,,,,,,,,,,,,
94,,,,,,,,None,,,India,,,,,100,20000,,,,,,25,,,,,,,,,,,,,,,
94,,,,,,,,None,,,India,,,,,100,20000,,,,,,25,,,,,,,,,,,,,,,
94,,,,,,,,None,,,India,,,,,100,20000,,,,,,25,,,,,,,,,,,,,,,
94,,,,,,,,None,,,India,,,,,100,20000,,,,,,25,,,,,,,,,,,,,,,
94,,,,,,,,None,,,India,,,,,100,20000,,,,,,25,,,,,,,,,,,,,,,
94,,,,,,,,None,,,India,,,,,100,20000,,,,,,25,,,,,,,,,,,,,,,
95,,,,,,,,None,,,Netherlands,,,,,100,20000,,,,,,25,,,,,,,,,,,,,,,
95,,,,,,,,None,,,Netherlands,,,,,100,20000,,,,,,25,,,,,,,,,,,,,,,
95,,,,,,,,None,,,Netherlands,,,,,100,20000,,,,,,25,,,,,,,,,,,,,,,
95,,,,,,,,None,,,Netherlands,,,,,100,20000,,,,,,25,,,,,,,,,,,,,,,
95,,,,,,,,None,,,Netherlands,,,,,100,20000,,,,,,25,,,,,,,,,,,,,,,
95,,,,,,,,None,,,Netherlands,,,,,100,20000,,,,,,25,,,,,,,,,,,,,,,
95,,,,,,,,None,,,Netherlands,,,,,100,20000,,,,,,25,,,,,,,,,,,,,,,
95,,,,,,,,None,,,Netherlands,,,,,100,20000,,,,,,25,,,,,,,,,,,,,,,
95,,,,,,,,None,,,Netherlands,,,,,100,20000,,,,,,25,,,,,,,,,,,,,,,
95,,,,,,,,None,,,Netherlands,,,,,100,20000,,,,,,25,,,,,,,,,,,,,,,
95,,,,,,,,None,,,Netherlands,,,,,100,20000,,,,,,25,,,,,,,,,,,,,,,
95,,,,,,,,None,,,Netherlands,,,,,100,20000,,,,,,25,,,,,,,,,,,,,,,
95,,,,,,,,None,,,Netherlands,,,,,100,20000,,,,,,25,,,,,,,,,,,,,,,
95,,,,,,,,None,,,Netherlands,,,,,100,20000,,,,,,25,,,,,,,,,,,,,,,
95,,,,,,,,None,,,Netherlands,,,,,100,20000,,,,,,25,,,,,,,,,,,,,,,
95,,,,,,,,None,,,Netherlands,,,,,100,20000,,,,,,25,,,,,,,,,,,,,,,
95,,,,,,,,None,,,Netherlands,,,,,100,20000,,,,,,25,,,,,,,,,,,,,,,
95,,,,,,,,None,,,Netherlands,,,,,100,20000,,,,,,25,,,,,,,,,,,,,,,
95,,,,,,,,None,,,Netherlands,,,,,100,20000,,,,,,25,,,,,,,,,,,,,,,
95,,,,,,,,None,,,Netherlands,,,,,100,20000,,,,,,25,,,,,,,,,,,,,,,
95,,,,,,,,None,,,Netherlands,,,,,100,20000,,,,,,25,,,,,,,,,,,,,,,
95,,,,,,,,None,,,Netherlands,,,,,100,20000,,,,,,25,,,,,,,,,,,,,,,
95,,,,,,,,None,,,Netherlands,,,,,100,20000,,,,,,25,,,,,,,,,,,,,,,
95,,,,,,,,None,,,Netherlands,,,,,100,20000,,,,,,25,,,,,,,,,,,,,,,
95,,,,,,,,None,,,Netherlands,,,,,100,20000,,,,,,25,,,,,,,,,,,,,,,
96,,,,,,,,None,,,Japan,,,,,100,20000,,,,,,25,,,,,,,,,,,,,,,
96,,,,,,,,None,,,Japan,,,,,100,20000,,,,,,25,,,,,,,,,,,,,,,
96,,,,,,,,None,,,Japan,,,,,100,20000,,,,,,25,,,,,,,,,,,,,,,
96,,,,,,,,None,,,Japan,,,,,100,20000,,,,,,25,,,,,,,,,,,,,,,
96,,,,,,,,None,,,Japan,,,,,100,20000,,,,,,25,,,,,,,,,,,,,,,
96,,,,,,,,None,,,Japan,,,,,100,20000,,,,,,25,,,,,,,,,,,,,,,
96,,,,,,,,None,,,Japan,,,,,100,20000,,,,,,25,,,,,,,,,,,,,,,
96,,,,,,,,None,,,Japan,,,,,100,20000,,,,,,25,,,,,,,,,,,,,,,
96,,,,,,,,None,,,Japan,,,,,100,20000,,,,,,25,,,,,,,,,,,,,,,
96,,,,,,,,None,,,Japan,,,,,100,20000,,,,,,25,,,,,,,,,,,,,,,
96,,,,,,,,None,,,Japan,,,,,100,20000,,,,,,25,,,,,,,,,,,,,,,
96,,,,,,,,None,,,Japan,,,,,100,20000,,,,,,25,,,,,,,,,,,,,,,
96,,,,,,,,None,,,Japan,,,,,100,20000,,,,,,25,,,,,,,,,,,,,,,
96,,,,,,,,None,,,Japan,,,,,100,20000,,,,,,25,,,,,,,,,,,,,,,
96,,,,,,,,None,,,Japan,,,,,100,20000,,,,,,25,,,,,,,,,,,,,,,
96,,,,,,,,None,,,Japan,,,,,100,20000,,,,,,25,,,,,,,,,,,,,,,
96,,,,,,,,None,,,Japan,,,,,100,20000,,,,,,25,,,,,,,,,,,,,,,
96,,,,,,,,None,,,Japan,,,,,100,20000,,,,,,25,,,,,,,,,,,,,,,
96,,,,,,,,None,,,Japan,,,,,100,20000,,,,,,25,,,,,,,,,,,,,,,
96,,,,,,,,None,,,Japan,,,,,100,20000,,,,,,25,,,,,,,,,,,,,,,
96,,,,,,,,None,,,Japan,,,,,100,20000,,,,,,25,,,,,,,,,,,,,,,
96,,,,,,,,None,,,Japan,,,,,100,20000,,,,,,25,,,,,,,,,,,,,,,
96,,,,,,,,None,,,Japan,,,,,100,20000,,,,,,25,,,,,,,,,,,,,,,
96,,,,,,,,None,,,Japan,,,,,100,20000,,,,,,25,,,,,,,,,,,,,,,
96,,,,,,,,None,,,Japan,,,,,100,20000,,,,,,25,,,,,,,,,,,,,,,
97,,,,,,,,None,,,Israel,,,,,100,20000,,,,,,25,,,,,,,,,,,,,,,
97,,,,,,,,None,,,Israel,,,,,100,20000,,,,,,25,,,,,,,,,,,,,,,
97,,,,,,,,None,,,Israel,,,,,100,20000,,,,,,25,,,,,,,,,,,,,,,
97,,,,,,,,None,,,Israel,,,,,100,20000,,,,,,25,,,,,,,,,,,,,,,
97,,,,,,,,None,,,Israel,,,,,100,20000,,,,,,25,,,,,,,,,,,,,,,
97,,,,,,,,None,,,Israel,,,,,100,20000,,,,,,25,,,,,,,,,,,,,,,
97,,,,,,,,None,,,Israel,,,,,100,20000,,,,,,25,,,,,,,,,,,,,,,
97,,,,,,,,None,,,Israel,,,,,100,20000,,,,,,25,,,,,,,,,,,,,,,
97,,,,,,,,None,,,Israel,,,,,100,20000,,,,,,25,,,,,,,,,,,,,,,
97,,,,,,,,None,,,Israel,,,,,100,20000,,,,,,25,,,,,,,,,,,,,,,
97,,,,,,,,None,,,Israel,,,,,100,20000,,,,,,25,,,,,,,,,,,,,,,
97,,,,,,,,None,,,Israel,,,,,100,20000,,,,,,25,,,,,,,,,,,,,,,
97,,,,,,,,None,,,Israel,,,,,100,20000,,,,,,25,,,,,,,,,,,,,,,
97,,,,,,,,None,,,Israel,,,,,100,20000,,,,,,25,,,,,,,,,,,,,,,
97,,,,,,,,None,,,Israel,,,,,100,20000,,,,,,25,,,,,,,,,,,,,,,
97,,,,,,,,None,,,Israel,,,,,100,20000,,,,,,25,,,,,,,,,,,,,,,
97,,,,,,,,None,,,Israel,,,,,100,20000,,,,,,25,,,,,,,,,,,,,,,
97,,,,,,,,None,,,Israel,,,,,100,20000,,,,,,25,,,,,,,,,,,,,,,
97,,,,,,,,None,,,Israel,,,,,100,20000,,,,,,25,,,,,,,,,,,,,,,
97,,,,,,,,None,,,Israel,,,,,100,20000,,,,,,25,,,,,,,,,,,,,,,
97,,,,,,,,None,,,Israel,,,,,100,20000,,,,,,25,,,,,,,,,,,,,,,
97,,,,,,,,None,,,Israel,,,,,100,20000,,,,,,25,,,,,,,,,,,,,,,
97,,,,,,,,None,,,Israel,,,,,100,20000,,,,,,25,,,,,,,,,,,,,,,
97,,,,,,,,None,,,Israel,,,,,100,20000,,,,,,25,,,,,,,,,,,,,,,
97,,,,,,,,None,,,Israel,,,,,100,20000,,,,,,25,,,,,,,,,,,,,,,
98,,,,,,,,None,,,Mexico,,,,,100,20000,,,,,,25,,,,,,,,,,,,,,,
98,,,,,,,,None,,,Mexico,,,,,100,20000,,,,,,25,,,,,,,,,,,,,,,
98,,,,,,,,None,,,Mexico,,,,,100,20000,,,,,,25,,,,,,,,,,,,,,,
98,,,,,,,,None,,,Mexico,,,,,100,20000,,,,,,25,,,,,,,,,,,,,,,
98,,,,,,,,None,,,Mexico,,,,,100,20000,,,,,,25,,,,,,,,,,,,,,,
98,,,,,,,,None,,,Mexico,,,,,100,20000,,,,,,25,,,,,,,,,,,,,,,
98,,,,,,,,None,,,Mexico,,,,,100,20000,,,,,,25,,,,,,,,,,,,,,,
98,,,,,,,,None,,,Mexico,,,,,100,20000,,,,,,25,,,,,,,,,,,,,,,
98,,,,,,,,None,,,Mexico,,,,,100,20000,,,,,,25,,,,,,,,,,,,,,,
98,,,,,,,,None,,,Mexico,,,,,100,20000,,,,,,25,,,,,,,,,,,,,,,
98,,,,,,,,None,,,Mexico,,,,,100,20000,,,,,,25,,,,,,,,,,,,,,,
98,,,,,,,,None,,,Mexico,,,,,100,20000,,,,,,25,,,,,,,,,,,,,,,
98,,,,,,,,None,,,Mexico,,,,,100,20000,,,,,,25,,,,,,,,,,,,,,,
98,,,,,,,,None,,,Mexico,,,,,100,20000,,,,,,25,,,,,,,,,,,,,,,
98,,,,,,,,None,,,Mexico,,,,,100,20000,,,,,,25,,,,,,,,,,,,,,,
98,,,,,,,,None,,,Mexico,,,,,100,20000,,,,,,25,,,,,,,,,,,,,,,
98,,,,,,,,None,,,Mexico,,,,,100,20000,,,,,,25,,,,,,,,,,,,,,,
98,,,,,,,,None,,,Mexico,,,,,100,20000,,,,,,25,,,,,,,,,,,,,,,
98,,,,,,,,None,,,Mexico,,,,,100,20000,,,,,,25,,,,,,,,,,,,,,,
98,,,,,,,,None,,,Mexico,,,,,100,20000,,,,,,25,,,,,,,,,,,,,,,
98,,,,,,,,None,,,Mexico,,,,,100,20000,,,,,,25,,,,,,,,,,,,,,,
98,,,,,,,,None,,,Mexico,,,,,100,20000,,,,,,25,,,,,,,,,,,,,,,
98,,,,,,,,None,,,Mexico,,,,,100,20000,,,,,,25,,,,,,,,,,,,,,,
98,,,,,,,,None,,,Mexico,,,,,100,20000,,,,,,25,,,,,,,,,,,,,,,
98,,,,,,,,None,,,Mexico,,,,,100,20000,,,,,,25,,,,,,,,,,,,,,,
99,,,,,,,,None,,,Mexico,,,,,100,20000,,,,,,25,,,,,,,,,,,,,,,
99,,,,,,,,None,,,Mexico,,,,,100,20000,,,,,,25,,,,,,,,,,,,,,,
99,,,,,,,,None,,,Mexico,,,,,100,20000,,,,,,25,,,,,,,,,,,,,,,
99,,,,,,,,None,,,Mexico,,,,,100,20000,,,,,,25,,,,,,,,,,,,,,,
99,,,,,,,,None,,,Mexico,,,,,100,20000,,,,,,25,,,,,,,,,,,,,,,
99,,,,,,,,None,,,Mexico,,,,,100,20000,,,,,,25,,,,,,,,,,,,,,,
99,,,,,,,,None,,,Mexico,,,,,100,20000,,,,,,25,,,,,,,,,,,,,,,
99,,,,,,,,None,,,Mexico,,,,,100,20000,,,,,,25,,,,,,,,,,,,,,,
99,,,,,,,,None,,,Mexico,,,,,100,20000,,,,,,25,,,,,,,,,,,,,,,
99,,,,,,,,None,,,Mexico,,,,,100,20000,,,,,,25,,,,,,,,,,,,,,,
99,,,,,,,,None,,,Mexico,,,,,100,20000,,,,,,25,,,,,,,,,,,,,,,
99,,,,,,,,None,,,Mexico,,,,,100,20000,,,,,,25,,,,,,,,,,,,,,,
99,,,,,,,,None,,,Mexico,,,,,100,20000,,,,,,25,,,,,,,,,,,,,,,
99,,,,,,,,None,,,Mexico,,,,,100,20000,,,,,,25,,,,,,,,,,,,,,,
99,,,,,,,,None,,,Mexico,,,,,100,20000,,,,,,25,,,,,,,,,,,,,,,
99,,,,,,,,None,,,Mexico,,,,,100,20000,,,,,,25,,,,,,,,,,,,,,,
99,,,,,,,,None,,,Mexico,,,,,100,20000,,,,,,25,,,,,,,,,,,,,,,
99,,,,,,,,None,,,Mexico,,,,,100,20000,,,,,,25,,,,,,,,,,,,,,,
99,,,,,,,,None,,,Mexico,,,,,100,20000,,,,,,25,,,,,,,,,,,,,,,
99,,,,,,,,None,,,Mexico,,,,,100,20000,,,,,,25,,,,,,,,,,,,,,,
99,,,,,,,,None,,,Mexico,,,,,100,20000,,,,,,25,,,,,,,,,,,,,,,
99,,,,,,,,None,,,Mexico,,,,,100,20000,,,,,,25,,,,,,,,,,,,,,,
99,,,,,,,,None,,,Mexico,,,,,100,20000,,,,,,25,,,,,,,,,,,,,,,
99,,,,,,,,None,,,Mexico,,,,,100,20000,,,,,,25,,,,,,,,,,,,,,,
99,,,,,,,,None,,,Mexico,,,,,100,20000,,,,,,25,,,,,,,,,,,,,,,
100,,,,,,,,None,,,Mexico,,,,,100,20000,,,,,,25,,,,,,,,,,,,,,,
100,,,,,,,,None,,,Mexico,,,,,100,20000,,,,,,25,,,,,,,,,,,,,,,
100,,,,,,,,None,,,Mexico,,,,,100,20000,,,,,,25,,,,,,,,,,,,,,,
100,,,,,,,,None,,,Mexico,,,,,100,20000,,,,,,25,,,,,,,,,,,,,,,
100,,,,,,,,None,,,Mexico,,,,,100,20000,,,,,,25,,,,,,,,,,,,,,,
100,,,,,,,,None,,,Mexico,,,,,100,20000,,,,,,25,,,,,,,,,,,,,,,
100,,,,,,,,None,,,Mexico,,,,,100,20000,,,,,,25,,,,,,,,,,,,,,,
100,,,,,,,,None,,,Mexico,,,,,100,20000,,,,,,25,,,,,,,,,,,,,,,
100,,,,,,,,None,,,Mexico,,,,,100,20000,,,,,,25,,,,,,,,,,,,,,,
100,,,,,,,,None,,,Mexico,,,,,100,20000,,,,,,25,,,,,,,,,,,,,,,
100,,,,,,,,None,,,Mexico,,,,,100,20000,,,,,,25,,,,,,,,,,,,,,,
100,,,,,,,,None,,,Mexico,,,,,100,20000,,,,,,25,,,,,,,,,,,,,,,
100,,,,,,,,None,,,Mexico,,,,,100,20000,,,,,,25,,,,,,,,,,,,,,,
100,,,,,,,,None,,,Mexico,,,,,100,20000,,,,,,25,,,,,,,,,,,,,,,
100,,,,,,,,None,,,Mexico,,,,,100,20000,,,,,,25,,,,,,,,,,,,,,,
100,,,,,,,,None,,,Mexico,,,,,100,20000,,,,,,25,,,,,,,,,,,,,,,
100,,,,,,,,None,,,Mexico,,,,,100,20000,,,,,,25,,,,,,,,,,,,,,,
100,,,,,,,,None,,,Mexico,,,,,100,20000,,,,,,25,,,,,,,,,,,,,,,
100,,,,,,,,None,,,Mexico,,,,,100,20000,,,,,,25,,,,,,,,,,,,,,,
100,,,,,,,,None,,,Mexico,,,,,100,20000,,,,,,25,,,,,,,,,,,,,,,
100,,,,,,,,None,,,Mexico,,,,,100,20000,,,,,,25,,,,,,,,,,,,,,,
100,,,,,,,,None,,,Mexico,,,,,100,20000,,,,,,25,,,,,,,,,,,,,,,
100,,,,,,,,None,,,Mexico,,,,,100,20000,,,,,,25,,,,,,,,,,,,,,,
100,,,,,,,,None,,,Mexico,,,,,100,20000,,,,,,25,,,,,,,,,,,,,,,
100,,,,,,,,None,,,Mexico,,,,,100,20000,,,,,,25,,,,,,,,,,,,,,,
