comm_ID,INSPECTION_ID,REF_COMMODITY_ID,CERTIFIED_FACILITY_NAME,CERTIFIED_FACILITY_NUMBER,COMMODITY_CLASSIFICATION,COMMODITY_COMMON_NAME,COMMODITY_DISPLAY_NAME,COMMODITY_TAXONOMIC_DISPLAY_NAME,COMMODITY_HOST_TYPE,COMMODITY_TYPE,COUNTRY_OF_ORIGIN_NAME,CONSIGNEE_NAME,DESTINATION_STATE_NAME,DISPOSITION_CODE,GENUS_NAME,ENTRY_NUMBER,ENTRY_LINE_NUMBER,PGA_LINE_NUMBER,PRODUCER_ID,PRODUCER_NAME,PROPAGATIVE_MATERIAL_TYPE,QUANTITY,QUANTITY_UNITS_NAME,WADS_CODE,SAMPLING_UNITS,IS_RBS,RBS_STATUS,GROWING_MEDIA_PRESENCE,CREATED_DATETIME,INSPECTION_DATETIME,BROKER_NAME,CATEGORY,SUBCATEGORY,IMPORTER_NAME,INSPECTION_LOCATION_NAME,INSPECTION_LOCATION_ID,INSPECTION_NUMBER,PATHWAY_ID,PATHWAY,SHIPPER_NAME,INSPECTION_LOCATION_STATE_CODE,DOCUMENT_REVIEW_OVERTIME_ID,DOCUMENT_REVIEW_OVERTIME_NAME,INSPECTION_RESULTS_OVERTIME_ID,INSPECTION_RESULTS_OVERTIME_NAME,TAXONOMY_ORDER,TAXONOMY_FAMILY,TAXONOMY_GENUS,TAXONOMY_SPECIES,TAXONOMY_SUBSPECIES,MODE_OF_TRANSPORT,inspection,shipment,action,HOST_PROXIMITY_ID,HOST_PROXIMITY,year,month,TOTAL_SAMPLING_UNITS (rbs calc data),REQUIRED_NUMBER_OF_BOXES (rbs calc data)
,1,,,,,Actinidia,,,,,Tanzania,,,,,,,,,,,20000,,,,1,,,,,,,,,,,,,None,,,,,,,,,,,,,,,0,,,2020,1,100,25
,1,,,,,Actinidia,,,,,Tanzania,,,,,,,,,,,20000,,,,1,,,,,,,,,,,,,None,,,,,,,,,,,,,,,0,,,2020,1,100,25
,1,,,,,Actinidia,,,,,Tanzania,,,,,,,,,,,20000,,,,1,,,,,,,,,,,,,None,,,,,,,,,,,,,,,0,,,2020,1,100,25
,1,,,,,Actinidia,,,,,Tanzania,,,,,,,,,,,20000,,,,1,,,,,,,,,,,,,None,,,,,,,,,,,,,,,0,,,2020,1,100,25
,1,,,,,Actinidia,,,,,Tanzania,,,,,,,,,,,20000,,,,1,,,,,,,,,,,,,None,,,,,,,,,,,,,,,0,,,2020,1,100,25
,1,,,,,Actinidia,,,,,Tanzania,,,,,,,,,,,20000,,,,1,,,,,,,,,,,,,None,,,,,,,,,,,,,,,0,,,2020,1,100,25
,1,,,,,Actinidia,,,,,Tanzania,,,,,,,,,,,20000,,,,1,,,,,,,,,,,,,None,,,,,,,,,,,,,,,0,,,2020,1,100,25
,1,,,,,Actinidia,,,,,Tanzania,,,,,,,,,,,20000,,,,1,,,,,,,,,,,,,None,,,,,,,,,,,,,,,0,,,2020,1,100,25
,1,,,,,Actinidia,,,,,Tanzania,,,,,,,,,,,20000,,,,1,,,,,,,,,,,,,None,,,,,,,,,,,,,,,0,,,2020,1,100,25
,1,,,,,Actinidia,,,,,Tanzania,,,,,,,,,,,20000,,,,1,,,,,,,,,,,,,None,,,,,,,,,,,,,,,0,,,2020,1,100,25
,1,,,,,Actinidia,,,,,Tanzania,,,,,,,,,,,20000,,,,1,,,,,,,,,,,,,None,,,,,,,,,,,,,,,0,,,2020,1,100,25
,1,,,,,Actinidia,,,,,Tanzania,,,,,,,,,,,20000,,,,1,,,,,,,,,,,,,None,,,,,,,,,,,,,,,0,,,2020,1,100,25
,1,,,,,Actinidia,,,,,Tanzania,,,,,,,,,,,20000,,,,1,,,,,,,,,,,,,None,,,,,,,,,,,,,,,0,,,2020,1,100,25
,1,,,,,Actinidia,,,,,Tanzania,,,,,,,,,,,20000,,,,1,,,,,,,,,,,,,None,,,,,,,,,,,,,,,0,,,2020,1,100,25
,1,,,,,Actinidia,,,,,Tanzania,,,,,,,,,,,20000,,,,1,,,,,,,,,,,,,None,,,,,,,,,,,,,,,0,,,2020,1,100,25
,1,,,,,Actinidia,,,,,Tanzania,,,,,,,,,,,20000,,,,1,,,,,,,,,,,,,None,,,,,,,,,,,,,,,0,,,2020,1,100,25
,1,,,,,Actinidia,,,,,Tanzania,,,,,,,,,,,20000,,,,1,,,,,,,,,,,,,None,,,,,,,,,,,,,,,0,,,2020,1,100,25
,1,,,,,Actinidia,,,,,Tanzania,,,,,,,,,,,20000,,,,1,,,,,,,,,,,,,None,,,,,,,,,,,,,,,0,,,2020,1,100,25
,1,,,,,Actinidia,,,,,Tanzania,,,,,,,,,,,20000,,,,1,,,,,,,,,,,,,None,,,,,,,,,,,,,,,0,,,2020,1,100,25
,1,,,,,Actinidia,,,,,Tanzania,,,,,,,,,,,20000,,,,1,,,,,,,,,,,,,None,,,,,,,,,,,,,,,0,,,2020,1,100,25
,1,,,,,Actinidia,,,,,Tanzania,,,,,,,,,,,20000,,,,1,,,,,,,,,,,,,None,,,,,,,,,,,,,,,0,,,2020,1,100,25
,1,,,,,Actinidia,,,,,Tanzania,,,,,,,,,,,20000,,,,1,,,,,,,,,,,,,None,,,,,,,,,,,,,,,0,,,2020,1,100,25
,1,,,,,Actinidia,,,,,Tanzania,,,,,,,,,,,20000,,,,1,,,,,,,,,,,,,None,,,,,,,,,,,,,,,0,,,2020,1,100,25
,1,,,,,Actinidia,,,,,Tanzania,,,,,,,,,,,20000,,,,1,,,,,,,,,,,,,None,,,,,,,,,,,,,,,0,,,2020,1,100,25
,1,,,,,Actinidia,,,,,Tanzania,,,,,,,,,,,20000,,,,1,,,,,,,,,,,,,None,,,,,,,,,,,,,,,0,,,2020,1,100,25
,2,,,,,Liatris,,,,,India,,,,,,,,,,,20000,,,,1,,,,,,,,,,,,,None,,,,,,,,,,,,,,,0,,,2020,1,100,25
,2,,,,,Liatris,,,,,India,,,,,,,,,,,20000,,,,1,,,,,,,,,,,,,None,,,,,,,,,,,,,,,0,,,2020,1,100,25
,2,,,,,Liatris,,,,,India,,,,,,,,,,,20000,,,,1,,,,,,,,,,,,,None,,,,,,,,,,,,,,,0,,,2020,1,100,25
,2,,,,,Liatris,,,,,India,,,,,,,,,,,20000,,,,1,,,,,,,,,,,,,None,,,,,,,,,,,,,,,0,,,2020,1,100,25
,2,,,,,Liatris,,,,,India,,,,,,,,,,,20000,,,,1,,,,,,,,,,,,,None,,,,,,,,,,,,,,,0,,,2020,1,100,25
,2,,,,,Liatris,,,,,India,,,,,,,,,,,20000,,,,1,,,,,,,,,,,,,None,,,,,,,,,,,,,,,0,,,2020,1,100,25
,2,,,,,Liatris,,,,,India,,,,,,,,,,,20000,,,,1,,,,,,,,,,,,,None,,,,,,,,,,,,,,,0,,,2020,1,100,25
,2,,,,,Liatris,,,,,India,,,,,,,,,,,20000,,,,1,,,,,,,,,,,,,None,,,,,,,,,,,,,,,0,,,2020,1,100,25
,2,,,,,Liatris,,,,,India,,,,,,,,,,,20000,,,,1,,,,,,,,,,,,,None,,,,,,,,,,,,,,,0,,,2020,1,100,25
,2,,,,,Liatris,,,,,India,,,,,,,,,,,20000,,,,1,,,,,,,,,,,,,None,,,,,,,,,,,,,,,0,,,2020,1,100,25
,2,,,,,Liatris,,,,,India,,,,,,,,,,,20000,,,,1,,,,,,,,,,,,,None,,,,,,,,,,,,,,,0,,,2020,1,100,25
,2,,,,,Liatris,,,,,India,,,,,,,,,,,20000,,,,1,,,,,,,,,,,,,None,,,,,,,,,,,,,,,0,,,2020,1,100,25
,2,,,,,Liatris,,,,,India,,,,,,,,,,,20000,,,,1,,,,,,,,,,,,,None,,,,,,,,,,,,,,,0,,,2020,1,100,25
,2,,,,,Liatris,,,,,India,,,,,,,,,,,20000,,,,1,,,,,,,,,,,,,None,,,,,,,,,,,,,,,0,,,2020,1,100,25
,2,,,,,Liatris,,,,,India,,,,,,,,,,,20000,,,,1,,,,,,,,,,,,,None,,,,,,,,,,,,,,,0,,,2020,1,100,25
,2,,,,,Liatris,,,,,India,,,,,,,,,,,20000,,,,1,,,,,,,,,,,,,None,,,,,,,,,,,,,,,0,,,2020,1,100,25
,2,,,,,Liatris,,,,,India,,,,,,,,,,,20000,,,,1,,,,,,,,,,,,,None,,,,,,,,,,,,,,,0,,,2020,1,100,25
,2,,,,,Liatris,,,,,India,,,,,,,,,,,20000,,,,1,,,,,,,,,,,,,None,,,,,,,,,,,,,,,0,,,2020,1,100,25
,2,,,,,Liatris,,,,,India,,,,,,,,,,,20000,,,,1,,,,,,,,,,,,,None,,,,,,,,,,,,,,,0,,,2020,1,100,25
,2,,,,,Liatris,,,,,India,,,,,,,,,,,20000,,,,1,,,,,,,,,,,,,None,,,,,,,,,,,,,,,0,,,2020,1,100,25
,2,,,,,Liatris,,,,,India,,,,,,,,,,,20000,,,,1,,,,,,,,,,,,,None,,,,,,,,,,,,,,,0,,,2020,1,100,25
,2,,,,,Liatris,,,,,India,,,,,,,,,,,20000,,,,1,,,,,,,,,,,,,None,,,,,,,,,,,,,,,0,,,2020,1,100,25
,2,,,,,Liatris,,,,,India,,,,,,,,,,,20000,,,,1,,,,,,,,,,,,,None,,,,,,,,,,,,,,,0,,,2020,1,100,25
,2,,,,,Liatris,,,,,India,,,,,,,,,,,20000,,,,1,,,,,,,,,,,,,None,,,,,,,,,,,,,,,0,,,2020,1,100,25
,2,,,,,Liatris,,,,,India,,,,,,,,,,,20000,,,,1,,,,,,,,,,,,,None,,,,,,,,,,,,,,,0,,,2020,1,100,25
,3,,,,,Agapanthus,,,,,Israel,,,,,,,,,,,20000,,,,1,,,,,,,,,,,,,None,,,,,,,,,,,,,,,0,,,2020,1,100,25
,3,,,,,Agapanthus,,,,,Israel,,,,,,,,,,,20000,,,,1,,,,,,,,,,,,,None,,,,,,,,,,,,,,,0,,,2020,1,100,25
,3,,,,,Agapanthus,,,,,Israel,,,,,,,,,,,20000,,,,1,,,,,,,,,,,,,None,,,,,,,,,,,,,,,0,,,2020,1,100,25
,3,,,,,Agapanthus,,,,,Israel,,,,,,,,,,,20000,,,,1,,,,,,,,,,,,,None,,,,,,,,,,,,,,,0,,,2020,1,100,25
,3,,,,,Agapanthus,,,,,Israel,,,,,,,,,,,20000,,,,1,,,,,,,,,,,,,None,,,,,,,,,,,,,,,0,,,2020,1,100,25
,3,,,,,Agapanthus,,,,,Israel,,,,,,,,,,,20000,,,,1,,,,,,,,,,,,,None,,,,,,,,,,,,,,,0,,,2020,1,100,25
,3,,,,,Agapanthus,,,,,Israel,,,,,,,,,,,20000,,,,1,,,,,,,,,,,,,None,,,,,,,,,,,,,,,0,,,2020,1,100,25
,3,,,,,Agapanthus,,,,,Israel,,,,,,,,,,,20000,,,,1,,,,,,,,,,,,,None,,,,,,,,,,,,,,,0,,,2020,1,100,25
,3,,,,,Agapanthus,,,,,Israel,,,,,,,,,,,20000,,,,1,,,,,,,,,,,,,None,,,,,,,,,,,,,,,0,,,2020,1,100,25
,3,,,,,Agapanthus,,,,,Israel,,,,,,,,,,,20000,,,,1,,,,,,,,,,,,,None,,,,,,,,,,,,,,,0,,,2020,1,100,25
,3,,,,,Agapanthus,,,,,Israel,,,,,,,,,,,20000,,,,1,,,,,,,,,,,,,None,,,,,,,,,,,,,,,0,,,2020,1,100,25
,3,,,,,Agapanthus,,,,,Israel,,,,,,,,,,,20000,,,,1,,,,,,,,,,,,,None,,,,,,,,,,,,,,,0,,,2020,1,100,25
,3,,,,,Agapanthus,,,,,Israel,,,,,,,,,,,20000,,,,1,,,,,,,,,,,,,None,,,,,,,,,,,,,,,0,,,2020,1,100,25
,3,,,,,Agapanthus,,,,,Israel,,,,,,,,,,,20000,,,,1,,,,,,,,,,,,,None,,,,,,,,,,,,,,,0,,,2020,1,100,25
,3,,,,,Agapanthus,,,,,Israel,,,,,,,,,,,20000,,,,1,,,,,,,,,,,,,None,,,,,,,,,,,,,,,0,,,2020,1,100,25
,3,,,,,Agapanthus,,,,,Israel,,,,,,,,,,,20000,,,,1,,,,,,,,,,,,,None,,,,,,,,,,,,,,,0,,,2020,1,100,25
,3,,,,,Agapanthus,,,,,Israel,,,,,,,,,,,20000,,,,1,,,,,,,,,,,,,None,,,,,,,,,,,,,,,0,,,2020,1,100,25
,3,,,,,Agapanthus,,,,,Israel,,,,,,,,,,,20000,,,,1,,,,,,,,,,,,,None,,,,,,,,,,,,,,,0,,,2020,1,100,25
,3,,,,,Agapanthus,,,,,Israel,,,,,,,,,,,20000,,,,1,,,,,,,,,,,,,None,,,,,,,,,,,,,,,0,,,2020,1,100,25
,3,,,,,Agapanthus,,,,,Israel,,,,,,,,,,,20000,,,,1,,,,,,,,,,,,,None,,,,,,,,,,,,,,,0,,,2020,1,100,25
,3,,,,,Agapanthus,,,,,Israel,,,,,,,,,,,20000,,,,1,,,,,,,,,,,,,None,,,,,,,,,,,,,,,0,,,2020,1,100,25
,3,,,,,Agapanthus,,,,,Israel,,,,,,,,,,,20000,,,,1,,,,,,,,,,,,,None,,,,,,,,,,,,,,,0,,,2020,1,100,25
,3,,,,,Agapanthus,,,,,Israel,,,,,,,,,,,20000,,,,1,,,,,,,,,,,,,None,,,,,,,,,,,,,,,0,,,2020,1,100,25
,3,,,,,Agapanthus,,,,,Israel,,,,,,,,,,,20000,,,,1,,,,,,,,,,,,,None,,,,,,,,,,,,,,,0,,,2020,1,100,25
,3,,,,,Agapanthus,,,,,Israel,,,,,,,,,,,20000,,,,1,,,,,,,,,,,,,None,,,,,,,,,,,,,,,0,,,2020,1,100,25
,4,,,,,Hyacinthus,,,,,Israel,,,,,,,,,,,20000,,,,1,,,,,,,,,,,,,None,,,,,,,,,,,,,,,0,,,2020,1,100,25
,4,,,,,Hyacinthus,,,,,Israel,,,,,,,,,,,20000,,,,1,,,,,,,,,,,,,None,,,,,,,,,,,,,,,0,,,2020,1,100,25
,4,,,,,Hyacinthus,,,,,Israel,,,,,,,,,,,20000,,,,1,,,,,,,,,,,,,None,,,,,,,,,,,,,,,0,,,2020,1,100,25
,4,,,,,Hyacinthus,,,,,Israel,,,,,,,,,,,20000,,,,1,,,,,,,,,,,,,None,,,,,,,,,,,,,,,0,,,2020,1,100,25
,4,,,,,Hyacinthus,,,,,Israel,,,,,,,,,,,20000,,,,1,,,,,,,,,,,,,None,,,,,,,,,,,,,,,0,,,2020,1,100,25
,4,,,,,Hyacinthus,,,,,Israel,,,,,,,,,,,20000,,,,1,,,,,,,,,,,,,None,,,,,,,,,,,,,,,0,,,2020,1,100,25
,4,,,,,Hyacinthus,,,,,Israel,,,,,,,,,,,20000,,,,1,,,,,,,,,,,,,None,,,,,,,,,,,,,,,0,,,2020,1,100,25
,4,,,,,Hyacinthus,,,,,Israel,,,,,,,,,,,20000,,,,1,,,,,,,,,,,,,None,,,,,,,,,,,,,,,0,,,2020,1,100,25
,4,,,,,Hyacinthus,,,,,Israel,,,,,,,,,,,20000,,,,1,,,,,,,,,,,,,None,,,,,,,,,,,,,,,0,,,2020,1,100,25
,4,,,,,Hyacinthus,,,,,Israel,,,,,,,,,,,20000,,,,1,,,,,,,,,,,,,None,,,,,,,,,,,,,,,0,,,2020,1,100,25
,4,,,,,Hyacinthus,,,,,Israel,,,,,,,,,,,20000,,,,1,,,,,,,,,,,,,None,,,,,,,,,,,,,,,0,,,2020,1,100,25
,4,,,,,Hyacinthus,,,,,Israel,,,,,,,,,,,20000,,,,1,,,,,,,,,,,,,None,,,,,,,,,,,,,,,0,,,2020,1,100,25
,4,,,,,Hyacinthus,,,,,Israel,,,,,,,,,,,20000,,,,1,,,,,,,,,,,,,None,,,,,,,,,,,,,,,0,,,2020,1,100,25
,4,,,,,Hyacinthus,,,,,Israel,,,,,,,,,,,20000,,,,1,,,,,,,,,,,,,None,,,,,,,,,,,,,,,0,,,2020,1,100,25
,4,,,,,Hyacinthus,,,,,Israel,,,,,,,,,,,20000,,,,1,,,,,,,,,,,,,None,,,,,,,,,,,,,,,0,,,2020,1,100,25
,4,,,,,Hyacinthus,,,,,Israel,,,,,,,,,,,20000,,,,1,,,,,,,,,,,,,None,,,,,,,,,,,,,,,0,,,2020,1,100,25
,4,,,,,Hyacinthus,,,,,Israel,,,,,,,,,,,20000,,,,1,,,,,,,,,,,,,None,,,,,,,,,,,,,,,0,,,2020,1,100,25
,4,,,,,Hyacinthus,,,,,Israel,,,,,,,,,,,20000,,,,1,,,,,,,,,,,,,None,,,,,,,,,,,,,,,0,,,2020,1,100,25
,4,,,,,Hyacinthus,,,,,Israel,,,,,,,,,,,20000,,,,1,,,,,,,,,,,,,None,,,,,,,,,,,,,,,0,,,2020,1,100,25
,4,,,,,Hyacinthus,,,,,Israel,,,,,,,,,,,20000,,,,1,,,,,,,,,,,,,None,,,,,,,,,,,,,,,0,,,2020,1,100,25
,4,,,,,Hyacinthus,,,,,Israel,,,,,,,,,,,20000,,,,1,,,,,,,,,,,,,None,,,,,,,,,,,,,,,0,,,2020,1,100,25
,4,,,,,Hyacinthus,,,,,Israel,,,,,,,,,,,20000,,,,1,,,,,,,,,,,,,None,,,,,,,,,,,,,,,0,,,2020,1,100,25
,4,,,,,Hyacinthus,,,,,Israel,,,,,,,,,,,20000,,,,1,,,,,,,,,,,,,None,,,,,,,,,,,,,,,0,,,2020,1,100,25
,4,,,,,Hyacinthus,,,,,Israel,,,,,,,,,,,20000,,,,1,,,,,,,,,,,,,None,,,,,,,,,,,,,,,0,,,2020,1,100,25
,4,,,,,Hyacinthus,,,,,Israel,,,,,,,,,,,20000,,,,1,,,,,,,,,,,,,None,,,,,,,,,,,,,,,0,,,2020,1,100,25
,5,,,,,Liatris,,,,,Netherlands,,,,,,,,,,,20000,,,,1,,,,,,,,,,,,,None,,,,,,,,,,,,,,,0,,,2020,1,100,25
,5,,,,,Liatris,,,,,Netherlands,,,,,,,,,,,20000,,,,1,,,,,,,,,,,,,None,,,,,,,,,,,,,,,0,,,2020,1,100,25
,5,,,,,Liatris,,,,,Netherlands,,,,,,,,,,,20000,,,,1,,,,,,,,,,,,,None,,,,,,,,,,,,,,,0,,,2020,1,100,25
,5,,,,,Liatris,,,,,Netherlands,,,,,,,,,,,20000,,,,1,,,,,,,,,,,,,None,,,,,,,,,,,,,,,0,,,2020,1,100,25
,5,,,,,Liatris,,,,,Netherlands,,,,,,,,,,,20000,,,,1,,,,,,,,,,,,,None,,,,,,,,,,,,,,,0,,,2020,1,100,25
,5,,,,,Liatris,,,,,Netherlands,,,,,,,,,,,20000,,,,1,,,,,,,,,,,,,None,,,,,,,,,,,,,,,0,,,2020,1,100,25
,5,,,,,Liatris,,,,,Netherlands,,,,,,,,,,,20000,,,,1,,,,,,,,,,,,,None,,,,,,,,,,,,,,,0,,,2020,1,100,25
,5,,,,,Liatris,,,,,Netherlands,,,,,,,,,,,20000,,,,1,,,,,,,,,,,,,None,,,,,,,,,,,,,,,0,,,2020,1,100,25
,5,,,,,Liatris,,,,,Netherlands,,,,,,,,,,,20000,,,,1,,,,,,,,,,,,,None,,,,,,,,,,,,,,,0,,,2020,1,100,25
,5,,,,,Liatris,,,,,Netherlands,,,,,,,,,,,20000,,,,1,,,,,,,,,,,,,None,,,,,,,,,,,,,,,0,,,2020,1,100,25
,5,,,,,Liatris,,,,,Netherlands,,,,,,,,,,,20000,,,,1,,,,,,,,,,,,,None,,,,,,,,,,,,,,,0,,,2020,1,100,25
,5,,,,,Liatris,,,,,Netherlands,,,,,,,,,,,20000,,,,1,,,,,,,,,,,,,None,,,,,,,,,,,,,,,0,,,2020,1,100,25
,5,,,,,Liatris,,,,,Netherlands,,,,,,,,,,,20000,,,,1,,,,,,,,,,,,,None,,,,,,,,,,,,,,,0,,,2020,1,100,25
,5,,,,,Liatris,,,,,Netherlands,,,,,,,,,,,20000,,,,1,,,,,,,,,,,,,None,,,,,,,,,,,,,,,0,,,2020,1,100,25
,5,,,,,Liatris,,,,,Netherlands,,,,,,,,,,,20000,,,,1,,,,,,,,,,,,,None,,,,,,,,,,,,,,,0,,,2020,1,100,25
,5,,,,,Liatris,,,,,Netherlands,,,,,,,,,,,20000,,,,1,,,,,,,,,,,,,None,,,,,,,,,,,,,,,0,,,2020,1,100,25
,5,,,,,Liatris,,,,,Netherlands,,,,,,,,,,,20000,,,,1,,,,,,,,,,,,,None,,,,,,,,,,,,,,,0,,,2020,1,100,25
,5,,,,,Liatris,,,,,Netherlands,,,,,,,,,,,20000,,,,1,,,,,,,,,,,,,None,,,,,,,,,,,,,,,0,,,2020,1,100,25
,5,,,,,Liatris,,,,,Netherlands,,,,,,,,,,,20000,,,,1,,,,,,,,,,,,,None,,,,,,,,,,,,,,,0,,,2020,1,100,25
,5,,,,,Liatris,,,,,Netherlands,,,,,,,,,,,20000,,,,1,,,,,,,,,,,,,None,,,,,,,,,,,,,,,0,,,2020,1,100,25
,5,,,,,Liatris,,,,,Netherlands,,,,,,,,,,,20000,,,,1,,,,,,,,,,,,,None,,,,,,,,,,,,,,,0,,,2020,1,100,25
,5,,,,,Liatris,,,,,Netherlands,,,,,,,,,,,20000,,,,1,,,,,,,,,,,,,None,,,,,,,,,,,,,,,0,,,2020,1,100,25
,5,,,,,Liatris,,,,,Netherlands,,,,,,,,,,,20000,,,,1,,,,,,,,,,,,,None,,,,,,,,,,,,,,,0,,,2020,1,100,25
,5,,,,,Liatris,,,,,Netherlands,,,,,,,,,,,20000,,,,1,,,,,,,,,,,,,None,,,,,,,,,,,,,,,0,,,2020,1,100,25
,5,,,,,Liatris,,,,,Netherlands,,,,,,,,,,,20000,,,,1,,,,,,,,,,,,,None,,,,,,,,,,,,,,,0,,,2020,1,100,25
,6,,,,,Aegilops,,,,,Netherlands,,,,,,,,,,,20000,,,,1,,,,,,,,,,,,,None,,,,,,,,,,,,,,,0,,,2020,1,100,25
,6,,,,,Aegilops,,,,,Netherlands,,,,,,,,,,,20000,,,,1,,,,,,,,,,,,,None,,,,,,,,,,,,,,,0,,,2020,1,100,25
,6,,,,,Aegilops,,,,,Netherlands,,,,,,,,,,,20000,,,,1,,,,,,,,,,,,,None,,,,,,,,,,,,,,,0,,,2020,1,100,25
,6,,,,,Aegilops,,,,,Netherlands,,,,,,,,,,,20000,,,,1,,,,,,,,,,,,,None,,,,,,,,,,,,,,,0,,,2020,1,100,25
,6,,,,,Aegilops,,,,,Netherlands,,,,,,,,,,,20000,,,,1,,,,,,,,,,,,,None,,,,,,,,,,,,,,,0,,,2020,1,100,25
,6,,,,,Aegilops,,,,,Netherlands,,,,,,,,,,,20000,,,,1,,,,,,,,,,,,,None,,,,,,,,,,,,,,,0,,,2020,1,100,25
,6,,,,,Aegilops,,,,,Netherlands,,,,,,,,,,,20000,,,,1,,,,,,,,,,,,,None,,,,,,,,,,,,,,,0,,,2020,1,100,25
,6,,,,,Aegilops,,,,,Netherlands,,,,,,,,,,,20000,,,,1,,,,,,,,,,,,,None,,,,,,,,,,,,,,,0,,,2020,1,100,25
,6,,,,,Aegilops,,,,,Netherlands,,,,,,,,,,,20000,,,,1,,,,,,,,,,,,,None,,,,,,,,,,,,,,,0,,,2020,1,100,25
,6,,,,,Aegilops,,,,,Netherlands,,,,,,,,,,,20000,,,,1,,,,,,,,,,,,,None,,,,,,,,,,,,,,,0,,,2020,1,100,25
,6,,,,,Aegilops,,,,,Netherlands,,,,,,,,,,,20000,,,,1,,,,,,,,,,,,,None,,,,,,,,,,,,,,,0,,,2020,1,100,25
,6,,,,,Aegilops,,,,,Netherlands,,,,,,,,,,,20000,,,,1,,,,,,,,,,,,,None,,,,,,,,,,,,,,,0,,,2020,1,100,25
,6,,,,,Aegilops,,,,,Netherlands,,,,,,,,,,,20000,,,,1,,,,,,,,,,,,,None,,,,,,,,,,,,,,,0,,,2020,1,100,25
,6,,,,,Aegilops,,,,,Netherlands,,,,,,,,,,,20000,,,,1,,,,,,,,,,,,,None,,,,,,,,,,,,,,,0,,,2020,1,100,25
,6,,,,,Aegilops,,,,,Netherlands,,,,,,,,,,,20000,,,,1,,,,,,,,,,,,,None,,,,,,,,,,,,,,,0,,,2020,1,100,25
,6,,,,,Aegilops,,,,,Netherlands,,,,,,,,,,,20000,,,,1,,,,,,,,,,,,,None,,,,,,,,,,,,,,,0,,,2020,1,100,25
,6,,,,,Aegilops,,,,,Netherlands,,,,,,,,,,,20000,,,,1,,,,,,,,,,,,,None,,,,,,,,,,,,,,,0,,,2020,1,100,25
,6,,,,,Aegilops,,,,,Netherlands,,,,,,,,,,,20000,,,,1,,,,,,,,,,,,,None,,,,,,,,,,,,,,,0,,,2020,1,100,25
,6,,,,,Aegilops,,,,,Netherlands,,,,,,,,,,,20000,,,,1,,,,,,,,,,,,,None,,,,,,,,,,,,,,,0,,,2020,1,100,25
,6,,,,,Aegilops,,,,,Netherlands,,,,,,,,,,,20000,,,,1,,,,,,,,,,,,,None,,,,,,,,,,,,,,,0,,,2020,1,100,25
,6,,,,,Aegilops,,,,,Netherlands,,,,,,,,,,,20000,,,,1,,,,,,,,,,,,,None,,,,,,,,,,,,,,,0,,,2020,1,100,25
,6,,,,,Aegilops,,,,,Netherlands,,,,,,,,,,,20000,,,,1,,,,,,,,,,,,,None,,,,,,,,,,,,,,,0,,,2020,1,100,25
,6,,,,,Aegilops,,,,,Netherlands,,,,,,,,,,,20000,,,,1,,,,,,,,,,,,,None,,,,,,,,,,,,,,,0,,,2020,1,100,25
,6,,,,,Aegilops,,,,,Netherlands,,,,,,,,,,,20000,,,,1,,,,,,,,,,,,,None,,,,,,,,,,,,,,,0,,,2020,1,100,25
,6,,,,,Aegilops,,,,,Netherlands,,,,,,,,,,,20000,,,,1,,,,,,,,,,,,,None,,,,,,,,,,,,,,,0,,,2020,1,100,25
,7,,,,,Aegilops,,,,,Japan,,,,,,,,,,,20000,,,,1,,,,,,,,,,,,,None,,,,,,,,,,,,,,,0,,,2020,1,100,25
,7,,,,,Aegilops,,,,,Japan,,,,,,,,,,,20000,,,,1,,,,,,,,,,,,,None,,,,,,,,,,,,,,,0,,,2020,1,100,25
,7,,,,,Aegilops,,,,,Japan,,,,,,,,,,,20000,,,,1,,,,,,,,,,,,,None,,,,,,,,,,,,,,,0,,,2020,1,100,25
,7,,,,,Aegilops,,,,,Japan,,,,,,,,,,,20000,,,,1,,,,,,,,,,,,,None,,,,,,,,,,,,,,,0,,,2020,1,100,25
,7,,,,,Aegilops,,,,,Japan,,,,,,,,,,,20000,,,,1,,,,,,,,,,,,,None,,,,,,,,,,,,,,,0,,,2020,1,100,25
,7,,,,,Aegilops,,,,,Japan,,,,,,,,,,,20000,,,,1,,,,,,,,,,,,,None,,,,,,,,,,,,,,,0,,,2020,1,100,25
,7,,,,,Aegilops,,,,,Japan,,,,,,,,,,,20000,,,,1,,,,,,,,,,,,,None,,,,,,,,,,,,,,,0,,,2020,1,100,25
,7,,,,,Aegilops,,,,,Japan,,,,,,,,,,,20000,,,,1,,,,,,,,,,,,,None,,,,,,,,,,,,,,,0,,,2020,1,100,25
,7,,,,,Aegilops,,,,,Japan,,,,,,,,,,,20000,,,,1,,,,,,,,,,,,,None,,,,,,,,,,,,,,,0,,,2020,1,100,25
,7,,,,,Aegilops,,,,,Japan,,,,,,,,,,,20000,,,,1,,,,,,,,,,,,,None,,,,,,,,,,,,,,,0,,,2020,1,100,25
,7,,,,,Aegilops,,,,,Japan,,,,,,,,,,,20000,,,,1,,,,,,,,,,,,,None,,,,,,,,,,,,,,,0,,,2020,1,100,25
,7,,,,,Aegilops,,,,,Japan,,,,,,,,,,,20000,,,,1,,,,,,,,,,,,,None,,,,,,,,,,,,,,,0,,,2020,1,100,25
,7,,,,,Aegilops,,,,,Japan,,,,,,,,,,,20000,,,,1,,,,,,,,,,,,,None,,,,,,,,,,,,,,,0,,,2020,1,100,25
,7,,,,,Aegilops,,,,,Japan,,,,,,,,,,,20000,,,,1,,,,,,,,,,,,,None,,,,,,,,,,,,,,,0,,,2020,1,100,25
,7,,,,,Aegilops,,,,,Japan,,,,,,,,,,,20000,,,,1,,,,,,,,,,,,,None,,,,,,,,,,,,,,,0,,,2020,1,100,25
,7,,,,,Aegilops,,,,,Japan,,,,,,,,,,,20000,,,,1,,,,,,,,,,,,,None,,,,,,,,,,,,,,,0,,,2020,1,100,25
,7,,,,,Aegilops,,,,,Japan,,,,,,,,,,,20000,,,,1,,,,,,,,,,,,,None,,,,,,,,,,,,,,,0,,,2020,1,100,25
,7,,,,,Aegilops,,,,,Japan,,,,,,,,,,,20000,,,,1,,,,,,,,,,,,,None,,,,,,,,,,,,,,,0,,,2020,1,100,25
,7,,,,,Aegilops,,,,,Japan,,,,,,,,,,,20000,,,,1,,,,,,,,,,,,,None,,,,,,,,,,,,,,,0,,,2020,1,100,25
,7,,,,,Aegilops,,,,,Japan,,,,,,,,,,,20000,,,,1,,,,,,,,,,,,,None,,,,,,,,,,,,,,,0,,,2020,1,100,25
,7,,,,,Aegilops,,,,,Japan,,,,,,,,,,,20000,,,,1,,,,,,,,,,,,,None,,,,,,,,,,,,,,,0,,,2020,1,100,25
,7,,,,,Aegilops,,,,,Japan,,,,,,,,,,,20000,,,,1,,,,,,,,,,,,,None,,,,,,,,,,,,,,,0,,,2020,1,100,25
,7,,,,,Aegilops,,,,,Japan,,,,,,,,,,,20000,,,,1,,,,,,,,,,,,,None,,,,,,,,,,,,,,,0,,,2020,1,100,25
,7,,,,,Aegilops,,,,,Japan,,,,,,,,,,,20000,,,,1,,,,,,,,,,,,,None,,,,,,,,,,,,,,,0,,,2020,1,100,25
,7,,,,,Aegilops,,,,,Japan,,,,,,,,,,,20000,,,,1,,,,,,,,,,,,,None,,,,,,,,,,,,,,,0,,,2020,1,100,25
,8,,,,,Hyacinthus,,,,,Japan,,,,,,,,,,,20000,,,,1,,,,,,,,,,,,,None,,,,,,,,,,,,,,,0,,,2020,1,100,25
,8,,,,,Hyacinthus,,,,,Japan,,,,,,,,,,,20000,,,,1,,,,,,,,,,,,,None,,,,,,,,,,,,,,,0,,,2020,1,100,25
,8,,,,,Hyacinthus,,,,,Japan,,,,,,,,,,,20000,,,,1,,,,,,,,,,,,,None,,,,,,,,,,,,,,,0,,,2020,1,100,25
,8,,,,,Hyacinthus,,,,,Japan,,,,,,,,,,,20000,,,,1,,,,,,,,,,,,,None,,,,,,,,,,,,,,,0,,,2020,1,100,25
,8,,,,,Hyacinthus,,,,,Japan,,,,,,,,,,,20000,,,,1,,,,,,,,,,,,,None,,,,,,,,,,,,,,,0,,,2020,1,100,25
,8,,,,,Hyacinthus,,,,,Japan,,,,,,,,,,,20000,,,,1,,,,,,,,,,,,,None,,,,,,,,,,,,,,,0,,,2020,1,100,25
,8,,,,,Hyacinthus,,,,,Japan,,,,,,,,,,,20000,,,,1,,,,,,,,,,,,,None,,,,,,,,,,,,,,,0,,,2020,1,100,25
,8,,,,,Hyacinthus,,,,,Japan,,,,,,,,,,,20000,,,,1,,,,,,,,,,,,,None,,,,,,,,,,,,,,,0,,,2020,1,100,25
,8,,,,,Hyacinthus,,,,,Japan,,,,,,,,,,,20000,,,,1,,,,,,,,,,,,,None,,,,,,,,,,,,,,,0,,,2020,1,100,25
,8,,,,,Hyacinthus,,,,,Japan,,,,,,,,,,,20000,,,,1,,,,,,,,,,,,,None,,,,,,,,,,,,,,,0,,,2020,1,100,25
,8,,,,,Hyacinthus,,,,,Japan,,,,,,,,,,,20000,,,,1,,,,,,,,,,,,,None,,,,,,,,,,,,,,,0,,,2020,1,100,25
,8,,,,,Hyacinthus,,,,,Japan,,,,,,,,,,,20000,,,,1,,,,,,,,,,,,,None,,,,,,,,,,,,,,,0,,,2020,1,100,25
,8,,,,,Hyacinthus,,,,,Japan,,,,,,,,,,,20000,,,,1,,,,,,,,,,,,,None,,,,,,,,,,,,,,,0,,,2020,1,100,25
,8,,,,,Hyacinthus,,,,,Japan,,,,,,,,,,,20000,,,,1,,,,,,,,,,,,,None,,,,,,,,,,,,,,,0,,,2020,1,100,25
,8,,,,,Hyacinthus,,,,,Japan,,,,,,,,,,,20000,,,,1,,,,,,,,,,,,,None,,,,,,,,,,,,,,,0,,,2020,1,100,25
,8,,,,,Hyacinthus,,,,,Japan,,,,,,,,,,,20000,,,,1,,,,,,,,,,,,,None,,,,,,,,,,,,,,,0,,,2020,1,100,25
,8,,,,,Hyacinthus,,,,,Japan,,,,,,,,,,,20000,,,,1,,,,,,,,,,,,,None,,,,,,,,,,,,,,,0,,,2020,1,100,25
,8,,,,,Hyacinthus,,,,,Japan,,,,,,,,,,,20000,,,,1,,,,,,,,,,,,,None,,,,,,,,,,,,,,,0,,,2020,1,100,25
,8,,,,,Hyacinthus,,,,,Japan,,,,,,,,,,,20000,,,,1,,,,,,,,,,,,,None,,,,,,,,,,,,,,,0,,,2020,1,100,25
,8,,,,,Hyacinthus,,,,,Japan,,,,,,,,,,,20000,,,,1,,,,,,,,,,,,,None,,,,,,,,,,,,,,,0,,,2020,1,100,25
,8,,,,,Hyacinthus,,,,,Japan,,,,,,,,,,,20000,,,,1,,,,,,,,,,,,,None,,,,,,,,,,,,,,,0,,,2020,1,100,25
,8,,,,,Hyacinthus,,,,,Japan,,,,,,,,,,,20000,,,,1,,,,,,,,,,,,,None,,,,,,,,,,,,,,,0,,,2020,1,100,25
,8,,,,,Hyacinthus,,,,,Japan,,,,,,,,,,,20000,,,,1,,,,,,,,,,,,,None,,,,,,,,,,,,,,,0,,,2020,1,100,25
,8,,,,,Hyacinthus,,,,,Japan,,,,,,,,,,,20000,,,,1,,,,,,,,,,,,,None,,,,,,,,,,,,,,,0,,,2020,1,100,25
,8,,,,,Hyacinthus,,,,,Japan,,,,,,,,,,,20000,,,,1,,,,,,,,,,,,,None,,,,,,,,,,,,,,,0,,,2020,1,100,25
,9,,,,,Gerbera,,,,,Tanzania,,,,,,,,,,,20000,,,,1,,,,,,,,,,,,,None,,,,,,,,,,,,,,,0,,,2020,1,100,25
,9,,,,,Gerbera,,,,,Tanzania,,,,,,,,,,,20000,,,,1,,,,,,,,,,,,,None,,,,,,,,,,,,,,,0,,,2020,1,100,25
,9,,,,,Gerbera,,,,,Tanzania,,,,,,,,,,,20000,,,,1,,,,,,,,,,,,,None,,,,,,,,,,,,,,,0,,,2020,1,100,25
,9,,,,,Gerbera,,,,,Tanzania,,,,,,,,,,,20000,,,,1,,,,,,,,,,,,,None,,,,,,,,,,,,,,,0,,,2020,1,100,25
,9,,,,,Gerbera,,,,,Tanzania,,,,,,,,,,,20000,,,,1,,,,,,,,,,,,,None,,,,,,,,,,,,,,,0,,,2020,1,100,25
,9,,,,,Gerbera,,,,,Tanzania,,,,,,,,,,,20000,,,,1,,,,,,,,,,,,,None,,,,,,,,,,,,,,,0,,,2020,1,100,25
,9,,,,,Gerbera,,,,,Tanzania,,,,,,,,,,,20000,,,,1,,,,,,,,,,,,,None,,,,,,,,,,,,,,,0,,,2020,1,100,25
,9,,,,,Gerbera,,,,,Tanzania,,,,,,,,,,,20000,,,,1,,,,,,,,,,,,,None,,,,,,,,,,,,,,,0,,,2020,1,100,25
,9,,,,,Gerbera,,,,,Tanzania,,,,,,,,,,,20000,,,,1,,,,,,,,,,,,,None,,,,,,,,,,,,,,,0,,,2020,1,100,25
,9,,,,,Gerbera,,,,,Tanzania,,,,,,,,,,,20000,,,,1,,,,,,,,,,,,,None,,,,,,,,,,,,,,,0,,,2020,1,100,25
,9,,,,,Gerbera,,,,,Tanzania,,,,,,,,,,,20000,,,,1,,,,,,,,,,,,,None,,,,,,,,,,,,,,,0,,,2020,1,100,25
,9,,,,,Gerbera,,,,,Tanzania,,,,,,,,,,,20000,,,,1,,,,,,,,,,,,,None,,,,,,,,,,,,,,,0,,,2020,1,100,25
,9,,,,,Gerbera,,,,,Tanzania,,,,,,,,,,,20000,,,,1,,,,,,,,,,,,,None,,,,,,,,,,,,,,,0,,,2020,1,100,25
,9,,,,,Gerbera,,,,,Tanzania,,,,,,,,,,,20000,,,,1,,,,,,,,,,,,,None,,,,,,,,,,,,,,,0,,,2020,1,100,25
,9,,,,,Gerbera,,,,,Tanzania,,,,,,,,,,,20000,,,,1,,,,,,,,,,,,,None,,,,,,,,,,,,,,,0,,,2020,1,100,25
,9,,,,,Gerbera,,,,,Tanzania,,,,,,,,,,,20000,,,,1,,,,,,,,,,,,,None,,,,,,,,,,,,,,,0,,,2020,1,100,25
,9,,,,,Gerbera,,,,,Tanzania,,,,,,,,,,,20000,,,,1,,,,,,,,,,,,,None,,,,,,,,,,,,,,,0,,,2020,1,100,25
,9,,,,,Gerbera,,,,,Tanzania,,,,,,,,,,,20000,,,,1,,,,,,,,,,,,,None,,,,,,,,,,,,,,,0,,,2020,1,100,25
,9,,,,,Gerbera,,,,,Tanzania,,,,,,,,,,,20000,,,,1,,,,,,,,,,,,,None,,,,,,,,,,,,,,,0,,,2020,1,100,25
,9,,,,,Gerbera,,,,,Tanzania,,,,,,,,,,,20000,,,,1,,,,,,,,,,,,,None,,,,,,,,,,,,,,,0,,,2020,1,100,25
,9,,,,,Gerbera,,,,,Tanzania,,,,,,,,,,,20000,,,,1,,,,,,,,,,,,,None,,,,,,,,,,,,,,,0,,,2020,1,100,25
,9,,,,,Gerbera,,,,,Tanzania,,,,,,,,,,,20000,,,,1,,,,,,,,,,,,,None,,,,,,,,,,,,,,,0,,,2020,1,100,25
,9,,,,,Gerbera,,,,,Tanzania,,,,,,,,,,,20000,,,,1,,,,,,,,,,,,,None,,,,,,,,,,,,,,,0,,,2020,1,100,25
,9,,,,,Gerbera,,,,,Tanzania,,,,,,,,,,,20000,,,,1,,,,,,,,,,,,,None,,,,,,,,,,,,,,,0,,,2020,1,100,25
,9,,,,,Gerbera,,,,,Tanzania,,,,,,,,,,,20000,,,,1,,,,,,,,,,,,,None,,,,,,,,,,,,,,,0,,,2020,1,100,25
,10,,,,,Actinidia,,,,,Tanzania,,,,,,,,,,,20000,,,,1,,,,,,,,,,,,,None,,,,,,,,,,,,,,,0,,,2020,1,100,25
,10,,,,,Actinidia,,,,,Tanzania,,,,,,,,,,,20000,,,,1,,,,,,,,,,,,,None,,,,,,,,,,,,,,,0,,,2020,1,100,25
,10,,,,,Actinidia,,,,,Tanzania,,,,,,,,,,,20000,,,,1,,,,,,,,,,,,,None,,,,,,,,,,,,,,,0,,,2020,1,100,25
,10,,,,,Actinidia,,,,,Tanzania,,,,,,,,,,,20000,,,,1,,,,,,,,,,,,,None,,,,,,,,,,,,,,,0,,,2020,1,100,25
,10,,,,,Actinidia,,,,,Tanzania,,,,,,,,,,,20000,,,,1,,,,,,,,,,,,,None,,,,,,,,,,,,,,,0,,,2020,1,100,25
,10,,,,,Actinidia,,,,,Tanzania,,,,,,,,,,,20000,,,,1,,,,,,,,,,,,,None,,,,,,,,,,,,,,,0,,,2020,1,100,25
,10,,,,,Actinidia,,,,,Tanzania,,,,,,,,,,,20000,,,,1,,,,,,,,,,,,,None,,,,,,,,,,,,,,,0,,,2020,1,100,25
,10,,,,,Actinidia,,,,,Tanzania,,,,,,,,,,,20000,,,,1,,,,,,,,,,,,,None,,,,,,,,,,,,,,,0,,,2020,1,100,25
,10,,,,,Actinidia,,,,,Tanzania,,,,,,,,,,,20000,,,,1,,,,,,,,,,,,,None,,,,,,,,,,,,,,,0,,,2020,1,100,25
,10,,,,,Actinidia,,,,,Tanzania,,,,,,,,,,,20000,,,,1,,,,,,,,,,,,,None,,,,,,,,,,,,,,,0,,,2020,1,100,25
,10,,,,,Actinidia,,,,,Tanzania,,,,,,,,,,,20000,,,,1,,,,,,,,,,,,,None,,,,,,,,,,,,,,,0,,,2020,1,100,25
,10,,,,,Actinidia,,,,,Tanzania,,,,,,,,,,,20000,,,,1,,,,,,,,,,,,,None,,,,,,,,,,,,,,,0,,,2020,1,100,25
,10,,,,,Actinidia,,,,,Tanzania,,,,,,,,,,,20000,,,,1,,,,,,,,,,,,,None,,,,,,,,,,,,,,,0,,,2020,1,100,25
,10,,,,,Actinidia,,,,,Tanzania,,,,,,,,,,,20000,,,,1,,,,,,,,,,,,,None,,,,,,,,,,,,,,,0,,,2020,1,100,25
,10,,,,,Actinidia,,,,,Tanzania,,,,,,,,,,,20000,,,,1,,,,,,,,,,,,,None,,,,,,,,,,,,,,,0,,,2020,1,100,25
,10,,,,,Actinidia,,,,,Tanzania,,,,,,,,,,,20000,,,,1,,,,,,,,,,,,,None,,,,,,,,,,,,,,,0,,,2020,1,100,25
,10,,,,,Actinidia,,,,,Tanzania,,,,,,,,,,,20000,,,,1,,,,,,,,,,,,,None,,,,,,,,,,,,,,,0,,,2020,1,100,25
,10,,,,,Actinidia,,,,,Tanzania,,,,,,,,,,,20000,,,,1,,,,,,,,,,,,,None,,,,,,,,,,,,,,,0,,,2020,1,100,25
,10,,,,,Actinidia,,,,,Tanzania,,,,,,,,,,,20000,,,,1,,,,,,,,,,,,,None,,,,,,,,,,,,,,,0,,,2020,1,100,25
,10,,,,,Actinidia,,,,,Tanzania,,,,,,,,,,,20000,,,,1,,,,,,,,,,,,,None,,,,,,,,,,,,,,,0,,,2020,1,100,25
,10,,,,,Actinidia,,,,,Tanzania,,,,,,,,,,,20000,,,,1,,,,,,,,,,,,,None,,,,,,,,,,,,,,,0,,,2020,1,100,25
,10,,,,,Actinidia,,,,,Tanzania,,,,,,,,,,,20000,,,,1,,,,,,,,,,,,,None,,,,,,,,,,,,,,,0,,,2020,1,100,25
,10,,,,,Actinidia,,,,,Tanzania,,,,,,,,,,,20000,,,,1,,,,,,,,,,,,,None,,,,,,,,,,,,,,,0,,,2020,1,100,25
,10,,,,,Actinidia,,,,,Tanzania,,,,,,,,,,,20000,,,,1,,,,,,,,,,,,,None,,,,,,,,,,,,,,,0,,,2020,1,100,25
,10,,,,,Actinidia,,,,,Tanzania,,,,,,,,,,,20000,,,,1,,,,,,,,,,,,,None,,,,,,,,,,,,,,,0,,,2020,1,100,25
,11,,,,,Protea,,,,,Israel,,,,,,,,,,,20000,,,,1,,,,,,,,,,,,,None,,,,,,,,,,,,,,,0,,,2020,1,100,25
,11,,,,,Protea,,,,,Israel,,,,,,,,,,,20000,,,,1,,,,,,,,,,,,,None,,,,,,,,,,,,,,,0,,,2020,1,100,25
,11,,,,,Protea,,,,,Israel,,,,,,,,,,,20000,,,,1,,,,,,,,,,,,,None,,,,,,,,,,,,,,,0,,,2020,1,100,25
,11,,,,,Protea,,,,,Israel,,,,,,,,,,,20000,,,,1,,,,,,,,,,,,,None,,,,,,,,,,,,,,,0,,,2020,1,100,25
,11,,,,,Protea,,,,,Israel,,,,,,,,,,,20000,,,,1,,,,,,,,,,,,,None,,,,,,,,,,,,,,,0,,,2020,1,100,25
,11,,,,,Protea,,,,,Israel,,,,,,,,,,,20000,,,,1,,,,,,,,,,,,,None,,,,,,,,,,,,,,,0,,,2020,1,100,25
,11,,,,,Protea,,,,,Israel,,,,,,,,,,,20000,,,,1,,,,,,,,,,,,,None,,,,,,,,,,,,,,,0,,,2020,1,100,25
,11,,,,,Protea,,,,,Israel,,,,,,,,,,,20000,,,,1,,,,,,,,,,,,,None,,,,,,,,,,,,,,,0,,,2020,1,100,25
,11,,,,,Protea,,,,,Israel,,,,,,,,,,,20000,,,,1,,,,,,,,,,,,,None,,,,,,,,,,,,,,,0,,,2020,1,100,25
,11,,,,,Protea,,,,,Israel,,,,,,,,,,,20000,,,,1,,,,,,,,,,,,,None,,,,,,,,,,,,,,,0,,,2020,1,100,25
,11,,,,,Protea,,,,,Israel,,,,,,,,,,,20000,,,,1,,,,,,,,,,,,,None,,,,,,,,,,,,,,,0,,,2020,1,100,25
,11,,,,,Protea,,,,,Israel,,,,,,,,,,,20000,,,,1,,,,,,,,,,,,,None,,,,,,,,,,,,,,,0,,,2020,1,100,25
,11,,,,,Protea,,,,,Israel,,,,,,,,,,,20000,,,,1,,,,,,,,,,,,,None,,,,,,,,,,,,,,,0,,,2020,1,100,25
,11,,,,,Protea,,,,,Israel,,,,,,,,,,,20000,,,,1,,,,,,,,,,,,,None,,,,,,,,,,,,,,,0,,,2020,1,100,25
,11,,,,,Protea,,,,,Israel,,,,,,,,,,,20000,,,,1,,,,,,,,,,,,,None,,,,,,,,,,,,,,,0,,,2020,1,100,25
,11,,,,,Protea,,,,,Israel,,,,,,,,,,,20000,,,,1,,,,,,,,,,,,,None,,,,,,,,,,,,,,,0,,,2020,1,100,25
,11,,,,,Protea,,,,,Israel,,,,,,,,,,,20000,,,,1,,,,,,,,,,,,,None,,,,,,,,,,,,,,,0,,,2020,1,100,25
,11,,,,,Protea,,,,,Israel,,,,,,,,,,,20000,,,,1,,,,,,,,,,,,,None,,,,,,,,,,,,,,,0,,,2020,1,100,25
,11,,,,,Protea,,,,,Israel,,,,,,,,,,,20000,,,,1,,,,,,,,,,,,,None,,,,,,,,,,,,,,,0,,,2020,1,100,25
,11,,,,,Protea,,,,,Israel,,,,,,,,,,,20000,,,,1,,,,,,,,,,,,,None,,,,,,,,,,,,,,,0,,,2020,1,100,25
,11,,,,,Protea,,,,,Israel,,,,,,,,,,,20000,,,,1,,,,,,,,,,,,,None,,,,,,,,,,,,,,,0,,,2020,1,100,25
,11,,,,,Protea,,,,,Israel,,,,,,,,,,,20000,,,,1,,,,,,,,,,,,,None,,,,,,,,,,,,,,,0,,,2020,1,100,25
,11,,,,,Protea,,,,,Israel,,,,,,,,,,,20000,,,,1,,,,,,,,,,,,,None,,,,,,,,,,,,,,,0,,,2020,1,100,25
,11,,,,,Protea,,,,,Israel,,,,,,,,,,,20000,,,,1,,,,,,,,,,,,,None,,,,,,,,,,,,,,,0,,,2020,1,100,25
,11,,,,,Protea,,,,,Israel,,,,,,,,,,,20000,,,,1,,,,,,,,,,,,,None,,,,,,,,,,,,,,,0,,,2020,1,100,25
,12,,,,,Actinidia,,,,,Netherlands,,,,,,,,,,,20000,,,,1,,,,,,,,,,,,,None,,,,,,,,,,,,,,,0,,,2020,1,100,25
,12,,,,,Actinidia,,,,,Netherlands,,,,,,,,,,,20000,,,,1,,,,,,,,,,,,,None,,,,,,,,,,,,,,,0,,,2020,1,100,25
,12,,,,,Actinidia,,,,,Netherlands,,,,,,,,,,,20000,,,,1,,,,,,,,,,,,,None,,,,,,,,,,,,,,,0,,,2020,1,100,25
,12,,,,,Actinidia,,,,,Netherlands,,,,,,,,,,,20000,,,,1,,,,,,,,,,,,,None,,,,,,,,,,,,,,,0,,,2020,1,100,25
,12,,,,,Actinidia,,,,,Netherlands,,,,,,,,,,,20000,,,,1,,,,,,,,,,,,,None,,,,,,,,,,,,,,,0,,,2020,1,100,25
,12,,,,,Actinidia,,,,,Netherlands,,,,,,,,,,,20000,,,,1,,,,,,,,,,,,,None,,,,,,,,,,,,,,,0,,,2020,1,100,25
,12,,,,,Actinidia,,,,,Netherlands,,,,,,,,,,,20000,,,,1,,,,,,,,,,,,,None,,,,,,,,,,,,,,,0,,,2020,1,100,25
,12,,,,,Actinidia,,,,,Netherlands,,,,,,,,,,,20000,,,,1,,,,,,,,,,,,,None,,,,,,,,,,,,,,,0,,,2020,1,100,25
,12,,,,,Actinidia,,,,,Netherlands,,,,,,,,,,,20000,,,,1,,,,,,,,,,,,,None,,,,,,,,,,,,,,,0,,,2020,1,100,25
,12,,,,,Actinidia,,,,,Netherlands,,,,,,,,,,,20000,,,,1,,,,,,,,,,,,,None,,,,,,,,,,,,,,,0,,,2020,1,100,25
,12,,,,,Actinidia,,,,,Netherlands,,,,,,,,,,,20000,,,,1,,,,,,,,,,,,,None,,,,,,,,,,,,,,,0,,,2020,1,100,25
,12,,,,,Actinidia,,,,,Netherlands,,,,,,,,,,,20000,,,,1,,,,,,,,,,,,,None,,,,,,,,,,,,,,,0,,,2020,1,100,25
,12,,,,,Actinidia,,,,,Netherlands,,,,,,,,,,,20000,,,,1,,,,,,,,,,,,,None,,,,,,,,,,,,,,,0,,,2020,1,100,25
,12,,,,,Actinidia,,,,,Netherlands,,,,,,,,,,,20000,,,,1,,,,,,,,,,,,,None,,,,,,,,,,,,,,,0,,,2020,1,100,25
,12,,,,,Actinidia,,,,,Netherlands,,,,,,,,,,,20000,,,,1,,,,,,,,,,,,,None,,,,,,,,,,,,,,,0,,,2020,1,100,25
,12,,,,,Actinidia,,,,,Netherlands,,,,,,,,,,,20000,,,,1,,,,,,,,,,,,,None,,,,,,,,,,,,,,,0,,,2020,1,100,25
,12,,,,,Actinidia,,,,,Netherlands,,,,,,,,,,,20000,,,,1,,,,,,,,,,,,,None,,,,,,,,,,,,,,,0,,,2020,1,100,25
,12,,,,,Actinidia,,,,,Netherlands,,,,,,,,,,,20000,,,,1,,,,,,,,,,,,,None,,,,,,,,,,,,,,,0,,,2020,1,100,25
,12,,,,,Actinidia,,,,,Netherlands,,,,,,,,,,,20000,,,,1,,,,,,,,,,,,,None,,,,,,,,,,,,,,,0,,,2020,1,100,25
,12,,,,,Actinidia,,,,,Netherlands,,,,,,,,,,,20000,,,,1,,,,,,,,,,,,,None,,,,,,,,,,,,,,,0,,,2020,1,100,25
,12,,,,,Actinidia,,,,,Netherlands,,,,,,,,,,,20000,,,,1,,,,,,,,,,,,,None,,,,,,,,,,,,,,,0,,,2020,1,100,25
,12,,,,,Actinidia,,,,,Netherlands,,,,,,,,,,,20000,,,,1,,,,,,,,,,,,,None,,,,,,,,,,,,,,,0,,,2020,1,100,25
,12,,,,,Actinidia,,,,,Netherlands,,,,,,,,,,,20000,,,,1,,,,,,,,,,,,,None,,,,,,,,,,,,,,,0,,,2020,1,100,25
,12,,,,,Actinidia,,,,,Netherlands,,,,,,,,,,,20000,,,,1,,,,,,,,,,,,,None,,,,,,,,,,,,,,,0,,,2020,1,100,25
,12,,,,,Actinidia,,,,,Netherlands,,,,,,,,,,,20000,,,,1,,,,,,,,,,,,,None,,,,,,,,,,,,,,,0,,,2020,1,100,25
,13,,,,,Agapanthus,,,,,Mexico,,,,,,,,,,,20000,,,,1,,,,,,,,,,,,,None,,,,,,,,,,,,,,,0,,,2020,1,100,25
,13,,,,,Agapanthus,,,,,Mexico,,,,,,,,,,,20000,,,,1,,,,,,,,,,,,,None,,,,,,,,,,,,,,,0,,,2020,1,100,25
,13,,,,,Agapanthus,,,,,Mexico,,,,,,,,,,,20000,,,,1,,,,,,,,,,,,,None,,,,,,,,,,,,,,,0,,,2020,1,100,25
,13,,,,,Agapanthus,,,,,Mexico,,,,,,,,,,,20000,,,,1,,,,,,,,,,,,,None,,,,,,,,,,,,,,,0,,,2020,1,100,25
,13,,,,,Agapanthus,,,,,Mexico,,,,,,,,,,,20000,,,,1,,,,,,,,,,,,,None,,,,,,,,,,,,,,,0,,,2020,1,100,25
,13,,,,,Agapanthus,,,,,Mexico,,,,,,,,,,,20000,,,,1,,,,,,,,,,,,,None,,,,,,,,,,,,,,,0,,,2020,1,100,25
,13,,,,,Agapanthus,,,,,Mexico,,,,,,,,,,,20000,,,,1,,,,,,,,,,,,,None,,,,,,,,,,,,,,,0,,,2020,1,100,25
,13,,,,,Agapanthus,,,,,Mexico,,,,,,,,,,,20000,,,,1,,,,,,,,,,,,,None,,,,,,,,,,,,,,,0,,,2020,1,100,25
,13,,,,,Agapanthus,,,,,Mexico,,,,,,,,,,,20000,,,,1,,,,,,,,,,,,,None,,,,,,,,,,,,,,,0,,,2020,1,100,25
,13,,,,,Agapanthus,,,,,Mexico,,,,,,,,,,,20000,,,,1,,,,,,,,,,,,,None,,,,,,,,,,,,,,,0,,,2020,1,100,25
,13,,,,,Agapanthus,,,,,Mexico,,,,,,,,,,,20000,,,,1,,,,,,,,,,,,,None,,,,,,,,,,,,,,,0,,,2020,1,100,25
,13,,,,,Agapanthus,,,,,Mexico,,,,,,,,,,,20000,,,,1,,,,,,,,,,,,,None,,,,,,,,,,,,,,,0,,,2020,1,100,25
,13,,,,,Agapanthus,,,,,Mexico,,,,,,,,,,,20000,,,,1,,,,,,,,,,,,,None,,,,,,,,,,,,,,,0,,,2020,1,100,25
,13,,,,,Agapanthus,,,,,Mexico,,,,,,,,,,,20000,,,,1,,,,,,,,,,,,,None,,,,,,,,,,,,,,,0,,,2020,1,100,25
,13,,,,,Agapanthus,,,,,Mexico,,,,,,,,,,,20000,,,,1,,,,,,,,,,,,,None,,,,,,,,,,,,,,,0,,,2020,1,100,25
,13,,,,,Agapanthus,,,,,Mexico,,,,,,,,,,,20000,,,,1,,,,,,,,,,,,,None,,,,,,,,,,,,,,,0,,,2020,1,100,25
,13,,,,,Agapanthus,,,,,Mexico,,,,,,,,,,,20000,,,,1,,,,,,,,,,,,,None,,,,,,,,,,,,,,,0,,,2020,1,100,25
,13,,,,,Agapanthus,,,,,Mexico,,,,,,,,,,,20000,,,,1,,,,,,,,,,,,,None,,,,,,,,,,,,,,,0,,,2020,1,100,25
,13,,,,,Agapanthus,,,,,Mexico,,,,,,,,,,,20000,,,,1,,,,,,,,,,,,,None,,,,,,,,,,,,,,,0,,,2020,1,100,25
,13,,,,,Agapanthus,,,,,Mexico,,,,,,,,,,,20000,,,,1,,,,,,,,,,,,,None,,,,,,,,,,,,,,,0,,,2020,1,100,25
,13,,,,,Agapanthus,,,,,Mexico,,,,,,,,,,,20000,,,,1,,,,,,,,,,,,,None,,,,,,,,,,,,,,,0,,,2020,1,100,25
,13,,,,,Agapanthus,,,,,Mexico,,,,,,,,,,,20000,,,,1,,,,,,,,,,,,,None,,,,,,,,,,,,,,,0,,,2020,1,100,25
,13,,,,,Agapanthus,,,,,Mexico,,,,,,,,,,,20000,,,,1,,,,,,,,,,,,,None,,,,,,,,,,,,,,,0,,,2020,1,100,25
,13,,,,,Agapanthus,,,,,Mexico,,,,,,,,,,,20000,,,,1,,,,,,,,,,,,,None,,,,,,,,,,,,,,,0,,,2020,1,100,25
,13,,,,,Agapanthus,,,,,Mexico,,,,,,,,,,,20000,,,,1,,,,,,,,,,,,,None,,,,,,,,,,,,,,,0,,,2020,1,100,25
,14,,,,,Actinidia,,,,,Japan,,,,,,,,,,,20000,,,,1,,,,,,,,,,,,,None,,,,,,,,,,,,,,,0,,,2020,1,100,25
,14,,,,,Actinidia,,,,,Japan,,,,,,,,,,,20000,,,,1,,,,,,,,,,,,,None,,,,,,,,,,,,,,,0,,,2020,1,100,25
,14,,,,,Actinidia,,,,,Japan,,,,,,,,,,,20000,,,,1,,,,,,,,,,,,,None,,,,,,,,,,,,,,,0,,,2020,1,100,25
,14,,,,,Actinidia,,,,,Japan,,,,,,,,,,,20000,,,,1,,,,,,,,,,,,,None,,,,,,,,,,,,,,,0,,,2020,1,100,25
,14,,,,,Actinidia,,,,,Japan,,,,,,,,,,,20000,,,,1,,,,,,,,,,,,,None,,,,,,,,,,,,,,,0,,,2020,1,100,25
,14,,,,,Actinidia,,,,,Japan,,,,,,,,,,,20000,,,,1,,,,,,,,,,,,,None,,,,,,,,,,,,,,,0,,,2020,1,100,25
,14,,,,,Actinidia,,,,,Japan,,,,,,,,,,,20000,,,,1,,,,,,,,,,,,,None,,,,,,,,,,,,,,,0,,,2020,1,100,25
,14,,,,,Actinidia,,,,,Japan,,,,,,,,,,,20000,,,,1,,,,,,,,,,,,,None,,,,,,,,,,,,,,,0,,,2020,1,100,25
,14,,,,,Actinidia,,,,,Japan,,,,,,,,,,,20000,,,,1,,,,,,,,,,,,,None,,,,,,,,,,,,,,,0,,,2020,1,100,25
,14,,,,,Actinidia,,,,,Japan,,,,,,,,,,,20000,,,,1,,,,,,,,,,,,,None,,,,,,,,,,,,,,,0,,,2020,1,100,25
,14,,,,,Actinidia,,,,,Japan,,,,,,,,,,,20000,,,,1,,,,,,,,,,,,,None,,,,,,,,,,,,,,,0,,,2020,1,100,25
,14,,,,,Actinidia,,,,,Japan,,,,,,,,,,,20000,,,,1,,,,,,,,,,,,,None,,,,,,,,,,,,,,,0,,,2020,1,100,25
,14,,,,,Actinidia,,,,,Japan,,,,,,,,,,,20000,,,,1,,,,,,,,,,,,,None,,,,,,,,,,,,,,,0,,,2020,1,100,25
,14,,,,,Actinidia,,,,,Japan,,,,,,,,,,,20000,,,,1,,,,,,,,,,,,,None,,,,,,,,,,,,,,,0,,,2020,1,100,25
,14,,,,,Actinidia,,,,,Japan,,,,,,,,,,,20000,,,,1,,,,,,,,,,,,,None,,,,,,,,,,,,,,,0,,,2020,1,100,25
,14,,,,,Actinidia,,,,,Japan,,,,,,,,,,,20000,,,,1,,,,,,,,,,,,,None,,,,,,,,,,,,,,,0,,,2020,1,100,25
,14,,,,,Actinidia,,,,,Japan,,,,,,,,,,,20000,,,,1,,,,,,,,,,,,,None,,,,,,,,,,,,,,,0,,,2020,1,100,25
,14,,,,,Actinidia,,,,,Japan,,,,,,,,,,,20000,,,,1,,,,,,,,,,,,,None,,,,,,,,,,,,,,,0,,,2020,1,100,25
,14,,,,,Actinidia,,,,,Japan,,,,,,,,,,,20000,,,,1,,,,,,,,,,,,,None,,,,,,,,,,,,,,,0,,,2020,1,100,25
,14,,,,,Actinidia,,,,,Japan,,,,,,,,,,,20000,,,,1,,,,,,,,,,,,,None,,,,,,,,,,,,,,,0,,,2020,1,100,25
,14,,,,,Actinidia,,,,,Japan,,,,,,,,,,,20000,,,,1,,,,,,,,,,,,,None,,,,,,,,,,,,,,,0,,,2020,1,100,25
,14,,,,,Actinidia,,,,,Japan,,,,,,,,,,,20000,,,,1,,,,,,,,,,,,,None,,,,,,,,,,,,,,,0,,,2020,1,100,25
,14,,,,,Actinidia,,,,,Japan,,,,,,,,,,,20000,,,,1,,,,,,,,,,,,,None,,,,,,,,,,,,,,,0,,,2020,1,100,25
,14,,,,,Actinidia,,,,,Japan,,,,,,,,,,,20000,,,,1,,,,,,,,,,,,,None,,,,,,,,,,,,,,,0,,,2020,1,100,25
,14,,,,,Actinidia,,,,,Japan,,,,,,,,,,,20000,,,,1,,,,,,,,,,,,,None,,,,,,,,,,,,,,,0,,,2020,1,100,25
,15,,,,,Hyacinthus,,,,,Israel,,,,,,,,,,,20000,,,,1,,,,,,,,,,,,,None,,,,,,,,,,,,,,,0,,,2020,1,100,25
,15,,,,,Hyacinthus,,,,,Israel,,,,,,,,,,,20000,,,,1,,,,,,,,,,,,,None,,,,,,,,,,,,,,,0,,,2020,1,100,25
,15,,,,,Hyacinthus,,,,,Israel,,,,,,,,,,,20000,,,,1,,,,,,,,,,,,,None,,,,,,,,,,,,,,,0,,,2020,1,100,25
,15,,,,,Hyacinthus,,,,,Israel,,,,,,,,,,,20000,,,,1,,,,,,,,,,,,,None,,,,,,,,,,,,,,,0,,,2020,1,100,25
,15,,,,,Hyacinthus,,,,,Israel,,,,,,,,,,,20000,,,,1,,,,,,,,,,,,,None,,,,,,,,,,,,,,,0,,,2020,1,100,25
,15,,,,,Hyacinthus,,,,,Israel,,,,,,,,,,,20000,,,,1,,,,,,,,,,,,,None,,,,,,,,,,,,,,,0,,,2020,1,100,25
,15,,,,,Hyacinthus,,,,,Israel,,,,,,,,,,,20000,,,,1,,,,,,,,,,,,,None,,,,,,,,,,,,,,,0,,,2020,1,100,25
,15,,,,,Hyacinthus,,,,,Israel,,,,,,,,,,,20000,,,,1,,,,,,,,,,,,,None,,,,,,,,,,,,,,,0,,,2020,1,100,25
,15,,,,,Hyacinthus,,,,,Israel,,,,,,,,,,,20000,,,,1,,,,,,,,,,,,,None,,,,,,,,,,,,,,,0,,,2020,1,100,25
,15,,,,,Hyacinthus,,,,,Israel,,,,,,,,,,,20000,,,,1,,,,,,,,,,,,,None,,,,,,,,,,,,,,,0,,,2020,1,100,25
,15,,,,,Hyacinthus,,,,,Israel,,,,,,,,,,,20000,,,,1,,,,,,,,,,,,,None,,,,,,,,,,,,,,,0,,,2020,1,100,25
,15,,,,,Hyacinthus,,,,,Israel,,,,,,,,,,,20000,,,,1,,,,,,,,,,,,,None,,,,,,,,,,,,,,,0,,,2020,1,100,25
,15,,,,,Hyacinthus,,,,,Israel,,,,,,,,,,,20000,,,,1,,,,,,,,,,,,,None,,,,,,,,,,,,,,,0,,,2020,1,100,25
,15,,,,,Hyacinthus,,,,,Israel,,,,,,,,,,,20000,,,,1,,,,,,,,,,,,,None,,,,,,,,,,,,,,,0,,,2020,1,100,25
,15,,,,,Hyacinthus,,,,,Israel,,,,,,,,,,,20000,,,,1,,,,,,,,,,,,,None,,,,,,,,,,,,,,,0,,,2020,1,100,25
,15,,,,,Hyacinthus,,,,,Israel,,,,,,,,,,,20000,,,,1,,,,,,,,,,,,,None,,,,,,,,,,,,,,,0,,,2020,1,100,25
,15,,,,,Hyacinthus,,,,,Israel,,,,,,,,,,,20000,,,,1,,,,,,,,,,,,,None,,,,,,,,,,,,,,,0,,,2020,1,100,25
,15,,,,,Hyacinthus,,,,,Israel,,,,,,,,,,,20000,,,,1,,,,,,,,,,,,,None,,,,,,,,,,,,,,,0,,,2020,1,100,25
,15,,,,,Hyacinthus,,,,,Israel,,,,,,,,,,,20000,,,,1,,,,,,,,,,,,,None,,,,,,,,,,,,,,,0,,,2020,1,100,25
,15,,,,,Hyacinthus,,,,,Israel,,,,,,,,,,,20000,,,,1,,,,,,,,,,,,,None,,,,,,,,,,,,,,,0,,,2020,1,100,25
,15,,,,,Hyacinthus,,,,,Israel,,,,,,,,,,,20000,,,,1,,,,,,,,,,,,,None,,,,,,,,,,,,,,,0,,,2020,1,100,25
,15,,,,,Hyacinthus,,,,,Israel,,,,,,,,,,,20000,,,,1,,,,,,,,,,,,,None,,,,,,,,,,,,,,,0,,,2020,1,100,25
,15,,,,,Hyacinthus,,,,,Israel,,,,,,,,,,,20000,,,,1,,,,,,,,,,,,,None,,,,,,,,,,,,,,,0,,,2020,1,100,25
,15,,,,,Hyacinthus,,,,,Israel,,,,,,,,,,,20000,,,,1,,,,,,,,,,,,,None,,,,,,,,,,,,,,,0,,,2020,1,100,25
,15,,,,,Hyacinthus,,,,,Israel,,,,,,,,,,,20000,,,,1,,,,,,,,,,,,,None,,,,,,,,,,,,,,,0,,,2020,1,100,25
,16,,,,,Mokara,,,,,Tanzania,,,,,,,,,,,20000,,,,1,,,,,,,,,,,,,None,,,,,,,,,,,,,,,0,,,2020,1,100,25
,16,,,,,Mokara,,,,,Tanzania,,,,,,,,,,,20000,,,,1,,,,,,,,,,,,,None,,,,,,,,,,,,,,,0,,,2020,1,100,25
,16,,,,,Mokara,,,,,Tanzania,,,,,,,,,,,20000,,,,1,,,,,,,,,,,,,None,,,,,,,,,,,,,,,0,,,2020,1,100,25
,16,,,,,Mokara,,,,,Tanzania,,,,,,,,,,,20000,,,,1,,,,,,,,,,,,,None,,,,,,,,,,,,,,,0,,,2020,1,100,25
,16,,,,,Mokara,,,,,Tanzania,,,,,,,,,,,20000,,,,1,,,,,,,,,,,,,None,,,,,,,,,,,,,,,0,,,2020,1,100,25
,16,,,,,Mokara,,,,,Tanzania,,,,,,,,,,,20000,,,,1,,,,,,,,,,,,,None,,,,,,,,,,,,,,,0,,,2020,1,100,25
,16,,,,,Mokara,,,,,Tanzania,,,,,,,,,,,20000,,,,1,,,,,,,,,,,,,None,,,,,,,,,,,,,,,0,,,2020,1,100,25
,16,,,,,Mokara,,,,,Tanzania,,,,,,,,,,,20000,,,,1,,,,,,,,,,,,,None,,,,,,,,,,,,,,,0,,,2020,1,100,25
,16,,,,,Mokara,,,,,Tanzania,,,,,,,,,,,20000,,,,1,,,,,,,,,,,,,None,,,,,,,,,,,,,,,0,,,2020,1,100,25
,16,,,,,Mokara,,,,,Tanzania,,,,,,,,,,,20000,,,,1,,,,,,,,,,,,,None,,,,,,,,,,,,,,,0,,,2020,1,100,25
,16,,,,,Mokara,,,,,Tanzania,,,,,,,,,,,20000,,,,1,,,,,,,,,,,,,None,,,,,,,,,,,,,,,0,,,2020,1,100,25
,16,,,,,Mokara,,,,,Tanzania,,,,,,,,,,,20000,,,,1,,,,,,,,,,,,,None,,,,,,,,,,,,,,,0,,,2020,1,100,25
,16,,,,,Mokara,,,,,Tanzania,,,,,,,,,,,20000,,,,1,,,,,,,,,,,,,None,,,,,,,,,,,,,,,0,,,2020,1,100,25
,16,,,,,Mokara,,,,,Tanzania,,,,,,,,,,,20000,,,,1,,,,,,,,,,,,,None,,,,,,,,,,,,,,,0,,,2020,1,100,25
,16,,,,,Mokara,,,,,Tanzania,,,,,,,,,,,20000,,,,1,,,,,,,,,,,,,None,,,,,,,,,,,,,,,0,,,2020,1,100,25
,16,,,,,Mokara,,,,,Tanzania,,,,,,,,,,,20000,,,,1,,,,,,,,,,,,,None,,,,,,,,,,,,,,,0,,,2020,1,100,25
,16,,,,,Mokara,,,,,Tanzania,,,,,,,,,,,20000,,,,1,,,,,,,,,,,,,None,,,,,,,,,,,,,,,0,,,2020,1,100,25
,16,,,,,Mokara,,,,,Tanzania,,,,,,,,,,,20000,,,,1,,,,,,,,,,,,,None,,,,,,,,,,,,,,,0,,,2020,1,100,25
,16,,,,,Mokara,,,,,Tanzania,,,,,,,,,,,20000,,,,1,,,,,,,,,,,,,None,,,,,,,,,,,,,,,0,,,2020,1,100,25
,16,,,,,Mokara,,,,,Tanzania,,,,,,,,,,,20000,,,,1,,,,,,,,,,,,,None,,,,,,,,,,,,,,,0,,,2020,1,100,25
,16,,,,,Mokara,,,,,Tanzania,,,,,,,,,,,20000,,,,1,,,,,,,,,,,,,None,,,,,,,,,,,,,,,0,,,2020,1,100,25
,16,,,,,Mokara,,,,,Tanzania,,,,,,,,,,,20000,,,,1,,,,,,,,,,,,,None,,,,,,,,,,,,,,,0,,,2020,1,100,25
,16,,,,,Mokara,,,,,Tanzania,,,,,,,,,,,20000,,,,1,,,,,,,,,,,,,None,,,,,,,,,,,,,,,0,,,2020,1,100,25
,16,,,,,Mokara,,,,,Tanzania,,,,,,,,,,,20000,,,,1,,,,,,,,,,,,,None,,,,,,,,,,,,,,,0,,,2020,1,100,25
,16,,,,,Mokara,,,,,Tanzania,,,,,,,,,,,20000,,,,1,,,,,,,,,,,,,None,,,,,,,,,,,,,,,0,,,2020,1,100,25
,17,,,,,Liatris,,,,,New Zealand,,,,,,,,,,,20000,,,,1,,,,,,,,,,,,,None,,,,,,,,,,,,,,,0,,,2020,1,100,25
,17,,,,,Liatris,,,,,New Zealand,,,,,,,,,,,20000,,,,1,,,,,,,,,,,,,None,,,,,,,,,,,,,,,0,,,2020,1,100,25
,17,,,,,Liatris,,,,,New Zealand,,,,,,,,,,,20000,,,,1,,,,,,,,,,,,,None,,,,,,,,,,,,,,,0,,,2020,1,100,25
,17,,,,,Liatris,,,,,New Zealand,,,,,,,,,,,20000,,,,1,,,,,,,,,,,,,None,,,,,,,,,,,,,,,0,,,2020,1,100,25
,17,,,,,Liatris,,,,,New Zealand,,,,,,,,,,,20000,,,,1,,,,,,,,,,,,,None,,,,,,,,,,,,,,,0,,,2020,1,100,25
,17,,,,,Liatris,,,,,New Zealand,,,,,,,,,,,20000,,,,1,,,,,,,,,,,,,None,,,,,,,,,,,,,,,0,,,2020,1,100,25
,17,,,,,Liatris,,,,,New Zealand,,,,,,,,,,,20000,,,,1,,,,,,,,,,,,,None,,,,,,,,,,,,,,,0,,,2020,1,100,25
,17,,,,,Liatris,,,,,New Zealand,,,,,,,,,,,20000,,,,1,,,,,,,,,,,,,None,,,,,,,,,,,,,,,0,,,2020,1,100,25
,17,,,,,Liatris,,,,,New Zealand,,,,,,,,,,,20000,,,,1,,,,,,,,,,,,,None,,,,,,,,,,,,,,,0,,,2020,1,100,25
,17,,,,,Liatris,,,,,New Zealand,,,,,,,,,,,20000,,,,1,,,,,,,,,,,,,None,,,,,,,,,,,,,,,0,,,2020,1,100,25
,17,,,,,Liatris,,,,,New Zealand,,,,,,,,,,,20000,,,,1,,,,,,,,,,,,,None,,,,,,,,,,,,,,,0,,,2020,1,100,25
,17,,,,,Liatris,,,,,New Zealand,,,,,,,,,,,20000,,,,1,,,,,,,,,,,,,None,,,,,,,,,,,,,,,0,,,2020,1,100,25
,17,,,,,Liatris,,,,,New Zealand,,,,,,,,,,,20000,,,,1,,,,,,,,,,,,,None,,,,,,,,,,,,,,,0,,,2020,1,100,25
,17,,,,,Liatris,,,,,New Zealand,,,,,,,,,,,20000,,,,1,,,,,,,,,,,,,None,,,,,,,,,,,,,,,0,,,2020,1,100,25
,17,,,,,Liatris,,,,,New Zealand,,,,,,,,,,,20000,,,,1,,,,,,,,,,,,,None,,,,,,,,,,,,,,,0,,,2020,1,100,25
,17,,,,,Liatris,,,,,New Zealand,,,,,,,,,,,20000,,,,1,,,,,,,,,,,,,None,,,,,,,,,,,,,,,0,,,2020,1,100,25
,17,,,,,Liatris,,,,,New Zealand,,,,,,,,,,,20000,,,,1,,,,,,,,,,,,,None,,,,,,,,,,,,,,,0,,,2020,1,100,25
,17,,,,,Liatris,,,,,New Zealand,,,,,,,,,,,20000,,,,1,,,,,,,,,,,,,None,,,,,,,,,,,,,,,0,,,2020,1,100,25
,17,,,,,Liatris,,,,,New Zealand,,,,,,,,,,,20000,,,,1,,,,,,,,,,,,,None,,,,,,,,,,,,,,,0,,,2020,1,100,25
,17,,,,,Liatris,,,,,New Zealand,,,,,,,,,,,20000,,,,1,,,,,,,,,,,,,None,,,,,,,,,,,,,,,0,,,2020,1,100,25
,17,,,,,Liatris,,,,,New Zealand,,,,,,,,,,,20000,,,,1,,,,,,,,,,,,,None,,,,,,,,,,,,,,,0,,,2020,1,100,25
,17,,,,,Liatris,,,,,New Zealand,,,,,,,,,,,20000,,,,1,,,,,,,,,,,,,None,,,,,,,,,,,,,,,0,,,2020,1,100,25
,17,,,,,Liatris,,,,,New Zealand,,,,,,,,,,,20000,,,,1,,,,,,,,,,,,,None,,,,,,,,,,,,,,,0,,,2020,1,100,25
,17,,,,,Liatris,,,,,New Zealand,,,,,,,,,,,20000,,,,1,,,,,,,,,,,,,None,,,,,,,,,,,,,,,0,,,2020,1,100,25
,17,,,,,Liatris,,,,,New Zealand,,,,,,,,,,,20000,,,,1,,,,,,,,,,,,,None,,,,,,,,,,,,,,,0,,,2020,1,100,25
,18,,,,,Protea,,,,,New Zealand,,,,,,,,,,,20000,,,,1,,,,,,,,,,,,,None,,,,,,,,,,,,,,,0,,,2020,1,100,25
,18,,,,,Protea,,,,,New Zealand,,,,,,,,,,,20000,,,,1,,,,,,,,,,,,,None,,,,,,,,,,,,,,,0,,,2020,1,100,25
,18,,,,,Protea,,,,,New Zealand,,,,,,,,,,,20000,,,,1,,,,,,,,,,,,,None,,,,,,,,,,,,,,,0,,,2020,1,100,25
,18,,,,,Protea,,,,,New Zealand,,,,,,,,,,,20000,,,,1,,,,,,,,,,,,,None,,,,,,,,,,,,,,,0,,,2020,1,100,25
,18,,,,,Protea,,,,,New Zealand,,,,,,,,,,,20000,,,,1,,,,,,,,,,,,,None,,,,,,,,,,,,,,,0,,,2020,1,100,25
,18,,,,,Protea,,,,,New Zealand,,,,,,,,,,,20000,,,,1,,,,,,,,,,,,,None,,,,,,,,,,,,,,,0,,,2020,1,100,25
,18,,,,,Protea,,,,,New Zealand,,,,,,,,,,,20000,,,,1,,,,,,,,,,,,,None,,,,,,,,,,,,,,,0,,,2020,1,100,25
,18,,,,,Protea,,,,,New Zealand,,,,,,,,,,,20000,,,,1,,,,,,,,,,,,,None,,,,,,,,,,,,,,,0,,,2020,1,100,25
,18,,,,,Protea,,,,,New Zealand,,,,,,,,,,,20000,,,,1,,,,,,,,,,,,,None,,,,,,,,,,,,,,,0,,,2020,1,100,25
,18,,,,,Protea,,,,,New Zealand,,,,,,,,,,,20000,,,,1,,,,,,,,,,,,,None,,,,,,,,,,,,,,,0,,,2020,1,100,25
,18,,,,,Protea,,,,,New Zealand,,,,,,,,,,,20000,,,,1,,,,,,,,,,,,,None,,,,,,,,,,,,,,,0,,,2020,1,100,25
,18,,,,,Protea,,,,,New Zealand,,,,,,,,,,,20000,,,,1,,,,,,,,,,,,,None,,,,,,,,,,,,,,,0,,,2020,1,100,25
,18,,,,,Protea,,,,,New Zealand,,,,,,,,,,,20000,,,,1,,,,,,,,,,,,,None,,,,,,,,,,,,,,,0,,,2020,1,100,25
,18,,,,,Protea,,,,,New Zealand,,,,,,,,,,,20000,,,,1,,,,,,,,,,,,,None,,,,,,,,,,,,,,,0,,,2020,1,100,25
,18,,,,,Protea,,,,,New Zealand,,,,,,,,,,,20000,,,,1,,,,,,,,,,,,,None,,,,,,,,,,,,,,,0,,,2020,1,100,25
,18,,,,,Protea,,,,,New Zealand,,,,,,,,,,,20000,,,,1,,,,,,,,,,,,,None,,,,,,,,,,,,,,,0,,,2020,1,100,25
,18,,,,,Protea,,,,,New Zealand,,,,,,,,,,,20000,,,,1,,,,,,,,,,,,,None,,,,,,,,,,,,,,,0,,,2020,1,100,25
,18,,,,,Protea,,,,,New Zealand,,,,,,,,,,,20000,,,,1,,,,,,,,,,,,,None,,,,,,,,,,,,,,,0,,,2020,1,100,25
,18,,,,,Protea,,,,,New Zealand,,,,,,,,,,,20000,,,,1,,,,,,,,,,,,,None,,,,,,,,,,,,,,,0,,,2020,1,100,25
,18,,,,,Protea,,,,,New Zealand,,,,,,,,,,,20000,,,,1,,,,,,,,,,,,,None,,,,,,,,,,,,,,,0,,,2020,1,100,25
,18,,,,,Protea,,,,,New Zealand,,,,,,,,,,,20000,,,,1,,,,,,,,,,,,,None,,,,,,,,,,,,,,,0,,,2020,1,100,25
,18,,,,,Protea,,,,,New Zealand,,,,,,,,,,,20000,,,,1,,,,,,,,,,,,,None,,,,,,,,,,,,,,,0,,,2020,1,100,25
,18,,,,,Protea,,,,,New Zealand,,,,,,,,,,,20000,,,,1,,,,,,,,,,,,,None,,,,,,,,,,,,,,,0,,,2020,1,100,25
,18,,,,,Protea,,,,,New Zealand,,,,,,,,,,,20000,,,,1,,,,,,,,,,,,,None,,,,,,,,,,,,,,,0,,,2020,1,100,25
,18,,,,,Protea,,,,,New Zealand,,,,,,,,,,,20000,,,,1,,,,,,,,,,,,,None,,,,,,,,,,,,,,,0,,,2020,1,100,25
,19,,,,,Protea,,,,,New Zealand,,,,,,,,,,,20000,,,,1,,,,,,,,,,,,,None,,,,,,,,,,,,,,,0,,,2020,1,100,25
,19,,,,,Protea,,,,,New Zealand,,,,,,,,,,,20000,,,,1,,,,,,,,,,,,,None,,,,,,,,,,,,,,,0,,,2020,1,100,25
,19,,,,,Protea,,,,,New Zealand,,,,,,,,,,,20000,,,,1,,,,,,,,,,,,,None,,,,,,,,,,,,,,,0,,,2020,1,100,25
,19,,,,,Protea,,,,,New Zealand,,,,,,,,,,,20000,,,,1,,,,,,,,,,,,,None,,,,,,,,,,,,,,,0,,,2020,1,100,25
,19,,,,,Protea,,,,,New Zealand,,,,,,,,,,,20000,,,,1,,,,,,,,,,,,,None,,,,,,,,,,,,,,,0,,,2020,1,100,25
,19,,,,,Protea,,,,,New Zealand,,,,,,,,,,,20000,,,,1,,,,,,,,,,,,,None,,,,,,,,,,,,,,,0,,,2020,1,100,25
,19,,,,,Protea,,,,,New Zealand,,,,,,,,,,,20000,,,,1,,,,,,,,,,,,,None,,,,,,,,,,,,,,,0,,,2020,1,100,25
,19,,,,,Protea,,,,,New Zealand,,,,,,,,,,,20000,,,,1,,,,,,,,,,,,,None,,,,,,,,,,,,,,,0,,,2020,1,100,25
,19,,,,,Protea,,,,,New Zealand,,,,,,,,,,,20000,,,,1,,,,,,,,,,,,,None,,,,,,,,,,,,,,,0,,,2020,1,100,25
,19,,,,,Protea,,,,,New Zealand,,,,,,,,,,,20000,,,,1,,,,,,,,,,,,,None,,,,,,,,,,,,,,,0,,,2020,1,100,25
,19,,,,,Protea,,,,,New Zealand,,,,,,,,,,,20000,,,,1,,,,,,,,,,,,,None,,,,,,,,,,,,,,,0,,,2020,1,100,25
,19,,,,,Protea,,,,,New Zealand,,,,,,,,,,,20000,,,,1,,,,,,,,,,,,,None,,,,,,,,,,,,,,,0,,,2020,1,100,25
,19,,,,,Protea,,,,,New Zealand,,,,,,,,,,,20000,,,,1,,,,,,,,,,,,,None,,,,,,,,,,,,,,,0,,,2020,1,100,25
,19,,,,,Protea,,,,,New Zealand,,,,,,,,,,,20000,,,,1,,,,,,,,,,,,,None,,,,,,,,,,,,,,,0,,,2020,1,100,25
,19,,,,,Protea,,,,,New Zealand,,,,,,,,,,,20000,,,,1,,,,,,,,,,,,,None,,,,,,,,,,,,,,,0,,,2020,1,100,25
,19,,,,,Protea,,,,,New Zealand,,,,,,,,,,,20000,,,,1,,,,,,,,,,,,,None,,,,,,,,,,,,,,,0,,,2020,1,100,25
,19,,,,,Protea,,,,,New Zealand,,,,,,,,,,,20000,,,,1,,,,,,,,,,,,,None,,,,,,,,,,,,,,,0,,,2020,1,100,25
,19,,,,,Protea,,,,,New Zealand,,,,,,,,,,,20000,,,,1,,,,,,,,,,,,,None,,,,,,,,,,,,,,,0,,,2020,1,100,25
,19,,,,,Protea,,,,,New Zealand,,,,,,,,,,,20000,,,,1,,,,,,,,,,,,,None,,,,,,,,,,,,,,,0,,,2020,1,100,25
,19,,,,,Protea,,,,,New Zealand,,,,,,,,,,,20000,,,,1,,,,,,,,,,,,,None,,,,,,,,,,,,,,,0,,,2020,1,100,25
,19,,,,,Protea,,,,,New Zealand,,,,,,,,,,,20000,,,,1,,,,,,,,,,,,,None,,,,,,,,,,,,,,,0,,,2020,1,100,25
,19,,,,,Protea,,,,,New Zealand,,,,,,,,,,,20000,,,,1,,,,,,,,,,,,,None,,,,,,,,,,,,,,,0,,,2020,1,100,25
,19,,,,,Protea,,,,,New Zealand,,,,,,,,,,,20000,,,,1,,,,,,,,,,,,,None,,,,,,,,,,,,,,,0,,,2020,1,100,25
,19,,,,,Protea,,,,,New Zealand,,,,,,,,,,,20000,,,,1,,,,,,,,,,,,,None,,,,,,,,,,,,,,,0,,,2020,1,100,25
,19,,,,,Protea,,,,,New Zealand,,,,,,,,,,,20000,,,,1,,,,,,,,,,,,,None,,,,,,,,,,,,,,,0,,,2020,1,100,25
,20,,,,,Aegilops,,,,,Japan,,,,,,,,,,,20000,,,,1,,,,,,,,,,,,,None,,,,,,,,,,,,,,,0,,,2020,1,100,25
,20,,,,,Aegilops,,,,,Japan,,,,,,,,,,,20000,,,,1,,,,,,,,,,,,,None,,,,,,,,,,,,,,,0,,,2020,1,100,25
,20,,,,,Aegilops,,,,,Japan,,,,,,,,,,,20000,,,,1,,,,,,,,,,,,,None,,,,,,,,,,,,,,,0,,,2020,1,100,25
,20,,,,,Aegilops,,,,,Japan,,,,,,,,,,,20000,,,,1,,,,,,,,,,,,,None,,,,,,,,,,,,,,,0,,,2020,1,100,25
,20,,,,,Aegilops,,,,,Japan,,,,,,,,,,,20000,,,,1,,,,,,,,,,,,,None,,,,,,,,,,,,,,,0,,,2020,1,100,25
,20,,,,,Aegilops,,,,,Japan,,,,,,,,,,,20000,,,,1,,,,,,,,,,,,,None,,,,,,,,,,,,,,,0,,,2020,1,100,25
,20,,,,,Aegilops,,,,,Japan,,,,,,,,,,,20000,,,,1,,,,,,,,,,,,,None,,,,,,,,,,,,,,,0,,,2020,1,100,25
,20,,,,,Aegilops,,,,,Japan,,,,,,,,,,,20000,,,,1,,,,,,,,,,,,,None,,,,,,,,,,,,,,,0,,,2020,1,100,25
,20,,,,,Aegilops,,,,,Japan,,,,,,,,,,,20000,,,,1,,,,,,,,,,,,,None,,,,,,,,,,,,,,,0,,,2020,1,100,25
,20,,,,,Aegilops,,,,,Japan,,,,,,,,,,,20000,,,,1,,,,,,,,,,,,,None,,,,,,,,,,,,,,,0,,,2020,1,100,25
,20,,,,,Aegilops,,,,,Japan,,,,,,,,,,,20000,,,,1,,,,,,,,,,,,,None,,,,,,,,,,,,,,,0,,,2020,1,100,25
,20,,,,,Aegilops,,,,,Japan,,,,,,,,,,,20000,,,,1,,,,,,,,,,,,,None,,,,,,,,,,,,,,,0,,,2020,1,100,25
,20,,,,,Aegilops,,,,,Japan,,,,,,,,,,,20000,,,,1,,,,,,,,,,,,,None,,,,,,,,,,,,,,,0,,,2020,1,100,25
,20,,,,,Aegilops,,,,,Japan,,,,,,,,,,,20000,,,,1,,,,,,,,,,,,,None,,,,,,,,,,,,,,,0,,,2020,1,100,25
,20,,,,,Aegilops,,,,,Japan,,,,,,,,,,,20000,,,,1,,,,,,,,,,,,,None,,,,,,,,,,,,,,,0,,,2020,1,100,25
,20,,,,,Aegilops,,,,,Japan,,,,,,,,,,,20000,,,,1,,,,,,,,,,,,,None,,,,,,,,,,,,,,,0,,,2020,1,100,25
,20,,,,,Aegilops,,,,,Japan,,,,,,,,,,,20000,,,,1,,,,,,,,,,,,,None,,,,,,,,,,,,,,,0,,,2020,1,100,25
,20,,,,,Aegilops,,,,,Japan,,,,,,,,,,,20000,,,,1,,,,,,,,,,,,,None,,,,,,,,,,,,,,,0,,,2020,1,100,25
,20,,,,,Aegilops,,,,,Japan,,,,,,,,,,,20000,,,,1,,,,,,,,,,,,,None,,,,,,,,,,,,,,,0,,,2020,1,100,25
,20,,,,,Aegilops,,,,,Japan,,,,,,,,,,,20000,,,,1,,,,,,,,,,,,,None,,,,,,,,,,,,,,,0,,,2020,1,100,25
,20,,,,,Aegilops,,,,,Japan,,,,,,,,,,,20000,,,,1,,,,,,,,,,,,,None,,,,,,,,,,,,,,,0,,,2020,1,100,25
,20,,,,,Aegilops,,,,,Japan,,,,,,,,,,,20000,,,,1,,,,,,,,,,,,,None,,,,,,,,,,,,,,,0,,,2020,1,100,25
,20,,,,,Aegilops,,,,,Japan,,,,,,,,,,,20000,,,,1,,,,,,,,,,,,,None,,,,,,,,,,,,,,,0,,,2020,1,100,25
,20,,,,,Aegilops,,,,,Japan,,,,,,,,,,,20000,,,,1,,,,,,,,,,,,,None,,,,,,,,,,,,,,,0,,,2020,1,100,25
,20,,,,,Aegilops,,,,,Japan,,,,,,,,,,,20000,,,,1,,,,,,,,,,,,,None,,,,,,,,,,,,,,,0,,,2020,1,100,25
,21,,,,,Liatris,,,,,Tanzania,,,,,,,,,,,20000,,,,1,,,,,,,,,,,,,None,,,,,,,,,,,,,,,0,,,2020,1,100,25
,21,,,,,Liatris,,,,,Tanzania,,,,,,,,,,,20000,,,,1,,,,,,,,,,,,,None,,,,,,,,,,,,,,,0,,,2020,1,100,25
,21,,,,,Liatris,,,,,Tanzania,,,,,,,,,,,20000,,,,1,,,,,,,,,,,,,None,,,,,,,,,,,,,,,0,,,2020,1,100,25
,21,,,,,Liatris,,,,,Tanzania,,,,,,,,,,,20000,,,,1,,,,,,,,,,,,,None,,,,,,,,,,,,,,,0,,,2020,1,100,25
,21,,,,,Liatris,,,,,Tanzania,,,,,,,,,,,20000,,,,1,,,,,,,,,,,,,None,,,,,,,,,,,,,,,0,,,2020,1,100,25
,21,,,,,Liatris,,,,,Tanzania,,,,,,,,,,,20000,,,,1,,,,,,,,,,,,,None,,,,,,,,,,,,,,,0,,,2020,1,100,25
,21,,,,,Liatris,,,,,Tanzania,,,,,,,,,,,20000,,,,1,,,,,,,,,,,,,None,,,,,,,,,,,,,,,0,,,2020,1,100,25
,21,,,,,Liatris,,,,,Tanzania,,,,,,,,,,,20000,,,,1,,,,,,,,,,,,,None,,,,,,,,,,,,,,,0,,,2020,1,100,25
,21,,,,,Liatris,,,,,Tanzania,,,,,,,,,,,20000,,,,1,,,,,,,,,,,,,None,,,,,,,,,,,,,,,0,,,2020,1,100,25
,21,,,,,Liatris,,,,,Tanzania,,,,,,,,,,,20000,,,,1,,,,,,,,,,,,,None,,,,,,,,,,,,,,,0,,,2020,1,100,25
,21,,,,,Liatris,,,,,Tanzania,,,,,,,,,,,20000,,,,1,,,,,,,,,,,,,None,,,,,,,,,,,,,,,0,,,2020,1,100,25
,21,,,,,Liatris,,,,,Tanzania,,,,,,,,,,,20000,,,,1,,,,,,,,,,,,,None,,,,,,,,,,,,,,,0,,,2020,1,100,25
,21,,,,,Liatris,,,,,Tanzania,,,,,,,,,,,20000,,,,1,,,,,,,,,,,,,None,,,,,,,,,,,,,,,0,,,2020,1,100,25
,21,,,,,Liatris,,,,,Tanzania,,,,,,,,,,,20000,,,,1,,,,,,,,,,,,,None,,,,,,,,,,,,,,,0,,,2020,1,100,25
,21,,,,,Liatris,,,,,Tanzania,,,,,,,,,,,20000,,,,1,,,,,,,,,,,,,None,,,,,,,,,,,,,,,0,,,2020,1,100,25
,21,,,,,Liatris,,,,,Tanzania,,,,,,,,,,,20000,,,,1,,,,,,,,,,,,,None,,,,,,,,,,,,,,,0,,,2020,1,100,25
,21,,,,,Liatris,,,,,Tanzania,,,,,,,,,,,20000,,,,1,,,,,,,,,,,,,None,,,,,,,,,,,,,,,0,,,2020,1,100,25
,21,,,,,Liatris,,,,,Tanzania,,,,,,,,,,,20000,,,,1,,,,,,,,,,,,,None,,,,,,,,,,,,,,,0,,,2020,1,100,25
,21,,,,,Liatris,,,,,Tanzania,,,,,,,,,,,20000,,,,1,,,,,,,,,,,,,None,,,,,,,,,,,,,,,0,,,2020,1,100,25
,21,,,,,Liatris,,,,,Tanzania,,,,,,,,,,,20000,,,,1,,,,,,,,,,,,,None,,,,,,,,,,,,,,,0,,,2020,1,100,25
,21,,,,,Liatris,,,,,Tanzania,,,,,,,,,,,20000,,,,1,,,,,,,,,,,,,None,,,,,,,,,,,,,,,0,,,2020,1,100,25
,21,,,,,Liatris,,,,,Tanzania,,,,,,,,,,,20000,,,,1,,,,,,,,,,,,,None,,,,,,,,,,,,,,,0,,,2020,1,100,25
,21,,,,,Liatris,,,,,Tanzania,,,,,,,,,,,20000,,,,1,,,,,,,,,,,,,None,,,,,,,,,,,,,,,0,,,2020,1,100,25
,21,,,,,Liatris,,,,,Tanzania,,,,,,,,,,,20000,,,,1,,,,,,,,,,,,,None,,,,,,,,,,,,,,,0,,,2020,1,100,25
,21,,,,,Liatris,,,,,Tanzania,,,,,,,,,,,20000,,,,1,,,,,,,,,,,,,None,,,,,,,,,,,,,,,1,,,2020,1,100,25
,22,,,,,Mokara,,,,,New Zealand,,,,,,,,,,,20000,,,,1,,,,,,,,,,,,,None,,,,,,,,,,,,,,,0,,,2020,1,100,25
,22,,,,,Mokara,,,,,New Zealand,,,,,,,,,,,20000,,,,1,,,,,,,,,,,,,None,,,,,,,,,,,,,,,0,,,2020,1,100,25
,22,,,,,Mokara,,,,,New Zealand,,,,,,,,,,,20000,,,,1,,,,,,,,,,,,,None,,,,,,,,,,,,,,,0,,,2020,1,100,25
,22,,,,,Mokara,,,,,New Zealand,,,,,,,,,,,20000,,,,1,,,,,,,,,,,,,None,,,,,,,,,,,,,,,0,,,2020,1,100,25
,22,,,,,Mokara,,,,,New Zealand,,,,,,,,,,,20000,,,,1,,,,,,,,,,,,,None,,,,,,,,,,,,,,,0,,,2020,1,100,25
,22,,,,,Mokara,,,,,New Zealand,,,,,,,,,,,20000,,,,1,,,,,,,,,,,,,None,,,,,,,,,,,,,,,0,,,2020,1,100,25
,22,,,,,Mokara,,,,,New Zealand,,,,,,,,,,,20000,,,,1,,,,,,,,,,,,,None,,,,,,,,,,,,,,,0,,,2020,1,100,25
,22,,,,,Mokara,,,,,New Zealand,,,,,,,,,,,20000,,,,1,,,,,,,,,,,,,None,,,,,,,,,,,,,,,0,,,2020,1,100,25
,22,,,,,Mokara,,,,,New Zealand,,,,,,,,,,,20000,,,,1,,,,,,,,,,,,,None,,,,,,,,,,,,,,,0,,,2020,1,100,25
,22,,,,,Mokara,,,,,New Zealand,,,,,,,,,,,20000,,,,1,,,,,,,,,,,,,None,,,,,,,,,,,,,,,0,,,2020,1,100,25
,22,,,,,Mokara,,,,,New Zealand,,,,,,,,,,,20000,,,,1,,,,,,,,,,,,,None,,,,,,,,,,,,,,,0,,,2020,1,100,25
,22,,,,,Mokara,,,,,New Zealand,,,,,,,,,,,20000,,,,1,,,,,,,,,,,,,None,,,,,,,,,,,,,,,0,,,2020,1,100,25
,22,,,,,Mokara,,,,,New Zealand,,,,,,,,,,,20000,,,,1,,,,,,,,,,,,,None,,,,,,,,,,,,,,,0,,,2020,1,100,25
,22,,,,,Mokara,,,,,New Zealand,,,,,,,,,,,20000,,,,1,,,,,,,,,,,,,None,,,,,,,,,,,,,,,0,,,2020,1,100,25
,22,,,,,Mokara,,,,,New Zealand,,,,,,,,,,,20000,,,,1,,,,,,,,,,,,,None,,,,,,,,,,,,,,,0,,,2020,1,100,25
,22,,,,,Mokara,,,,,New Zealand,,,,,,,,,,,20000,,,,1,,,,,,,,,,,,,None,,,,,,,,,,,,,,,0,,,2020,1,100,25
,22,,,,,Mokara,,,,,New Zealand,,,,,,,,,,,20000,,,,1,,,,,,,,,,,,,None,,,,,,,,,,,,,,,0,,,2020,1,100,25
,22,,,,,Mokara,,,,,New Zealand,,,,,,,,,,,20000,,,,1,,,,,,,,,,,,,None,,,,,,,,,,,,,,,0,,,2020,1,100,25
,22,,,,,Mokara,,,,,New Zealand,,,,,,,,,,,20000,,,,1,,,,,,,,,,,,,None,,,,,,,,,,,,,,,0,,,2020,1,100,25
,22,,,,,Mokara,,,,,New Zealand,,,,,,,,,,,20000,,,,1,,,,,,,,,,,,,None,,,,,,,,,,,,,,,0,,,2020,1,100,25
,22,,,,,Mokara,,,,,New Zealand,,,,,,,,,,,20000,,,,1,,,,,,,,,,,,,None,,,,,,,,,,,,,,,0,,,2020,1,100,25
,22,,,,,Mokara,,,,,New Zealand,,,,,,,,,,,20000,,,,1,,,,,,,,,,,,,None,,,,,,,,,,,,,,,0,,,2020,1,100,25
,22,,,,,Mokara,,,,,New Zealand,,,,,,,,,,,20000,,,,1,,,,,,,,,,,,,None,,,,,,,,,,,,,,,0,,,2020,1,100,25
,22,,,,,Mokara,,,,,New Zealand,,,,,,,,,,,20000,,,,1,,,,,,,,,,,,,None,,,,,,,,,,,,,,,0,,,2020,1,100,25
,22,,,,,Mokara,,,,,New Zealand,,,,,,,,,,,20000,,,,1,,,,,,,,,,,,,None,,,,,,,,,,,,,,,0,,,2020,1,100,25
,23,,,,,Protea,,,,,Israel,,,,,,,,,,,20000,,,,1,,,,,,,,,,,,,None,,,,,,,,,,,,,,,0,,,2020,1,100,25
,23,,,,,Protea,,,,,Israel,,,,,,,,,,,20000,,,,1,,,,,,,,,,,,,None,,,,,,,,,,,,,,,0,,,2020,1,100,25
,23,,,,,Protea,,,,,Israel,,,,,,,,,,,20000,,,,1,,,,,,,,,,,,,None,,,,,,,,,,,,,,,1,,,2020,1,100,25
,23,,,,,Protea,,,,,Israel,,,,,,,,,,,20000,,,,1,,,,,,,,,,,,,None,,,,,,,,,,,,,,,1,,,2020,1,100,25
,23,,,,,Protea,,,,,Israel,,,,,,,,,,,20000,,,,1,,,,,,,,,,,,,None,,,,,,,,,,,,,,,1,,,2020,1,100,25
,23,,,,,Protea,,,,,Israel,,,,,,,,,,,20000,,,,1,,,,,,,,,,,,,None,,,,,,,,,,,,,,,1,,,2020,1,100,25
,23,,,,,Protea,,,,,Israel,,,,,,,,,,,20000,,,,1,,,,,,,,,,,,,None,,,,,,,,,,,,,,,1,,,2020,1,100,25
,23,,,,,Protea,,,,,Israel,,,,,,,,,,,20000,,,,1,,,,,,,,,,,,,None,,,,,,,,,,,,,,,1,,,2020,1,100,25
,23,,,,,Protea,,,,,Israel,,,,,,,,,,,20000,,,,1,,,,,,,,,,,,,None,,,,,,,,,,,,,,,1,,,2020,1,100,25
,23,,,,,Protea,,,,,Israel,,,,,,,,,,,20000,,,,1,,,,,,,,,,,,,None,,,,,,,,,,,,,,,1,,,2020,1,100,25
,23,,,,,Protea,,,,,Israel,,,,,,,,,,,20000,,,,1,,,,,,,,,,,,,None,,,,,,,,,,,,,,,1,,,2020,1,100,25
,23,,,,,Protea,,,,,Israel,,,,,,,,,,,20000,,,,1,,,,,,,,,,,,,None,,,,,,,,,,,,,,,1,,,2020,1,100,25
,23,,,,,Protea,,,,,Israel,,,,,,,,,,,20000,,,,1,,,,,,,,,,,,,None,,,,,,,,,,,,,,,1,,,2020,1,100,25
,23,,,,,Protea,,,,,Israel,,,,,,,,,,,20000,,,,1,,,,,,,,,,,,,None,,,,,,,,,,,,,,,1,,,2020,1,100,25
,23,,,,,Protea,,,,,Israel,,,,,,,,,,,20000,,,,1,,,,,,,,,,,,,None,,,,,,,,,,,,,,,1,,,2020,1,100,25
,23,,,,,Protea,,,,,Israel,,,,,,,,,,,20000,,,,1,,,,,,,,,,,,,None,,,,,,,,,,,,,,,1,,,2020,1,100,25
,23,,,,,Protea,,,,,Israel,,,,,,,,,,,20000,,,,1,,,,,,,,,,,,,None,,,,,,,,,,,,,,,1,,,2020,1,100,25
,23,,,,,Protea,,,,,Israel,,,,,,,,,,,20000,,,,1,,,,,,,,,,,,,None,,,,,,,,,,,,,,,1,,,2020,1,100,25
,23,,,,,Protea,,,,,Israel,,,,,,,,,,,20000,,,,1,,,,,,,,,,,,,None,,,,,,,,,,,,,,,1,,,2020,1,100,25
,23,,,,,Protea,,,,,Israel,,,,,,,,,,,20000,,,,1,,,,,,,,,,,,,None,,,,,,,,,,,,,,,1,,,2020,1,100,25
,23,,,,,Protea,,,,,Israel,,,,,,,,,,,20000,,,,1,,,,,,,,,,,,,None,,,,,,,,,,,,,,,1,,,2020,1,100,25
,23,,,,,Protea,,,,,Israel,,,,,,,,,,,20000,,,,1,,,,,,,,,,,,,None,,,,,,,,,,,,,,,1,,,2020,1,100,25
,23,,,,,Protea,,,,,Israel,,,,,,,,,,,20000,,,,1,,,,,,,,,,,,,None,,,,,,,,,,,,,,,1,,,2020,1,100,25
,23,,,,,Protea,,,,,Israel,,,,,,,,,,,20000,,,,1,,,,,,,,,,,,,None,,,,,,,,,,,,,,,1,,,2020,1,100,25
,23,,,,,Protea,,,,,Israel,,,,,,,,,,,20000,,,,1,,,,,,,,,,,,,None,,,,,,,,,,,,,,,1,,,2020,1,100,25
,24,,,,,Liatris,,,,,Netherlands,,,,,,,,,,,20000,,,,1,,,,,,,,,,,,,None,,,,,,,,,,,,,,,0,,,2020,1,100,25
,24,,,,,Liatris,,,,,Netherlands,,,,,,,,,,,20000,,,,1,,,,,,,,,,,,,None,,,,,,,,,,,,,,,0,,,2020,1,100,25
,24,,,,,Liatris,,,,,Netherlands,,,,,,,,,,,20000,,,,1,,,,,,,,,,,,,None,,,,,,,,,,,,,,,0,,,2020,1,100,25
,24,,,,,Liatris,,,,,Netherlands,,,,,,,,,,,20000,,,,1,,,,,,,,,,,,,None,,,,,,,,,,,,,,,0,,,2020,1,100,25
,24,,,,,Liatris,,,,,Netherlands,,,,,,,,,,,20000,,,,1,,,,,,,,,,,,,None,,,,,,,,,,,,,,,0,,,2020,1,100,25
,24,,,,,Liatris,,,,,Netherlands,,,,,,,,,,,20000,,,,1,,,,,,,,,,,,,None,,,,,,,,,,,,,,,0,,,2020,1,100,25
,24,,,,,Liatris,,,,,Netherlands,,,,,,,,,,,20000,,,,1,,,,,,,,,,,,,None,,,,,,,,,,,,,,,0,,,2020,1,100,25
,24,,,,,Liatris,,,,,Netherlands,,,,,,,,,,,20000,,,,1,,,,,,,,,,,,,None,,,,,,,,,,,,,,,0,,,2020,1,100,25
,24,,,,,Liatris,,,,,Netherlands,,,,,,,,,,,20000,,,,1,,,,,,,,,,,,,None,,,,,,,,,,,,,,,0,,,2020,1,100,25
,24,,,,,Liatris,,,,,Netherlands,,,,,,,,,,,20000,,,,1,,,,,,,,,,,,,None,,,,,,,,,,,,,,,0,,,2020,1,100,25
,24,,,,,Liatris,,,,,Netherlands,,,,,,,,,,,20000,,,,1,,,,,,,,,,,,,None,,,,,,,,,,,,,,,0,,,2020,1,100,25
,24,,,,,Liatris,,,,,Netherlands,,,,,,,,,,,20000,,,,1,,,,,,,,,,,,,None,,,,,,,,,,,,,,,0,,,2020,1,100,25
,24,,,,,Liatris,,,,,Netherlands,,,,,,,,,,,20000,,,,1,,,,,,,,,,,,,None,,,,,,,,,,,,,,,0,,,2020,1,100,25
,24,,,,,Liatris,,,,,Netherlands,,,,,,,,,,,20000,,,,1,,,,,,,,,,,,,None,,,,,,,,,,,,,,,0,,,2020,1,100,25
,24,,,,,Liatris,,,,,Netherlands,,,,,,,,,,,20000,,,,1,,,,,,,,,,,,,None,,,,,,,,,,,,,,,0,,,2020,1,100,25
,24,,,,,Liatris,,,,,Netherlands,,,,,,,,,,,20000,,,,1,,,,,,,,,,,,,None,,,,,,,,,,,,,,,0,,,2020,1,100,25
,24,,,,,Liatris,,,,,Netherlands,,,,,,,,,,,20000,,,,1,,,,,,,,,,,,,None,,,,,,,,,,,,,,,0,,,2020,1,100,25
,24,,,,,Liatris,,,,,Netherlands,,,,,,,,,,,20000,,,,1,,,,,,,,,,,,,None,,,,,,,,,,,,,,,0,,,2020,1,100,25
,24,,,,,Liatris,,,,,Netherlands,,,,,,,,,,,20000,,,,1,,,,,,,,,,,,,None,,,,,,,,,,,,,,,0,,,2020,1,100,25
,24,,,,,Liatris,,,,,Netherlands,,,,,,,,,,,20000,,,,1,,,,,,,,,,,,,None,,,,,,,,,,,,,,,0,,,2020,1,100,25
,24,,,,,Liatris,,,,,Netherlands,,,,,,,,,,,20000,,,,1,,,,,,,,,,,,,None,,,,,,,,,,,,,,,0,,,2020,1,100,25
,24,,,,,Liatris,,,,,Netherlands,,,,,,,,,,,20000,,,,1,,,,,,,,,,,,,None,,,,,,,,,,,,,,,0,,,2020,1,100,25
,24,,,,,Liatris,,,,,Netherlands,,,,,,,,,,,20000,,,,1,,,,,,,,,,,,,None,,,,,,,,,,,,,,,0,,,2020,1,100,25
,24,,,,,Liatris,,,,,Netherlands,,,,,,,,,,,20000,,,,1,,,,,,,,,,,,,None,,,,,,,,,,,,,,,0,,,2020,1,100,25
,24,,,,,Liatris,,,,,Netherlands,,,,,,,,,,,20000,,,,1,,,,,,,,,,,,,None,,,,,,,,,,,,,,,0,,,2020,1,100,25
,25,,,,,Anemone,,,,,Netherlands,,,,,,,,,,,20000,,,,1,,,,,,,,,,,,,None,,,,,,,,,,,,,,,0,,,2020,1,100,25
,25,,,,,Anemone,,,,,Netherlands,,,,,,,,,,,20000,,,,1,,,,,,,,,,,,,None,,,,,,,,,,,,,,,0,,,2020,1,100,25
,25,,,,,Anemone,,,,,Netherlands,,,,,,,,,,,20000,,,,1,,,,,,,,,,,,,None,,,,,,,,,,,,,,,0,,,2020,1,100,25
,25,,,,,Anemone,,,,,Netherlands,,,,,,,,,,,20000,,,,1,,,,,,,,,,,,,None,,,,,,,,,,,,,,,0,,,2020,1,100,25
,25,,,,,Anemone,,,,,Netherlands,,,,,,,,,,,20000,,,,1,,,,,,,,,,,,,None,,,,,,,,,,,,,,,0,,,2020,1,100,25
,25,,,,,Anemone,,,,,Netherlands,,,,,,,,,,,20000,,,,1,,,,,,,,,,,,,None,,,,,,,,,,,,,,,0,,,2020,1,100,25
,25,,,,,Anemone,,,,,Netherlands,,,,,,,,,,,20000,,,,1,,,,,,,,,,,,,None,,,,,,,,,,,,,,,0,,,2020,1,100,25
,25,,,,,Anemone,,,,,Netherlands,,,,,,,,,,,20000,,,,1,,,,,,,,,,,,,None,,,,,,,,,,,,,,,0,,,2020,1,100,25
,25,,,,,Anemone,,,,,Netherlands,,,,,,,,,,,20000,,,,1,,,,,,,,,,,,,None,,,,,,,,,,,,,,,0,,,2020,1,100,25
,25,,,,,Anemone,,,,,Netherlands,,,,,,,,,,,20000,,,,1,,,,,,,,,,,,,None,,,,,,,,,,,,,,,0,,,2020,1,100,25
,25,,,,,Anemone,,,,,Netherlands,,,,,,,,,,,20000,,,,1,,,,,,,,,,,,,None,,,,,,,,,,,,,,,0,,,2020,1,100,25
,25,,,,,Anemone,,,,,Netherlands,,,,,,,,,,,20000,,,,1,,,,,,,,,,,,,None,,,,,,,,,,,,,,,0,,,2020,1,100,25
,25,,,,,Anemone,,,,,Netherlands,,,,,,,,,,,20000,,,,1,,,,,,,,,,,,,None,,,,,,,,,,,,,,,0,,,2020,1,100,25
,25,,,,,Anemone,,,,,Netherlands,,,,,,,,,,,20000,,,,1,,,,,,,,,,,,,None,,,,,,,,,,,,,,,0,,,2020,1,100,25
,25,,,,,Anemone,,,,,Netherlands,,,,,,,,,,,20000,,,,1,,,,,,,,,,,,,None,,,,,,,,,,,,,,,0,,,2020,1,100,25
,25,,,,,Anemone,,,,,Netherlands,,,,,,,,,,,20000,,,,1,,,,,,,,,,,,,None,,,,,,,,,,,,,,,0,,,2020,1,100,25
,25,,,,,Anemone,,,,,Netherlands,,,,,,,,,,,20000,,,,1,,,,,,,,,,,,,None,,,,,,,,,,,,,,,0,,,2020,1,100,25
,25,,,,,Anemone,,,,,Netherlands,,,,,,,,,,,20000,,,,1,,,,,,,,,,,,,None,,,,,,,,,,,,,,,0,,,2020,1,100,25
,25,,,,,Anemone,,,,,Netherlands,,,,,,,,,,,20000,,,,1,,,,,,,,,,,,,None,,,,,,,,,,,,,,,0,,,2020,1,100,25
,25,,,,,Anemone,,,,,Netherlands,,,,,,,,,,,20000,,,,1,,,,,,,,,,,,,None,,,,,,,,,,,,,,,0,,,2020,1,100,25
,25,,,,,Anemone,,,,,Netherlands,,,,,,,,,,,20000,,,,1,,,,,,,,,,,,,None,,,,,,,,,,,,,,,0,,,2020,1,100,25
,25,,,,,Anemone,,,,,Netherlands,,,,,,,,,,,20000,,,,1,,,,,,,,,,,,,None,,,,,,,,,,,,,,,0,,,2020,1,100,25
,25,,,,,Anemone,,,,,Netherlands,,,,,,,,,,,20000,,,,1,,,,,,,,,,,,,None,,,,,,,,,,,,,,,0,,,2020,1,100,25
,25,,,,,Anemone,,,,,Netherlands,,,,,,,,,,,20000,,,,1,,,,,,,,,,,,,None,,,,,,,,,,,,,,,0,,,2020,1,100,25
,25,,,,,Anemone,,,,,Netherlands,,,,,,,,,,,20000,,,,1,,,,,,,,,,,,,None,,,,,,,,,,,,,,,0,,,2020,1,100,25
,26,,,,,Hyacinthus,,,,,New Zealand,,,,,,,,,,,20000,,,,1,,,,,,,,,,,,,None,,,,,,,,,,,,,,,0,,,2020,1,100,25
,26,,,,,Hyacinthus,,,,,New Zealand,,,,,,,,,,,20000,,,,1,,,,,,,,,,,,,None,,,,,,,,,,,,,,,0,,,2020,1,100,25
,26,,,,,Hyacinthus,,,,,New Zealand,,,,,,,,,,,20000,,,,1,,,,,,,,,,,,,None,,,,,,,,,,,,,,,0,,,2020,1,100,25
,26,,,,,Hyacinthus,,,,,New Zealand,,,,,,,,,,,20000,,,,1,,,,,,,,,,,,,None,,,,,,,,,,,,,,,0,,,2020,1,100,25
,26,,,,,Hyacinthus,,,,,New Zealand,,,,,,,,,,,20000,,,,1,,,,,,,,,,,,,None,,,,,,,,,,,,,,,0,,,2020,1,100,25
,26,,,,,Hyacinthus,,,,,New Zealand,,,,,,,,,,,20000,,,,1,,,,,,,,,,,,,None,,,,,,,,,,,,,,,0,,,2020,1,100,25
,26,,,,,Hyacinthus,,,,,New Zealand,,,,,,,,,,,20000,,,,1,,,,,,,,,,,,,None,,,,,,,,,,,,,,,0,,,2020,1,100,25
,26,,,,,Hyacinthus,,,,,New Zealand,,,,,,,,,,,20000,,,,1,,,,,,,,,,,,,None,,,,,,,,,,,,,,,0,,,2020,1,100,25
,26,,,,,Hyacinthus,,,,,New Zealand,,,,,,,,,,,20000,,,,1,,,,,,,,,,,,,None,,,,,,,,,,,,,,,0,,,2020,1,100,25
,26,,,,,Hyacinthus,,,,,New Zealand,,,,,,,,,,,20000,,,,1,,,,,,,,,,,,,None,,,,,,,,,,,,,,,0,,,2020,1,100,25
,26,,,,,Hyacinthus,,,,,New Zealand,,,,,,,,,,,20000,,,,1,,,,,,,,,,,,,None,,,,,,,,,,,,,,,0,,,2020,1,100,25
,26,,,,,Hyacinthus,,,,,New Zealand,,,,,,,,,,,20000,,,,1,,,,,,,,,,,,,None,,,,,,,,,,,,,,,0,,,2020,1,100,25
,26,,,,,Hyacinthus,,,,,New Zealand,,,,,,,,,,,20000,,,,1,,,,,,,,,,,,,None,,,,,,,,,,,,,,,0,,,2020,1,100,25
,26,,,,,Hyacinthus,,,,,New Zealand,,,,,,,,,,,20000,,,,1,,,,,,,,,,,,,None,,,,,,,,,,,,,,,0,,,2020,1,100,25
,26,,,,,Hyacinthus,,,,,New Zealand,,,,,,,,,,,20000,,,,1,,,,,,,,,,,,,None,,,,,,,,,,,,,,,0,,,2020,1,100,25
,26,,,,,Hyacinthus,,,,,New Zealand,,,,,,,,,,,20000,,,,1,,,,,,,,,,,,,None,,,,,,,,,,,,,,,0,,,2020,1,100,25
,26,,,,,Hyacinthus,,,,,New Zealand,,,,,,,,,,,20000,,,,1,,,,,,,,,,,,,None,,,,,,,,,,,,,,,0,,,2020,1,100,25
,26,,,,,Hyacinthus,,,,,New Zealand,,,,,,,,,,,20000,,,,1,,,,,,,,,,,,,None,,,,,,,,,,,,,,,0,,,2020,1,100,25
,26,,,,,Hyacinthus,,,,,New Zealand,,,,,,,,,,,20000,,,,1,,,,,,,,,,,,,None,,,,,,,,,,,,,,,0,,,2020,1,100,25
,26,,,,,Hyacinthus,,,,,New Zealand,,,,,,,,,,,20000,,,,1,,,,,,,,,,,,,None,,,,,,,,,,,,,,,0,,,2020,1,100,25
,26,,,,,Hyacinthus,,,,,New Zealand,,,,,,,,,,,20000,,,,1,,,,,,,,,,,,,None,,,,,,,,,,,,,,,0,,,2020,1,100,25
,26,,,,,Hyacinthus,,,,,New Zealand,,,,,,,,,,,20000,,,,1,,,,,,,,,,,,,None,,,,,,,,,,,,,,,0,,,2020,1,100,25
,26,,,,,Hyacinthus,,,,,New Zealand,,,,,,,,,,,20000,,,,1,,,,,,,,,,,,,None,,,,,,,,,,,,,,,0,,,2020,1,100,25
,26,,,,,Hyacinthus,,,,,New Zealand,,,,,,,,,,,20000,,,,1,,,,,,,,,,,,,None,,,,,,,,,,,,,,,0,,,2020,1,100,25
,26,,,,,Hyacinthus,,,,,New Zealand,,,,,,,,,,,20000,,,,1,,,,,,,,,,,,,None,,,,,,,,,,,,,,,0,,,2020,1,100,25
,27,,,,,Protea,,,,,Japan,,,,,,,,,,,20000,,,,1,,,,,,,,,,,,,None,,,,,,,,,,,,,,,0,,,2020,1,100,25
,27,,,,,Protea,,,,,Japan,,,,,,,,,,,20000,,,,1,,,,,,,,,,,,,None,,,,,,,,,,,,,,,0,,,2020,1,100,25
,27,,,,,Protea,,,,,Japan,,,,,,,,,,,20000,,,,1,,,,,,,,,,,,,None,,,,,,,,,,,,,,,0,,,2020,1,100,25
,27,,,,,Protea,,,,,Japan,,,,,,,,,,,20000,,,,1,,,,,,,,,,,,,None,,,,,,,,,,,,,,,0,,,2020,1,100,25
,27,,,,,Protea,,,,,Japan,,,,,,,,,,,20000,,,,1,,,,,,,,,,,,,None,,,,,,,,,,,,,,,0,,,2020,1,100,25
,27,,,,,Protea,,,,,Japan,,,,,,,,,,,20000,,,,1,,,,,,,,,,,,,None,,,,,,,,,,,,,,,0,,,2020,1,100,25
,27,,,,,Protea,,,,,Japan,,,,,,,,,,,20000,,,,1,,,,,,,,,,,,,None,,,,,,,,,,,,,,,0,,,2020,1,100,25
,27,,,,,Protea,,,,,Japan,,,,,,,,,,,20000,,,,1,,,,,,,,,,,,,None,,,,,,,,,,,,,,,0,,,2020,1,100,25
,27,,,,,Protea,,,,,Japan,,,,,,,,,,,20000,,,,1,,,,,,,,,,,,,None,,,,,,,,,,,,,,,0,,,2020,1,100,25
,27,,,,,Protea,,,,,Japan,,,,,,,,,,,20000,,,,1,,,,,,,,,,,,,None,,,,,,,,,,,,,,,0,,,2020,1,100,25
,27,,,,,Protea,,,,,Japan,,,,,,,,,,,20000,,,,1,,,,,,,,,,,,,None,,,,,,,,,,,,,,,0,,,2020,1,100,25
,27,,,,,Protea,,,,,Japan,,,,,,,,,,,20000,,,,1,,,,,,,,,,,,,None,,,,,,,,,,,,,,,0,,,2020,1,100,25
,27,,,,,Protea,,,,,Japan,,,,,,,,,,,20000,,,,1,,,,,,,,,,,,,None,,,,,,,,,,,,,,,0,,,2020,1,100,25
,27,,,,,Protea,,,,,Japan,,,,,,,,,,,20000,,,,1,,,,,,,,,,,,,None,,,,,,,,,,,,,,,0,,,2020,1,100,25
,27,,,,,Protea,,,,,Japan,,,,,,,,,,,20000,,,,1,,,,,,,,,,,,,None,,,,,,,,,,,,,,,0,,,2020,1,100,25
,27,,,,,Protea,,,,,Japan,,,,,,,,,,,20000,,,,1,,,,,,,,,,,,,None,,,,,,,,,,,,,,,0,,,2020,1,100,25
,27,,,,,Protea,,,,,Japan,,,,,,,,,,,20000,,,,1,,,,,,,,,,,,,None,,,,,,,,,,,,,,,0,,,2020,1,100,25
,27,,,,,Protea,,,,,Japan,,,,,,,,,,,20000,,,,1,,,,,,,,,,,,,None,,,,,,,,,,,,,,,0,,,2020,1,100,25
,27,,,,,Protea,,,,,Japan,,,,,,,,,,,20000,,,,1,,,,,,,,,,,,,None,,,,,,,,,,,,,,,0,,,2020,1,100,25
,27,,,,,Protea,,,,,Japan,,,,,,,,,,,20000,,,,1,,,,,,,,,,,,,None,,,,,,,,,,,,,,,0,,,2020,1,100,25
,27,,,,,Protea,,,,,Japan,,,,,,,,,,,20000,,,,1,,,,,,,,,,,,,None,,,,,,,,,,,,,,,0,,,2020,1,100,25
,27,,,,,Protea,,,,,Japan,,,,,,,,,,,20000,,,,1,,,,,,,,,,,,,None,,,,,,,,,,,,,,,0,,,2020,1,100,25
,27,,,,,Protea,,,,,Japan,,,,,,,,,,,20000,,,,1,,,,,,,,,,,,,None,,,,,,,,,,,,,,,0,,,2020,1,100,25
,27,,,,,Protea,,,,,Japan,,,,,,,,,,,20000,,,,1,,,,,,,,,,,,,None,,,,,,,,,,,,,,,0,,,2020,1,100,25
,27,,,,,Protea,,,,,Japan,,,,,,,,,,,20000,,,,1,,,,,,,,,,,,,None,,,,,,,,,,,,,,,0,,,2020,1,100,25
,28,,,,,Rosa,,,,,Tanzania,,,,,,,,,,,20000,,,,1,,,,,,,,,,,,,None,,,,,,,,,,,,,,,0,,,2020,1,100,25
,28,,,,,Rosa,,,,,Tanzania,,,,,,,,,,,20000,,,,1,,,,,,,,,,,,,None,,,,,,,,,,,,,,,0,,,2020,1,100,25
,28,,,,,Rosa,,,,,Tanzania,,,,,,,,,,,20000,,,,1,,,,,,,,,,,,,None,,,,,,,,,,,,,,,0,,,2020,1,100,25
,28,,,,,Rosa,,,,,Tanzania,,,,,,,,,,,20000,,,,1,,,,,,,,,,,,,None,,,,,,,,,,,,,,,0,,,2020,1,100,25
,28,,,,,Rosa,,,,,Tanzania,,,,,,,,,,,20000,,,,1,,,,,,,,,,,,,None,,,,,,,,,,,,,,,0,,,2020,1,100,25
,28,,,,,Rosa,,,,,Tanzania,,,,,,,,,,,20000,,,,1,,,,,,,,,,,,,None,,,,,,,,,,,,,,,0,,,2020,1,100,25
,28,,,,,Rosa,,,,,Tanzania,,,,,,,,,,,20000,,,,1,,,,,,,,,,,,,None,,,,,,,,,,,,,,,0,,,2020,1,100,25
,28,,,,,Rosa,,,,,Tanzania,,,,,,,,,,,20000,,,,1,,,,,,,,,,,,,None,,,,,,,,,,,,,,,0,,,2020,1,100,25
,28,,,,,Rosa,,,,,Tanzania,,,,,,,,,,,20000,,,,1,,,,,,,,,,,,,None,,,,,,,,,,,,,,,0,,,2020,1,100,25
,28,,,,,Rosa,,,,,Tanzania,,,,,,,,,,,20000,,,,1,,,,,,,,,,,,,None,,,,,,,,,,,,,,,0,,,2020,1,100,25
,28,,,,,Rosa,,,,,Tanzania,,,,,,,,,,,20000,,,,1,,,,,,,,,,,,,None,,,,,,,,,,,,,,,0,,,2020,1,100,25
,28,,,,,Rosa,,,,,Tanzania,,,,,,,,,,,20000,,,,1,,,,,,,,,,,,,None,,,,,,,,,,,,,,,0,,,2020,1,100,25
,28,,,,,Rosa,,,,,Tanzania,,,,,,,,,,,20000,,,,1,,,,,,,,,,,,,None,,,,,,,,,,,,,,,0,,,2020,1,100,25
,28,,,,,Rosa,,,,,Tanzania,,,,,,,,,,,20000,,,,1,,,,,,,,,,,,,None,,,,,,,,,,,,,,,0,,,2020,1,100,25
,28,,,,,Rosa,,,,,Tanzania,,,,,,,,,,,20000,,,,1,,,,,,,,,,,,,None,,,,,,,,,,,,,,,0,,,2020,1,100,25
,28,,,,,Rosa,,,,,Tanzania,,,,,,,,,,,20000,,,,1,,,,,,,,,,,,,None,,,,,,,,,,,,,,,0,,,2020,1,100,25
,28,,,,,Rosa,,,,,Tanzania,,,,,,,,,,,20000,,,,1,,,,,,,,,,,,,None,,,,,,,,,,,,,,,0,,,2020,1,100,25
,28,,,,,Rosa,,,,,Tanzania,,,,,,,,,,,20000,,,,1,,,,,,,,,,,,,None,,,,,,,,,,,,,,,0,,,2020,1,100,25
,28,,,,,Rosa,,,,,Tanzania,,,,,,,,,,,20000,,,,1,,,,,,,,,,,,,None,,,,,,,,,,,,,,,0,,,2020,1,100,25
,28,,,,,Rosa,,,,,Tanzania,,,,,,,,,,,20000,,,,1,,,,,,,,,,,,,None,,,,,,,,,,,,,,,0,,,2020,1,100,25
,28,,,,,Rosa,,,,,Tanzania,,,,,,,,,,,20000,,,,1,,,,,,,,,,,,,None,,,,,,,,,,,,,,,0,,,2020,1,100,25
,28,,,,,Rosa,,,,,Tanzania,,,,,,,,,,,20000,,,,1,,,,,,,,,,,,,None,,,,,,,,,,,,,,,0,,,2020,1,100,25
,28,,,,,Rosa,,,,,Tanzania,,,,,,,,,,,20000,,,,1,,,,,,,,,,,,,None,,,,,,,,,,,,,,,0,,,2020,1,100,25
,28,,,,,Rosa,,,,,Tanzania,,,,,,,,,,,20000,,,,1,,,,,,,,,,,,,None,,,,,,,,,,,,,,,0,,,2020,1,100,25
,28,,,,,Rosa,,,,,Tanzania,,,,,,,,,,,20000,,,,1,,,,,,,,,,,,,None,,,,,,,,,,,,,,,0,,,2020,1,100,25
,29,,,,,Hyacinthus,,,,,India,,,,,,,,,,,20000,,,,1,,,,,,,,,,,,,None,,,,,,,,,,,,,,,0,,,2020,1,100,25
,29,,,,,Hyacinthus,,,,,India,,,,,,,,,,,20000,,,,1,,,,,,,,,,,,,None,,,,,,,,,,,,,,,0,,,2020,1,100,25
,29,,,,,Hyacinthus,,,,,India,,,,,,,,,,,20000,,,,1,,,,,,,,,,,,,None,,,,,,,,,,,,,,,0,,,2020,1,100,25
,29,,,,,Hyacinthus,,,,,India,,,,,,,,,,,20000,,,,1,,,,,,,,,,,,,None,,,,,,,,,,,,,,,0,,,2020,1,100,25
,29,,,,,Hyacinthus,,,,,India,,,,,,,,,,,20000,,,,1,,,,,,,,,,,,,None,,,,,,,,,,,,,,,0,,,2020,1,100,25
,29,,,,,Hyacinthus,,,,,India,,,,,,,,,,,20000,,,,1,,,,,,,,,,,,,None,,,,,,,,,,,,,,,0,,,2020,1,100,25
,29,,,,,Hyacinthus,,,,,India,,,,,,,,,,,20000,,,,1,,,,,,,,,,,,,None,,,,,,,,,,,,,,,0,,,2020,1,100,25
,29,,,,,Hyacinthus,,,,,India,,,,,,,,,,,20000,,,,1,,,,,,,,,,,,,None,,,,,,,,,,,,,,,0,,,2020,1,100,25
,29,,,,,Hyacinthus,,,,,India,,,,,,,,,,,20000,,,,1,,,,,,,,,,,,,None,,,,,,,,,,,,,,,0,,,2020,1,100,25
,29,,,,,Hyacinthus,,,,,India,,,,,,,,,,,20000,,,,1,,,,,,,,,,,,,None,,,,,,,,,,,,,,,0,,,2020,1,100,25
,29,,,,,Hyacinthus,,,,,India,,,,,,,,,,,20000,,,,1,,,,,,,,,,,,,None,,,,,,,,,,,,,,,0,,,2020,1,100,25
,29,,,,,Hyacinthus,,,,,India,,,,,,,,,,,20000,,,,1,,,,,,,,,,,,,None,,,,,,,,,,,,,,,0,,,2020,1,100,25
,29,,,,,Hyacinthus,,,,,India,,,,,,,,,,,20000,,,,1,,,,,,,,,,,,,None,,,,,,,,,,,,,,,0,,,2020,1,100,25
,29,,,,,Hyacinthus,,,,,India,,,,,,,,,,,20000,,,,1,,,,,,,,,,,,,None,,,,,,,,,,,,,,,0,,,2020,1,100,25
,29,,,,,Hyacinthus,,,,,India,,,,,,,,,,,20000,,,,1,,,,,,,,,,,,,None,,,,,,,,,,,,,,,0,,,2020,1,100,25
,29,,,,,Hyacinthus,,,,,India,,,,,,,,,,,20000,,,,1,,,,,,,,,,,,,None,,,,,,,,,,,,,,,0,,,2020,1,100,25
,29,,,,,Hyacinthus,,,,,India,,,,,,,,,,,20000,,,,1,,,,,,,,,,,,,None,,,,,,,,,,,,,,,0,,,2020,1,100,25
,29,,,,,Hyacinthus,,,,,India,,,,,,,,,,,20000,,,,1,,,,,,,,,,,,,None,,,,,,,,,,,,,,,0,,,2020,1,100,25
,29,,,,,Hyacinthus,,,,,India,,,,,,,,,,,20000,,,,1,,,,,,,,,,,,,None,,,,,,,,,,,,,,,0,,,2020,1,100,25
,29,,,,,Hyacinthus,,,,,India,,,,,,,,,,,20000,,,,1,,,,,,,,,,,,,None,,,,,,,,,,,,,,,0,,,2020,1,100,25
,29,,,,,Hyacinthus,,,,,India,,,,,,,,,,,20000,,,,1,,,,,,,,,,,,,None,,,,,,,,,,,,,,,0,,,2020,1,100,25
,29,,,,,Hyacinthus,,,,,India,,,,,,,,,,,20000,,,,1,,,,,,,,,,,,,None,,,,,,,,,,,,,,,0,,,2020,1,100,25
,29,,,,,Hyacinthus,,,,,India,,,,,,,,,,,20000,,,,1,,,,,,,,,,,,,None,,,,,,,,,,,,,,,0,,,2020,1,100,25
,29,,,,,Hyacinthus,,,,,India,,,,,,,,,,,20000,,,,1,,,,,,,,,,,,,None,,,,,,,,,,,,,,,0,,,2020,1,100,25
,29,,,,,Hyacinthus,,,,,India,,,,,,,,,,,20000,,,,1,,,,,,,,,,,,,None,,,,,,,,,,,,,,,0,,,2020,1,100,25
,30,,,,,Anemone,,,,,Japan,,,,,,,,,,,20000,,,,1,,,,,,,,,,,,,None,,,,,,,,,,,,,,,0,,,2020,1,100,25
,30,,,,,Anemone,,,,,Japan,,,,,,,,,,,20000,,,,1,,,,,,,,,,,,,None,,,,,,,,,,,,,,,0,,,2020,1,100,25
,30,,,,,Anemone,,,,,Japan,,,,,,,,,,,20000,,,,1,,,,,,,,,,,,,None,,,,,,,,,,,,,,,0,,,2020,1,100,25
,30,,,,,Anemone,,,,,Japan,,,,,,,,,,,20000,,,,1,,,,,,,,,,,,,None,,,,,,,,,,,,,,,0,,,2020,1,100,25
,30,,,,,Anemone,,,,,Japan,,,,,,,,,,,20000,,,,1,,,,,,,,,,,,,None,,,,,,,,,,,,,,,0,,,2020,1,100,25
,30,,,,,Anemone,,,,,Japan,,,,,,,,,,,20000,,,,1,,,,,,,,,,,,,None,,,,,,,,,,,,,,,0,,,2020,1,100,25
,30,,,,,Anemone,,,,,Japan,,,,,,,,,,,20000,,,,1,,,,,,,,,,,,,None,,,,,,,,,,,,,,,0,,,2020,1,100,25
,30,,,,,Anemone,,,,,Japan,,,,,,,,,,,20000,,,,1,,,,,,,,,,,,,None,,,,,,,,,,,,,,,0,,,2020,1,100,25
,30,,,,,Anemone,,,,,Japan,,,,,,,,,,,20000,,,,1,,,,,,,,,,,,,None,,,,,,,,,,,,,,,0,,,2020,1,100,25
,30,,,,,Anemone,,,,,Japan,,,,,,,,,,,20000,,,,1,,,,,,,,,,,,,None,,,,,,,,,,,,,,,0,,,2020,1,100,25
,30,,,,,Anemone,,,,,Japan,,,,,,,,,,,20000,,,,1,,,,,,,,,,,,,None,,,,,,,,,,,,,,,0,,,2020,1,100,25
,30,,,,,Anemone,,,,,Japan,,,,,,,,,,,20000,,,,1,,,,,,,,,,,,,None,,,,,,,,,,,,,,,0,,,2020,1,100,25
,30,,,,,Anemone,,,,,Japan,,,,,,,,,,,20000,,,,1,,,,,,,,,,,,,None,,,,,,,,,,,,,,,0,,,2020,1,100,25
,30,,,,,Anemone,,,,,Japan,,,,,,,,,,,20000,,,,1,,,,,,,,,,,,,None,,,,,,,,,,,,,,,0,,,2020,1,100,25
,30,,,,,Anemone,,,,,Japan,,,,,,,,,,,20000,,,,1,,,,,,,,,,,,,None,,,,,,,,,,,,,,,0,,,2020,1,100,25
,30,,,,,Anemone,,,,,Japan,,,,,,,,,,,20000,,,,1,,,,,,,,,,,,,None,,,,,,,,,,,,,,,0,,,2020,1,100,25
,30,,,,,Anemone,,,,,Japan,,,,,,,,,,,20000,,,,1,,,,,,,,,,,,,None,,,,,,,,,,,,,,,0,,,2020,1,100,25
,30,,,,,Anemone,,,,,Japan,,,,,,,,,,,20000,,,,1,,,,,,,,,,,,,None,,,,,,,,,,,,,,,0,,,2020,1,100,25
,30,,,,,Anemone,,,,,Japan,,,,,,,,,,,20000,,,,1,,,,,,,,,,,,,None,,,,,,,,,,,,,,,0,,,2020,1,100,25
,30,,,,,Anemone,,,,,Japan,,,,,,,,,,,20000,,,,1,,,,,,,,,,,,,None,,,,,,,,,,,,,,,0,,,2020,1,100,25
,30,,,,,Anemone,,,,,Japan,,,,,,,,,,,20000,,,,1,,,,,,,,,,,,,None,,,,,,,,,,,,,,,0,,,2020,1,100,25
,30,,,,,Anemone,,,,,Japan,,,,,,,,,,,20000,,,,1,,,,,,,,,,,,,None,,,,,,,,,,,,,,,0,,,2020,1,100,25
,30,,,,,Anemone,,,,,Japan,,,,,,,,,,,20000,,,,1,,,,,,,,,,,,,None,,,,,,,,,,,,,,,0,,,2020,1,100,25
,30,,,,,Anemone,,,,,Japan,,,,,,,,,,,20000,,,,1,,,,,,,,,,,,,None,,,,,,,,,,,,,,,0,,,2020,1,100,25
,30,,,,,Anemone,,,,,Japan,,,,,,,,,,,20000,,,,1,,,,,,,,,,,,,None,,,,,,,,,,,,,,,0,,,2020,1,100,25
,31,,,,,Hyacinthus,,,,,Japan,,,,,,,,,,,20000,,,,1,,,,,,,,,,,,,None,,,,,,,,,,,,,,,0,,,2020,1,100,25
,31,,,,,Hyacinthus,,,,,Japan,,,,,,,,,,,20000,,,,1,,,,,,,,,,,,,None,,,,,,,,,,,,,,,0,,,2020,1,100,25
,31,,,,,Hyacinthus,,,,,Japan,,,,,,,,,,,20000,,,,1,,,,,,,,,,,,,None,,,,,,,,,,,,,,,0,,,2020,1,100,25
,31,,,,,Hyacinthus,,,,,Japan,,,,,,,,,,,20000,,,,1,,,,,,,,,,,,,None,,,,,,,,,,,,,,,0,,,2020,1,100,25
,31,,,,,Hyacinthus,,,,,Japan,,,,,,,,,,,20000,,,,1,,,,,,,,,,,,,None,,,,,,,,,,,,,,,0,,,2020,1,100,25
,31,,,,,Hyacinthus,,,,,Japan,,,,,,,,,,,20000,,,,1,,,,,,,,,,,,,None,,,,,,,,,,,,,,,0,,,2020,1,100,25
,31,,,,,Hyacinthus,,,,,Japan,,,,,,,,,,,20000,,,,1,,,,,,,,,,,,,None,,,,,,,,,,,,,,,0,,,2020,1,100,25
,31,,,,,Hyacinthus,,,,,Japan,,,,,,,,,,,20000,,,,1,,,,,,,,,,,,,None,,,,,,,,,,,,,,,0,,,2020,1,100,25
,31,,,,,Hyacinthus,,,,,Japan,,,,,,,,,,,20000,,,,1,,,,,,,,,,,,,None,,,,,,,,,,,,,,,0,,,2020,1,100,25
,31,,,,,Hyacinthus,,,,,Japan,,,,,,,,,,,20000,,,,1,,,,,,,,,,,,,None,,,,,,,,,,,,,,,0,,,2020,1,100,25
,31,,,,,Hyacinthus,,,,,Japan,,,,,,,,,,,20000,,,,1,,,,,,,,,,,,,None,,,,,,,,,,,,,,,0,,,2020,1,100,25
,31,,,,,Hyacinthus,,,,,Japan,,,,,,,,,,,20000,,,,1,,,,,,,,,,,,,None,,,,,,,,,,,,,,,0,,,2020,1,100,25
,31,,,,,Hyacinthus,,,,,Japan,,,,,,,,,,,20000,,,,1,,,,,,,,,,,,,None,,,,,,,,,,,,,,,0,,,2020,1,100,25
,31,,,,,Hyacinthus,,,,,Japan,,,,,,,,,,,20000,,,,1,,,,,,,,,,,,,None,,,,,,,,,,,,,,,0,,,2020,1,100,25
,31,,,,,Hyacinthus,,,,,Japan,,,,,,,,,,,20000,,,,1,,,,,,,,,,,,,None,,,,,,,,,,,,,,,0,,,2020,1,100,25
,31,,,,,Hyacinthus,,,,,Japan,,,,,,,,,,,20000,,,,1,,,,,,,,,,,,,None,,,,,,,,,,,,,,,0,,,2020,1,100,25
,31,,,,,Hyacinthus,,,,,Japan,,,,,,,,,,,20000,,,,1,,,,,,,,,,,,,None,,,,,,,,,,,,,,,0,,,2020,1,100,25
,31,,,,,Hyacinthus,,,,,Japan,,,,,,,,,,,20000,,,,1,,,,,,,,,,,,,None,,,,,,,,,,,,,,,0,,,2020,1,100,25
,31,,,,,Hyacinthus,,,,,Japan,,,,,,,,,,,20000,,,,1,,,,,,,,,,,,,None,,,,,,,,,,,,,,,0,,,2020,1,100,25
,31,,,,,Hyacinthus,,,,,Japan,,,,,,,,,,,20000,,,,1,,,,,,,,,,,,,None,,,,,,,,,,,,,,,0,,,2020,1,100,25
,31,,,,,Hyacinthus,,,,,Japan,,,,,,,,,,,20000,,,,1,,,,,,,,,,,,,None,,,,,,,,,,,,,,,0,,,2020,1,100,25
,31,,,,,Hyacinthus,,,,,Japan,,,,,,,,,,,20000,,,,1,,,,,,,,,,,,,None,,,,,,,,,,,,,,,0,,,2020,1,100,25
,31,,,,,Hyacinthus,,,,,Japan,,,,,,,,,,,20000,,,,1,,,,,,,,,,,,,None,,,,,,,,,,,,,,,0,,,2020,1,100,25
,31,,,,,Hyacinthus,,,,,Japan,,,,,,,,,,,20000,,,,1,,,,,,,,,,,,,None,,,,,,,,,,,,,,,0,,,2020,1,100,25
,31,,,,,Hyacinthus,,,,,Japan,,,,,,,,,,,20000,,,,1,,,,,,,,,,,,,None,,,,,,,,,,,,,,,0,,,2020,1,100,25
,32,,,,,Liatris,,,,,India,,,,,,,,,,,20000,,,,1,,,,,,,,,,,,,None,,,,,,,,,,,,,,,0,,,2020,1,100,25
,32,,,,,Liatris,,,,,India,,,,,,,,,,,20000,,,,1,,,,,,,,,,,,,None,,,,,,,,,,,,,,,0,,,2020,1,100,25
,32,,,,,Liatris,,,,,India,,,,,,,,,,,20000,,,,1,,,,,,,,,,,,,None,,,,,,,,,,,,,,,0,,,2020,1,100,25
,32,,,,,Liatris,,,,,India,,,,,,,,,,,20000,,,,1,,,,,,,,,,,,,None,,,,,,,,,,,,,,,0,,,2020,1,100,25
,32,,,,,Liatris,,,,,India,,,,,,,,,,,20000,,,,1,,,,,,,,,,,,,None,,,,,,,,,,,,,,,0,,,2020,1,100,25
,32,,,,,Liatris,,,,,India,,,,,,,,,,,20000,,,,1,,,,,,,,,,,,,None,,,,,,,,,,,,,,,0,,,2020,1,100,25
,32,,,,,Liatris,,,,,India,,,,,,,,,,,20000,,,,1,,,,,,,,,,,,,None,,,,,,,,,,,,,,,0,,,2020,1,100,25
,32,,,,,Liatris,,,,,India,,,,,,,,,,,20000,,,,1,,,,,,,,,,,,,None,,,,,,,,,,,,,,,0,,,2020,1,100,25
,32,,,,,Liatris,,,,,India,,,,,,,,,,,20000,,,,1,,,,,,,,,,,,,None,,,,,,,,,,,,,,,0,,,2020,1,100,25
,32,,,,,Liatris,,,,,India,,,,,,,,,,,20000,,,,1,,,,,,,,,,,,,None,,,,,,,,,,,,,,,0,,,2020,1,100,25
,32,,,,,Liatris,,,,,India,,,,,,,,,,,20000,,,,1,,,,,,,,,,,,,None,,,,,,,,,,,,,,,0,,,2020,1,100,25
,32,,,,,Liatris,,,,,India,,,,,,,,,,,20000,,,,1,,,,,,,,,,,,,None,,,,,,,,,,,,,,,0,,,2020,1,100,25
,32,,,,,Liatris,,,,,India,,,,,,,,,,,20000,,,,1,,,,,,,,,,,,,None,,,,,,,,,,,,,,,0,,,2020,1,100,25
,32,,,,,Liatris,,,,,India,,,,,,,,,,,20000,,,,1,,,,,,,,,,,,,None,,,,,,,,,,,,,,,0,,,2020,1,100,25
,32,,,,,Liatris,,,,,India,,,,,,,,,,,20000,,,,1,,,,,,,,,,,,,None,,,,,,,,,,,,,,,0,,,2020,1,100,25
,32,,,,,Liatris,,,,,India,,,,,,,,,,,20000,,,,1,,,,,,,,,,,,,None,,,,,,,,,,,,,,,0,,,2020,1,100,25
,32,,,,,Liatris,,,,,India,,,,,,,,,,,20000,,,,1,,,,,,,,,,,,,None,,,,,,,,,,,,,,,0,,,2020,1,100,25
,32,,,,,Liatris,,,,,India,,,,,,,,,,,20000,,,,1,,,,,,,,,,,,,None,,,,,,,,,,,,,,,0,,,2020,1,100,25
,32,,,,,Liatris,,,,,India,,,,,,,,,,,20000,,,,1,,,,,,,,,,,,,None,,,,,,,,,,,,,,,0,,,2020,1,100,25
,32,,,,,Liatris,,,,,India,,,,,,,,,,,20000,,,,1,,,,,,,,,,,,,None,,,,,,,,,,,,,,,0,,,2020,1,100,25
,32,,,,,Liatris,,,,,India,,,,,,,,,,,20000,,,,1,,,,,,,,,,,,,None,,,,,,,,,,,,,,,0,,,2020,1,100,25
,32,,,,,Liatris,,,,,India,,,,,,,,,,,20000,,,,1,,,,,,,,,,,,,None,,,,,,,,,,,,,,,0,,,2020,1,100,25
,32,,,,,Liatris,,,,,India,,,,,,,,,,,20000,,,,1,,,,,,,,,,,,,None,,,,,,,,,,,,,,,0,,,2020,1,100,25
,32,,,,,Liatris,,,,,India,,,,,,,,,,,20000,,,,1,,,,,,,,,,,,,None,,,,,,,,,,,,,,,0,,,2020,1,100,25
,32,,,,,Liatris,,,,,India,,,,,,,,,,,20000,,,,1,,,,,,,,,,,,,None,,,,,,,,,,,,,,,0,,,2020,1,100,25
,33,,,,,Actinidia,,,,,Netherlands,,,,,,,,,,,20000,,,,1,,,,,,,,,,,,,None,,,,,,,,,,,,,,,0,,,2020,1,100,25
,33,,,,,Actinidia,,,,,Netherlands,,,,,,,,,,,20000,,,,1,,,,,,,,,,,,,None,,,,,,,,,,,,,,,0,,,2020,1,100,25
,33,,,,,Actinidia,,,,,Netherlands,,,,,,,,,,,20000,,,,1,,,,,,,,,,,,,None,,,,,,,,,,,,,,,0,,,2020,1,100,25
,33,,,,,Actinidia,,,,,Netherlands,,,,,,,,,,,20000,,,,1,,,,,,,,,,,,,None,,,,,,,,,,,,,,,0,,,2020,1,100,25
,33,,,,,Actinidia,,,,,Netherlands,,,,,,,,,,,20000,,,,1,,,,,,,,,,,,,None,,,,,,,,,,,,,,,0,,,2020,1,100,25
,33,,,,,Actinidia,,,,,Netherlands,,,,,,,,,,,20000,,,,1,,,,,,,,,,,,,None,,,,,,,,,,,,,,,0,,,2020,1,100,25
,33,,,,,Actinidia,,,,,Netherlands,,,,,,,,,,,20000,,,,1,,,,,,,,,,,,,None,,,,,,,,,,,,,,,0,,,2020,1,100,25
,33,,,,,Actinidia,,,,,Netherlands,,,,,,,,,,,20000,,,,1,,,,,,,,,,,,,None,,,,,,,,,,,,,,,0,,,2020,1,100,25
,33,,,,,Actinidia,,,,,Netherlands,,,,,,,,,,,20000,,,,1,,,,,,,,,,,,,None,,,,,,,,,,,,,,,0,,,2020,1,100,25
,33,,,,,Actinidia,,,,,Netherlands,,,,,,,,,,,20000,,,,1,,,,,,,,,,,,,None,,,,,,,,,,,,,,,0,,,2020,1,100,25
,33,,,,,Actinidia,,,,,Netherlands,,,,,,,,,,,20000,,,,1,,,,,,,,,,,,,None,,,,,,,,,,,,,,,0,,,2020,1,100,25
,33,,,,,Actinidia,,,,,Netherlands,,,,,,,,,,,20000,,,,1,,,,,,,,,,,,,None,,,,,,,,,,,,,,,0,,,2020,1,100,25
,33,,,,,Actinidia,,,,,Netherlands,,,,,,,,,,,20000,,,,1,,,,,,,,,,,,,None,,,,,,,,,,,,,,,0,,,2020,1,100,25
,33,,,,,Actinidia,,,,,Netherlands,,,,,,,,,,,20000,,,,1,,,,,,,,,,,,,None,,,,,,,,,,,,,,,0,,,2020,1,100,25
,33,,,,,Actinidia,,,,,Netherlands,,,,,,,,,,,20000,,,,1,,,,,,,,,,,,,None,,,,,,,,,,,,,,,0,,,2020,1,100,25
,33,,,,,Actinidia,,,,,Netherlands,,,,,,,,,,,20000,,,,1,,,,,,,,,,,,,None,,,,,,,,,,,,,,,0,,,2020,1,100,25
,33,,,,,Actinidia,,,,,Netherlands,,,,,,,,,,,20000,,,,1,,,,,,,,,,,,,None,,,,,,,,,,,,,,,0,,,2020,1,100,25
,33,,,,,Actinidia,,,,,Netherlands,,,,,,,,,,,20000,,,,1,,,,,,,,,,,,,None,,,,,,,,,,,,,,,0,,,2020,1,100,25
,33,,,,,Actinidia,,,,,Netherlands,,,,,,,,,,,20000,,,,1,,,,,,,,,,,,,None,,,,,,,,,,,,,,,0,,,2020,1,100,25
,33,,,,,Actinidia,,,,,Netherlands,,,,,,,,,,,20000,,,,1,,,,,,,,,,,,,None,,,,,,,,,,,,,,,0,,,2020,1,100,25
,33,,,,,Actinidia,,,,,Netherlands,,,,,,,,,,,20000,,,,1,,,,,,,,,,,,,None,,,,,,,,,,,,,,,0,,,2020,1,100,25
,33,,,,,Actinidia,,,,,Netherlands,,,,,,,,,,,20000,,,,1,,,,,,,,,,,,,None,,,,,,,,,,,,,,,0,,,2020,1,100,25
,33,,,,,Actinidia,,,,,Netherlands,,,,,,,,,,,20000,,,,1,,,,,,,,,,,,,None,,,,,,,,,,,,,,,0,,,2020,1,100,25
,33,,,,,Actinidia,,,,,Netherlands,,,,,,,,,,,20000,,,,1,,,,,,,,,,,,,None,,,,,,,,,,,,,,,0,,,2020,1,100,25
,33,,,,,Actinidia,,,,,Netherlands,,,,,,,,,,,20000,,,,1,,,,,,,,,,,,,None,,,,,,,,,,,,,,,0,,,2020,1,100,25
,34,,,,,Rosa,,,,,New Zealand,,,,,,,,,,,20000,,,,1,,,,,,,,,,,,,None,,,,,,,,,,,,,,,0,,,2020,1,100,25
,34,,,,,Rosa,,,,,New Zealand,,,,,,,,,,,20000,,,,1,,,,,,,,,,,,,None,,,,,,,,,,,,,,,0,,,2020,1,100,25
,34,,,,,Rosa,,,,,New Zealand,,,,,,,,,,,20000,,,,1,,,,,,,,,,,,,None,,,,,,,,,,,,,,,0,,,2020,1,100,25
,34,,,,,Rosa,,,,,New Zealand,,,,,,,,,,,20000,,,,1,,,,,,,,,,,,,None,,,,,,,,,,,,,,,0,,,2020,1,100,25
,34,,,,,Rosa,,,,,New Zealand,,,,,,,,,,,20000,,,,1,,,,,,,,,,,,,None,,,,,,,,,,,,,,,0,,,2020,1,100,25
,34,,,,,Rosa,,,,,New Zealand,,,,,,,,,,,20000,,,,1,,,,,,,,,,,,,None,,,,,,,,,,,,,,,0,,,2020,1,100,25
,34,,,,,Rosa,,,,,New Zealand,,,,,,,,,,,20000,,,,1,,,,,,,,,,,,,None,,,,,,,,,,,,,,,0,,,2020,1,100,25
,34,,,,,Rosa,,,,,New Zealand,,,,,,,,,,,20000,,,,1,,,,,,,,,,,,,None,,,,,,,,,,,,,,,0,,,2020,1,100,25
,34,,,,,Rosa,,,,,New Zealand,,,,,,,,,,,20000,,,,1,,,,,,,,,,,,,None,,,,,,,,,,,,,,,0,,,2020,1,100,25
,34,,,,,Rosa,,,,,New Zealand,,,,,,,,,,,20000,,,,1,,,,,,,,,,,,,None,,,,,,,,,,,,,,,0,,,2020,1,100,25
,34,,,,,Rosa,,,,,New Zealand,,,,,,,,,,,20000,,,,1,,,,,,,,,,,,,None,,,,,,,,,,,,,,,0,,,2020,1,100,25
,34,,,,,Rosa,,,,,New Zealand,,,,,,,,,,,20000,,,,1,,,,,,,,,,,,,None,,,,,,,,,,,,,,,0,,,2020,1,100,25
,34,,,,,Rosa,,,,,New Zealand,,,,,,,,,,,20000,,,,1,,,,,,,,,,,,,None,,,,,,,,,,,,,,,0,,,2020,1,100,25
,34,,,,,Rosa,,,,,New Zealand,,,,,,,,,,,20000,,,,1,,,,,,,,,,,,,None,,,,,,,,,,,,,,,0,,,2020,1,100,25
,34,,,,,Rosa,,,,,New Zealand,,,,,,,,,,,20000,,,,1,,,,,,,,,,,,,None,,,,,,,,,,,,,,,0,,,2020,1,100,25
,34,,,,,Rosa,,,,,New Zealand,,,,,,,,,,,20000,,,,1,,,,,,,,,,,,,None,,,,,,,,,,,,,,,0,,,2020,1,100,25
,34,,,,,Rosa,,,,,New Zealand,,,,,,,,,,,20000,,,,1,,,,,,,,,,,,,None,,,,,,,,,,,,,,,0,,,2020,1,100,25
,34,,,,,Rosa,,,,,New Zealand,,,,,,,,,,,20000,,,,1,,,,,,,,,,,,,None,,,,,,,,,,,,,,,0,,,2020,1,100,25
,34,,,,,Rosa,,,,,New Zealand,,,,,,,,,,,20000,,,,1,,,,,,,,,,,,,None,,,,,,,,,,,,,,,0,,,2020,1,100,25
,34,,,,,Rosa,,,,,New Zealand,,,,,,,,,,,20000,,,,1,,,,,,,,,,,,,None,,,,,,,,,,,,,,,0,,,2020,1,100,25
,34,,,,,Rosa,,,,,New Zealand,,,,,,,,,,,20000,,,,1,,,,,,,,,,,,,None,,,,,,,,,,,,,,,0,,,2020,1,100,25
,34,,,,,Rosa,,,,,New Zealand,,,,,,,,,,,20000,,,,1,,,,,,,,,,,,,None,,,,,,,,,,,,,,,0,,,2020,1,100,25
,34,,,,,Rosa,,,,,New Zealand,,,,,,,,,,,20000,,,,1,,,,,,,,,,,,,None,,,,,,,,,,,,,,,0,,,2020,1,100,25
,34,,,,,Rosa,,,,,New Zealand,,,,,,,,,,,20000,,,,1,,,,,,,,,,,,,None,,,,,,,,,,,,,,,0,,,2020,1,100,25
,34,,,,,Rosa,,,,,New Zealand,,,,,,,,,,,20000,,,,1,,,,,,,,,,,,,None,,,,,,,,,,,,,,,0,,,2020,1,100,25
,35,,,,,Aegilops,,,,,Tanzania,,,,,,,,,,,20000,,,,1,,,,,,,,,,,,,None,,,,,,,,,,,,,,,0,,,2020,1,100,25
,35,,,,,Aegilops,,,,,Tanzania,,,,,,,,,,,20000,,,,1,,,,,,,,,,,,,None,,,,,,,,,,,,,,,0,,,2020,1,100,25
,35,,,,,Aegilops,,,,,Tanzania,,,,,,,,,,,20000,,,,1,,,,,,,,,,,,,None,,,,,,,,,,,,,,,0,,,2020,1,100,25
,35,,,,,Aegilops,,,,,Tanzania,,,,,,,,,,,20000,,,,1,,,,,,,,,,,,,None,,,,,,,,,,,,,,,0,,,2020,1,100,25
,35,,,,,Aegilops,,,,,Tanzania,,,,,,,,,,,20000,,,,1,,,,,,,,,,,,,None,,,,,,,,,,,,,,,0,,,2020,1,100,25
,35,,,,,Aegilops,,,,,Tanzania,,,,,,,,,,,20000,,,,1,,,,,,,,,,,,,None,,,,,,,,,,,,,,,0,,,2020,1,100,25
,35,,,,,Aegilops,,,,,Tanzania,,,,,,,,,,,20000,,,,1,,,,,,,,,,,,,None,,,,,,,,,,,,,,,0,,,2020,1,100,25
,35,,,,,Aegilops,,,,,Tanzania,,,,,,,,,,,20000,,,,1,,,,,,,,,,,,,None,,,,,,,,,,,,,,,0,,,2020,1,100,25
,35,,,,,Aegilops,,,,,Tanzania,,,,,,,,,,,20000,,,,1,,,,,,,,,,,,,None,,,,,,,,,,,,,,,0,,,2020,1,100,25
,35,,,,,Aegilops,,,,,Tanzania,,,,,,,,,,,20000,,,,1,,,,,,,,,,,,,None,,,,,,,,,,,,,,,0,,,2020,1,100,25
,35,,,,,Aegilops,,,,,Tanzania,,,,,,,,,,,20000,,,,1,,,,,,,,,,,,,None,,,,,,,,,,,,,,,0,,,2020,1,100,25
,35,,,,,Aegilops,,,,,Tanzania,,,,,,,,,,,20000,,,,1,,,,,,,,,,,,,None,,,,,,,,,,,,,,,0,,,2020,1,100,25
,35,,,,,Aegilops,,,,,Tanzania,,,,,,,,,,,20000,,,,1,,,,,,,,,,,,,None,,,,,,,,,,,,,,,0,,,2020,1,100,25
,35,,,,,Aegilops,,,,,Tanzania,,,,,,,,,,,20000,,,,1,,,,,,,,,,,,,None,,,,,,,,,,,,,,,0,,,2020,1,100,25
,35,,,,,Aegilops,,,,,Tanzania,,,,,,,,,,,20000,,,,1,,,,,,,,,,,,,None,,,,,,,,,,,,,,,0,,,2020,1,100,25
,35,,,,,Aegilops,,,,,Tanzania,,,,,,,,,,,20000,,,,1,,,,,,,,,,,,,None,,,,,,,,,,,,,,,0,,,2020,1,100,25
,35,,,,,Aegilops,,,,,Tanzania,,,,,,,,,,,20000,,,,1,,,,,,,,,,,,,None,,,,,,,,,,,,,,,0,,,2020,1,100,25
,35,,,,,Aegilops,,,,,Tanzania,,,,,,,,,,,20000,,,,1,,,,,,,,,,,,,None,,,,,,,,,,,,,,,0,,,2020,1,100,25
,35,,,,,Aegilops,,,,,Tanzania,,,,,,,,,,,20000,,,,1,,,,,,,,,,,,,None,,,,,,,,,,,,,,,0,,,2020,1,100,25
,35,,,,,Aegilops,,,,,Tanzania,,,,,,,,,,,20000,,,,1,,,,,,,,,,,,,None,,,,,,,,,,,,,,,0,,,2020,1,100,25
,35,,,,,Aegilops,,,,,Tanzania,,,,,,,,,,,20000,,,,1,,,,,,,,,,,,,None,,,,,,,,,,,,,,,0,,,2020,1,100,25
,35,,,,,Aegilops,,,,,Tanzania,,,,,,,,,,,20000,,,,1,,,,,,,,,,,,,None,,,,,,,,,,,,,,,0,,,2020,1,100,25
,35,,,,,Aegilops,,,,,Tanzania,,,,,,,,,,,20000,,,,1,,,,,,,,,,,,,None,,,,,,,,,,,,,,,0,,,2020,1,100,25
,35,,,,,Aegilops,,,,,Tanzania,,,,,,,,,,,20000,,,,1,,,,,,,,,,,,,None,,,,,,,,,,,,,,,0,,,2020,1,100,25
,35,,,,,Aegilops,,,,,Tanzania,,,,,,,,,,,20000,,,,1,,,,,,,,,,,,,None,,,,,,,,,,,,,,,0,,,2020,1,100,25
,36,,,,,Mokara,,,,,Mexico,,,,,,,,,,,20000,,,,1,,,,,,,,,,,,,None,,,,,,,,,,,,,,,0,,,2020,1,100,25
,36,,,,,Mokara,,,,,Mexico,,,,,,,,,,,20000,,,,1,,,,,,,,,,,,,None,,,,,,,,,,,,,,,0,,,2020,1,100,25
,36,,,,,Mokara,,,,,Mexico,,,,,,,,,,,20000,,,,1,,,,,,,,,,,,,None,,,,,,,,,,,,,,,0,,,2020,1,100,25
,36,,,,,Mokara,,,,,Mexico,,,,,,,,,,,20000,,,,1,,,,,,,,,,,,,None,,,,,,,,,,,,,,,0,,,2020,1,100,25
,36,,,,,Mokara,,,,,Mexico,,,,,,,,,,,20000,,,,1,,,,,,,,,,,,,None,,,,,,,,,,,,,,,0,,,2020,1,100,25
,36,,,,,Mokara,,,,,Mexico,,,,,,,,,,,20000,,,,1,,,,,,,,,,,,,None,,,,,,,,,,,,,,,0,,,2020,1,100,25
,36,,,,,Mokara,,,,,Mexico,,,,,,,,,,,20000,,,,1,,,,,,,,,,,,,None,,,,,,,,,,,,,,,0,,,2020,1,100,25
,36,,,,,Mokara,,,,,Mexico,,,,,,,,,,,20000,,,,1,,,,,,,,,,,,,None,,,,,,,,,,,,,,,0,,,2020,1,100,25
,36,,,,,Mokara,,,,,Mexico,,,,,,,,,,,20000,,,,1,,,,,,,,,,,,,None,,,,,,,,,,,,,,,0,,,2020,1,100,25
,36,,,,,Mokara,,,,,Mexico,,,,,,,,,,,20000,,,,1,,,,,,,,,,,,,None,,,,,,,,,,,,,,,0,,,2020,1,100,25
,36,,,,,Mokara,,,,,Mexico,,,,,,,,,,,20000,,,,1,,,,,,,,,,,,,None,,,,,,,,,,,,,,,0,,,2020,1,100,25
,36,,,,,Mokara,,,,,Mexico,,,,,,,,,,,20000,,,,1,,,,,,,,,,,,,None,,,,,,,,,,,,,,,0,,,2020,1,100,25
,36,,,,,Mokara,,,,,Mexico,,,,,,,,,,,20000,,,,1,,,,,,,,,,,,,None,,,,,,,,,,,,,,,0,,,2020,1,100,25
,36,,,,,Mokara,,,,,Mexico,,,,,,,,,,,20000,,,,1,,,,,,,,,,,,,None,,,,,,,,,,,,,,,0,,,2020,1,100,25
,36,,,,,Mokara,,,,,Mexico,,,,,,,,,,,20000,,,,1,,,,,,,,,,,,,None,,,,,,,,,,,,,,,0,,,2020,1,100,25
,36,,,,,Mokara,,,,,Mexico,,,,,,,,,,,20000,,,,1,,,,,,,,,,,,,None,,,,,,,,,,,,,,,0,,,2020,1,100,25
,36,,,,,Mokara,,,,,Mexico,,,,,,,,,,,20000,,,,1,,,,,,,,,,,,,None,,,,,,,,,,,,,,,0,,,2020,1,100,25
,36,,,,,Mokara,,,,,Mexico,,,,,,,,,,,20000,,,,1,,,,,,,,,,,,,None,,,,,,,,,,,,,,,0,,,2020,1,100,25
,36,,,,,Mokara,,,,,Mexico,,,,,,,,,,,20000,,,,1,,,,,,,,,,,,,None,,,,,,,,,,,,,,,0,,,2020,1,100,25
,36,,,,,Mokara,,,,,Mexico,,,,,,,,,,,20000,,,,1,,,,,,,,,,,,,None,,,,,,,,,,,,,,,0,,,2020,1,100,25
,36,,,,,Mokara,,,,,Mexico,,,,,,,,,,,20000,,,,1,,,,,,,,,,,,,None,,,,,,,,,,,,,,,0,,,2020,1,100,25
,36,,,,,Mokara,,,,,Mexico,,,,,,,,,,,20000,,,,1,,,,,,,,,,,,,None,,,,,,,,,,,,,,,0,,,2020,1,100,25
,36,,,,,Mokara,,,,,Mexico,,,,,,,,,,,20000,,,,1,,,,,,,,,,,,,None,,,,,,,,,,,,,,,0,,,2020,1,100,25
,36,,,,,Mokara,,,,,Mexico,,,,,,,,,,,20000,,,,1,,,,,,,,,,,,,None,,,,,,,,,,,,,,,0,,,2020,1,100,25
,36,,,,,Mokara,,,,,Mexico,,,,,,,,,,,20000,,,,1,,,,,,,,,,,,,None,,,,,,,,,,,,,,,0,,,2020,1,100,25
,37,,,,,Gerbera,,,,,India,,,,,,,,,,,20000,,,,1,,,,,,,,,,,,,None,,,,,,,,,,,,,,,0,,,2020,1,100,25
,37,,,,,Gerbera,,,,,India,,,,,,,,,,,20000,,,,1,,,,,,,,,,,,,None,,,,,,,,,,,,,,,0,,,2020,1,100,25
,37,,,,,Gerbera,,,,,India,,,,,,,,,,,20000,,,,1,,,,,,,,,,,,,None,,,,,,,,,,,,,,,0,,,2020,1,100,25
,37,,,,,Gerbera,,,,,India,,,,,,,,,,,20000,,,,1,,,,,,,,,,,,,None,,,,,,,,,,,,,,,0,,,2020,1,100,25
,37,,,,,Gerbera,,,,,India,,,,,,,,,,,20000,,,,1,,,,,,,,,,,,,None,,,,,,,,,,,,,,,0,,,2020,1,100,25
,37,,,,,Gerbera,,,,,India,,,,,,,,,,,20000,,,,1,,,,,,,,,,,,,None,,,,,,,,,,,,,,,0,,,2020,1,100,25
,37,,,,,Gerbera,,,,,India,,,,,,,,,,,20000,,,,1,,,,,,,,,,,,,None,,,,,,,,,,,,,,,0,,,2020,1,100,25
,37,,,,,Gerbera,,,,,India,,,,,,,,,,,20000,,,,1,,,,,,,,,,,,,None,,,,,,,,,,,,,,,0,,,2020,1,100,25
,37,,,,,Gerbera,,,,,India,,,,,,,,,,,20000,,,,1,,,,,,,,,,,,,None,,,,,,,,,,,,,,,0,,,2020,1,100,25
,37,,,,,Gerbera,,,,,India,,,,,,,,,,,20000,,,,1,,,,,,,,,,,,,None,,,,,,,,,,,,,,,0,,,2020,1,100,25
,37,,,,,Gerbera,,,,,India,,,,,,,,,,,20000,,,,1,,,,,,,,,,,,,None,,,,,,,,,,,,,,,0,,,2020,1,100,25
,37,,,,,Gerbera,,,,,India,,,,,,,,,,,20000,,,,1,,,,,,,,,,,,,None,,,,,,,,,,,,,,,0,,,2020,1,100,25
,37,,,,,Gerbera,,,,,India,,,,,,,,,,,20000,,,,1,,,,,,,,,,,,,None,,,,,,,,,,,,,,,0,,,2020,1,100,25
,37,,,,,Gerbera,,,,,India,,,,,,,,,,,20000,,,,1,,,,,,,,,,,,,None,,,,,,,,,,,,,,,0,,,2020,1,100,25
,37,,,,,Gerbera,,,,,India,,,,,,,,,,,20000,,,,1,,,,,,,,,,,,,None,,,,,,,,,,,,,,,0,,,2020,1,100,25
,37,,,,,Gerbera,,,,,India,,,,,,,,,,,20000,,,,1,,,,,,,,,,,,,None,,,,,,,,,,,,,,,0,,,2020,1,100,25
,37,,,,,Gerbera,,,,,India,,,,,,,,,,,20000,,,,1,,,,,,,,,,,,,None,,,,,,,,,,,,,,,0,,,2020,1,100,25
,37,,,,,Gerbera,,,,,India,,,,,,,,,,,20000,,,,1,,,,,,,,,,,,,None,,,,,,,,,,,,,,,0,,,2020,1,100,25
,37,,,,,Gerbera,,,,,India,,,,,,,,,,,20000,,,,1,,,,,,,,,,,,,None,,,,,,,,,,,,,,,0,,,2020,1,100,25
,37,,,,,Gerbera,,,,,India,,,,,,,,,,,20000,,,,1,,,,,,,,,,,,,None,,,,,,,,,,,,,,,0,,,2020,1,100,25
,37,,,,,Gerbera,,,,,India,,,,,,,,,,,20000,,,,1,,,,,,,,,,,,,None,,,,,,,,,,,,,,,0,,,2020,1,100,25
,37,,,,,Gerbera,,,,,India,,,,,,,,,,,20000,,,,1,,,,,,,,,,,,,None,,,,,,,,,,,,,,,0,,,2020,1,100,25
,37,,,,,Gerbera,,,,,India,,,,,,,,,,,20000,,,,1,,,,,,,,,,,,,None,,,,,,,,,,,,,,,0,,,2020,1,100,25
,37,,,,,Gerbera,,,,,India,,,,,,,,,,,20000,,,,1,,,,,,,,,,,,,None,,,,,,,,,,,,,,,0,,,2020,1,100,25
,37,,,,,Gerbera,,,,,India,,,,,,,,,,,20000,,,,1,,,,,,,,,,,,,None,,,,,,,,,,,,,,,0,,,2020,1,100,25
,38,,,,,Protea,,,,,Israel,,,,,,,,,,,20000,,,,1,,,,,,,,,,,,,None,,,,,,,,,,,,,,,0,,,2020,1,100,25
,38,,,,,Protea,,,,,Israel,,,,,,,,,,,20000,,,,1,,,,,,,,,,,,,None,,,,,,,,,,,,,,,0,,,2020,1,100,25
,38,,,,,Protea,,,,,Israel,,,,,,,,,,,20000,,,,1,,,,,,,,,,,,,None,,,,,,,,,,,,,,,0,,,2020,1,100,25
,38,,,,,Protea,,,,,Israel,,,,,,,,,,,20000,,,,1,,,,,,,,,,,,,None,,,,,,,,,,,,,,,0,,,2020,1,100,25
,38,,,,,Protea,,,,,Israel,,,,,,,,,,,20000,,,,1,,,,,,,,,,,,,None,,,,,,,,,,,,,,,0,,,2020,1,100,25
,38,,,,,Protea,,,,,Israel,,,,,,,,,,,20000,,,,1,,,,,,,,,,,,,None,,,,,,,,,,,,,,,0,,,2020,1,100,25
,38,,,,,Protea,,,,,Israel,,,,,,,,,,,20000,,,,1,,,,,,,,,,,,,None,,,,,,,,,,,,,,,0,,,2020,1,100,25
,38,,,,,Protea,,,,,Israel,,,,,,,,,,,20000,,,,1,,,,,,,,,,,,,None,,,,,,,,,,,,,,,0,,,2020,1,100,25
,38,,,,,Protea,,,,,Israel,,,,,,,,,,,20000,,,,1,,,,,,,,,,,,,None,,,,,,,,,,,,,,,0,,,2020,1,100,25
,38,,,,,Protea,,,,,Israel,,,,,,,,,,,20000,,,,1,,,,,,,,,,,,,None,,,,,,,,,,,,,,,0,,,2020,1,100,25
,38,,,,,Protea,,,,,Israel,,,,,,,,,,,20000,,,,1,,,,,,,,,,,,,None,,,,,,,,,,,,,,,0,,,2020,1,100,25
,38,,,,,Protea,,,,,Israel,,,,,,,,,,,20000,,,,1,,,,,,,,,,,,,None,,,,,,,,,,,,,,,0,,,2020,1,100,25
,38,,,,,Protea,,,,,Israel,,,,,,,,,,,20000,,,,1,,,,,,,,,,,,,None,,,,,,,,,,,,,,,0,,,2020,1,100,25
,38,,,,,Protea,,,,,Israel,,,,,,,,,,,20000,,,,1,,,,,,,,,,,,,None,,,,,,,,,,,,,,,0,,,2020,1,100,25
,38,,,,,Protea,,,,,Israel,,,,,,,,,,,20000,,,,1,,,,,,,,,,,,,None,,,,,,,,,,,,,,,0,,,2020,1,100,25
,38,,,,,Protea,,,,,Israel,,,,,,,,,,,20000,,,,1,,,,,,,,,,,,,None,,,,,,,,,,,,,,,0,,,2020,1,100,25
,38,,,,,Protea,,,,,Israel,,,,,,,,,,,20000,,,,1,,,,,,,,,,,,,None,,,,,,,,,,,,,,,0,,,2020,1,100,25
,38,,,,,Protea,,,,,Israel,,,,,,,,,,,20000,,,,1,,,,,,,,,,,,,None,,,,,,,,,,,,,,,0,,,2020,1,100,25
,38,,,,,Protea,,,,,Israel,,,,,,,,,,,20000,,,,1,,,,,,,,,,,,,None,,,,,,,,,,,,,,,0,,,2020,1,100,25
,38,,,,,Protea,,,,,Israel,,,,,,,,,,,20000,,,,1,,,,,,,,,,,,,None,,,,,,,,,,,,,,,0,,,2020,1,100,25
,38,,,,,Protea,,,,,Israel,,,,,,,,,,,20000,,,,1,,,,,,,,,,,,,None,,,,,,,,,,,,,,,0,,,2020,1,100,25
,38,,,,,Protea,,,,,Israel,,,,,,,,,,,20000,,,,1,,,,,,,,,,,,,None,,,,,,,,,,,,,,,0,,,2020,1,100,25
,38,,,,,Protea,,,,,Israel,,,,,,,,,,,20000,,,,1,,,,,,,,,,,,,None,,,,,,,,,,,,,,,0,,,2020,1,100,25
,38,,,,,Protea,,,,,Israel,,,,,,,,,,,20000,,,,1,,,,,,,,,,,,,None,,,,,,,,,,,,,,,0,,,2020,1,100,25
,38,,,,,Protea,,,,,Israel,,,,,,,,,,,20000,,,,1,,,,,,,,,,,,,None,,,,,,,,,,,,,,,0,,,2020,1,100,25
,39,,,,,Protea,,,,,India,,,,,,,,,,,20000,,,,1,,,,,,,,,,,,,None,,,,,,,,,,,,,,,0,,,2020,1,100,25
,39,,,,,Protea,,,,,India,,,,,,,,,,,20000,,,,1,,,,,,,,,,,,,None,,,,,,,,,,,,,,,0,,,2020,1,100,25
,39,,,,,Protea,,,,,India,,,,,,,,,,,20000,,,,1,,,,,,,,,,,,,None,,,,,,,,,,,,,,,0,,,2020,1,100,25
,39,,,,,Protea,,,,,India,,,,,,,,,,,20000,,,,1,,,,,,,,,,,,,None,,,,,,,,,,,,,,,0,,,2020,1,100,25
,39,,,,,Protea,,,,,India,,,,,,,,,,,20000,,,,1,,,,,,,,,,,,,None,,,,,,,,,,,,,,,0,,,2020,1,100,25
,39,,,,,Protea,,,,,India,,,,,,,,,,,20000,,,,1,,,,,,,,,,,,,None,,,,,,,,,,,,,,,0,,,2020,1,100,25
,39,,,,,Protea,,,,,India,,,,,,,,,,,20000,,,,1,,,,,,,,,,,,,None,,,,,,,,,,,,,,,0,,,2020,1,100,25
,39,,,,,Protea,,,,,India,,,,,,,,,,,20000,,,,1,,,,,,,,,,,,,None,,,,,,,,,,,,,,,0,,,2020,1,100,25
,39,,,,,Protea,,,,,India,,,,,,,,,,,20000,,,,1,,,,,,,,,,,,,None,,,,,,,,,,,,,,,0,,,2020,1,100,25
,39,,,,,Protea,,,,,India,,,,,,,,,,,20000,,,,1,,,,,,,,,,,,,None,,,,,,,,,,,,,,,0,,,2020,1,100,25
,39,,,,,Protea,,,,,India,,,,,,,,,,,20000,,,,1,,,,,,,,,,,,,None,,,,,,,,,,,,,,,0,,,2020,1,100,25
,39,,,,,Protea,,,,,India,,,,,,,,,,,20000,,,,1,,,,,,,,,,,,,None,,,,,,,,,,,,,,,0,,,2020,1,100,25
,39,,,,,Protea,,,,,India,,,,,,,,,,,20000,,,,1,,,,,,,,,,,,,None,,,,,,,,,,,,,,,0,,,2020,1,100,25
,39,,,,,Protea,,,,,India,,,,,,,,,,,20000,,,,1,,,,,,,,,,,,,None,,,,,,,,,,,,,,,0,,,2020,1,100,25
,39,,,,,Protea,,,,,India,,,,,,,,,,,20000,,,,1,,,,,,,,,,,,,None,,,,,,,,,,,,,,,0,,,2020,1,100,25
,39,,,,,Protea,,,,,India,,,,,,,,,,,20000,,,,1,,,,,,,,,,,,,None,,,,,,,,,,,,,,,0,,,2020,1,100,25
,39,,,,,Protea,,,,,India,,,,,,,,,,,20000,,,,1,,,,,,,,,,,,,None,,,,,,,,,,,,,,,0,,,2020,1,100,25
,39,,,,,Protea,,,,,India,,,,,,,,,,,20000,,,,1,,,,,,,,,,,,,None,,,,,,,,,,,,,,,0,,,2020,1,100,25
,39,,,,,Protea,,,,,India,,,,,,,,,,,20000,,,,1,,,,,,,,,,,,,None,,,,,,,,,,,,,,,0,,,2020,1,100,25
,39,,,,,Protea,,,,,India,,,,,,,,,,,20000,,,,1,,,,,,,,,,,,,None,,,,,,,,,,,,,,,0,,,2020,1,100,25
,39,,,,,Protea,,,,,India,,,,,,,,,,,20000,,,,1,,,,,,,,,,,,,None,,,,,,,,,,,,,,,0,,,2020,1,100,25
,39,,,,,Protea,,,,,India,,,,,,,,,,,20000,,,,1,,,,,,,,,,,,,None,,,,,,,,,,,,,,,0,,,2020,1,100,25
,39,,,,,Protea,,,,,India,,,,,,,,,,,20000,,,,1,,,,,,,,,,,,,None,,,,,,,,,,,,,,,0,,,2020,1,100,25
,39,,,,,Protea,,,,,India,,,,,,,,,,,20000,,,,1,,,,,,,,,,,,,None,,,,,,,,,,,,,,,0,,,2020,1,100,25
,39,,,,,Protea,,,,,India,,,,,,,,,,,20000,,,,1,,,,,,,,,,,,,None,,,,,,,,,,,,,,,0,,,2020,1,100,25
,40,,,,,Anemone,,,,,Mexico,,,,,,,,,,,20000,,,,1,,,,,,,,,,,,,None,,,,,,,,,,,,,,,0,,,2020,1,100,25
,40,,,,,Anemone,,,,,Mexico,,,,,,,,,,,20000,,,,1,,,,,,,,,,,,,None,,,,,,,,,,,,,,,0,,,2020,1,100,25
,40,,,,,Anemone,,,,,Mexico,,,,,,,,,,,20000,,,,1,,,,,,,,,,,,,None,,,,,,,,,,,,,,,0,,,2020,1,100,25
,40,,,,,Anemone,,,,,Mexico,,,,,,,,,,,20000,,,,1,,,,,,,,,,,,,None,,,,,,,,,,,,,,,0,,,2020,1,100,25
,40,,,,,Anemone,,,,,Mexico,,,,,,,,,,,20000,,,,1,,,,,,,,,,,,,None,,,,,,,,,,,,,,,0,,,2020,1,100,25
,40,,,,,Anemone,,,,,Mexico,,,,,,,,,,,20000,,,,1,,,,,,,,,,,,,None,,,,,,,,,,,,,,,0,,,2020,1,100,25
,40,,,,,Anemone,,,,,Mexico,,,,,,,,,,,20000,,,,1,,,,,,,,,,,,,None,,,,,,,,,,,,,,,0,,,2020,1,100,25
,40,,,,,Anemone,,,,,Mexico,,,,,,,,,,,20000,,,,1,,,,,,,,,,,,,None,,,,,,,,,,,,,,,0,,,2020,1,100,25
,40,,,,,Anemone,,,,,Mexico,,,,,,,,,,,20000,,,,1,,,,,,,,,,,,,None,,,,,,,,,,,,,,,0,,,2020,1,100,25
,40,,,,,Anemone,,,,,Mexico,,,,,,,,,,,20000,,,,1,,,,,,,,,,,,,None,,,,,,,,,,,,,,,0,,,2020,1,100,25
,40,,,,,Anemone,,,,,Mexico,,,,,,,,,,,20000,,,,1,,,,,,,,,,,,,None,,,,,,,,,,,,,,,0,,,2020,1,100,25
,40,,,,,Anemone,,,,,Mexico,,,,,,,,,,,20000,,,,1,,,,,,,,,,,,,None,,,,,,,,,,,,,,,0,,,2020,1,100,25
,40,,,,,Anemone,,,,,Mexico,,,,,,,,,,,20000,,,,1,,,,,,,,,,,,,None,,,,,,,,,,,,,,,0,,,2020,1,100,25
,40,,,,,Anemone,,,,,Mexico,,,,,,,,,,,20000,,,,1,,,,,,,,,,,,,None,,,,,,,,,,,,,,,0,,,2020,1,100,25
,40,,,,,Anemone,,,,,Mexico,,,,,,,,,,,20000,,,,1,,,,,,,,,,,,,None,,,,,,,,,,,,,,,0,,,2020,1,100,25
,40,,,,,Anemone,,,,,Mexico,,,,,,,,,,,20000,,,,1,,,,,,,,,,,,,None,,,,,,,,,,,,,,,0,,,2020,1,100,25
,40,,,,,Anemone,,,,,Mexico,,,,,,,,,,,20000,,,,1,,,,,,,,,,,,,None,,,,,,,,,,,,,,,0,,,2020,1,100,25
,40,,,,,Anemone,,,,,Mexico,,,,,,,,,,,20000,,,,1,,,,,,,,,,,,,None,,,,,,,,,,,,,,,0,,,2020,1,100,25
,40,,,,,Anemone,,,,,Mexico,,,,,,,,,,,20000,,,,1,,,,,,,,,,,,,None,,,,,,,,,,,,,,,0,,,2020,1,100,25
,40,,,,,Anemone,,,,,Mexico,,,,,,,,,,,20000,,,,1,,,,,,,,,,,,,None,,,,,,,,,,,,,,,0,,,2020,1,100,25
,40,,,,,Anemone,,,,,Mexico,,,,,,,,,,,20000,,,,1,,,,,,,,,,,,,None,,,,,,,,,,,,,,,0,,,2020,1,100,25
,40,,,,,Anemone,,,,,Mexico,,,,,,,,,,,20000,,,,1,,,,,,,,,,,,,None,,,,,,,,,,,,,,,0,,,2020,1,100,25
,40,,,,,Anemone,,,,,Mexico,,,,,,,,,,,20000,,,,1,,,,,,,,,,,,,None,,,,,,,,,,,,,,,0,,,2020,1,100,25
,40,,,,,Anemone,,,,,Mexico,,,,,,,,,,,20000,,,,1,,,,,,,,,,,,,None,,,,,,,,,,,,,,,0,,,2020,1,100,25
,40,,,,,Anemone,,,,,Mexico,,,,,,,,,,,20000,,,,1,,,,,,,,,,,,,None,,,,,,,,,,,,,,,0,,,2020,1,100,25
,41,,,,,Actinidia,,,,,Netherlands,,,,,,,,,,,20000,,,,1,,,,,,,,,,,,,None,,,,,,,,,,,,,,,0,,,2020,1,100,25
,41,,,,,Actinidia,,,,,Netherlands,,,,,,,,,,,20000,,,,1,,,,,,,,,,,,,None,,,,,,,,,,,,,,,0,,,2020,1,100,25
,41,,,,,Actinidia,,,,,Netherlands,,,,,,,,,,,20000,,,,1,,,,,,,,,,,,,None,,,,,,,,,,,,,,,0,,,2020,1,100,25
,41,,,,,Actinidia,,,,,Netherlands,,,,,,,,,,,20000,,,,1,,,,,,,,,,,,,None,,,,,,,,,,,,,,,0,,,2020,1,100,25
,41,,,,,Actinidia,,,,,Netherlands,,,,,,,,,,,20000,,,,1,,,,,,,,,,,,,None,,,,,,,,,,,,,,,0,,,2020,1,100,25
,41,,,,,Actinidia,,,,,Netherlands,,,,,,,,,,,20000,,,,1,,,,,,,,,,,,,None,,,,,,,,,,,,,,,0,,,2020,1,100,25
,41,,,,,Actinidia,,,,,Netherlands,,,,,,,,,,,20000,,,,1,,,,,,,,,,,,,None,,,,,,,,,,,,,,,0,,,2020,1,100,25
,41,,,,,Actinidia,,,,,Netherlands,,,,,,,,,,,20000,,,,1,,,,,,,,,,,,,None,,,,,,,,,,,,,,,0,,,2020,1,100,25
,41,,,,,Actinidia,,,,,Netherlands,,,,,,,,,,,20000,,,,1,,,,,,,,,,,,,None,,,,,,,,,,,,,,,0,,,2020,1,100,25
,41,,,,,Actinidia,,,,,Netherlands,,,,,,,,,,,20000,,,,1,,,,,,,,,,,,,None,,,,,,,,,,,,,,,0,,,2020,1,100,25
,41,,,,,Actinidia,,,,,Netherlands,,,,,,,,,,,20000,,,,1,,,,,,,,,,,,,None,,,,,,,,,,,,,,,0,,,2020,1,100,25
,41,,,,,Actinidia,,,,,Netherlands,,,,,,,,,,,20000,,,,1,,,,,,,,,,,,,None,,,,,,,,,,,,,,,0,,,2020,1,100,25
,41,,,,,Actinidia,,,,,Netherlands,,,,,,,,,,,20000,,,,1,,,,,,,,,,,,,None,,,,,,,,,,,,,,,0,,,2020,1,100,25
,41,,,,,Actinidia,,,,,Netherlands,,,,,,,,,,,20000,,,,1,,,,,,,,,,,,,None,,,,,,,,,,,,,,,0,,,2020,1,100,25
,41,,,,,Actinidia,,,,,Netherlands,,,,,,,,,,,20000,,,,1,,,,,,,,,,,,,None,,,,,,,,,,,,,,,0,,,2020,1,100,25
,41,,,,,Actinidia,,,,,Netherlands,,,,,,,,,,,20000,,,,1,,,,,,,,,,,,,None,,,,,,,,,,,,,,,0,,,2020,1,100,25
,41,,,,,Actinidia,,,,,Netherlands,,,,,,,,,,,20000,,,,1,,,,,,,,,,,,,None,,,,,,,,,,,,,,,0,,,2020,1,100,25
,41,,,,,Actinidia,,,,,Netherlands,,,,,,,,,,,20000,,,,1,,,,,,,,,,,,,None,,,,,,,,,,,,,,,0,,,2020,1,100,25
,41,,,,,Actinidia,,,,,Netherlands,,,,,,,,,,,20000,,,,1,,,,,,,,,,,,,None,,,,,,,,,,,,,,,0,,,2020,1,100,25
,41,,,,,Actinidia,,,,,Netherlands,,,,,,,,,,,20000,,,,1,,,,,,,,,,,,,None,,,,,,,,,,,,,,,0,,,2020,1,100,25
,41,,,,,Actinidia,,,,,Netherlands,,,,,,,,,,,20000,,,,1,,,,,,,,,,,,,None,,,,,,,,,,,,,,,0,,,2020,1,100,25
,41,,,,,Actinidia,,,,,Netherlands,,,,,,,,,,,20000,,,,1,,,,,,,,,,,,,None,,,,,,,,,,,,,,,0,,,2020,1,100,25
,41,,,,,Actinidia,,,,,Netherlands,,,,,,,,,,,20000,,,,1,,,,,,,,,,,,,None,,,,,,,,,,,,,,,0,,,2020,1,100,25
,41,,,,,Actinidia,,,,,Netherlands,,,,,,,,,,,20000,,,,1,,,,,,,,,,,,,None,,,,,,,,,,,,,,,0,,,2020,1,100,25
,41,,,,,Actinidia,,,,,Netherlands,,,,,,,,,,,20000,,,,1,,,,,,,,,,,,,None,,,,,,,,,,,,,,,0,,,2020,1,100,25
,42,,,,,Gerbera,,,,,Japan,,,,,,,,,,,20000,,,,1,,,,,,,,,,,,,None,,,,,,,,,,,,,,,0,,,2020,1,100,25
,42,,,,,Gerbera,,,,,Japan,,,,,,,,,,,20000,,,,1,,,,,,,,,,,,,None,,,,,,,,,,,,,,,0,,,2020,1,100,25
,42,,,,,Gerbera,,,,,Japan,,,,,,,,,,,20000,,,,1,,,,,,,,,,,,,None,,,,,,,,,,,,,,,0,,,2020,1,100,25
,42,,,,,Gerbera,,,,,Japan,,,,,,,,,,,20000,,,,1,,,,,,,,,,,,,None,,,,,,,,,,,,,,,0,,,2020,1,100,25
,42,,,,,Gerbera,,,,,Japan,,,,,,,,,,,20000,,,,1,,,,,,,,,,,,,None,,,,,,,,,,,,,,,0,,,2020,1,100,25
,42,,,,,Gerbera,,,,,Japan,,,,,,,,,,,20000,,,,1,,,,,,,,,,,,,None,,,,,,,,,,,,,,,0,,,2020,1,100,25
,42,,,,,Gerbera,,,,,Japan,,,,,,,,,,,20000,,,,1,,,,,,,,,,,,,None,,,,,,,,,,,,,,,0,,,2020,1,100,25
,42,,,,,Gerbera,,,,,Japan,,,,,,,,,,,20000,,,,1,,,,,,,,,,,,,None,,,,,,,,,,,,,,,0,,,2020,1,100,25
,42,,,,,Gerbera,,,,,Japan,,,,,,,,,,,20000,,,,1,,,,,,,,,,,,,None,,,,,,,,,,,,,,,0,,,2020,1,100,25
,42,,,,,Gerbera,,,,,Japan,,,,,,,,,,,20000,,,,1,,,,,,,,,,,,,None,,,,,,,,,,,,,,,0,,,2020,1,100,25
,42,,,,,Gerbera,,,,,Japan,,,,,,,,,,,20000,,,,1,,,,,,,,,,,,,None,,,,,,,,,,,,,,,0,,,2020,1,100,25
,42,,,,,Gerbera,,,,,Japan,,,,,,,,,,,20000,,,,1,,,,,,,,,,,,,None,,,,,,,,,,,,,,,0,,,2020,1,100,25
,42,,,,,Gerbera,,,,,Japan,,,,,,,,,,,20000,,,,1,,,,,,,,,,,,,None,,,,,,,,,,,,,,,0,,,2020,1,100,25
,42,,,,,Gerbera,,,,,Japan,,,,,,,,,,,20000,,,,1,,,,,,,,,,,,,None,,,,,,,,,,,,,,,0,,,2020,1,100,25
,42,,,,,Gerbera,,,,,Japan,,,,,,,,,,,20000,,,,1,,,,,,,,,,,,,None,,,,,,,,,,,,,,,0,,,2020,1,100,25
,42,,,,,Gerbera,,,,,Japan,,,,,,,,,,,20000,,,,1,,,,,,,,,,,,,None,,,,,,,,,,,,,,,0,,,2020,1,100,25
,42,,,,,Gerbera,,,,,Japan,,,,,,,,,,,20000,,,,1,,,,,,,,,,,,,None,,,,,,,,,,,,,,,0,,,2020,1,100,25
,42,,,,,Gerbera,,,,,Japan,,,,,,,,,,,20000,,,,1,,,,,,,,,,,,,None,,,,,,,,,,,,,,,0,,,2020,1,100,25
,42,,,,,Gerbera,,,,,Japan,,,,,,,,,,,20000,,,,1,,,,,,,,,,,,,None,,,,,,,,,,,,,,,0,,,2020,1,100,25
,42,,,,,Gerbera,,,,,Japan,,,,,,,,,,,20000,,,,1,,,,,,,,,,,,,None,,,,,,,,,,,,,,,0,,,2020,1,100,25
,42,,,,,Gerbera,,,,,Japan,,,,,,,,,,,20000,,,,1,,,,,,,,,,,,,None,,,,,,,,,,,,,,,0,,,2020,1,100,25
,42,,,,,Gerbera,,,,,Japan,,,,,,,,,,,20000,,,,1,,,,,,,,,,,,,None,,,,,,,,,,,,,,,0,,,2020,1,100,25
,42,,,,,Gerbera,,,,,Japan,,,,,,,,,,,20000,,,,1,,,,,,,,,,,,,None,,,,,,,,,,,,,,,0,,,2020,1,100,25
,42,,,,,Gerbera,,,,,Japan,,,,,,,,,,,20000,,,,1,,,,,,,,,,,,,None,,,,,,,,,,,,,,,0,,,2020,1,100,25
,42,,,,,Gerbera,,,,,Japan,,,,,,,,,,,20000,,,,1,,,,,,,,,,,,,None,,,,,,,,,,,,,,,0,,,2020,1,100,25
,43,,,,,Aegilops,,,,,Tanzania,,,,,,,,,,,20000,,,,1,,,,,,,,,,,,,None,,,,,,,,,,,,,,,0,,,2020,1,100,25
,43,,,,,Aegilops,,,,,Tanzania,,,,,,,,,,,20000,,,,1,,,,,,,,,,,,,None,,,,,,,,,,,,,,,0,,,2020,1,100,25
,43,,,,,Aegilops,,,,,Tanzania,,,,,,,,,,,20000,,,,1,,,,,,,,,,,,,None,,,,,,,,,,,,,,,0,,,2020,1,100,25
,43,,,,,Aegilops,,,,,Tanzania,,,,,,,,,,,20000,,,,1,,,,,,,,,,,,,None,,,,,,,,,,,,,,,0,,,2020,1,100,25
,43,,,,,Aegilops,,,,,Tanzania,,,,,,,,,,,20000,,,,1,,,,,,,,,,,,,None,,,,,,,,,,,,,,,0,,,2020,1,100,25
,43,,,,,Aegilops,,,,,Tanzania,,,,,,,,,,,20000,,,,1,,,,,,,,,,,,,None,,,,,,,,,,,,,,,0,,,2020,1,100,25
,43,,,,,Aegilops,,,,,Tanzania,,,,,,,,,,,20000,,,,1,,,,,,,,,,,,,None,,,,,,,,,,,,,,,0,,,2020,1,100,25
,43,,,,,Aegilops,,,,,Tanzania,,,,,,,,,,,20000,,,,1,,,,,,,,,,,,,None,,,,,,,,,,,,,,,0,,,2020,1,100,25
,43,,,,,Aegilops,,,,,Tanzania,,,,,,,,,,,20000,,,,1,,,,,,,,,,,,,None,,,,,,,,,,,,,,,0,,,2020,1,100,25
,43,,,,,Aegilops,,,,,Tanzania,,,,,,,,,,,20000,,,,1,,,,,,,,,,,,,None,,,,,,,,,,,,,,,0,,,2020,1,100,25
,43,,,,,Aegilops,,,,,Tanzania,,,,,,,,,,,20000,,,,1,,,,,,,,,,,,,None,,,,,,,,,,,,,,,0,,,2020,1,100,25
,43,,,,,Aegilops,,,,,Tanzania,,,,,,,,,,,20000,,,,1,,,,,,,,,,,,,None,,,,,,,,,,,,,,,0,,,2020,1,100,25
,43,,,,,Aegilops,,,,,Tanzania,,,,,,,,,,,20000,,,,1,,,,,,,,,,,,,None,,,,,,,,,,,,,,,0,,,2020,1,100,25
,43,,,,,Aegilops,,,,,Tanzania,,,,,,,,,,,20000,,,,1,,,,,,,,,,,,,None,,,,,,,,,,,,,,,0,,,2020,1,100,25
,43,,,,,Aegilops,,,,,Tanzania,,,,,,,,,,,20000,,,,1,,,,,,,,,,,,,None,,,,,,,,,,,,,,,0,,,2020,1,100,25
,43,,,,,Aegilops,,,,,Tanzania,,,,,,,,,,,20000,,,,1,,,,,,,,,,,,,None,,,,,,,,,,,,,,,0,,,2020,1,100,25
,43,,,,,Aegilops,,,,,Tanzania,,,,,,,,,,,20000,,,,1,,,,,,,,,,,,,None,,,,,,,,,,,,,,,0,,,2020,1,100,25
,43,,,,,Aegilops,,,,,Tanzania,,,,,,,,,,,20000,,,,1,,,,,,,,,,,,,None,,,,,,,,,,,,,,,0,,,2020,1,100,25
,43,,,,,Aegilops,,,,,Tanzania,,,,,,,,,,,20000,,,,1,,,,,,,,,,,,,None,,,,,,,,,,,,,,,0,,,2020,1,100,25
,43,,,,,Aegilops,,,,,Tanzania,,,,,,,,,,,20000,,,,1,,,,,,,,,,,,,None,,,,,,,,,,,,,,,0,,,2020,1,100,25
,43,,,,,Aegilops,,,,,Tanzania,,,,,,,,,,,20000,,,,1,,,,,,,,,,,,,None,,,,,,,,,,,,,,,0,,,2020,1,100,25
,43,,,,,Aegilops,,,,,Tanzania,,,,,,,,,,,20000,,,,1,,,,,,,,,,,,,None,,,,,,,,,,,,,,,0,,,2020,1,100,25
,43,,,,,Aegilops,,,,,Tanzania,,,,,,,,,,,20000,,,,1,,,,,,,,,,,,,None,,,,,,,,,,,,,,,0,,,2020,1,100,25
,43,,,,,Aegilops,,,,,Tanzania,,,,,,,,,,,20000,,,,1,,,,,,,,,,,,,None,,,,,,,,,,,,,,,0,,,2020,1,100,25
,43,,,,,Aegilops,,,,,Tanzania,,,,,,,,,,,20000,,,,1,,,,,,,,,,,,,None,,,,,,,,,,,,,,,0,,,2020,1,100,25
,44,,,,,Agapanthus,,,,,India,,,,,,,,,,,20000,,,,1,,,,,,,,,,,,,None,,,,,,,,,,,,,,,0,,,2020,1,100,25
,44,,,,,Agapanthus,,,,,India,,,,,,,,,,,20000,,,,1,,,,,,,,,,,,,None,,,,,,,,,,,,,,,0,,,2020,1,100,25
,44,,,,,Agapanthus,,,,,India,,,,,,,,,,,20000,,,,1,,,,,,,,,,,,,None,,,,,,,,,,,,,,,0,,,2020,1,100,25
,44,,,,,Agapanthus,,,,,India,,,,,,,,,,,20000,,,,1,,,,,,,,,,,,,None,,,,,,,,,,,,,,,0,,,2020,1,100,25
,44,,,,,Agapanthus,,,,,India,,,,,,,,,,,20000,,,,1,,,,,,,,,,,,,None,,,,,,,,,,,,,,,0,,,2020,1,100,25
,44,,,,,Agapanthus,,,,,India,,,,,,,,,,,20000,,,,1,,,,,,,,,,,,,None,,,,,,,,,,,,,,,0,,,2020,1,100,25
,44,,,,,Agapanthus,,,,,India,,,,,,,,,,,20000,,,,1,,,,,,,,,,,,,None,,,,,,,,,,,,,,,0,,,2020,1,100,25
,44,,,,,Agapanthus,,,,,India,,,,,,,,,,,20000,,,,1,,,,,,,,,,,,,None,,,,,,,,,,,,,,,0,,,2020,1,100,25
,44,,,,,Agapanthus,,,,,India,,,,,,,,,,,20000,,,,1,,,,,,,,,,,,,None,,,,,,,,,,,,,,,0,,,2020,1,100,25
,44,,,,,Agapanthus,,,,,India,,,,,,,,,,,20000,,,,1,,,,,,,,,,,,,None,,,,,,,,,,,,,,,0,,,2020,1,100,25
,44,,,,,Agapanthus,,,,,India,,,,,,,,,,,20000,,,,1,,,,,,,,,,,,,None,,,,,,,,,,,,,,,0,,,2020,1,100,25
,44,,,,,Agapanthus,,,,,India,,,,,,,,,,,20000,,,,1,,,,,,,,,,,,,None,,,,,,,,,,,,,,,0,,,2020,1,100,25
,44,,,,,Agapanthus,,,,,India,,,,,,,,,,,20000,,,,1,,,,,,,,,,,,,None,,,,,,,,,,,,,,,0,,,2020,1,100,25
,44,,,,,Agapanthus,,,,,India,,,,,,,,,,,20000,,,,1,,,,,,,,,,,,,None,,,,,,,,,,,,,,,0,,,2020,1,100,25
,44,,,,,Agapanthus,,,,,India,,,,,,,,,,,20000,,,,1,,,,,,,,,,,,,None,,,,,,,,,,,,,,,0,,,2020,1,100,25
,44,,,,,Agapanthus,,,,,India,,,,,,,,,,,20000,,,,1,,,,,,,,,,,,,None,,,,,,,,,,,,,,,0,,,2020,1,100,25
,44,,,,,Agapanthus,,,,,India,,,,,,,,,,,20000,,,,1,,,,,,,,,,,,,None,,,,,,,,,,,,,,,0,,,2020,1,100,25
,44,,,,,Agapanthus,,,,,India,,,,,,,,,,,20000,,,,1,,,,,,,,,,,,,None,,,,,,,,,,,,,,,0,,,2020,1,100,25
,44,,,,,Agapanthus,,,,,India,,,,,,,,,,,20000,,,,1,,,,,,,,,,,,,None,,,,,,,,,,,,,,,0,,,2020,1,100,25
,44,,,,,Agapanthus,,,,,India,,,,,,,,,,,20000,,,,1,,,,,,,,,,,,,None,,,,,,,,,,,,,,,0,,,2020,1,100,25
,44,,,,,Agapanthus,,,,,India,,,,,,,,,,,20000,,,,1,,,,,,,,,,,,,None,,,,,,,,,,,,,,,0,,,2020,1,100,25
,44,,,,,Agapanthus,,,,,India,,,,,,,,,,,20000,,,,1,,,,,,,,,,,,,None,,,,,,,,,,,,,,,0,,,2020,1,100,25
,44,,,,,Agapanthus,,,,,India,,,,,,,,,,,20000,,,,1,,,,,,,,,,,,,None,,,,,,,,,,,,,,,0,,,2020,1,100,25
,44,,,,,Agapanthus,,,,,India,,,,,,,,,,,20000,,,,1,,,,,,,,,,,,,None,,,,,,,,,,,,,,,0,,,2020,1,100,25
,44,,,,,Agapanthus,,,,,India,,,,,,,,,,,20000,,,,1,,,,,,,,,,,,,None,,,,,,,,,,,,,,,0,,,2020,1,100,25
,45,,,,,Mokara,,,,,India,,,,,,,,,,,20000,,,,1,,,,,,,,,,,,,None,,,,,,,,,,,,,,,0,,,2020,1,100,25
,45,,,,,Mokara,,,,,India,,,,,,,,,,,20000,,,,1,,,,,,,,,,,,,None,,,,,,,,,,,,,,,0,,,2020,1,100,25
,45,,,,,Mokara,,,,,India,,,,,,,,,,,20000,,,,1,,,,,,,,,,,,,None,,,,,,,,,,,,,,,0,,,2020,1,100,25
,45,,,,,Mokara,,,,,India,,,,,,,,,,,20000,,,,1,,,,,,,,,,,,,None,,,,,,,,,,,,,,,0,,,2020,1,100,25
,45,,,,,Mokara,,,,,India,,,,,,,,,,,20000,,,,1,,,,,,,,,,,,,None,,,,,,,,,,,,,,,0,,,2020,1,100,25
,45,,,,,Mokara,,,,,India,,,,,,,,,,,20000,,,,1,,,,,,,,,,,,,None,,,,,,,,,,,,,,,0,,,2020,1,100,25
,45,,,,,Mokara,,,,,India,,,,,,,,,,,20000,,,,1,,,,,,,,,,,,,None,,,,,,,,,,,,,,,0,,,2020,1,100,25
,45,,,,,Mokara,,,,,India,,,,,,,,,,,20000,,,,1,,,,,,,,,,,,,None,,,,,,,,,,,,,,,0,,,2020,1,100,25
,45,,,,,Mokara,,,,,India,,,,,,,,,,,20000,,,,1,,,,,,,,,,,,,None,,,,,,,,,,,,,,,0,,,2020,1,100,25
,45,,,,,Mokara,,,,,India,,,,,,,,,,,20000,,,,1,,,,,,,,,,,,,None,,,,,,,,,,,,,,,0,,,2020,1,100,25
,45,,,,,Mokara,,,,,India,,,,,,,,,,,20000,,,,1,,,,,,,,,,,,,None,,,,,,,,,,,,,,,0,,,2020,1,100,25
,45,,,,,Mokara,,,,,India,,,,,,,,,,,20000,,,,1,,,,,,,,,,,,,None,,,,,,,,,,,,,,,0,,,2020,1,100,25
,45,,,,,Mokara,,,,,India,,,,,,,,,,,20000,,,,1,,,,,,,,,,,,,None,,,,,,,,,,,,,,,1,,,2020,1,100,25
,45,,,,,Mokara,,,,,India,,,,,,,,,,,20000,,,,1,,,,,,,,,,,,,None,,,,,,,,,,,,,,,1,,,2020,1,100,25
,45,,,,,Mokara,,,,,India,,,,,,,,,,,20000,,,,1,,,,,,,,,,,,,None,,,,,,,,,,,,,,,1,,,2020,1,100,25
,45,,,,,Mokara,,,,,India,,,,,,,,,,,20000,,,,1,,,,,,,,,,,,,None,,,,,,,,,,,,,,,1,,,2020,1,100,25
,45,,,,,Mokara,,,,,India,,,,,,,,,,,20000,,,,1,,,,,,,,,,,,,None,,,,,,,,,,,,,,,1,,,2020,1,100,25
,45,,,,,Mokara,,,,,India,,,,,,,,,,,20000,,,,1,,,,,,,,,,,,,None,,,,,,,,,,,,,,,1,,,2020,1,100,25
,45,,,,,Mokara,,,,,India,,,,,,,,,,,20000,,,,1,,,,,,,,,,,,,None,,,,,,,,,,,,,,,1,,,2020,1,100,25
,45,,,,,Mokara,,,,,India,,,,,,,,,,,20000,,,,1,,,,,,,,,,,,,None,,,,,,,,,,,,,,,1,,,2020,1,100,25
,45,,,,,Mokara,,,,,India,,,,,,,,,,,20000,,,,1,,,,,,,,,,,,,None,,,,,,,,,,,,,,,1,,,2020,1,100,25
,45,,,,,Mokara,,,,,India,,,,,,,,,,,20000,,,,1,,,,,,,,,,,,,None,,,,,,,,,,,,,,,1,,,2020,1,100,25
,45,,,,,Mokara,,,,,India,,,,,,,,,,,20000,,,,1,,,,,,,,,,,,,None,,,,,,,,,,,,,,,1,,,2020,1,100,25
,45,,,,,Mokara,,,,,India,,,,,,,,,,,20000,,,,1,,,,,,,,,,,,,None,,,,,,,,,,,,,,,1,,,2020,1,100,25
,45,,,,,Mokara,,,,,India,,,,,,,,,,,20000,,,,1,,,,,,,,,,,,,None,,,,,,,,,,,,,,,1,,,2020,1,100,25
,46,,,,,Rosa,,,,,Tanzania,,,,,,,,,,,20000,,,,1,,,,,,,,,,,,,None,,,,,,,,,,,,,,,0,,,2020,2,100,25
,46,,,,,Rosa,,,,,Tanzania,,,,,,,,,,,20000,,,,1,,,,,,,,,,,,,None,,,,,,,,,,,,,,,0,,,2020,2,100,25
,46,,,,,Rosa,,,,,Tanzania,,,,,,,,,,,20000,,,,1,,,,,,,,,,,,,None,,,,,,,,,,,,,,,0,,,2020,2,100,25
,46,,,,,Rosa,,,,,Tanzania,,,,,,,,,,,20000,,,,1,,,,,,,,,,,,,None,,,,,,,,,,,,,,,0,,,2020,2,100,25
,46,,,,,Rosa,,,,,Tanzania,,,,,,,,,,,20000,,,,1,,,,,,,,,,,,,None,,,,,,,,,,,,,,,0,,,2020,2,100,25
,46,,,,,Rosa,,,,,Tanzania,,,,,,,,,,,20000,,,,1,,,,,,,,,,,,,None,,,,,,,,,,,,,,,0,,,2020,2,100,25
,46,,,,,Rosa,,,,,Tanzania,,,,,,,,,,,20000,,,,1,,,,,,,,,,,,,None,,,,,,,,,,,,,,,0,,,2020,2,100,25
,46,,,,,Rosa,,,,,Tanzania,,,,,,,,,,,20000,,,,1,,,,,,,,,,,,,None,,,,,,,,,,,,,,,0,,,2020,2,100,25
,46,,,,,Rosa,,,,,Tanzania,,,,,,,,,,,20000,,,,1,,,,,,,,,,,,,None,,,,,,,,,,,,,,,0,,,2020,2,100,25
,46,,,,,Rosa,,,,,Tanzania,,,,,,,,,,,20000,,,,1,,,,,,,,,,,,,None,,,,,,,,,,,,,,,0,,,2020,2,100,25
,46,,,,,Rosa,,,,,Tanzania,,,,,,,,,,,20000,,,,1,,,,,,,,,,,,,None,,,,,,,,,,,,,,,0,,,2020,2,100,25
,46,,,,,Rosa,,,,,Tanzania,,,,,,,,,,,20000,,,,1,,,,,,,,,,,,,None,,,,,,,,,,,,,,,0,,,2020,2,100,25
,46,,,,,Rosa,,,,,Tanzania,,,,,,,,,,,20000,,,,1,,,,,,,,,,,,,None,,,,,,,,,,,,,,,0,,,2020,2,100,25
,46,,,,,Rosa,,,,,Tanzania,,,,,,,,,,,20000,,,,1,,,,,,,,,,,,,None,,,,,,,,,,,,,,,0,,,2020,2,100,25
,46,,,,,Rosa,,,,,Tanzania,,,,,,,,,,,20000,,,,1,,,,,,,,,,,,,None,,,,,,,,,,,,,,,0,,,2020,2,100,25
,46,,,,,Rosa,,,,,Tanzania,,,,,,,,,,,20000,,,,1,,,,,,,,,,,,,None,,,,,,,,,,,,,,,0,,,2020,2,100,25
,46,,,,,Rosa,,,,,Tanzania,,,,,,,,,,,20000,,,,1,,,,,,,,,,,,,None,,,,,,,,,,,,,,,0,,,2020,2,100,25
,46,,,,,Rosa,,,,,Tanzania,,,,,,,,,,,20000,,,,1,,,,,,,,,,,,,None,,,,,,,,,,,,,,,0,,,2020,2,100,25
,46,,,,,Rosa,,,,,Tanzania,,,,,,,,,,,20000,,,,1,,,,,,,,,,,,,None,,,,,,,,,,,,,,,0,,,2020,2,100,25
,46,,,,,Rosa,,,,,Tanzania,,,,,,,,,,,20000,,,,1,,,,,,,,,,,,,None,,,,,,,,,,,,,,,0,,,2020,2,100,25
,46,,,,,Rosa,,,,,Tanzania,,,,,,,,,,,20000,,,,1,,,,,,,,,,,,,None,,,,,,,,,,,,,,,0,,,2020,2,100,25
,46,,,,,Rosa,,,,,Tanzania,,,,,,,,,,,20000,,,,1,,,,,,,,,,,,,None,,,,,,,,,,,,,,,0,,,2020,2,100,25
,46,,,,,Rosa,,,,,Tanzania,,,,,,,,,,,20000,,,,1,,,,,,,,,,,,,None,,,,,,,,,,,,,,,0,,,2020,2,100,25
,46,,,,,Rosa,,,,,Tanzania,,,,,,,,,,,20000,,,,1,,,,,,,,,,,,,None,,,,,,,,,,,,,,,0,,,2020,2,100,25
,46,,,,,Rosa,,,,,Tanzania,,,,,,,,,,,20000,,,,1,,,,,,,,,,,,,None,,,,,,,,,,,,,,,0,,,2020,2,100,25
,47,,,,,Anemone,,,,,Tanzania,,,,,,,,,,,20000,,,,1,,,,,,,,,,,,,None,,,,,,,,,,,,,,,0,,,2020,2,100,25
,47,,,,,Anemone,,,,,Tanzania,,,,,,,,,,,20000,,,,1,,,,,,,,,,,,,None,,,,,,,,,,,,,,,0,,,2020,2,100,25
,47,,,,,Anemone,,,,,Tanzania,,,,,,,,,,,20000,,,,1,,,,,,,,,,,,,None,,,,,,,,,,,,,,,0,,,2020,2,100,25
,47,,,,,Anemone,,,,,Tanzania,,,,,,,,,,,20000,,,,1,,,,,,,,,,,,,None,,,,,,,,,,,,,,,0,,,2020,2,100,25
,47,,,,,Anemone,,,,,Tanzania,,,,,,,,,,,20000,,,,1,,,,,,,,,,,,,None,,,,,,,,,,,,,,,0,,,2020,2,100,25
,47,,,,,Anemone,,,,,Tanzania,,,,,,,,,,,20000,,,,1,,,,,,,,,,,,,None,,,,,,,,,,,,,,,0,,,2020,2,100,25
,47,,,,,Anemone,,,,,Tanzania,,,,,,,,,,,20000,,,,1,,,,,,,,,,,,,None,,,,,,,,,,,,,,,0,,,2020,2,100,25
,47,,,,,Anemone,,,,,Tanzania,,,,,,,,,,,20000,,,,1,,,,,,,,,,,,,None,,,,,,,,,,,,,,,0,,,2020,2,100,25
,47,,,,,Anemone,,,,,Tanzania,,,,,,,,,,,20000,,,,1,,,,,,,,,,,,,None,,,,,,,,,,,,,,,0,,,2020,2,100,25
,47,,,,,Anemone,,,,,Tanzania,,,,,,,,,,,20000,,,,1,,,,,,,,,,,,,None,,,,,,,,,,,,,,,0,,,2020,2,100,25
,47,,,,,Anemone,,,,,Tanzania,,,,,,,,,,,20000,,,,1,,,,,,,,,,,,,None,,,,,,,,,,,,,,,0,,,2020,2,100,25
,47,,,,,Anemone,,,,,Tanzania,,,,,,,,,,,20000,,,,1,,,,,,,,,,,,,None,,,,,,,,,,,,,,,0,,,2020,2,100,25
,47,,,,,Anemone,,,,,Tanzania,,,,,,,,,,,20000,,,,1,,,,,,,,,,,,,None,,,,,,,,,,,,,,,0,,,2020,2,100,25
,47,,,,,Anemone,,,,,Tanzania,,,,,,,,,,,20000,,,,1,,,,,,,,,,,,,None,,,,,,,,,,,,,,,0,,,2020,2,100,25
,47,,,,,Anemone,,,,,Tanzania,,,,,,,,,,,20000,,,,1,,,,,,,,,,,,,None,,,,,,,,,,,,,,,0,,,2020,2,100,25
,47,,,,,Anemone,,,,,Tanzania,,,,,,,,,,,20000,,,,1,,,,,,,,,,,,,None,,,,,,,,,,,,,,,0,,,2020,2,100,25
,47,,,,,Anemone,,,,,Tanzania,,,,,,,,,,,20000,,,,1,,,,,,,,,,,,,None,,,,,,,,,,,,,,,0,,,2020,2,100,25
,47,,,,,Anemone,,,,,Tanzania,,,,,,,,,,,20000,,,,1,,,,,,,,,,,,,None,,,,,,,,,,,,,,,0,,,2020,2,100,25
,47,,,,,Anemone,,,,,Tanzania,,,,,,,,,,,20000,,,,1,,,,,,,,,,,,,None,,,,,,,,,,,,,,,0,,,2020,2,100,25
,47,,,,,Anemone,,,,,Tanzania,,,,,,,,,,,20000,,,,1,,,,,,,,,,,,,None,,,,,,,,,,,,,,,0,,,2020,2,100,25
,47,,,,,Anemone,,,,,Tanzania,,,,,,,,,,,20000,,,,1,,,,,,,,,,,,,None,,,,,,,,,,,,,,,0,,,2020,2,100,25
,47,,,,,Anemone,,,,,Tanzania,,,,,,,,,,,20000,,,,1,,,,,,,,,,,,,None,,,,,,,,,,,,,,,0,,,2020,2,100,25
,47,,,,,Anemone,,,,,Tanzania,,,,,,,,,,,20000,,,,1,,,,,,,,,,,,,None,,,,,,,,,,,,,,,0,,,2020,2,100,25
,47,,,,,Anemone,,,,,Tanzania,,,,,,,,,,,20000,,,,1,,,,,,,,,,,,,None,,,,,,,,,,,,,,,0,,,2020,2,100,25
,47,,,,,Anemone,,,,,Tanzania,,,,,,,,,,,20000,,,,1,,,,,,,,,,,,,None,,,,,,,,,,,,,,,0,,,2020,2,100,25
,48,,,,,Rosa,,,,,India,,,,,,,,,,,20000,,,,1,,,,,,,,,,,,,None,,,,,,,,,,,,,,,0,,,2020,2,100,25
,48,,,,,Rosa,,,,,India,,,,,,,,,,,20000,,,,1,,,,,,,,,,,,,None,,,,,,,,,,,,,,,0,,,2020,2,100,25
,48,,,,,Rosa,,,,,India,,,,,,,,,,,20000,,,,1,,,,,,,,,,,,,None,,,,,,,,,,,,,,,0,,,2020,2,100,25
,48,,,,,Rosa,,,,,India,,,,,,,,,,,20000,,,,1,,,,,,,,,,,,,None,,,,,,,,,,,,,,,0,,,2020,2,100,25
,48,,,,,Rosa,,,,,India,,,,,,,,,,,20000,,,,1,,,,,,,,,,,,,None,,,,,,,,,,,,,,,0,,,2020,2,100,25
,48,,,,,Rosa,,,,,India,,,,,,,,,,,20000,,,,1,,,,,,,,,,,,,None,,,,,,,,,,,,,,,0,,,2020,2,100,25
,48,,,,,Rosa,,,,,India,,,,,,,,,,,20000,,,,1,,,,,,,,,,,,,None,,,,,,,,,,,,,,,0,,,2020,2,100,25
,48,,,,,Rosa,,,,,India,,,,,,,,,,,20000,,,,1,,,,,,,,,,,,,None,,,,,,,,,,,,,,,0,,,2020,2,100,25
,48,,,,,Rosa,,,,,India,,,,,,,,,,,20000,,,,1,,,,,,,,,,,,,None,,,,,,,,,,,,,,,0,,,2020,2,100,25
,48,,,,,Rosa,,,,,India,,,,,,,,,,,20000,,,,1,,,,,,,,,,,,,None,,,,,,,,,,,,,,,0,,,2020,2,100,25
,48,,,,,Rosa,,,,,India,,,,,,,,,,,20000,,,,1,,,,,,,,,,,,,None,,,,,,,,,,,,,,,0,,,2020,2,100,25
,48,,,,,Rosa,,,,,India,,,,,,,,,,,20000,,,,1,,,,,,,,,,,,,None,,,,,,,,,,,,,,,0,,,2020,2,100,25
,48,,,,,Rosa,,,,,India,,,,,,,,,,,20000,,,,1,,,,,,,,,,,,,None,,,,,,,,,,,,,,,0,,,2020,2,100,25
,48,,,,,Rosa,,,,,India,,,,,,,,,,,20000,,,,1,,,,,,,,,,,,,None,,,,,,,,,,,,,,,0,,,2020,2,100,25
,48,,,,,Rosa,,,,,India,,,,,,,,,,,20000,,,,1,,,,,,,,,,,,,None,,,,,,,,,,,,,,,0,,,2020,2,100,25
,48,,,,,Rosa,,,,,India,,,,,,,,,,,20000,,,,1,,,,,,,,,,,,,None,,,,,,,,,,,,,,,0,,,2020,2,100,25
,48,,,,,Rosa,,,,,India,,,,,,,,,,,20000,,,,1,,,,,,,,,,,,,None,,,,,,,,,,,,,,,0,,,2020,2,100,25
,48,,,,,Rosa,,,,,India,,,,,,,,,,,20000,,,,1,,,,,,,,,,,,,None,,,,,,,,,,,,,,,0,,,2020,2,100,25
,48,,,,,Rosa,,,,,India,,,,,,,,,,,20000,,,,1,,,,,,,,,,,,,None,,,,,,,,,,,,,,,0,,,2020,2,100,25
,48,,,,,Rosa,,,,,India,,,,,,,,,,,20000,,,,1,,,,,,,,,,,,,None,,,,,,,,,,,,,,,0,,,2020,2,100,25
,48,,,,,Rosa,,,,,India,,,,,,,,,,,20000,,,,1,,,,,,,,,,,,,None,,,,,,,,,,,,,,,0,,,2020,2,100,25
,48,,,,,Rosa,,,,,India,,,,,,,,,,,20000,,,,1,,,,,,,,,,,,,None,,,,,,,,,,,,,,,0,,,2020,2,100,25
,48,,,,,Rosa,,,,,India,,,,,,,,,,,20000,,,,1,,,,,,,,,,,,,None,,,,,,,,,,,,,,,0,,,2020,2,100,25
,48,,,,,Rosa,,,,,India,,,,,,,,,,,20000,,,,1,,,,,,,,,,,,,None,,,,,,,,,,,,,,,0,,,2020,2,100,25
,48,,,,,Rosa,,,,,India,,,,,,,,,,,20000,,,,1,,,,,,,,,,,,,None,,,,,,,,,,,,,,,0,,,2020,2,100,25
,49,,,,,Hyacinthus,,,,,Japan,,,,,,,,,,,20000,,,,1,,,,,,,,,,,,,None,,,,,,,,,,,,,,,0,,,2020,2,100,25
,49,,,,,Hyacinthus,,,,,Japan,,,,,,,,,,,20000,,,,1,,,,,,,,,,,,,None,,,,,,,,,,,,,,,0,,,2020,2,100,25
,49,,,,,Hyacinthus,,,,,Japan,,,,,,,,,,,20000,,,,1,,,,,,,,,,,,,None,,,,,,,,,,,,,,,0,,,2020,2,100,25
,49,,,,,Hyacinthus,,,,,Japan,,,,,,,,,,,20000,,,,1,,,,,,,,,,,,,None,,,,,,,,,,,,,,,0,,,2020,2,100,25
,49,,,,,Hyacinthus,,,,,Japan,,,,,,,,,,,20000,,,,1,,,,,,,,,,,,,None,,,,,,,,,,,,,,,0,,,2020,2,100,25
,49,,,,,Hyacinthus,,,,,Japan,,,,,,,,,,,20000,,,,1,,,,,,,,,,,,,None,,,,,,,,,,,,,,,0,,,2020,2,100,25
,49,,,,,Hyacinthus,,,,,Japan,,,,,,,,,,,20000,,,,1,,,,,,,,,,,,,None,,,,,,,,,,,,,,,0,,,2020,2,100,25
,49,,,,,Hyacinthus,,,,,Japan,,,,,,,,,,,20000,,,,1,,,,,,,,,,,,,None,,,,,,,,,,,,,,,0,,,2020,2,100,25
,49,,,,,Hyacinthus,,,,,Japan,,,,,,,,,,,20000,,,,1,,,,,,,,,,,,,None,,,,,,,,,,,,,,,0,,,2020,2,100,25
,49,,,,,Hyacinthus,,,,,Japan,,,,,,,,,,,20000,,,,1,,,,,,,,,,,,,None,,,,,,,,,,,,,,,0,,,2020,2,100,25
,49,,,,,Hyacinthus,,,,,Japan,,,,,,,,,,,20000,,,,1,,,,,,,,,,,,,None,,,,,,,,,,,,,,,0,,,2020,2,100,25
,49,,,,,Hyacinthus,,,,,Japan,,,,,,,,,,,20000,,,,1,,,,,,,,,,,,,None,,,,,,,,,,,,,,,0,,,2020,2,100,25
,49,,,,,Hyacinthus,,,,,Japan,,,,,,,,,,,20000,,,,1,,,,,,,,,,,,,None,,,,,,,,,,,,,,,0,,,2020,2,100,25
,49,,,,,Hyacinthus,,,,,Japan,,,,,,,,,,,20000,,,,1,,,,,,,,,,,,,None,,,,,,,,,,,,,,,0,,,2020,2,100,25
,49,,,,,Hyacinthus,,,,,Japan,,,,,,,,,,,20000,,,,1,,,,,,,,,,,,,None,,,,,,,,,,,,,,,0,,,2020,2,100,25
,49,,,,,Hyacinthus,,,,,Japan,,,,,,,,,,,20000,,,,1,,,,,,,,,,,,,None,,,,,,,,,,,,,,,0,,,2020,2,100,25
,49,,,,,Hyacinthus,,,,,Japan,,,,,,,,,,,20000,,,,1,,,,,,,,,,,,,None,,,,,,,,,,,,,,,0,,,2020,2,100,25
,49,,,,,Hyacinthus,,,,,Japan,,,,,,,,,,,20000,,,,1,,,,,,,,,,,,,None,,,,,,,,,,,,,,,0,,,2020,2,100,25
,49,,,,,Hyacinthus,,,,,Japan,,,,,,,,,,,20000,,,,1,,,,,,,,,,,,,None,,,,,,,,,,,,,,,0,,,2020,2,100,25
,49,,,,,Hyacinthus,,,,,Japan,,,,,,,,,,,20000,,,,1,,,,,,,,,,,,,None,,,,,,,,,,,,,,,0,,,2020,2,100,25
,49,,,,,Hyacinthus,,,,,Japan,,,,,,,,,,,20000,,,,1,,,,,,,,,,,,,None,,,,,,,,,,,,,,,0,,,2020,2,100,25
,49,,,,,Hyacinthus,,,,,Japan,,,,,,,,,,,20000,,,,1,,,,,,,,,,,,,None,,,,,,,,,,,,,,,0,,,2020,2,100,25
,49,,,,,Hyacinthus,,,,,Japan,,,,,,,,,,,20000,,,,1,,,,,,,,,,,,,None,,,,,,,,,,,,,,,0,,,2020,2,100,25
,49,,,,,Hyacinthus,,,,,Japan,,,,,,,,,,,20000,,,,1,,,,,,,,,,,,,None,,,,,,,,,,,,,,,0,,,2020,2,100,25
,49,,,,,Hyacinthus,,,,,Japan,,,,,,,,,,,20000,,,,1,,,,,,,,,,,,,None,,,,,,,,,,,,,,,0,,,2020,2,100,25
,50,,,,,Agapanthus,,,,,Tanzania,,,,,,,,,,,20000,,,,1,,,,,,,,,,,,,None,,,,,,,,,,,,,,,0,,,2020,2,100,25
,50,,,,,Agapanthus,,,,,Tanzania,,,,,,,,,,,20000,,,,1,,,,,,,,,,,,,None,,,,,,,,,,,,,,,0,,,2020,2,100,25
,50,,,,,Agapanthus,,,,,Tanzania,,,,,,,,,,,20000,,,,1,,,,,,,,,,,,,None,,,,,,,,,,,,,,,0,,,2020,2,100,25
,50,,,,,Agapanthus,,,,,Tanzania,,,,,,,,,,,20000,,,,1,,,,,,,,,,,,,None,,,,,,,,,,,,,,,0,,,2020,2,100,25
,50,,,,,Agapanthus,,,,,Tanzania,,,,,,,,,,,20000,,,,1,,,,,,,,,,,,,None,,,,,,,,,,,,,,,0,,,2020,2,100,25
,50,,,,,Agapanthus,,,,,Tanzania,,,,,,,,,,,20000,,,,1,,,,,,,,,,,,,None,,,,,,,,,,,,,,,0,,,2020,2,100,25
,50,,,,,Agapanthus,,,,,Tanzania,,,,,,,,,,,20000,,,,1,,,,,,,,,,,,,None,,,,,,,,,,,,,,,0,,,2020,2,100,25
,50,,,,,Agapanthus,,,,,Tanzania,,,,,,,,,,,20000,,,,1,,,,,,,,,,,,,None,,,,,,,,,,,,,,,1,,,2020,2,100,25
,50,,,,,Agapanthus,,,,,Tanzania,,,,,,,,,,,20000,,,,1,,,,,,,,,,,,,None,,,,,,,,,,,,,,,1,,,2020,2,100,25
,50,,,,,Agapanthus,,,,,Tanzania,,,,,,,,,,,20000,,,,1,,,,,,,,,,,,,None,,,,,,,,,,,,,,,1,,,2020,2,100,25
,50,,,,,Agapanthus,,,,,Tanzania,,,,,,,,,,,20000,,,,1,,,,,,,,,,,,,None,,,,,,,,,,,,,,,1,,,2020,2,100,25
,50,,,,,Agapanthus,,,,,Tanzania,,,,,,,,,,,20000,,,,1,,,,,,,,,,,,,None,,,,,,,,,,,,,,,1,,,2020,2,100,25
,50,,,,,Agapanthus,,,,,Tanzania,,,,,,,,,,,20000,,,,1,,,,,,,,,,,,,None,,,,,,,,,,,,,,,1,,,2020,2,100,25
,50,,,,,Agapanthus,,,,,Tanzania,,,,,,,,,,,20000,,,,1,,,,,,,,,,,,,None,,,,,,,,,,,,,,,1,,,2020,2,100,25
,50,,,,,Agapanthus,,,,,Tanzania,,,,,,,,,,,20000,,,,1,,,,,,,,,,,,,None,,,,,,,,,,,,,,,1,,,2020,2,100,25
,50,,,,,Agapanthus,,,,,Tanzania,,,,,,,,,,,20000,,,,1,,,,,,,,,,,,,None,,,,,,,,,,,,,,,1,,,2020,2,100,25
,50,,,,,Agapanthus,,,,,Tanzania,,,,,,,,,,,20000,,,,1,,,,,,,,,,,,,None,,,,,,,,,,,,,,,1,,,2020,2,100,25
,50,,,,,Agapanthus,,,,,Tanzania,,,,,,,,,,,20000,,,,1,,,,,,,,,,,,,None,,,,,,,,,,,,,,,1,,,2020,2,100,25
,50,,,,,Agapanthus,,,,,Tanzania,,,,,,,,,,,20000,,,,1,,,,,,,,,,,,,None,,,,,,,,,,,,,,,1,,,2020,2,100,25
,50,,,,,Agapanthus,,,,,Tanzania,,,,,,,,,,,20000,,,,1,,,,,,,,,,,,,None,,,,,,,,,,,,,,,1,,,2020,2,100,25
,50,,,,,Agapanthus,,,,,Tanzania,,,,,,,,,,,20000,,,,1,,,,,,,,,,,,,None,,,,,,,,,,,,,,,1,,,2020,2,100,25
,50,,,,,Agapanthus,,,,,Tanzania,,,,,,,,,,,20000,,,,1,,,,,,,,,,,,,None,,,,,,,,,,,,,,,1,,,2020,2,100,25
,50,,,,,Agapanthus,,,,,Tanzania,,,,,,,,,,,20000,,,,1,,,,,,,,,,,,,None,,,,,,,,,,,,,,,1,,,2020,2,100,25
,50,,,,,Agapanthus,,,,,Tanzania,,,,,,,,,,,20000,,,,1,,,,,,,,,,,,,None,,,,,,,,,,,,,,,1,,,2020,2,100,25
,50,,,,,Agapanthus,,,,,Tanzania,,,,,,,,,,,20000,,,,1,,,,,,,,,,,,,None,,,,,,,,,,,,,,,1,,,2020,2,100,25
,51,,,,,Liatris,,,,,Japan,,,,,,,,,,,20000,,,,1,,,,,,,,,,,,,None,,,,,,,,,,,,,,,0,,,2020,2,100,25
,51,,,,,Liatris,,,,,Japan,,,,,,,,,,,20000,,,,1,,,,,,,,,,,,,None,,,,,,,,,,,,,,,0,,,2020,2,100,25
,51,,,,,Liatris,,,,,Japan,,,,,,,,,,,20000,,,,1,,,,,,,,,,,,,None,,,,,,,,,,,,,,,0,,,2020,2,100,25
,51,,,,,Liatris,,,,,Japan,,,,,,,,,,,20000,,,,1,,,,,,,,,,,,,None,,,,,,,,,,,,,,,0,,,2020,2,100,25
,51,,,,,Liatris,,,,,Japan,,,,,,,,,,,20000,,,,1,,,,,,,,,,,,,None,,,,,,,,,,,,,,,0,,,2020,2,100,25
,51,,,,,Liatris,,,,,Japan,,,,,,,,,,,20000,,,,1,,,,,,,,,,,,,None,,,,,,,,,,,,,,,0,,,2020,2,100,25
,51,,,,,Liatris,,,,,Japan,,,,,,,,,,,20000,,,,1,,,,,,,,,,,,,None,,,,,,,,,,,,,,,0,,,2020,2,100,25
,51,,,,,Liatris,,,,,Japan,,,,,,,,,,,20000,,,,1,,,,,,,,,,,,,None,,,,,,,,,,,,,,,0,,,2020,2,100,25
,51,,,,,Liatris,,,,,Japan,,,,,,,,,,,20000,,,,1,,,,,,,,,,,,,None,,,,,,,,,,,,,,,0,,,2020,2,100,25
,51,,,,,Liatris,,,,,Japan,,,,,,,,,,,20000,,,,1,,,,,,,,,,,,,None,,,,,,,,,,,,,,,0,,,2020,2,100,25
,51,,,,,Liatris,,,,,Japan,,,,,,,,,,,20000,,,,1,,,,,,,,,,,,,None,,,,,,,,,,,,,,,0,,,2020,2,100,25
,51,,,,,Liatris,,,,,Japan,,,,,,,,,,,20000,,,,1,,,,,,,,,,,,,None,,,,,,,,,,,,,,,0,,,2020,2,100,25
,51,,,,,Liatris,,,,,Japan,,,,,,,,,,,20000,,,,1,,,,,,,,,,,,,None,,,,,,,,,,,,,,,0,,,2020,2,100,25
,51,,,,,Liatris,,,,,Japan,,,,,,,,,,,20000,,,,1,,,,,,,,,,,,,None,,,,,,,,,,,,,,,0,,,2020,2,100,25
,51,,,,,Liatris,,,,,Japan,,,,,,,,,,,20000,,,,1,,,,,,,,,,,,,None,,,,,,,,,,,,,,,0,,,2020,2,100,25
,51,,,,,Liatris,,,,,Japan,,,,,,,,,,,20000,,,,1,,,,,,,,,,,,,None,,,,,,,,,,,,,,,0,,,2020,2,100,25
,51,,,,,Liatris,,,,,Japan,,,,,,,,,,,20000,,,,1,,,,,,,,,,,,,None,,,,,,,,,,,,,,,0,,,2020,2,100,25
,51,,,,,Liatris,,,,,Japan,,,,,,,,,,,20000,,,,1,,,,,,,,,,,,,None,,,,,,,,,,,,,,,0,,,2020,2,100,25
,51,,,,,Liatris,,,,,Japan,,,,,,,,,,,20000,,,,1,,,,,,,,,,,,,None,,,,,,,,,,,,,,,0,,,2020,2,100,25
,51,,,,,Liatris,,,,,Japan,,,,,,,,,,,20000,,,,1,,,,,,,,,,,,,None,,,,,,,,,,,,,,,0,,,2020,2,100,25
,51,,,,,Liatris,,,,,Japan,,,,,,,,,,,20000,,,,1,,,,,,,,,,,,,None,,,,,,,,,,,,,,,0,,,2020,2,100,25
,51,,,,,Liatris,,,,,Japan,,,,,,,,,,,20000,,,,1,,,,,,,,,,,,,None,,,,,,,,,,,,,,,0,,,2020,2,100,25
,51,,,,,Liatris,,,,,Japan,,,,,,,,,,,20000,,,,1,,,,,,,,,,,,,None,,,,,,,,,,,,,,,0,,,2020,2,100,25
,51,,,,,Liatris,,,,,Japan,,,,,,,,,,,20000,,,,1,,,,,,,,,,,,,None,,,,,,,,,,,,,,,0,,,2020,2,100,25
,51,,,,,Liatris,,,,,Japan,,,,,,,,,,,20000,,,,1,,,,,,,,,,,,,None,,,,,,,,,,,,,,,0,,,2020,2,100,25
,52,,,,,Protea,,,,,Mexico,,,,,,,,,,,20000,,,,1,,,,,,,,,,,,,None,,,,,,,,,,,,,,,0,,,2020,2,100,25
,52,,,,,Protea,,,,,Mexico,,,,,,,,,,,20000,,,,1,,,,,,,,,,,,,None,,,,,,,,,,,,,,,0,,,2020,2,100,25
,52,,,,,Protea,,,,,Mexico,,,,,,,,,,,20000,,,,1,,,,,,,,,,,,,None,,,,,,,,,,,,,,,0,,,2020,2,100,25
,52,,,,,Protea,,,,,Mexico,,,,,,,,,,,20000,,,,1,,,,,,,,,,,,,None,,,,,,,,,,,,,,,0,,,2020,2,100,25
,52,,,,,Protea,,,,,Mexico,,,,,,,,,,,20000,,,,1,,,,,,,,,,,,,None,,,,,,,,,,,,,,,0,,,2020,2,100,25
,52,,,,,Protea,,,,,Mexico,,,,,,,,,,,20000,,,,1,,,,,,,,,,,,,None,,,,,,,,,,,,,,,0,,,2020,2,100,25
,52,,,,,Protea,,,,,Mexico,,,,,,,,,,,20000,,,,1,,,,,,,,,,,,,None,,,,,,,,,,,,,,,0,,,2020,2,100,25
,52,,,,,Protea,,,,,Mexico,,,,,,,,,,,20000,,,,1,,,,,,,,,,,,,None,,,,,,,,,,,,,,,0,,,2020,2,100,25
,52,,,,,Protea,,,,,Mexico,,,,,,,,,,,20000,,,,1,,,,,,,,,,,,,None,,,,,,,,,,,,,,,0,,,2020,2,100,25
,52,,,,,Protea,,,,,Mexico,,,,,,,,,,,20000,,,,1,,,,,,,,,,,,,None,,,,,,,,,,,,,,,0,,,2020,2,100,25
,52,,,,,Protea,,,,,Mexico,,,,,,,,,,,20000,,,,1,,,,,,,,,,,,,None,,,,,,,,,,,,,,,0,,,2020,2,100,25
,52,,,,,Protea,,,,,Mexico,,,,,,,,,,,20000,,,,1,,,,,,,,,,,,,None,,,,,,,,,,,,,,,0,,,2020,2,100,25
,52,,,,,Protea,,,,,Mexico,,,,,,,,,,,20000,,,,1,,,,,,,,,,,,,None,,,,,,,,,,,,,,,0,,,2020,2,100,25
,52,,,,,Protea,,,,,Mexico,,,,,,,,,,,20000,,,,1,,,,,,,,,,,,,None,,,,,,,,,,,,,,,0,,,2020,2,100,25
,52,,,,,Protea,,,,,Mexico,,,,,,,,,,,20000,,,,1,,,,,,,,,,,,,None,,,,,,,,,,,,,,,0,,,2020,2,100,25
,52,,,,,Protea,,,,,Mexico,,,,,,,,,,,20000,,,,1,,,,,,,,,,,,,None,,,,,,,,,,,,,,,0,,,2020,2,100,25
,52,,,,,Protea,,,,,Mexico,,,,,,,,,,,20000,,,,1,,,,,,,,,,,,,None,,,,,,,,,,,,,,,0,,,2020,2,100,25
,52,,,,,Protea,,,,,Mexico,,,,,,,,,,,20000,,,,1,,,,,,,,,,,,,None,,,,,,,,,,,,,,,0,,,2020,2,100,25
,52,,,,,Protea,,,,,Mexico,,,,,,,,,,,20000,,,,1,,,,,,,,,,,,,None,,,,,,,,,,,,,,,0,,,2020,2,100,25
,52,,,,,Protea,,,,,Mexico,,,,,,,,,,,20000,,,,1,,,,,,,,,,,,,None,,,,,,,,,,,,,,,0,,,2020,2,100,25
,52,,,,,Protea,,,,,Mexico,,,,,,,,,,,20000,,,,1,,,,,,,,,,,,,None,,,,,,,,,,,,,,,0,,,2020,2,100,25
,52,,,,,Protea,,,,,Mexico,,,,,,,,,,,20000,,,,1,,,,,,,,,,,,,None,,,,,,,,,,,,,,,0,,,2020,2,100,25
,52,,,,,Protea,,,,,Mexico,,,,,,,,,,,20000,,,,1,,,,,,,,,,,,,None,,,,,,,,,,,,,,,0,,,2020,2,100,25
,52,,,,,Protea,,,,,Mexico,,,,,,,,,,,20000,,,,1,,,,,,,,,,,,,None,,,,,,,,,,,,,,,0,,,2020,2,100,25
,52,,,,,Protea,,,,,Mexico,,,,,,,,,,,20000,,,,1,,,,,,,,,,,,,None,,,,,,,,,,,,,,,0,,,2020,2,100,25
,53,,,,,Rosa,,,,,Mexico,,,,,,,,,,,20000,,,,1,,,,,,,,,,,,,None,,,,,,,,,,,,,,,0,,,2020,2,100,25
,53,,,,,Rosa,,,,,Mexico,,,,,,,,,,,20000,,,,1,,,,,,,,,,,,,None,,,,,,,,,,,,,,,0,,,2020,2,100,25
,53,,,,,Rosa,,,,,Mexico,,,,,,,,,,,20000,,,,1,,,,,,,,,,,,,None,,,,,,,,,,,,,,,0,,,2020,2,100,25
,53,,,,,Rosa,,,,,Mexico,,,,,,,,,,,20000,,,,1,,,,,,,,,,,,,None,,,,,,,,,,,,,,,0,,,2020,2,100,25
,53,,,,,Rosa,,,,,Mexico,,,,,,,,,,,20000,,,,1,,,,,,,,,,,,,None,,,,,,,,,,,,,,,0,,,2020,2,100,25
,53,,,,,Rosa,,,,,Mexico,,,,,,,,,,,20000,,,,1,,,,,,,,,,,,,None,,,,,,,,,,,,,,,0,,,2020,2,100,25
,53,,,,,Rosa,,,,,Mexico,,,,,,,,,,,20000,,,,1,,,,,,,,,,,,,None,,,,,,,,,,,,,,,0,,,2020,2,100,25
,53,,,,,Rosa,,,,,Mexico,,,,,,,,,,,20000,,,,1,,,,,,,,,,,,,None,,,,,,,,,,,,,,,0,,,2020,2,100,25
,53,,,,,Rosa,,,,,Mexico,,,,,,,,,,,20000,,,,1,,,,,,,,,,,,,None,,,,,,,,,,,,,,,0,,,2020,2,100,25
,53,,,,,Rosa,,,,,Mexico,,,,,,,,,,,20000,,,,1,,,,,,,,,,,,,None,,,,,,,,,,,,,,,0,,,2020,2,100,25
,53,,,,,Rosa,,,,,Mexico,,,,,,,,,,,20000,,,,1,,,,,,,,,,,,,None,,,,,,,,,,,,,,,0,,,2020,2,100,25
,53,,,,,Rosa,,,,,Mexico,,,,,,,,,,,20000,,,,1,,,,,,,,,,,,,None,,,,,,,,,,,,,,,0,,,2020,2,100,25
,53,,,,,Rosa,,,,,Mexico,,,,,,,,,,,20000,,,,1,,,,,,,,,,,,,None,,,,,,,,,,,,,,,0,,,2020,2,100,25
,53,,,,,Rosa,,,,,Mexico,,,,,,,,,,,20000,,,,1,,,,,,,,,,,,,None,,,,,,,,,,,,,,,0,,,2020,2,100,25
,53,,,,,Rosa,,,,,Mexico,,,,,,,,,,,20000,,,,1,,,,,,,,,,,,,None,,,,,,,,,,,,,,,0,,,2020,2,100,25
,53,,,,,Rosa,,,,,Mexico,,,,,,,,,,,20000,,,,1,,,,,,,,,,,,,None,,,,,,,,,,,,,,,0,,,2020,2,100,25
,53,,,,,Rosa,,,,,Mexico,,,,,,,,,,,20000,,,,1,,,,,,,,,,,,,None,,,,,,,,,,,,,,,0,,,2020,2,100,25
,53,,,,,Rosa,,,,,Mexico,,,,,,,,,,,20000,,,,1,,,,,,,,,,,,,None,,,,,,,,,,,,,,,0,,,2020,2,100,25
,53,,,,,Rosa,,,,,Mexico,,,,,,,,,,,20000,,,,1,,,,,,,,,,,,,None,,,,,,,,,,,,,,,0,,,2020,2,100,25
,53,,,,,Rosa,,,,,Mexico,,,,,,,,,,,20000,,,,1,,,,,,,,,,,,,None,,,,,,,,,,,,,,,0,,,2020,2,100,25
,53,,,,,Rosa,,,,,Mexico,,,,,,,,,,,20000,,,,1,,,,,,,,,,,,,None,,,,,,,,,,,,,,,0,,,2020,2,100,25
,53,,,,,Rosa,,,,,Mexico,,,,,,,,,,,20000,,,,1,,,,,,,,,,,,,None,,,,,,,,,,,,,,,0,,,2020,2,100,25
,53,,,,,Rosa,,,,,Mexico,,,,,,,,,,,20000,,,,1,,,,,,,,,,,,,None,,,,,,,,,,,,,,,0,,,2020,2,100,25
,53,,,,,Rosa,,,,,Mexico,,,,,,,,,,,20000,,,,1,,,,,,,,,,,,,None,,,,,,,,,,,,,,,0,,,2020,2,100,25
,53,,,,,Rosa,,,,,Mexico,,,,,,,,,,,20000,,,,1,,,,,,,,,,,,,None,,,,,,,,,,,,,,,0,,,2020,2,100,25
,54,,,,,Gerbera,,,,,Mexico,,,,,,,,,,,20000,,,,1,,,,,,,,,,,,,None,,,,,,,,,,,,,,,0,,,2020,2,100,25
,54,,,,,Gerbera,,,,,Mexico,,,,,,,,,,,20000,,,,1,,,,,,,,,,,,,None,,,,,,,,,,,,,,,0,,,2020,2,100,25
,54,,,,,Gerbera,,,,,Mexico,,,,,,,,,,,20000,,,,1,,,,,,,,,,,,,None,,,,,,,,,,,,,,,0,,,2020,2,100,25
,54,,,,,Gerbera,,,,,Mexico,,,,,,,,,,,20000,,,,1,,,,,,,,,,,,,None,,,,,,,,,,,,,,,0,,,2020,2,100,25
,54,,,,,Gerbera,,,,,Mexico,,,,,,,,,,,20000,,,,1,,,,,,,,,,,,,None,,,,,,,,,,,,,,,0,,,2020,2,100,25
,54,,,,,Gerbera,,,,,Mexico,,,,,,,,,,,20000,,,,1,,,,,,,,,,,,,None,,,,,,,,,,,,,,,0,,,2020,2,100,25
,54,,,,,Gerbera,,,,,Mexico,,,,,,,,,,,20000,,,,1,,,,,,,,,,,,,None,,,,,,,,,,,,,,,0,,,2020,2,100,25
,54,,,,,Gerbera,,,,,Mexico,,,,,,,,,,,20000,,,,1,,,,,,,,,,,,,None,,,,,,,,,,,,,,,0,,,2020,2,100,25
,54,,,,,Gerbera,,,,,Mexico,,,,,,,,,,,20000,,,,1,,,,,,,,,,,,,None,,,,,,,,,,,,,,,0,,,2020,2,100,25
,54,,,,,Gerbera,,,,,Mexico,,,,,,,,,,,20000,,,,1,,,,,,,,,,,,,None,,,,,,,,,,,,,,,0,,,2020,2,100,25
,54,,,,,Gerbera,,,,,Mexico,,,,,,,,,,,20000,,,,1,,,,,,,,,,,,,None,,,,,,,,,,,,,,,0,,,2020,2,100,25
,54,,,,,Gerbera,,,,,Mexico,,,,,,,,,,,20000,,,,1,,,,,,,,,,,,,None,,,,,,,,,,,,,,,0,,,2020,2,100,25
,54,,,,,Gerbera,,,,,Mexico,,,,,,,,,,,20000,,,,1,,,,,,,,,,,,,None,,,,,,,,,,,,,,,0,,,2020,2,100,25
,54,,,,,Gerbera,,,,,Mexico,,,,,,,,,,,20000,,,,1,,,,,,,,,,,,,None,,,,,,,,,,,,,,,0,,,2020,2,100,25
,54,,,,,Gerbera,,,,,Mexico,,,,,,,,,,,20000,,,,1,,,,,,,,,,,,,None,,,,,,,,,,,,,,,0,,,2020,2,100,25
,54,,,,,Gerbera,,,,,Mexico,,,,,,,,,,,20000,,,,1,,,,,,,,,,,,,None,,,,,,,,,,,,,,,0,,,2020,2,100,25
,54,,,,,Gerbera,,,,,Mexico,,,,,,,,,,,20000,,,,1,,,,,,,,,,,,,None,,,,,,,,,,,,,,,0,,,2020,2,100,25
,54,,,,,Gerbera,,,,,Mexico,,,,,,,,,,,20000,,,,1,,,,,,,,,,,,,None,,,,,,,,,,,,,,,0,,,2020,2,100,25
,54,,,,,Gerbera,,,,,Mexico,,,,,,,,,,,20000,,,,1,,,,,,,,,,,,,None,,,,,,,,,,,,,,,0,,,2020,2,100,25
,54,,,,,Gerbera,,,,,Mexico,,,,,,,,,,,20000,,,,1,,,,,,,,,,,,,None,,,,,,,,,,,,,,,0,,,2020,2,100,25
,54,,,,,Gerbera,,,,,Mexico,,,,,,,,,,,20000,,,,1,,,,,,,,,,,,,None,,,,,,,,,,,,,,,0,,,2020,2,100,25
,54,,,,,Gerbera,,,,,Mexico,,,,,,,,,,,20000,,,,1,,,,,,,,,,,,,None,,,,,,,,,,,,,,,0,,,2020,2,100,25
,54,,,,,Gerbera,,,,,Mexico,,,,,,,,,,,20000,,,,1,,,,,,,,,,,,,None,,,,,,,,,,,,,,,0,,,2020,2,100,25
,54,,,,,Gerbera,,,,,Mexico,,,,,,,,,,,20000,,,,1,,,,,,,,,,,,,None,,,,,,,,,,,,,,,0,,,2020,2,100,25
,54,,,,,Gerbera,,,,,Mexico,,,,,,,,,,,20000,,,,1,,,,,,,,,,,,,None,,,,,,,,,,,,,,,0,,,2020,2,100,25
,55,,,,,Mokara,,,,,Israel,,,,,,,,,,,20000,,,,1,,,,,,,,,,,,,None,,,,,,,,,,,,,,,0,,,2020,2,100,25
,55,,,,,Mokara,,,,,Israel,,,,,,,,,,,20000,,,,1,,,,,,,,,,,,,None,,,,,,,,,,,,,,,0,,,2020,2,100,25
,55,,,,,Mokara,,,,,Israel,,,,,,,,,,,20000,,,,1,,,,,,,,,,,,,None,,,,,,,,,,,,,,,0,,,2020,2,100,25
,55,,,,,Mokara,,,,,Israel,,,,,,,,,,,20000,,,,1,,,,,,,,,,,,,None,,,,,,,,,,,,,,,0,,,2020,2,100,25
,55,,,,,Mokara,,,,,Israel,,,,,,,,,,,20000,,,,1,,,,,,,,,,,,,None,,,,,,,,,,,,,,,0,,,2020,2,100,25
,55,,,,,Mokara,,,,,Israel,,,,,,,,,,,20000,,,,1,,,,,,,,,,,,,None,,,,,,,,,,,,,,,0,,,2020,2,100,25
,55,,,,,Mokara,,,,,Israel,,,,,,,,,,,20000,,,,1,,,,,,,,,,,,,None,,,,,,,,,,,,,,,0,,,2020,2,100,25
,55,,,,,Mokara,,,,,Israel,,,,,,,,,,,20000,,,,1,,,,,,,,,,,,,None,,,,,,,,,,,,,,,0,,,2020,2,100,25
,55,,,,,Mokara,,,,,Israel,,,,,,,,,,,20000,,,,1,,,,,,,,,,,,,None,,,,,,,,,,,,,,,0,,,2020,2,100,25
,55,,,,,Mokara,,,,,Israel,,,,,,,,,,,20000,,,,1,,,,,,,,,,,,,None,,,,,,,,,,,,,,,0,,,2020,2,100,25
,55,,,,,Mokara,,,,,Israel,,,,,,,,,,,20000,,,,1,,,,,,,,,,,,,None,,,,,,,,,,,,,,,0,,,2020,2,100,25
,55,,,,,Mokara,,,,,Israel,,,,,,,,,,,20000,,,,1,,,,,,,,,,,,,None,,,,,,,,,,,,,,,0,,,2020,2,100,25
,55,,,,,Mokara,,,,,Israel,,,,,,,,,,,20000,,,,1,,,,,,,,,,,,,None,,,,,,,,,,,,,,,0,,,2020,2,100,25
,55,,,,,Mokara,,,,,Israel,,,,,,,,,,,20000,,,,1,,,,,,,,,,,,,None,,,,,,,,,,,,,,,0,,,2020,2,100,25
,55,,,,,Mokara,,,,,Israel,,,,,,,,,,,20000,,,,1,,,,,,,,,,,,,None,,,,,,,,,,,,,,,0,,,2020,2,100,25
,55,,,,,Mokara,,,,,Israel,,,,,,,,,,,20000,,,,1,,,,,,,,,,,,,None,,,,,,,,,,,,,,,0,,,2020,2,100,25
,55,,,,,Mokara,,,,,Israel,,,,,,,,,,,20000,,,,1,,,,,,,,,,,,,None,,,,,,,,,,,,,,,0,,,2020,2,100,25
,55,,,,,Mokara,,,,,Israel,,,,,,,,,,,20000,,,,1,,,,,,,,,,,,,None,,,,,,,,,,,,,,,0,,,2020,2,100,25
,55,,,,,Mokara,,,,,Israel,,,,,,,,,,,20000,,,,1,,,,,,,,,,,,,None,,,,,,,,,,,,,,,0,,,2020,2,100,25
,55,,,,,Mokara,,,,,Israel,,,,,,,,,,,20000,,,,1,,,,,,,,,,,,,None,,,,,,,,,,,,,,,0,,,2020,2,100,25
,55,,,,,Mokara,,,,,Israel,,,,,,,,,,,20000,,,,1,,,,,,,,,,,,,None,,,,,,,,,,,,,,,0,,,2020,2,100,25
,55,,,,,Mokara,,,,,Israel,,,,,,,,,,,20000,,,,1,,,,,,,,,,,,,None,,,,,,,,,,,,,,,0,,,2020,2,100,25
,55,,,,,Mokara,,,,,Israel,,,,,,,,,,,20000,,,,1,,,,,,,,,,,,,None,,,,,,,,,,,,,,,0,,,2020,2,100,25
,55,,,,,Mokara,,,,,Israel,,,,,,,,,,,20000,,,,1,,,,,,,,,,,,,None,,,,,,,,,,,,,,,0,,,2020,2,100,25
,55,,,,,Mokara,,,,,Israel,,,,,,,,,,,20000,,,,1,,,,,,,,,,,,,None,,,,,,,,,,,,,,,0,,,2020,2,100,25
,56,,,,,Anemone,,,,,Israel,,,,,,,,,,,20000,,,,1,,,,,,,,,,,,,None,,,,,,,,,,,,,,,0,,,2020,2,100,25
,56,,,,,Anemone,,,,,Israel,,,,,,,,,,,20000,,,,1,,,,,,,,,,,,,None,,,,,,,,,,,,,,,0,,,2020,2,100,25
,56,,,,,Anemone,,,,,Israel,,,,,,,,,,,20000,,,,1,,,,,,,,,,,,,None,,,,,,,,,,,,,,,0,,,2020,2,100,25
,56,,,,,Anemone,,,,,Israel,,,,,,,,,,,20000,,,,1,,,,,,,,,,,,,None,,,,,,,,,,,,,,,0,,,2020,2,100,25
,56,,,,,Anemone,,,,,Israel,,,,,,,,,,,20000,,,,1,,,,,,,,,,,,,None,,,,,,,,,,,,,,,0,,,2020,2,100,25
,56,,,,,Anemone,,,,,Israel,,,,,,,,,,,20000,,,,1,,,,,,,,,,,,,None,,,,,,,,,,,,,,,0,,,2020,2,100,25
,56,,,,,Anemone,,,,,Israel,,,,,,,,,,,20000,,,,1,,,,,,,,,,,,,None,,,,,,,,,,,,,,,0,,,2020,2,100,25
,56,,,,,Anemone,,,,,Israel,,,,,,,,,,,20000,,,,1,,,,,,,,,,,,,None,,,,,,,,,,,,,,,0,,,2020,2,100,25
,56,,,,,Anemone,,,,,Israel,,,,,,,,,,,20000,,,,1,,,,,,,,,,,,,None,,,,,,,,,,,,,,,0,,,2020,2,100,25
,56,,,,,Anemone,,,,,Israel,,,,,,,,,,,20000,,,,1,,,,,,,,,,,,,None,,,,,,,,,,,,,,,0,,,2020,2,100,25
,56,,,,,Anemone,,,,,Israel,,,,,,,,,,,20000,,,,1,,,,,,,,,,,,,None,,,,,,,,,,,,,,,0,,,2020,2,100,25
,56,,,,,Anemone,,,,,Israel,,,,,,,,,,,20000,,,,1,,,,,,,,,,,,,None,,,,,,,,,,,,,,,0,,,2020,2,100,25
,56,,,,,Anemone,,,,,Israel,,,,,,,,,,,20000,,,,1,,,,,,,,,,,,,None,,,,,,,,,,,,,,,0,,,2020,2,100,25
,56,,,,,Anemone,,,,,Israel,,,,,,,,,,,20000,,,,1,,,,,,,,,,,,,None,,,,,,,,,,,,,,,0,,,2020,2,100,25
,56,,,,,Anemone,,,,,Israel,,,,,,,,,,,20000,,,,1,,,,,,,,,,,,,None,,,,,,,,,,,,,,,0,,,2020,2,100,25
,56,,,,,Anemone,,,,,Israel,,,,,,,,,,,20000,,,,1,,,,,,,,,,,,,None,,,,,,,,,,,,,,,0,,,2020,2,100,25
,56,,,,,Anemone,,,,,Israel,,,,,,,,,,,20000,,,,1,,,,,,,,,,,,,None,,,,,,,,,,,,,,,0,,,2020,2,100,25
,56,,,,,Anemone,,,,,Israel,,,,,,,,,,,20000,,,,1,,,,,,,,,,,,,None,,,,,,,,,,,,,,,0,,,2020,2,100,25
,56,,,,,Anemone,,,,,Israel,,,,,,,,,,,20000,,,,1,,,,,,,,,,,,,None,,,,,,,,,,,,,,,0,,,2020,2,100,25
,56,,,,,Anemone,,,,,Israel,,,,,,,,,,,20000,,,,1,,,,,,,,,,,,,None,,,,,,,,,,,,,,,0,,,2020,2,100,25
,56,,,,,Anemone,,,,,Israel,,,,,,,,,,,20000,,,,1,,,,,,,,,,,,,None,,,,,,,,,,,,,,,0,,,2020,2,100,25
,56,,,,,Anemone,,,,,Israel,,,,,,,,,,,20000,,,,1,,,,,,,,,,,,,None,,,,,,,,,,,,,,,0,,,2020,2,100,25
,56,,,,,Anemone,,,,,Israel,,,,,,,,,,,20000,,,,1,,,,,,,,,,,,,None,,,,,,,,,,,,,,,0,,,2020,2,100,25
,56,,,,,Anemone,,,,,Israel,,,,,,,,,,,20000,,,,1,,,,,,,,,,,,,None,,,,,,,,,,,,,,,0,,,2020,2,100,25
,56,,,,,Anemone,,,,,Israel,,,,,,,,,,,20000,,,,1,,,,,,,,,,,,,None,,,,,,,,,,,,,,,0,,,2020,2,100,25
,57,,,,,Aegilops,,,,,Tanzania,,,,,,,,,,,20000,,,,1,,,,,,,,,,,,,None,,,,,,,,,,,,,,,0,,,2020,2,100,25
,57,,,,,Aegilops,,,,,Tanzania,,,,,,,,,,,20000,,,,1,,,,,,,,,,,,,None,,,,,,,,,,,,,,,0,,,2020,2,100,25
,57,,,,,Aegilops,,,,,Tanzania,,,,,,,,,,,20000,,,,1,,,,,,,,,,,,,None,,,,,,,,,,,,,,,0,,,2020,2,100,25
,57,,,,,Aegilops,,,,,Tanzania,,,,,,,,,,,20000,,,,1,,,,,,,,,,,,,None,,,,,,,,,,,,,,,0,,,2020,2,100,25
,57,,,,,Aegilops,,,,,Tanzania,,,,,,,,,,,20000,,,,1,,,,,,,,,,,,,None,,,,,,,,,,,,,,,0,,,2020,2,100,25
,57,,,,,Aegilops,,,,,Tanzania,,,,,,,,,,,20000,,,,1,,,,,,,,,,,,,None,,,,,,,,,,,,,,,0,,,2020,2,100,25
,57,,,,,Aegilops,,,,,Tanzania,,,,,,,,,,,20000,,,,1,,,,,,,,,,,,,None,,,,,,,,,,,,,,,0,,,2020,2,100,25
,57,,,,,Aegilops,,,,,Tanzania,,,,,,,,,,,20000,,,,1,,,,,,,,,,,,,None,,,,,,,,,,,,,,,0,,,2020,2,100,25
,57,,,,,Aegilops,,,,,Tanzania,,,,,,,,,,,20000,,,,1,,,,,,,,,,,,,None,,,,,,,,,,,,,,,0,,,2020,2,100,25
,57,,,,,Aegilops,,,,,Tanzania,,,,,,,,,,,20000,,,,1,,,,,,,,,,,,,None,,,,,,,,,,,,,,,0,,,2020,2,100,25
,57,,,,,Aegilops,,,,,Tanzania,,,,,,,,,,,20000,,,,1,,,,,,,,,,,,,None,,,,,,,,,,,,,,,0,,,2020,2,100,25
,57,,,,,Aegilops,,,,,Tanzania,,,,,,,,,,,20000,,,,1,,,,,,,,,,,,,None,,,,,,,,,,,,,,,0,,,2020,2,100,25
,57,,,,,Aegilops,,,,,Tanzania,,,,,,,,,,,20000,,,,1,,,,,,,,,,,,,None,,,,,,,,,,,,,,,0,,,2020,2,100,25
,57,,,,,Aegilops,,,,,Tanzania,,,,,,,,,,,20000,,,,1,,,,,,,,,,,,,None,,,,,,,,,,,,,,,0,,,2020,2,100,25
,57,,,,,Aegilops,,,,,Tanzania,,,,,,,,,,,20000,,,,1,,,,,,,,,,,,,None,,,,,,,,,,,,,,,0,,,2020,2,100,25
,57,,,,,Aegilops,,,,,Tanzania,,,,,,,,,,,20000,,,,1,,,,,,,,,,,,,None,,,,,,,,,,,,,,,0,,,2020,2,100,25
,57,,,,,Aegilops,,,,,Tanzania,,,,,,,,,,,20000,,,,1,,,,,,,,,,,,,None,,,,,,,,,,,,,,,0,,,2020,2,100,25
,57,,,,,Aegilops,,,,,Tanzania,,,,,,,,,,,20000,,,,1,,,,,,,,,,,,,None,,,,,,,,,,,,,,,0,,,2020,2,100,25
,57,,,,,Aegilops,,,,,Tanzania,,,,,,,,,,,20000,,,,1,,,,,,,,,,,,,None,,,,,,,,,,,,,,,0,,,2020,2,100,25
,57,,,,,Aegilops,,,,,Tanzania,,,,,,,,,,,20000,,,,1,,,,,,,,,,,,,None,,,,,,,,,,,,,,,0,,,2020,2,100,25
,57,,,,,Aegilops,,,,,Tanzania,,,,,,,,,,,20000,,,,1,,,,,,,,,,,,,None,,,,,,,,,,,,,,,0,,,2020,2,100,25
,57,,,,,Aegilops,,,,,Tanzania,,,,,,,,,,,20000,,,,1,,,,,,,,,,,,,None,,,,,,,,,,,,,,,0,,,2020,2,100,25
,57,,,,,Aegilops,,,,,Tanzania,,,,,,,,,,,20000,,,,1,,,,,,,,,,,,,None,,,,,,,,,,,,,,,0,,,2020,2,100,25
,57,,,,,Aegilops,,,,,Tanzania,,,,,,,,,,,20000,,,,1,,,,,,,,,,,,,None,,,,,,,,,,,,,,,0,,,2020,2,100,25
,57,,,,,Aegilops,,,,,Tanzania,,,,,,,,,,,20000,,,,1,,,,,,,,,,,,,None,,,,,,,,,,,,,,,0,,,2020,2,100,25
,58,,,,,Rosa,,,,,Japan,,,,,,,,,,,20000,,,,1,,,,,,,,,,,,,None,,,,,,,,,,,,,,,0,,,2020,2,100,25
,58,,,,,Rosa,,,,,Japan,,,,,,,,,,,20000,,,,1,,,,,,,,,,,,,None,,,,,,,,,,,,,,,0,,,2020,2,100,25
,58,,,,,Rosa,,,,,Japan,,,,,,,,,,,20000,,,,1,,,,,,,,,,,,,None,,,,,,,,,,,,,,,0,,,2020,2,100,25
,58,,,,,Rosa,,,,,Japan,,,,,,,,,,,20000,,,,1,,,,,,,,,,,,,None,,,,,,,,,,,,,,,0,,,2020,2,100,25
,58,,,,,Rosa,,,,,Japan,,,,,,,,,,,20000,,,,1,,,,,,,,,,,,,None,,,,,,,,,,,,,,,0,,,2020,2,100,25
,58,,,,,Rosa,,,,,Japan,,,,,,,,,,,20000,,,,1,,,,,,,,,,,,,None,,,,,,,,,,,,,,,0,,,2020,2,100,25
,58,,,,,Rosa,,,,,Japan,,,,,,,,,,,20000,,,,1,,,,,,,,,,,,,None,,,,,,,,,,,,,,,0,,,2020,2,100,25
,58,,,,,Rosa,,,,,Japan,,,,,,,,,,,20000,,,,1,,,,,,,,,,,,,None,,,,,,,,,,,,,,,0,,,2020,2,100,25
,58,,,,,Rosa,,,,,Japan,,,,,,,,,,,20000,,,,1,,,,,,,,,,,,,None,,,,,,,,,,,,,,,0,,,2020,2,100,25
,58,,,,,Rosa,,,,,Japan,,,,,,,,,,,20000,,,,1,,,,,,,,,,,,,None,,,,,,,,,,,,,,,0,,,2020,2,100,25
,58,,,,,Rosa,,,,,Japan,,,,,,,,,,,20000,,,,1,,,,,,,,,,,,,None,,,,,,,,,,,,,,,0,,,2020,2,100,25
,58,,,,,Rosa,,,,,Japan,,,,,,,,,,,20000,,,,1,,,,,,,,,,,,,None,,,,,,,,,,,,,,,0,,,2020,2,100,25
,58,,,,,Rosa,,,,,Japan,,,,,,,,,,,20000,,,,1,,,,,,,,,,,,,None,,,,,,,,,,,,,,,0,,,2020,2,100,25
,58,,,,,Rosa,,,,,Japan,,,,,,,,,,,20000,,,,1,,,,,,,,,,,,,None,,,,,,,,,,,,,,,0,,,2020,2,100,25
,58,,,,,Rosa,,,,,Japan,,,,,,,,,,,20000,,,,1,,,,,,,,,,,,,None,,,,,,,,,,,,,,,0,,,2020,2,100,25
,58,,,,,Rosa,,,,,Japan,,,,,,,,,,,20000,,,,1,,,,,,,,,,,,,None,,,,,,,,,,,,,,,0,,,2020,2,100,25
,58,,,,,Rosa,,,,,Japan,,,,,,,,,,,20000,,,,1,,,,,,,,,,,,,None,,,,,,,,,,,,,,,0,,,2020,2,100,25
,58,,,,,Rosa,,,,,Japan,,,,,,,,,,,20000,,,,1,,,,,,,,,,,,,None,,,,,,,,,,,,,,,0,,,2020,2,100,25
,58,,,,,Rosa,,,,,Japan,,,,,,,,,,,20000,,,,1,,,,,,,,,,,,,None,,,,,,,,,,,,,,,0,,,2020,2,100,25
,58,,,,,Rosa,,,,,Japan,,,,,,,,,,,20000,,,,1,,,,,,,,,,,,,None,,,,,,,,,,,,,,,0,,,2020,2,100,25
,58,,,,,Rosa,,,,,Japan,,,,,,,,,,,20000,,,,1,,,,,,,,,,,,,None,,,,,,,,,,,,,,,0,,,2020,2,100,25
,58,,,,,Rosa,,,,,Japan,,,,,,,,,,,20000,,,,1,,,,,,,,,,,,,None,,,,,,,,,,,,,,,0,,,2020,2,100,25
,58,,,,,Rosa,,,,,Japan,,,,,,,,,,,20000,,,,1,,,,,,,,,,,,,None,,,,,,,,,,,,,,,0,,,2020,2,100,25
,58,,,,,Rosa,,,,,Japan,,,,,,,,,,,20000,,,,1,,,,,,,,,,,,,None,,,,,,,,,,,,,,,0,,,2020,2,100,25
,58,,,,,Rosa,,,,,Japan,,,,,,,,,,,20000,,,,1,,,,,,,,,,,,,None,,,,,,,,,,,,,,,0,,,2020,2,100,25
,59,,,,,Liatris,,,,,Netherlands,,,,,,,,,,,20000,,,,1,,,,,,,,,,,,,None,,,,,,,,,,,,,,,0,,,2020,2,100,25
,59,,,,,Liatris,,,,,Netherlands,,,,,,,,,,,20000,,,,1,,,,,,,,,,,,,None,,,,,,,,,,,,,,,0,,,2020,2,100,25
,59,,,,,Liatris,,,,,Netherlands,,,,,,,,,,,20000,,,,1,,,,,,,,,,,,,None,,,,,,,,,,,,,,,0,,,2020,2,100,25
,59,,,,,Liatris,,,,,Netherlands,,,,,,,,,,,20000,,,,1,,,,,,,,,,,,,None,,,,,,,,,,,,,,,0,,,2020,2,100,25
,59,,,,,Liatris,,,,,Netherlands,,,,,,,,,,,20000,,,,1,,,,,,,,,,,,,None,,,,,,,,,,,,,,,0,,,2020,2,100,25
,59,,,,,Liatris,,,,,Netherlands,,,,,,,,,,,20000,,,,1,,,,,,,,,,,,,None,,,,,,,,,,,,,,,0,,,2020,2,100,25
,59,,,,,Liatris,,,,,Netherlands,,,,,,,,,,,20000,,,,1,,,,,,,,,,,,,None,,,,,,,,,,,,,,,0,,,2020,2,100,25
,59,,,,,Liatris,,,,,Netherlands,,,,,,,,,,,20000,,,,1,,,,,,,,,,,,,None,,,,,,,,,,,,,,,0,,,2020,2,100,25
,59,,,,,Liatris,,,,,Netherlands,,,,,,,,,,,20000,,,,1,,,,,,,,,,,,,None,,,,,,,,,,,,,,,0,,,2020,2,100,25
,59,,,,,Liatris,,,,,Netherlands,,,,,,,,,,,20000,,,,1,,,,,,,,,,,,,None,,,,,,,,,,,,,,,0,,,2020,2,100,25
,59,,,,,Liatris,,,,,Netherlands,,,,,,,,,,,20000,,,,1,,,,,,,,,,,,,None,,,,,,,,,,,,,,,0,,,2020,2,100,25
,59,,,,,Liatris,,,,,Netherlands,,,,,,,,,,,20000,,,,1,,,,,,,,,,,,,None,,,,,,,,,,,,,,,0,,,2020,2,100,25
,59,,,,,Liatris,,,,,Netherlands,,,,,,,,,,,20000,,,,1,,,,,,,,,,,,,None,,,,,,,,,,,,,,,0,,,2020,2,100,25
,59,,,,,Liatris,,,,,Netherlands,,,,,,,,,,,20000,,,,1,,,,,,,,,,,,,None,,,,,,,,,,,,,,,0,,,2020,2,100,25
,59,,,,,Liatris,,,,,Netherlands,,,,,,,,,,,20000,,,,1,,,,,,,,,,,,,None,,,,,,,,,,,,,,,0,,,2020,2,100,25
,59,,,,,Liatris,,,,,Netherlands,,,,,,,,,,,20000,,,,1,,,,,,,,,,,,,None,,,,,,,,,,,,,,,0,,,2020,2,100,25
,59,,,,,Liatris,,,,,Netherlands,,,,,,,,,,,20000,,,,1,,,,,,,,,,,,,None,,,,,,,,,,,,,,,0,,,2020,2,100,25
,59,,,,,Liatris,,,,,Netherlands,,,,,,,,,,,20000,,,,1,,,,,,,,,,,,,None,,,,,,,,,,,,,,,0,,,2020,2,100,25
,59,,,,,Liatris,,,,,Netherlands,,,,,,,,,,,20000,,,,1,,,,,,,,,,,,,None,,,,,,,,,,,,,,,0,,,2020,2,100,25
,59,,,,,Liatris,,,,,Netherlands,,,,,,,,,,,20000,,,,1,,,,,,,,,,,,,None,,,,,,,,,,,,,,,0,,,2020,2,100,25
,59,,,,,Liatris,,,,,Netherlands,,,,,,,,,,,20000,,,,1,,,,,,,,,,,,,None,,,,,,,,,,,,,,,0,,,2020,2,100,25
,59,,,,,Liatris,,,,,Netherlands,,,,,,,,,,,20000,,,,1,,,,,,,,,,,,,None,,,,,,,,,,,,,,,0,,,2020,2,100,25
,59,,,,,Liatris,,,,,Netherlands,,,,,,,,,,,20000,,,,1,,,,,,,,,,,,,None,,,,,,,,,,,,,,,0,,,2020,2,100,25
,59,,,,,Liatris,,,,,Netherlands,,,,,,,,,,,20000,,,,1,,,,,,,,,,,,,None,,,,,,,,,,,,,,,0,,,2020,2,100,25
,59,,,,,Liatris,,,,,Netherlands,,,,,,,,,,,20000,,,,1,,,,,,,,,,,,,None,,,,,,,,,,,,,,,0,,,2020,2,100,25
,60,,,,,Protea,,,,,New Zealand,,,,,,,,,,,20000,,,,1,,,,,,,,,,,,,None,,,,,,,,,,,,,,,0,,,2020,2,100,25
,60,,,,,Protea,,,,,New Zealand,,,,,,,,,,,20000,,,,1,,,,,,,,,,,,,None,,,,,,,,,,,,,,,0,,,2020,2,100,25
,60,,,,,Protea,,,,,New Zealand,,,,,,,,,,,20000,,,,1,,,,,,,,,,,,,None,,,,,,,,,,,,,,,0,,,2020,2,100,25
,60,,,,,Protea,,,,,New Zealand,,,,,,,,,,,20000,,,,1,,,,,,,,,,,,,None,,,,,,,,,,,,,,,0,,,2020,2,100,25
,60,,,,,Protea,,,,,New Zealand,,,,,,,,,,,20000,,,,1,,,,,,,,,,,,,None,,,,,,,,,,,,,,,0,,,2020,2,100,25
,60,,,,,Protea,,,,,New Zealand,,,,,,,,,,,20000,,,,1,,,,,,,,,,,,,None,,,,,,,,,,,,,,,0,,,2020,2,100,25
,60,,,,,Protea,,,,,New Zealand,,,,,,,,,,,20000,,,,1,,,,,,,,,,,,,None,,,,,,,,,,,,,,,0,,,2020,2,100,25
,60,,,,,Protea,,,,,New Zealand,,,,,,,,,,,20000,,,,1,,,,,,,,,,,,,None,,,,,,,,,,,,,,,0,,,2020,2,100,25
,60,,,,,Protea,,,,,New Zealand,,,,,,,,,,,20000,,,,1,,,,,,,,,,,,,None,,,,,,,,,,,,,,,0,,,2020,2,100,25
,60,,,,,Protea,,,,,New Zealand,,,,,,,,,,,20000,,,,1,,,,,,,,,,,,,None,,,,,,,,,,,,,,,0,,,2020,2,100,25
,60,,,,,Protea,,,,,New Zealand,,,,,,,,,,,20000,,,,1,,,,,,,,,,,,,None,,,,,,,,,,,,,,,0,,,2020,2,100,25
,60,,,,,Protea,,,,,New Zealand,,,,,,,,,,,20000,,,,1,,,,,,,,,,,,,None,,,,,,,,,,,,,,,0,,,2020,2,100,25
,60,,,,,Protea,,,,,New Zealand,,,,,,,,,,,20000,,,,1,,,,,,,,,,,,,None,,,,,,,,,,,,,,,0,,,2020,2,100,25
,60,,,,,Protea,,,,,New Zealand,,,,,,,,,,,20000,,,,1,,,,,,,,,,,,,None,,,,,,,,,,,,,,,0,,,2020,2,100,25
,60,,,,,Protea,,,,,New Zealand,,,,,,,,,,,20000,,,,1,,,,,,,,,,,,,None,,,,,,,,,,,,,,,0,,,2020,2,100,25
,60,,,,,Protea,,,,,New Zealand,,,,,,,,,,,20000,,,,1,,,,,,,,,,,,,None,,,,,,,,,,,,,,,0,,,2020,2,100,25
,60,,,,,Protea,,,,,New Zealand,,,,,,,,,,,20000,,,,1,,,,,,,,,,,,,None,,,,,,,,,,,,,,,0,,,2020,2,100,25
,60,,,,,Protea,,,,,New Zealand,,,,,,,,,,,20000,,,,1,,,,,,,,,,,,,None,,,,,,,,,,,,,,,0,,,2020,2,100,25
,60,,,,,Protea,,,,,New Zealand,,,,,,,,,,,20000,,,,1,,,,,,,,,,,,,None,,,,,,,,,,,,,,,0,,,2020,2,100,25
,60,,,,,Protea,,,,,New Zealand,,,,,,,,,,,20000,,,,1,,,,,,,,,,,,,None,,,,,,,,,,,,,,,0,,,2020,2,100,25
,60,,,,,Protea,,,,,New Zealand,,,,,,,,,,,20000,,,,1,,,,,,,,,,,,,None,,,,,,,,,,,,,,,0,,,2020,2,100,25
,60,,,,,Protea,,,,,New Zealand,,,,,,,,,,,20000,,,,1,,,,,,,,,,,,,None,,,,,,,,,,,,,,,0,,,2020,2,100,25
,60,,,,,Protea,,,,,New Zealand,,,,,,,,,,,20000,,,,1,,,,,,,,,,,,,None,,,,,,,,,,,,,,,0,,,2020,2,100,25
,60,,,,,Protea,,,,,New Zealand,,,,,,,,,,,20000,,,,1,,,,,,,,,,,,,None,,,,,,,,,,,,,,,0,,,2020,2,100,25
,60,,,,,Protea,,,,,New Zealand,,,,,,,,,,,20000,,,,1,,,,,,,,,,,,,None,,,,,,,,,,,,,,,0,,,2020,2,100,25
,61,,,,,Agapanthus,,,,,New Zealand,,,,,,,,,,,20000,,,,1,,,,,,,,,,,,,None,,,,,,,,,,,,,,,0,,,2020,2,100,25
,61,,,,,Agapanthus,,,,,New Zealand,,,,,,,,,,,20000,,,,1,,,,,,,,,,,,,None,,,,,,,,,,,,,,,0,,,2020,2,100,25
,61,,,,,Agapanthus,,,,,New Zealand,,,,,,,,,,,20000,,,,1,,,,,,,,,,,,,None,,,,,,,,,,,,,,,0,,,2020,2,100,25
,61,,,,,Agapanthus,,,,,New Zealand,,,,,,,,,,,20000,,,,1,,,,,,,,,,,,,None,,,,,,,,,,,,,,,0,,,2020,2,100,25
,61,,,,,Agapanthus,,,,,New Zealand,,,,,,,,,,,20000,,,,1,,,,,,,,,,,,,None,,,,,,,,,,,,,,,0,,,2020,2,100,25
,61,,,,,Agapanthus,,,,,New Zealand,,,,,,,,,,,20000,,,,1,,,,,,,,,,,,,None,,,,,,,,,,,,,,,0,,,2020,2,100,25
,61,,,,,Agapanthus,,,,,New Zealand,,,,,,,,,,,20000,,,,1,,,,,,,,,,,,,None,,,,,,,,,,,,,,,0,,,2020,2,100,25
,61,,,,,Agapanthus,,,,,New Zealand,,,,,,,,,,,20000,,,,1,,,,,,,,,,,,,None,,,,,,,,,,,,,,,0,,,2020,2,100,25
,61,,,,,Agapanthus,,,,,New Zealand,,,,,,,,,,,20000,,,,1,,,,,,,,,,,,,None,,,,,,,,,,,,,,,0,,,2020,2,100,25
,61,,,,,Agapanthus,,,,,New Zealand,,,,,,,,,,,20000,,,,1,,,,,,,,,,,,,None,,,,,,,,,,,,,,,0,,,2020,2,100,25
,61,,,,,Agapanthus,,,,,New Zealand,,,,,,,,,,,20000,,,,1,,,,,,,,,,,,,None,,,,,,,,,,,,,,,0,,,2020,2,100,25
,61,,,,,Agapanthus,,,,,New Zealand,,,,,,,,,,,20000,,,,1,,,,,,,,,,,,,None,,,,,,,,,,,,,,,0,,,2020,2,100,25
,61,,,,,Agapanthus,,,,,New Zealand,,,,,,,,,,,20000,,,,1,,,,,,,,,,,,,None,,,,,,,,,,,,,,,0,,,2020,2,100,25
,61,,,,,Agapanthus,,,,,New Zealand,,,,,,,,,,,20000,,,,1,,,,,,,,,,,,,None,,,,,,,,,,,,,,,0,,,2020,2,100,25
,61,,,,,Agapanthus,,,,,New Zealand,,,,,,,,,,,20000,,,,1,,,,,,,,,,,,,None,,,,,,,,,,,,,,,0,,,2020,2,100,25
,61,,,,,Agapanthus,,,,,New Zealand,,,,,,,,,,,20000,,,,1,,,,,,,,,,,,,None,,,,,,,,,,,,,,,0,,,2020,2,100,25
,61,,,,,Agapanthus,,,,,New Zealand,,,,,,,,,,,20000,,,,1,,,,,,,,,,,,,None,,,,,,,,,,,,,,,0,,,2020,2,100,25
,61,,,,,Agapanthus,,,,,New Zealand,,,,,,,,,,,20000,,,,1,,,,,,,,,,,,,None,,,,,,,,,,,,,,,0,,,2020,2,100,25
,61,,,,,Agapanthus,,,,,New Zealand,,,,,,,,,,,20000,,,,1,,,,,,,,,,,,,None,,,,,,,,,,,,,,,0,,,2020,2,100,25
,61,,,,,Agapanthus,,,,,New Zealand,,,,,,,,,,,20000,,,,1,,,,,,,,,,,,,None,,,,,,,,,,,,,,,0,,,2020,2,100,25
,61,,,,,Agapanthus,,,,,New Zealand,,,,,,,,,,,20000,,,,1,,,,,,,,,,,,,None,,,,,,,,,,,,,,,0,,,2020,2,100,25
,61,,,,,Agapanthus,,,,,New Zealand,,,,,,,,,,,20000,,,,1,,,,,,,,,,,,,None,,,,,,,,,,,,,,,0,,,2020,2,100,25
,61,,,,,Agapanthus,,,,,New Zealand,,,,,,,,,,,20000,,,,1,,,,,,,,,,,,,None,,,,,,,,,,,,,,,0,,,2020,2,100,25
,61,,,,,Agapanthus,,,,,New Zealand,,,,,,,,,,,20000,,,,1,,,,,,,,,,,,,None,,,,,,,,,,,,,,,0,,,2020,2,100,25
,61,,,,,Agapanthus,,,,,New Zealand,,,,,,,,,,,20000,,,,1,,,,,,,,,,,,,None,,,,,,,,,,,,,,,0,,,2020,2,100,25
,62,,,,,Protea,,,,,Tanzania,,,,,,,,,,,20000,,,,1,,,,,,,,,,,,,None,,,,,,,,,,,,,,,0,,,2020,2,100,25
,62,,,,,Protea,,,,,Tanzania,,,,,,,,,,,20000,,,,1,,,,,,,,,,,,,None,,,,,,,,,,,,,,,0,,,2020,2,100,25
,62,,,,,Protea,,,,,Tanzania,,,,,,,,,,,20000,,,,1,,,,,,,,,,,,,None,,,,,,,,,,,,,,,0,,,2020,2,100,25
,62,,,,,Protea,,,,,Tanzania,,,,,,,,,,,20000,,,,1,,,,,,,,,,,,,None,,,,,,,,,,,,,,,0,,,2020,2,100,25
,62,,,,,Protea,,,,,Tanzania,,,,,,,,,,,20000,,,,1,,,,,,,,,,,,,None,,,,,,,,,,,,,,,0,,,2020,2,100,25
,62,,,,,Protea,,,,,Tanzania,,,,,,,,,,,20000,,,,1,,,,,,,,,,,,,None,,,,,,,,,,,,,,,0,,,2020,2,100,25
,62,,,,,Protea,,,,,Tanzania,,,,,,,,,,,20000,,,,1,,,,,,,,,,,,,None,,,,,,,,,,,,,,,0,,,2020,2,100,25
,62,,,,,Protea,,,,,Tanzania,,,,,,,,,,,20000,,,,1,,,,,,,,,,,,,None,,,,,,,,,,,,,,,0,,,2020,2,100,25
,62,,,,,Protea,,,,,Tanzania,,,,,,,,,,,20000,,,,1,,,,,,,,,,,,,None,,,,,,,,,,,,,,,0,,,2020,2,100,25
,62,,,,,Protea,,,,,Tanzania,,,,,,,,,,,20000,,,,1,,,,,,,,,,,,,None,,,,,,,,,,,,,,,0,,,2020,2,100,25
,62,,,,,Protea,,,,,Tanzania,,,,,,,,,,,20000,,,,1,,,,,,,,,,,,,None,,,,,,,,,,,,,,,0,,,2020,2,100,25
,62,,,,,Protea,,,,,Tanzania,,,,,,,,,,,20000,,,,1,,,,,,,,,,,,,None,,,,,,,,,,,,,,,0,,,2020,2,100,25
,62,,,,,Protea,,,,,Tanzania,,,,,,,,,,,20000,,,,1,,,,,,,,,,,,,None,,,,,,,,,,,,,,,0,,,2020,2,100,25
,62,,,,,Protea,,,,,Tanzania,,,,,,,,,,,20000,,,,1,,,,,,,,,,,,,None,,,,,,,,,,,,,,,0,,,2020,2,100,25
,62,,,,,Protea,,,,,Tanzania,,,,,,,,,,,20000,,,,1,,,,,,,,,,,,,None,,,,,,,,,,,,,,,0,,,2020,2,100,25
,62,,,,,Protea,,,,,Tanzania,,,,,,,,,,,20000,,,,1,,,,,,,,,,,,,None,,,,,,,,,,,,,,,0,,,2020,2,100,25
,62,,,,,Protea,,,,,Tanzania,,,,,,,,,,,20000,,,,1,,,,,,,,,,,,,None,,,,,,,,,,,,,,,0,,,2020,2,100,25
,62,,,,,Protea,,,,,Tanzania,,,,,,,,,,,20000,,,,1,,,,,,,,,,,,,None,,,,,,,,,,,,,,,0,,,2020,2,100,25
,62,,,,,Protea,,,,,Tanzania,,,,,,,,,,,20000,,,,1,,,,,,,,,,,,,None,,,,,,,,,,,,,,,0,,,2020,2,100,25
,62,,,,,Protea,,,,,Tanzania,,,,,,,,,,,20000,,,,1,,,,,,,,,,,,,None,,,,,,,,,,,,,,,0,,,2020,2,100,25
,62,,,,,Protea,,,,,Tanzania,,,,,,,,,,,20000,,,,1,,,,,,,,,,,,,None,,,,,,,,,,,,,,,0,,,2020,2,100,25
,62,,,,,Protea,,,,,Tanzania,,,,,,,,,,,20000,,,,1,,,,,,,,,,,,,None,,,,,,,,,,,,,,,0,,,2020,2,100,25
,62,,,,,Protea,,,,,Tanzania,,,,,,,,,,,20000,,,,1,,,,,,,,,,,,,None,,,,,,,,,,,,,,,0,,,2020,2,100,25
,62,,,,,Protea,,,,,Tanzania,,,,,,,,,,,20000,,,,1,,,,,,,,,,,,,None,,,,,,,,,,,,,,,0,,,2020,2,100,25
,62,,,,,Protea,,,,,Tanzania,,,,,,,,,,,20000,,,,1,,,,,,,,,,,,,None,,,,,,,,,,,,,,,0,,,2020,2,100,25
,63,,,,,Gerbera,,,,,Tanzania,,,,,,,,,,,20000,,,,1,,,,,,,,,,,,,None,,,,,,,,,,,,,,,0,,,2020,2,100,25
,63,,,,,Gerbera,,,,,Tanzania,,,,,,,,,,,20000,,,,1,,,,,,,,,,,,,None,,,,,,,,,,,,,,,0,,,2020,2,100,25
,63,,,,,Gerbera,,,,,Tanzania,,,,,,,,,,,20000,,,,1,,,,,,,,,,,,,None,,,,,,,,,,,,,,,0,,,2020,2,100,25
,63,,,,,Gerbera,,,,,Tanzania,,,,,,,,,,,20000,,,,1,,,,,,,,,,,,,None,,,,,,,,,,,,,,,0,,,2020,2,100,25
,63,,,,,Gerbera,,,,,Tanzania,,,,,,,,,,,20000,,,,1,,,,,,,,,,,,,None,,,,,,,,,,,,,,,0,,,2020,2,100,25
,63,,,,,Gerbera,,,,,Tanzania,,,,,,,,,,,20000,,,,1,,,,,,,,,,,,,None,,,,,,,,,,,,,,,0,,,2020,2,100,25
,63,,,,,Gerbera,,,,,Tanzania,,,,,,,,,,,20000,,,,1,,,,,,,,,,,,,None,,,,,,,,,,,,,,,0,,,2020,2,100,25
,63,,,,,Gerbera,,,,,Tanzania,,,,,,,,,,,20000,,,,1,,,,,,,,,,,,,None,,,,,,,,,,,,,,,0,,,2020,2,100,25
,63,,,,,Gerbera,,,,,Tanzania,,,,,,,,,,,20000,,,,1,,,,,,,,,,,,,None,,,,,,,,,,,,,,,0,,,2020,2,100,25
,63,,,,,Gerbera,,,,,Tanzania,,,,,,,,,,,20000,,,,1,,,,,,,,,,,,,None,,,,,,,,,,,,,,,0,,,2020,2,100,25
,63,,,,,Gerbera,,,,,Tanzania,,,,,,,,,,,20000,,,,1,,,,,,,,,,,,,None,,,,,,,,,,,,,,,0,,,2020,2,100,25
,63,,,,,Gerbera,,,,,Tanzania,,,,,,,,,,,20000,,,,1,,,,,,,,,,,,,None,,,,,,,,,,,,,,,0,,,2020,2,100,25
,63,,,,,Gerbera,,,,,Tanzania,,,,,,,,,,,20000,,,,1,,,,,,,,,,,,,None,,,,,,,,,,,,,,,0,,,2020,2,100,25
,63,,,,,Gerbera,,,,,Tanzania,,,,,,,,,,,20000,,,,1,,,,,,,,,,,,,None,,,,,,,,,,,,,,,0,,,2020,2,100,25
,63,,,,,Gerbera,,,,,Tanzania,,,,,,,,,,,20000,,,,1,,,,,,,,,,,,,None,,,,,,,,,,,,,,,0,,,2020,2,100,25
,63,,,,,Gerbera,,,,,Tanzania,,,,,,,,,,,20000,,,,1,,,,,,,,,,,,,None,,,,,,,,,,,,,,,0,,,2020,2,100,25
,63,,,,,Gerbera,,,,,Tanzania,,,,,,,,,,,20000,,,,1,,,,,,,,,,,,,None,,,,,,,,,,,,,,,0,,,2020,2,100,25
,63,,,,,Gerbera,,,,,Tanzania,,,,,,,,,,,20000,,,,1,,,,,,,,,,,,,None,,,,,,,,,,,,,,,0,,,2020,2,100,25
,63,,,,,Gerbera,,,,,Tanzania,,,,,,,,,,,20000,,,,1,,,,,,,,,,,,,None,,,,,,,,,,,,,,,0,,,2020,2,100,25
,63,,,,,Gerbera,,,,,Tanzania,,,,,,,,,,,20000,,,,1,,,,,,,,,,,,,None,,,,,,,,,,,,,,,0,,,2020,2,100,25
,63,,,,,Gerbera,,,,,Tanzania,,,,,,,,,,,20000,,,,1,,,,,,,,,,,,,None,,,,,,,,,,,,,,,0,,,2020,2,100,25
,63,,,,,Gerbera,,,,,Tanzania,,,,,,,,,,,20000,,,,1,,,,,,,,,,,,,None,,,,,,,,,,,,,,,0,,,2020,2,100,25
,63,,,,,Gerbera,,,,,Tanzania,,,,,,,,,,,20000,,,,1,,,,,,,,,,,,,None,,,,,,,,,,,,,,,0,,,2020,2,100,25
,63,,,,,Gerbera,,,,,Tanzania,,,,,,,,,,,20000,,,,1,,,,,,,,,,,,,None,,,,,,,,,,,,,,,0,,,2020,2,100,25
,63,,,,,Gerbera,,,,,Tanzania,,,,,,,,,,,20000,,,,1,,,,,,,,,,,,,None,,,,,,,,,,,,,,,0,,,2020,2,100,25
,64,,,,,Gerbera,,,,,Israel,,,,,,,,,,,20000,,,,1,,,,,,,,,,,,,None,,,,,,,,,,,,,,,0,,,2020,2,100,25
,64,,,,,Gerbera,,,,,Israel,,,,,,,,,,,20000,,,,1,,,,,,,,,,,,,None,,,,,,,,,,,,,,,0,,,2020,2,100,25
,64,,,,,Gerbera,,,,,Israel,,,,,,,,,,,20000,,,,1,,,,,,,,,,,,,None,,,,,,,,,,,,,,,0,,,2020,2,100,25
,64,,,,,Gerbera,,,,,Israel,,,,,,,,,,,20000,,,,1,,,,,,,,,,,,,None,,,,,,,,,,,,,,,0,,,2020,2,100,25
,64,,,,,Gerbera,,,,,Israel,,,,,,,,,,,20000,,,,1,,,,,,,,,,,,,None,,,,,,,,,,,,,,,0,,,2020,2,100,25
,64,,,,,Gerbera,,,,,Israel,,,,,,,,,,,20000,,,,1,,,,,,,,,,,,,None,,,,,,,,,,,,,,,0,,,2020,2,100,25
,64,,,,,Gerbera,,,,,Israel,,,,,,,,,,,20000,,,,1,,,,,,,,,,,,,None,,,,,,,,,,,,,,,0,,,2020,2,100,25
,64,,,,,Gerbera,,,,,Israel,,,,,,,,,,,20000,,,,1,,,,,,,,,,,,,None,,,,,,,,,,,,,,,0,,,2020,2,100,25
,64,,,,,Gerbera,,,,,Israel,,,,,,,,,,,20000,,,,1,,,,,,,,,,,,,None,,,,,,,,,,,,,,,0,,,2020,2,100,25
,64,,,,,Gerbera,,,,,Israel,,,,,,,,,,,20000,,,,1,,,,,,,,,,,,,None,,,,,,,,,,,,,,,0,,,2020,2,100,25
,64,,,,,Gerbera,,,,,Israel,,,,,,,,,,,20000,,,,1,,,,,,,,,,,,,None,,,,,,,,,,,,,,,0,,,2020,2,100,25
,64,,,,,Gerbera,,,,,Israel,,,,,,,,,,,20000,,,,1,,,,,,,,,,,,,None,,,,,,,,,,,,,,,0,,,2020,2,100,25
,64,,,,,Gerbera,,,,,Israel,,,,,,,,,,,20000,,,,1,,,,,,,,,,,,,None,,,,,,,,,,,,,,,0,,,2020,2,100,25
,64,,,,,Gerbera,,,,,Israel,,,,,,,,,,,20000,,,,1,,,,,,,,,,,,,None,,,,,,,,,,,,,,,0,,,2020,2,100,25
,64,,,,,Gerbera,,,,,Israel,,,,,,,,,,,20000,,,,1,,,,,,,,,,,,,None,,,,,,,,,,,,,,,0,,,2020,2,100,25
,64,,,,,Gerbera,,,,,Israel,,,,,,,,,,,20000,,,,1,,,,,,,,,,,,,None,,,,,,,,,,,,,,,0,,,2020,2,100,25
,64,,,,,Gerbera,,,,,Israel,,,,,,,,,,,20000,,,,1,,,,,,,,,,,,,None,,,,,,,,,,,,,,,0,,,2020,2,100,25
,64,,,,,Gerbera,,,,,Israel,,,,,,,,,,,20000,,,,1,,,,,,,,,,,,,None,,,,,,,,,,,,,,,0,,,2020,2,100,25
,64,,,,,Gerbera,,,,,Israel,,,,,,,,,,,20000,,,,1,,,,,,,,,,,,,None,,,,,,,,,,,,,,,0,,,2020,2,100,25
,64,,,,,Gerbera,,,,,Israel,,,,,,,,,,,20000,,,,1,,,,,,,,,,,,,None,,,,,,,,,,,,,,,0,,,2020,2,100,25
,64,,,,,Gerbera,,,,,Israel,,,,,,,,,,,20000,,,,1,,,,,,,,,,,,,None,,,,,,,,,,,,,,,0,,,2020,2,100,25
,64,,,,,Gerbera,,,,,Israel,,,,,,,,,,,20000,,,,1,,,,,,,,,,,,,None,,,,,,,,,,,,,,,0,,,2020,2,100,25
,64,,,,,Gerbera,,,,,Israel,,,,,,,,,,,20000,,,,1,,,,,,,,,,,,,None,,,,,,,,,,,,,,,0,,,2020,2,100,25
,64,,,,,Gerbera,,,,,Israel,,,,,,,,,,,20000,,,,1,,,,,,,,,,,,,None,,,,,,,,,,,,,,,0,,,2020,2,100,25
,64,,,,,Gerbera,,,,,Israel,,,,,,,,,,,20000,,,,1,,,,,,,,,,,,,None,,,,,,,,,,,,,,,0,,,2020,2,100,25
,65,,,,,Aegilops,,,,,India,,,,,,,,,,,20000,,,,1,,,,,,,,,,,,,None,,,,,,,,,,,,,,,0,,,2020,2,100,25
,65,,,,,Aegilops,,,,,India,,,,,,,,,,,20000,,,,1,,,,,,,,,,,,,None,,,,,,,,,,,,,,,0,,,2020,2,100,25
,65,,,,,Aegilops,,,,,India,,,,,,,,,,,20000,,,,1,,,,,,,,,,,,,None,,,,,,,,,,,,,,,0,,,2020,2,100,25
,65,,,,,Aegilops,,,,,India,,,,,,,,,,,20000,,,,1,,,,,,,,,,,,,None,,,,,,,,,,,,,,,0,,,2020,2,100,25
,65,,,,,Aegilops,,,,,India,,,,,,,,,,,20000,,,,1,,,,,,,,,,,,,None,,,,,,,,,,,,,,,0,,,2020,2,100,25
,65,,,,,Aegilops,,,,,India,,,,,,,,,,,20000,,,,1,,,,,,,,,,,,,None,,,,,,,,,,,,,,,0,,,2020,2,100,25
,65,,,,,Aegilops,,,,,India,,,,,,,,,,,20000,,,,1,,,,,,,,,,,,,None,,,,,,,,,,,,,,,0,,,2020,2,100,25
,65,,,,,Aegilops,,,,,India,,,,,,,,,,,20000,,,,1,,,,,,,,,,,,,None,,,,,,,,,,,,,,,0,,,2020,2,100,25
,65,,,,,Aegilops,,,,,India,,,,,,,,,,,20000,,,,1,,,,,,,,,,,,,None,,,,,,,,,,,,,,,0,,,2020,2,100,25
,65,,,,,Aegilops,,,,,India,,,,,,,,,,,20000,,,,1,,,,,,,,,,,,,None,,,,,,,,,,,,,,,0,,,2020,2,100,25
,65,,,,,Aegilops,,,,,India,,,,,,,,,,,20000,,,,1,,,,,,,,,,,,,None,,,,,,,,,,,,,,,0,,,2020,2,100,25
,65,,,,,Aegilops,,,,,India,,,,,,,,,,,20000,,,,1,,,,,,,,,,,,,None,,,,,,,,,,,,,,,0,,,2020,2,100,25
,65,,,,,Aegilops,,,,,India,,,,,,,,,,,20000,,,,1,,,,,,,,,,,,,None,,,,,,,,,,,,,,,0,,,2020,2,100,25
,65,,,,,Aegilops,,,,,India,,,,,,,,,,,20000,,,,1,,,,,,,,,,,,,None,,,,,,,,,,,,,,,0,,,2020,2,100,25
,65,,,,,Aegilops,,,,,India,,,,,,,,,,,20000,,,,1,,,,,,,,,,,,,None,,,,,,,,,,,,,,,0,,,2020,2,100,25
,65,,,,,Aegilops,,,,,India,,,,,,,,,,,20000,,,,1,,,,,,,,,,,,,None,,,,,,,,,,,,,,,0,,,2020,2,100,25
,65,,,,,Aegilops,,,,,India,,,,,,,,,,,20000,,,,1,,,,,,,,,,,,,None,,,,,,,,,,,,,,,0,,,2020,2,100,25
,65,,,,,Aegilops,,,,,India,,,,,,,,,,,20000,,,,1,,,,,,,,,,,,,None,,,,,,,,,,,,,,,0,,,2020,2,100,25
,65,,,,,Aegilops,,,,,India,,,,,,,,,,,20000,,,,1,,,,,,,,,,,,,None,,,,,,,,,,,,,,,0,,,2020,2,100,25
,65,,,,,Aegilops,,,,,India,,,,,,,,,,,20000,,,,1,,,,,,,,,,,,,None,,,,,,,,,,,,,,,0,,,2020,2,100,25
,65,,,,,Aegilops,,,,,India,,,,,,,,,,,20000,,,,1,,,,,,,,,,,,,None,,,,,,,,,,,,,,,0,,,2020,2,100,25
,65,,,,,Aegilops,,,,,India,,,,,,,,,,,20000,,,,1,,,,,,,,,,,,,None,,,,,,,,,,,,,,,0,,,2020,2,100,25
,65,,,,,Aegilops,,,,,India,,,,,,,,,,,20000,,,,1,,,,,,,,,,,,,None,,,,,,,,,,,,,,,0,,,2020,2,100,25
,65,,,,,Aegilops,,,,,India,,,,,,,,,,,20000,,,,1,,,,,,,,,,,,,None,,,,,,,,,,,,,,,0,,,2020,2,100,25
,65,,,,,Aegilops,,,,,India,,,,,,,,,,,20000,,,,1,,,,,,,,,,,,,None,,,,,,,,,,,,,,,0,,,2020,2,100,25
,66,,,,,Mokara,,,,,India,,,,,,,,,,,20000,,,,1,,,,,,,,,,,,,None,,,,,,,,,,,,,,,0,,,2020,2,100,25
,66,,,,,Mokara,,,,,India,,,,,,,,,,,20000,,,,1,,,,,,,,,,,,,None,,,,,,,,,,,,,,,0,,,2020,2,100,25
,66,,,,,Mokara,,,,,India,,,,,,,,,,,20000,,,,1,,,,,,,,,,,,,None,,,,,,,,,,,,,,,0,,,2020,2,100,25
,66,,,,,Mokara,,,,,India,,,,,,,,,,,20000,,,,1,,,,,,,,,,,,,None,,,,,,,,,,,,,,,0,,,2020,2,100,25
,66,,,,,Mokara,,,,,India,,,,,,,,,,,20000,,,,1,,,,,,,,,,,,,None,,,,,,,,,,,,,,,0,,,2020,2,100,25
,66,,,,,Mokara,,,,,India,,,,,,,,,,,20000,,,,1,,,,,,,,,,,,,None,,,,,,,,,,,,,,,0,,,2020,2,100,25
,66,,,,,Mokara,,,,,India,,,,,,,,,,,20000,,,,1,,,,,,,,,,,,,None,,,,,,,,,,,,,,,0,,,2020,2,100,25
,66,,,,,Mokara,,,,,India,,,,,,,,,,,20000,,,,1,,,,,,,,,,,,,None,,,,,,,,,,,,,,,0,,,2020,2,100,25
,66,,,,,Mokara,,,,,India,,,,,,,,,,,20000,,,,1,,,,,,,,,,,,,None,,,,,,,,,,,,,,,0,,,2020,2,100,25
,66,,,,,Mokara,,,,,India,,,,,,,,,,,20000,,,,1,,,,,,,,,,,,,None,,,,,,,,,,,,,,,0,,,2020,2,100,25
,66,,,,,Mokara,,,,,India,,,,,,,,,,,20000,,,,1,,,,,,,,,,,,,None,,,,,,,,,,,,,,,0,,,2020,2,100,25
,66,,,,,Mokara,,,,,India,,,,,,,,,,,20000,,,,1,,,,,,,,,,,,,None,,,,,,,,,,,,,,,0,,,2020,2,100,25
,66,,,,,Mokara,,,,,India,,,,,,,,,,,20000,,,,1,,,,,,,,,,,,,None,,,,,,,,,,,,,,,0,,,2020,2,100,25
,66,,,,,Mokara,,,,,India,,,,,,,,,,,20000,,,,1,,,,,,,,,,,,,None,,,,,,,,,,,,,,,0,,,2020,2,100,25
,66,,,,,Mokara,,,,,India,,,,,,,,,,,20000,,,,1,,,,,,,,,,,,,None,,,,,,,,,,,,,,,0,,,2020,2,100,25
,66,,,,,Mokara,,,,,India,,,,,,,,,,,20000,,,,1,,,,,,,,,,,,,None,,,,,,,,,,,,,,,0,,,2020,2,100,25
,66,,,,,Mokara,,,,,India,,,,,,,,,,,20000,,,,1,,,,,,,,,,,,,None,,,,,,,,,,,,,,,0,,,2020,2,100,25
,66,,,,,Mokara,,,,,India,,,,,,,,,,,20000,,,,1,,,,,,,,,,,,,None,,,,,,,,,,,,,,,0,,,2020,2,100,25
,66,,,,,Mokara,,,,,India,,,,,,,,,,,20000,,,,1,,,,,,,,,,,,,None,,,,,,,,,,,,,,,0,,,2020,2,100,25
,66,,,,,Mokara,,,,,India,,,,,,,,,,,20000,,,,1,,,,,,,,,,,,,None,,,,,,,,,,,,,,,0,,,2020,2,100,25
,66,,,,,Mokara,,,,,India,,,,,,,,,,,20000,,,,1,,,,,,,,,,,,,None,,,,,,,,,,,,,,,0,,,2020,2,100,25
,66,,,,,Mokara,,,,,India,,,,,,,,,,,20000,,,,1,,,,,,,,,,,,,None,,,,,,,,,,,,,,,0,,,2020,2,100,25
,66,,,,,Mokara,,,,,India,,,,,,,,,,,20000,,,,1,,,,,,,,,,,,,None,,,,,,,,,,,,,,,0,,,2020,2,100,25
,66,,,,,Mokara,,,,,India,,,,,,,,,,,20000,,,,1,,,,,,,,,,,,,None,,,,,,,,,,,,,,,0,,,2020,2,100,25
,66,,,,,Mokara,,,,,India,,,,,,,,,,,20000,,,,1,,,,,,,,,,,,,None,,,,,,,,,,,,,,,0,,,2020,2,100,25
,67,,,,,Liatris,,,,,India,,,,,,,,,,,20000,,,,1,,,,,,,,,,,,,None,,,,,,,,,,,,,,,0,,,2020,2,100,25
,67,,,,,Liatris,,,,,India,,,,,,,,,,,20000,,,,1,,,,,,,,,,,,,None,,,,,,,,,,,,,,,0,,,2020,2,100,25
,67,,,,,Liatris,,,,,India,,,,,,,,,,,20000,,,,1,,,,,,,,,,,,,None,,,,,,,,,,,,,,,0,,,2020,2,100,25
,67,,,,,Liatris,,,,,India,,,,,,,,,,,20000,,,,1,,,,,,,,,,,,,None,,,,,,,,,,,,,,,0,,,2020,2,100,25
,67,,,,,Liatris,,,,,India,,,,,,,,,,,20000,,,,1,,,,,,,,,,,,,None,,,,,,,,,,,,,,,0,,,2020,2,100,25
,67,,,,,Liatris,,,,,India,,,,,,,,,,,20000,,,,1,,,,,,,,,,,,,None,,,,,,,,,,,,,,,0,,,2020,2,100,25
,67,,,,,Liatris,,,,,India,,,,,,,,,,,20000,,,,1,,,,,,,,,,,,,None,,,,,,,,,,,,,,,0,,,2020,2,100,25
,67,,,,,Liatris,,,,,India,,,,,,,,,,,20000,,,,1,,,,,,,,,,,,,None,,,,,,,,,,,,,,,0,,,2020,2,100,25
,67,,,,,Liatris,,,,,India,,,,,,,,,,,20000,,,,1,,,,,,,,,,,,,None,,,,,,,,,,,,,,,0,,,2020,2,100,25
,67,,,,,Liatris,,,,,India,,,,,,,,,,,20000,,,,1,,,,,,,,,,,,,None,,,,,,,,,,,,,,,0,,,2020,2,100,25
,67,,,,,Liatris,,,,,India,,,,,,,,,,,20000,,,,1,,,,,,,,,,,,,None,,,,,,,,,,,,,,,0,,,2020,2,100,25
,67,,,,,Liatris,,,,,India,,,,,,,,,,,20000,,,,1,,,,,,,,,,,,,None,,,,,,,,,,,,,,,0,,,2020,2,100,25
,67,,,,,Liatris,,,,,India,,,,,,,,,,,20000,,,,1,,,,,,,,,,,,,None,,,,,,,,,,,,,,,0,,,2020,2,100,25
,67,,,,,Liatris,,,,,India,,,,,,,,,,,20000,,,,1,,,,,,,,,,,,,None,,,,,,,,,,,,,,,0,,,2020,2,100,25
,67,,,,,Liatris,,,,,India,,,,,,,,,,,20000,,,,1,,,,,,,,,,,,,None,,,,,,,,,,,,,,,0,,,2020,2,100,25
,67,,,,,Liatris,,,,,India,,,,,,,,,,,20000,,,,1,,,,,,,,,,,,,None,,,,,,,,,,,,,,,0,,,2020,2,100,25
,67,,,,,Liatris,,,,,India,,,,,,,,,,,20000,,,,1,,,,,,,,,,,,,None,,,,,,,,,,,,,,,0,,,2020,2,100,25
,67,,,,,Liatris,,,,,India,,,,,,,,,,,20000,,,,1,,,,,,,,,,,,,None,,,,,,,,,,,,,,,0,,,2020,2,100,25
,67,,,,,Liatris,,,,,India,,,,,,,,,,,20000,,,,1,,,,,,,,,,,,,None,,,,,,,,,,,,,,,0,,,2020,2,100,25
,67,,,,,Liatris,,,,,India,,,,,,,,,,,20000,,,,1,,,,,,,,,,,,,None,,,,,,,,,,,,,,,0,,,2020,2,100,25
,67,,,,,Liatris,,,,,India,,,,,,,,,,,20000,,,,1,,,,,,,,,,,,,None,,,,,,,,,,,,,,,0,,,2020,2,100,25
,67,,,,,Liatris,,,,,India,,,,,,,,,,,20000,,,,1,,,,,,,,,,,,,None,,,,,,,,,,,,,,,0,,,2020,2,100,25
,67,,,,,Liatris,,,,,India,,,,,,,,,,,20000,,,,1,,,,,,,,,,,,,None,,,,,,,,,,,,,,,0,,,2020,2,100,25
,67,,,,,Liatris,,,,,India,,,,,,,,,,,20000,,,,1,,,,,,,,,,,,,None,,,,,,,,,,,,,,,0,,,2020,2,100,25
,67,,,,,Liatris,,,,,India,,,,,,,,,,,20000,,,,1,,,,,,,,,,,,,None,,,,,,,,,,,,,,,0,,,2020,2,100,25
,68,,,,,Liatris,,,,,Japan,,,,,,,,,,,20000,,,,1,,,,,,,,,,,,,None,,,,,,,,,,,,,,,0,,,2020,2,100,25
,68,,,,,Liatris,,,,,Japan,,,,,,,,,,,20000,,,,1,,,,,,,,,,,,,None,,,,,,,,,,,,,,,0,,,2020,2,100,25
,68,,,,,Liatris,,,,,Japan,,,,,,,,,,,20000,,,,1,,,,,,,,,,,,,None,,,,,,,,,,,,,,,0,,,2020,2,100,25
,68,,,,,Liatris,,,,,Japan,,,,,,,,,,,20000,,,,1,,,,,,,,,,,,,None,,,,,,,,,,,,,,,0,,,2020,2,100,25
,68,,,,,Liatris,,,,,Japan,,,,,,,,,,,20000,,,,1,,,,,,,,,,,,,None,,,,,,,,,,,,,,,0,,,2020,2,100,25
,68,,,,,Liatris,,,,,Japan,,,,,,,,,,,20000,,,,1,,,,,,,,,,,,,None,,,,,,,,,,,,,,,0,,,2020,2,100,25
,68,,,,,Liatris,,,,,Japan,,,,,,,,,,,20000,,,,1,,,,,,,,,,,,,None,,,,,,,,,,,,,,,0,,,2020,2,100,25
,68,,,,,Liatris,,,,,Japan,,,,,,,,,,,20000,,,,1,,,,,,,,,,,,,None,,,,,,,,,,,,,,,0,,,2020,2,100,25
,68,,,,,Liatris,,,,,Japan,,,,,,,,,,,20000,,,,1,,,,,,,,,,,,,None,,,,,,,,,,,,,,,0,,,2020,2,100,25
,68,,,,,Liatris,,,,,Japan,,,,,,,,,,,20000,,,,1,,,,,,,,,,,,,None,,,,,,,,,,,,,,,0,,,2020,2,100,25
,68,,,,,Liatris,,,,,Japan,,,,,,,,,,,20000,,,,1,,,,,,,,,,,,,None,,,,,,,,,,,,,,,0,,,2020,2,100,25
,68,,,,,Liatris,,,,,Japan,,,,,,,,,,,20000,,,,1,,,,,,,,,,,,,None,,,,,,,,,,,,,,,0,,,2020,2,100,25
,68,,,,,Liatris,,,,,Japan,,,,,,,,,,,20000,,,,1,,,,,,,,,,,,,None,,,,,,,,,,,,,,,0,,,2020,2,100,25
,68,,,,,Liatris,,,,,Japan,,,,,,,,,,,20000,,,,1,,,,,,,,,,,,,None,,,,,,,,,,,,,,,0,,,2020,2,100,25
,68,,,,,Liatris,,,,,Japan,,,,,,,,,,,20000,,,,1,,,,,,,,,,,,,None,,,,,,,,,,,,,,,0,,,2020,2,100,25
,68,,,,,Liatris,,,,,Japan,,,,,,,,,,,20000,,,,1,,,,,,,,,,,,,None,,,,,,,,,,,,,,,0,,,2020,2,100,25
,68,,,,,Liatris,,,,,Japan,,,,,,,,,,,20000,,,,1,,,,,,,,,,,,,None,,,,,,,,,,,,,,,0,,,2020,2,100,25
,68,,,,,Liatris,,,,,Japan,,,,,,,,,,,20000,,,,1,,,,,,,,,,,,,None,,,,,,,,,,,,,,,0,,,2020,2,100,25
,68,,,,,Liatris,,,,,Japan,,,,,,,,,,,20000,,,,1,,,,,,,,,,,,,None,,,,,,,,,,,,,,,0,,,2020,2,100,25
,68,,,,,Liatris,,,,,Japan,,,,,,,,,,,20000,,,,1,,,,,,,,,,,,,None,,,,,,,,,,,,,,,0,,,2020,2,100,25
,68,,,,,Liatris,,,,,Japan,,,,,,,,,,,20000,,,,1,,,,,,,,,,,,,None,,,,,,,,,,,,,,,0,,,2020,2,100,25
,68,,,,,Liatris,,,,,Japan,,,,,,,,,,,20000,,,,1,,,,,,,,,,,,,None,,,,,,,,,,,,,,,0,,,2020,2,100,25
,68,,,,,Liatris,,,,,Japan,,,,,,,,,,,20000,,,,1,,,,,,,,,,,,,None,,,,,,,,,,,,,,,1,,,2020,2,100,25
,68,,,,,Liatris,,,,,Japan,,,,,,,,,,,20000,,,,1,,,,,,,,,,,,,None,,,,,,,,,,,,,,,1,,,2020,2,100,25
,68,,,,,Liatris,,,,,Japan,,,,,,,,,,,20000,,,,1,,,,,,,,,,,,,None,,,,,,,,,,,,,,,1,,,2020,2,100,25
,69,,,,,Hyacinthus,,,,,New Zealand,,,,,,,,,,,20000,,,,1,,,,,,,,,,,,,None,,,,,,,,,,,,,,,0,,,2020,2,100,25
,69,,,,,Hyacinthus,,,,,New Zealand,,,,,,,,,,,20000,,,,1,,,,,,,,,,,,,None,,,,,,,,,,,,,,,0,,,2020,2,100,25
,69,,,,,Hyacinthus,,,,,New Zealand,,,,,,,,,,,20000,,,,1,,,,,,,,,,,,,None,,,,,,,,,,,,,,,0,,,2020,2,100,25
,69,,,,,Hyacinthus,,,,,New Zealand,,,,,,,,,,,20000,,,,1,,,,,,,,,,,,,None,,,,,,,,,,,,,,,0,,,2020,2,100,25
,69,,,,,Hyacinthus,,,,,New Zealand,,,,,,,,,,,20000,,,,1,,,,,,,,,,,,,None,,,,,,,,,,,,,,,0,,,2020,2,100,25
,69,,,,,Hyacinthus,,,,,New Zealand,,,,,,,,,,,20000,,,,1,,,,,,,,,,,,,None,,,,,,,,,,,,,,,0,,,2020,2,100,25
,69,,,,,Hyacinthus,,,,,New Zealand,,,,,,,,,,,20000,,,,1,,,,,,,,,,,,,None,,,,,,,,,,,,,,,0,,,2020,2,100,25
,69,,,,,Hyacinthus,,,,,New Zealand,,,,,,,,,,,20000,,,,1,,,,,,,,,,,,,None,,,,,,,,,,,,,,,0,,,2020,2,100,25
,69,,,,,Hyacinthus,,,,,New Zealand,,,,,,,,,,,20000,,,,1,,,,,,,,,,,,,None,,,,,,,,,,,,,,,0,,,2020,2,100,25
,69,,,,,Hyacinthus,,,,,New Zealand,,,,,,,,,,,20000,,,,1,,,,,,,,,,,,,None,,,,,,,,,,,,,,,0,,,2020,2,100,25
,69,,,,,Hyacinthus,,,,,New Zealand,,,,,,,,,,,20000,,,,1,,,,,,,,,,,,,None,,,,,,,,,,,,,,,0,,,2020,2,100,25
,69,,,,,Hyacinthus,,,,,New Zealand,,,,,,,,,,,20000,,,,1,,,,,,,,,,,,,None,,,,,,,,,,,,,,,0,,,2020,2,100,25
,69,,,,,Hyacinthus,,,,,New Zealand,,,,,,,,,,,20000,,,,1,,,,,,,,,,,,,None,,,,,,,,,,,,,,,0,,,2020,2,100,25
,69,,,,,Hyacinthus,,,,,New Zealand,,,,,,,,,,,20000,,,,1,,,,,,,,,,,,,None,,,,,,,,,,,,,,,0,,,2020,2,100,25
,69,,,,,Hyacinthus,,,,,New Zealand,,,,,,,,,,,20000,,,,1,,,,,,,,,,,,,None,,,,,,,,,,,,,,,0,,,2020,2,100,25
,69,,,,,Hyacinthus,,,,,New Zealand,,,,,,,,,,,20000,,,,1,,,,,,,,,,,,,None,,,,,,,,,,,,,,,0,,,2020,2,100,25
,69,,,,,Hyacinthus,,,,,New Zealand,,,,,,,,,,,20000,,,,1,,,,,,,,,,,,,None,,,,,,,,,,,,,,,0,,,2020,2,100,25
,69,,,,,Hyacinthus,,,,,New Zealand,,,,,,,,,,,20000,,,,1,,,,,,,,,,,,,None,,,,,,,,,,,,,,,0,,,2020,2,100,25
,69,,,,,Hyacinthus,,,,,New Zealand,,,,,,,,,,,20000,,,,1,,,,,,,,,,,,,None,,,,,,,,,,,,,,,0,,,2020,2,100,25
,69,,,,,Hyacinthus,,,,,New Zealand,,,,,,,,,,,20000,,,,1,,,,,,,,,,,,,None,,,,,,,,,,,,,,,0,,,2020,2,100,25
,69,,,,,Hyacinthus,,,,,New Zealand,,,,,,,,,,,20000,,,,1,,,,,,,,,,,,,None,,,,,,,,,,,,,,,0,,,2020,2,100,25
,69,,,,,Hyacinthus,,,,,New Zealand,,,,,,,,,,,20000,,,,1,,,,,,,,,,,,,None,,,,,,,,,,,,,,,0,,,2020,2,100,25
,69,,,,,Hyacinthus,,,,,New Zealand,,,,,,,,,,,20000,,,,1,,,,,,,,,,,,,None,,,,,,,,,,,,,,,0,,,2020,2,100,25
,69,,,,,Hyacinthus,,,,,New Zealand,,,,,,,,,,,20000,,,,1,,,,,,,,,,,,,None,,,,,,,,,,,,,,,0,,,2020,2,100,25
,69,,,,,Hyacinthus,,,,,New Zealand,,,,,,,,,,,20000,,,,1,,,,,,,,,,,,,None,,,,,,,,,,,,,,,0,,,2020,2,100,25
,70,,,,,Protea,,,,,India,,,,,,,,,,,20000,,,,1,,,,,,,,,,,,,None,,,,,,,,,,,,,,,0,,,2020,2,100,25
,70,,,,,Protea,,,,,India,,,,,,,,,,,20000,,,,1,,,,,,,,,,,,,None,,,,,,,,,,,,,,,0,,,2020,2,100,25
,70,,,,,Protea,,,,,India,,,,,,,,,,,20000,,,,1,,,,,,,,,,,,,None,,,,,,,,,,,,,,,0,,,2020,2,100,25
,70,,,,,Protea,,,,,India,,,,,,,,,,,20000,,,,1,,,,,,,,,,,,,None,,,,,,,,,,,,,,,0,,,2020,2,100,25
,70,,,,,Protea,,,,,India,,,,,,,,,,,20000,,,,1,,,,,,,,,,,,,None,,,,,,,,,,,,,,,0,,,2020,2,100,25
,70,,,,,Protea,,,,,India,,,,,,,,,,,20000,,,,1,,,,,,,,,,,,,None,,,,,,,,,,,,,,,0,,,2020,2,100,25
,70,,,,,Protea,,,,,India,,,,,,,,,,,20000,,,,1,,,,,,,,,,,,,None,,,,,,,,,,,,,,,0,,,2020,2,100,25
,70,,,,,Protea,,,,,India,,,,,,,,,,,20000,,,,1,,,,,,,,,,,,,None,,,,,,,,,,,,,,,0,,,2020,2,100,25
,70,,,,,Protea,,,,,India,,,,,,,,,,,20000,,,,1,,,,,,,,,,,,,None,,,,,,,,,,,,,,,0,,,2020,2,100,25
,70,,,,,Protea,,,,,India,,,,,,,,,,,20000,,,,1,,,,,,,,,,,,,None,,,,,,,,,,,,,,,0,,,2020,2,100,25
,70,,,,,Protea,,,,,India,,,,,,,,,,,20000,,,,1,,,,,,,,,,,,,None,,,,,,,,,,,,,,,0,,,2020,2,100,25
,70,,,,,Protea,,,,,India,,,,,,,,,,,20000,,,,1,,,,,,,,,,,,,None,,,,,,,,,,,,,,,0,,,2020,2,100,25
,70,,,,,Protea,,,,,India,,,,,,,,,,,20000,,,,1,,,,,,,,,,,,,None,,,,,,,,,,,,,,,0,,,2020,2,100,25
,70,,,,,Protea,,,,,India,,,,,,,,,,,20000,,,,1,,,,,,,,,,,,,None,,,,,,,,,,,,,,,0,,,2020,2,100,25
,70,,,,,Protea,,,,,India,,,,,,,,,,,20000,,,,1,,,,,,,,,,,,,None,,,,,,,,,,,,,,,0,,,2020,2,100,25
,70,,,,,Protea,,,,,India,,,,,,,,,,,20000,,,,1,,,,,,,,,,,,,None,,,,,,,,,,,,,,,0,,,2020,2,100,25
,70,,,,,Protea,,,,,India,,,,,,,,,,,20000,,,,1,,,,,,,,,,,,,None,,,,,,,,,,,,,,,0,,,2020,2,100,25
,70,,,,,Protea,,,,,India,,,,,,,,,,,20000,,,,1,,,,,,,,,,,,,None,,,,,,,,,,,,,,,0,,,2020,2,100,25
,70,,,,,Protea,,,,,India,,,,,,,,,,,20000,,,,1,,,,,,,,,,,,,None,,,,,,,,,,,,,,,0,,,2020,2,100,25
,70,,,,,Protea,,,,,India,,,,,,,,,,,20000,,,,1,,,,,,,,,,,,,None,,,,,,,,,,,,,,,0,,,2020,2,100,25
,70,,,,,Protea,,,,,India,,,,,,,,,,,20000,,,,1,,,,,,,,,,,,,None,,,,,,,,,,,,,,,0,,,2020,2,100,25
,70,,,,,Protea,,,,,India,,,,,,,,,,,20000,,,,1,,,,,,,,,,,,,None,,,,,,,,,,,,,,,0,,,2020,2,100,25
,70,,,,,Protea,,,,,India,,,,,,,,,,,20000,,,,1,,,,,,,,,,,,,None,,,,,,,,,,,,,,,0,,,2020,2,100,25
,70,,,,,Protea,,,,,India,,,,,,,,,,,20000,,,,1,,,,,,,,,,,,,None,,,,,,,,,,,,,,,0,,,2020,2,100,25
,70,,,,,Protea,,,,,India,,,,,,,,,,,20000,,,,1,,,,,,,,,,,,,None,,,,,,,,,,,,,,,0,,,2020,2,100,25
,71,,,,,Liatris,,,,,Tanzania,,,,,,,,,,,20000,,,,1,,,,,,,,,,,,,None,,,,,,,,,,,,,,,0,,,2020,2,100,25
,71,,,,,Liatris,,,,,Tanzania,,,,,,,,,,,20000,,,,1,,,,,,,,,,,,,None,,,,,,,,,,,,,,,0,,,2020,2,100,25
,71,,,,,Liatris,,,,,Tanzania,,,,,,,,,,,20000,,,,1,,,,,,,,,,,,,None,,,,,,,,,,,,,,,0,,,2020,2,100,25
,71,,,,,Liatris,,,,,Tanzania,,,,,,,,,,,20000,,,,1,,,,,,,,,,,,,None,,,,,,,,,,,,,,,0,,,2020,2,100,25
,71,,,,,Liatris,,,,,Tanzania,,,,,,,,,,,20000,,,,1,,,,,,,,,,,,,None,,,,,,,,,,,,,,,0,,,2020,2,100,25
,71,,,,,Liatris,,,,,Tanzania,,,,,,,,,,,20000,,,,1,,,,,,,,,,,,,None,,,,,,,,,,,,,,,0,,,2020,2,100,25
,71,,,,,Liatris,,,,,Tanzania,,,,,,,,,,,20000,,,,1,,,,,,,,,,,,,None,,,,,,,,,,,,,,,0,,,2020,2,100,25
,71,,,,,Liatris,,,,,Tanzania,,,,,,,,,,,20000,,,,1,,,,,,,,,,,,,None,,,,,,,,,,,,,,,0,,,2020,2,100,25
,71,,,,,Liatris,,,,,Tanzania,,,,,,,,,,,20000,,,,1,,,,,,,,,,,,,None,,,,,,,,,,,,,,,0,,,2020,2,100,25
,71,,,,,Liatris,,,,,Tanzania,,,,,,,,,,,20000,,,,1,,,,,,,,,,,,,None,,,,,,,,,,,,,,,0,,,2020,2,100,25
,71,,,,,Liatris,,,,,Tanzania,,,,,,,,,,,20000,,,,1,,,,,,,,,,,,,None,,,,,,,,,,,,,,,0,,,2020,2,100,25
,71,,,,,Liatris,,,,,Tanzania,,,,,,,,,,,20000,,,,1,,,,,,,,,,,,,None,,,,,,,,,,,,,,,0,,,2020,2,100,25
,71,,,,,Liatris,,,,,Tanzania,,,,,,,,,,,20000,,,,1,,,,,,,,,,,,,None,,,,,,,,,,,,,,,0,,,2020,2,100,25
,71,,,,,Liatris,,,,,Tanzania,,,,,,,,,,,20000,,,,1,,,,,,,,,,,,,None,,,,,,,,,,,,,,,0,,,2020,2,100,25
,71,,,,,Liatris,,,,,Tanzania,,,,,,,,,,,20000,,,,1,,,,,,,,,,,,,None,,,,,,,,,,,,,,,0,,,2020,2,100,25
,71,,,,,Liatris,,,,,Tanzania,,,,,,,,,,,20000,,,,1,,,,,,,,,,,,,None,,,,,,,,,,,,,,,0,,,2020,2,100,25
,71,,,,,Liatris,,,,,Tanzania,,,,,,,,,,,20000,,,,1,,,,,,,,,,,,,None,,,,,,,,,,,,,,,0,,,2020,2,100,25
,71,,,,,Liatris,,,,,Tanzania,,,,,,,,,,,20000,,,,1,,,,,,,,,,,,,None,,,,,,,,,,,,,,,0,,,2020,2,100,25
,71,,,,,Liatris,,,,,Tanzania,,,,,,,,,,,20000,,,,1,,,,,,,,,,,,,None,,,,,,,,,,,,,,,0,,,2020,2,100,25
,71,,,,,Liatris,,,,,Tanzania,,,,,,,,,,,20000,,,,1,,,,,,,,,,,,,None,,,,,,,,,,,,,,,0,,,2020,2,100,25
,71,,,,,Liatris,,,,,Tanzania,,,,,,,,,,,20000,,,,1,,,,,,,,,,,,,None,,,,,,,,,,,,,,,0,,,2020,2,100,25
,71,,,,,Liatris,,,,,Tanzania,,,,,,,,,,,20000,,,,1,,,,,,,,,,,,,None,,,,,,,,,,,,,,,0,,,2020,2,100,25
,71,,,,,Liatris,,,,,Tanzania,,,,,,,,,,,20000,,,,1,,,,,,,,,,,,,None,,,,,,,,,,,,,,,0,,,2020,2,100,25
,71,,,,,Liatris,,,,,Tanzania,,,,,,,,,,,20000,,,,1,,,,,,,,,,,,,None,,,,,,,,,,,,,,,0,,,2020,2,100,25
,71,,,,,Liatris,,,,,Tanzania,,,,,,,,,,,20000,,,,1,,,,,,,,,,,,,None,,,,,,,,,,,,,,,0,,,2020,2,100,25
,72,,,,,Gerbera,,,,,Israel,,,,,,,,,,,20000,,,,1,,,,,,,,,,,,,None,,,,,,,,,,,,,,,0,,,2020,2,100,25
,72,,,,,Gerbera,,,,,Israel,,,,,,,,,,,20000,,,,1,,,,,,,,,,,,,None,,,,,,,,,,,,,,,0,,,2020,2,100,25
,72,,,,,Gerbera,,,,,Israel,,,,,,,,,,,20000,,,,1,,,,,,,,,,,,,None,,,,,,,,,,,,,,,0,,,2020,2,100,25
,72,,,,,Gerbera,,,,,Israel,,,,,,,,,,,20000,,,,1,,,,,,,,,,,,,None,,,,,,,,,,,,,,,0,,,2020,2,100,25
,72,,,,,Gerbera,,,,,Israel,,,,,,,,,,,20000,,,,1,,,,,,,,,,,,,None,,,,,,,,,,,,,,,0,,,2020,2,100,25
,72,,,,,Gerbera,,,,,Israel,,,,,,,,,,,20000,,,,1,,,,,,,,,,,,,None,,,,,,,,,,,,,,,0,,,2020,2,100,25
,72,,,,,Gerbera,,,,,Israel,,,,,,,,,,,20000,,,,1,,,,,,,,,,,,,None,,,,,,,,,,,,,,,0,,,2020,2,100,25
,72,,,,,Gerbera,,,,,Israel,,,,,,,,,,,20000,,,,1,,,,,,,,,,,,,None,,,,,,,,,,,,,,,0,,,2020,2,100,25
,72,,,,,Gerbera,,,,,Israel,,,,,,,,,,,20000,,,,1,,,,,,,,,,,,,None,,,,,,,,,,,,,,,0,,,2020,2,100,25
,72,,,,,Gerbera,,,,,Israel,,,,,,,,,,,20000,,,,1,,,,,,,,,,,,,None,,,,,,,,,,,,,,,0,,,2020,2,100,25
,72,,,,,Gerbera,,,,,Israel,,,,,,,,,,,20000,,,,1,,,,,,,,,,,,,None,,,,,,,,,,,,,,,0,,,2020,2,100,25
,72,,,,,Gerbera,,,,,Israel,,,,,,,,,,,20000,,,,1,,,,,,,,,,,,,None,,,,,,,,,,,,,,,0,,,2020,2,100,25
,72,,,,,Gerbera,,,,,Israel,,,,,,,,,,,20000,,,,1,,,,,,,,,,,,,None,,,,,,,,,,,,,,,0,,,2020,2,100,25
,72,,,,,Gerbera,,,,,Israel,,,,,,,,,,,20000,,,,1,,,,,,,,,,,,,None,,,,,,,,,,,,,,,0,,,2020,2,100,25
,72,,,,,Gerbera,,,,,Israel,,,,,,,,,,,20000,,,,1,,,,,,,,,,,,,None,,,,,,,,,,,,,,,0,,,2020,2,100,25
,72,,,,,Gerbera,,,,,Israel,,,,,,,,,,,20000,,,,1,,,,,,,,,,,,,None,,,,,,,,,,,,,,,0,,,2020,2,100,25
,72,,,,,Gerbera,,,,,Israel,,,,,,,,,,,20000,,,,1,,,,,,,,,,,,,None,,,,,,,,,,,,,,,0,,,2020,2,100,25
,72,,,,,Gerbera,,,,,Israel,,,,,,,,,,,20000,,,,1,,,,,,,,,,,,,None,,,,,,,,,,,,,,,0,,,2020,2,100,25
,72,,,,,Gerbera,,,,,Israel,,,,,,,,,,,20000,,,,1,,,,,,,,,,,,,None,,,,,,,,,,,,,,,0,,,2020,2,100,25
,72,,,,,Gerbera,,,,,Israel,,,,,,,,,,,20000,,,,1,,,,,,,,,,,,,None,,,,,,,,,,,,,,,0,,,2020,2,100,25
,72,,,,,Gerbera,,,,,Israel,,,,,,,,,,,20000,,,,1,,,,,,,,,,,,,None,,,,,,,,,,,,,,,0,,,2020,2,100,25
,72,,,,,Gerbera,,,,,Israel,,,,,,,,,,,20000,,,,1,,,,,,,,,,,,,None,,,,,,,,,,,,,,,0,,,2020,2,100,25
,72,,,,,Gerbera,,,,,Israel,,,,,,,,,,,20000,,,,1,,,,,,,,,,,,,None,,,,,,,,,,,,,,,0,,,2020,2,100,25
,72,,,,,Gerbera,,,,,Israel,,,,,,,,,,,20000,,,,1,,,,,,,,,,,,,None,,,,,,,,,,,,,,,0,,,2020,2,100,25
,72,,,,,Gerbera,,,,,Israel,,,,,,,,,,,20000,,,,1,,,,,,,,,,,,,None,,,,,,,,,,,,,,,0,,,2020,2,100,25
,73,,,,,Rosa,,,,,Netherlands,,,,,,,,,,,20000,,,,1,,,,,,,,,,,,,None,,,,,,,,,,,,,,,0,,,2020,2,100,25
,73,,,,,Rosa,,,,,Netherlands,,,,,,,,,,,20000,,,,1,,,,,,,,,,,,,None,,,,,,,,,,,,,,,0,,,2020,2,100,25
,73,,,,,Rosa,,,,,Netherlands,,,,,,,,,,,20000,,,,1,,,,,,,,,,,,,None,,,,,,,,,,,,,,,0,,,2020,2,100,25
,73,,,,,Rosa,,,,,Netherlands,,,,,,,,,,,20000,,,,1,,,,,,,,,,,,,None,,,,,,,,,,,,,,,0,,,2020,2,100,25
,73,,,,,Rosa,,,,,Netherlands,,,,,,,,,,,20000,,,,1,,,,,,,,,,,,,None,,,,,,,,,,,,,,,0,,,2020,2,100,25
,73,,,,,Rosa,,,,,Netherlands,,,,,,,,,,,20000,,,,1,,,,,,,,,,,,,None,,,,,,,,,,,,,,,0,,,2020,2,100,25
,73,,,,,Rosa,,,,,Netherlands,,,,,,,,,,,20000,,,,1,,,,,,,,,,,,,None,,,,,,,,,,,,,,,0,,,2020,2,100,25
,73,,,,,Rosa,,,,,Netherlands,,,,,,,,,,,20000,,,,1,,,,,,,,,,,,,None,,,,,,,,,,,,,,,0,,,2020,2,100,25
,73,,,,,Rosa,,,,,Netherlands,,,,,,,,,,,20000,,,,1,,,,,,,,,,,,,None,,,,,,,,,,,,,,,0,,,2020,2,100,25
,73,,,,,Rosa,,,,,Netherlands,,,,,,,,,,,20000,,,,1,,,,,,,,,,,,,None,,,,,,,,,,,,,,,0,,,2020,2,100,25
,73,,,,,Rosa,,,,,Netherlands,,,,,,,,,,,20000,,,,1,,,,,,,,,,,,,None,,,,,,,,,,,,,,,0,,,2020,2,100,25
,73,,,,,Rosa,,,,,Netherlands,,,,,,,,,,,20000,,,,1,,,,,,,,,,,,,None,,,,,,,,,,,,,,,0,,,2020,2,100,25
,73,,,,,Rosa,,,,,Netherlands,,,,,,,,,,,20000,,,,1,,,,,,,,,,,,,None,,,,,,,,,,,,,,,0,,,2020,2,100,25
,73,,,,,Rosa,,,,,Netherlands,,,,,,,,,,,20000,,,,1,,,,,,,,,,,,,None,,,,,,,,,,,,,,,0,,,2020,2,100,25
,73,,,,,Rosa,,,,,Netherlands,,,,,,,,,,,20000,,,,1,,,,,,,,,,,,,None,,,,,,,,,,,,,,,0,,,2020,2,100,25
,73,,,,,Rosa,,,,,Netherlands,,,,,,,,,,,20000,,,,1,,,,,,,,,,,,,None,,,,,,,,,,,,,,,0,,,2020,2,100,25
,73,,,,,Rosa,,,,,Netherlands,,,,,,,,,,,20000,,,,1,,,,,,,,,,,,,None,,,,,,,,,,,,,,,0,,,2020,2,100,25
,73,,,,,Rosa,,,,,Netherlands,,,,,,,,,,,20000,,,,1,,,,,,,,,,,,,None,,,,,,,,,,,,,,,0,,,2020,2,100,25
,73,,,,,Rosa,,,,,Netherlands,,,,,,,,,,,20000,,,,1,,,,,,,,,,,,,None,,,,,,,,,,,,,,,0,,,2020,2,100,25
,73,,,,,Rosa,,,,,Netherlands,,,,,,,,,,,20000,,,,1,,,,,,,,,,,,,None,,,,,,,,,,,,,,,0,,,2020,2,100,25
,73,,,,,Rosa,,,,,Netherlands,,,,,,,,,,,20000,,,,1,,,,,,,,,,,,,None,,,,,,,,,,,,,,,0,,,2020,2,100,25
,73,,,,,Rosa,,,,,Netherlands,,,,,,,,,,,20000,,,,1,,,,,,,,,,,,,None,,,,,,,,,,,,,,,0,,,2020,2,100,25
,73,,,,,Rosa,,,,,Netherlands,,,,,,,,,,,20000,,,,1,,,,,,,,,,,,,None,,,,,,,,,,,,,,,0,,,2020,2,100,25
,73,,,,,Rosa,,,,,Netherlands,,,,,,,,,,,20000,,,,1,,,,,,,,,,,,,None,,,,,,,,,,,,,,,0,,,2020,2,100,25
,73,,,,,Rosa,,,,,Netherlands,,,,,,,,,,,20000,,,,1,,,,,,,,,,,,,None,,,,,,,,,,,,,,,0,,,2020,2,100,25
,74,,,,,Aegilops,,,,,Japan,,,,,,,,,,,20000,,,,1,,,,,,,,,,,,,None,,,,,,,,,,,,,,,0,,,2020,2,100,25
,74,,,,,Aegilops,,,,,Japan,,,,,,,,,,,20000,,,,1,,,,,,,,,,,,,None,,,,,,,,,,,,,,,0,,,2020,2,100,25
,74,,,,,Aegilops,,,,,Japan,,,,,,,,,,,20000,,,,1,,,,,,,,,,,,,None,,,,,,,,,,,,,,,0,,,2020,2,100,25
,74,,,,,Aegilops,,,,,Japan,,,,,,,,,,,20000,,,,1,,,,,,,,,,,,,None,,,,,,,,,,,,,,,0,,,2020,2,100,25
,74,,,,,Aegilops,,,,,Japan,,,,,,,,,,,20000,,,,1,,,,,,,,,,,,,None,,,,,,,,,,,,,,,0,,,2020,2,100,25
,74,,,,,Aegilops,,,,,Japan,,,,,,,,,,,20000,,,,1,,,,,,,,,,,,,None,,,,,,,,,,,,,,,0,,,2020,2,100,25
,74,,,,,Aegilops,,,,,Japan,,,,,,,,,,,20000,,,,1,,,,,,,,,,,,,None,,,,,,,,,,,,,,,0,,,2020,2,100,25
,74,,,,,Aegilops,,,,,Japan,,,,,,,,,,,20000,,,,1,,,,,,,,,,,,,None,,,,,,,,,,,,,,,0,,,2020,2,100,25
,74,,,,,Aegilops,,,,,Japan,,,,,,,,,,,20000,,,,1,,,,,,,,,,,,,None,,,,,,,,,,,,,,,0,,,2020,2,100,25
,74,,,,,Aegilops,,,,,Japan,,,,,,,,,,,20000,,,,1,,,,,,,,,,,,,None,,,,,,,,,,,,,,,0,,,2020,2,100,25
,74,,,,,Aegilops,,,,,Japan,,,,,,,,,,,20000,,,,1,,,,,,,,,,,,,None,,,,,,,,,,,,,,,0,,,2020,2,100,25
,74,,,,,Aegilops,,,,,Japan,,,,,,,,,,,20000,,,,1,,,,,,,,,,,,,None,,,,,,,,,,,,,,,0,,,2020,2,100,25
,74,,,,,Aegilops,,,,,Japan,,,,,,,,,,,20000,,,,1,,,,,,,,,,,,,None,,,,,,,,,,,,,,,0,,,2020,2,100,25
,74,,,,,Aegilops,,,,,Japan,,,,,,,,,,,20000,,,,1,,,,,,,,,,,,,None,,,,,,,,,,,,,,,0,,,2020,2,100,25
,74,,,,,Aegilops,,,,,Japan,,,,,,,,,,,20000,,,,1,,,,,,,,,,,,,None,,,,,,,,,,,,,,,0,,,2020,2,100,25
,74,,,,,Aegilops,,,,,Japan,,,,,,,,,,,20000,,,,1,,,,,,,,,,,,,None,,,,,,,,,,,,,,,0,,,2020,2,100,25
,74,,,,,Aegilops,,,,,Japan,,,,,,,,,,,20000,,,,1,,,,,,,,,,,,,None,,,,,,,,,,,,,,,0,,,2020,2,100,25
,74,,,,,Aegilops,,,,,Japan,,,,,,,,,,,20000,,,,1,,,,,,,,,,,,,None,,,,,,,,,,,,,,,0,,,2020,2,100,25
,74,,,,,Aegilops,,,,,Japan,,,,,,,,,,,20000,,,,1,,,,,,,,,,,,,None,,,,,,,,,,,,,,,0,,,2020,2,100,25
,74,,,,,Aegilops,,,,,Japan,,,,,,,,,,,20000,,,,1,,,,,,,,,,,,,None,,,,,,,,,,,,,,,0,,,2020,2,100,25
,74,,,,,Aegilops,,,,,Japan,,,,,,,,,,,20000,,,,1,,,,,,,,,,,,,None,,,,,,,,,,,,,,,0,,,2020,2,100,25
,74,,,,,Aegilops,,,,,Japan,,,,,,,,,,,20000,,,,1,,,,,,,,,,,,,None,,,,,,,,,,,,,,,0,,,2020,2,100,25
,74,,,,,Aegilops,,,,,Japan,,,,,,,,,,,20000,,,,1,,,,,,,,,,,,,None,,,,,,,,,,,,,,,0,,,2020,2,100,25
,74,,,,,Aegilops,,,,,Japan,,,,,,,,,,,20000,,,,1,,,,,,,,,,,,,None,,,,,,,,,,,,,,,0,,,2020,2,100,25
,74,,,,,Aegilops,,,,,Japan,,,,,,,,,,,20000,,,,1,,,,,,,,,,,,,None,,,,,,,,,,,,,,,0,,,2020,2,100,25
,75,,,,,Liatris,,,,,India,,,,,,,,,,,20000,,,,1,,,,,,,,,,,,,None,,,,,,,,,,,,,,,0,,,2020,2,100,25
,75,,,,,Liatris,,,,,India,,,,,,,,,,,20000,,,,1,,,,,,,,,,,,,None,,,,,,,,,,,,,,,0,,,2020,2,100,25
,75,,,,,Liatris,,,,,India,,,,,,,,,,,20000,,,,1,,,,,,,,,,,,,None,,,,,,,,,,,,,,,0,,,2020,2,100,25
,75,,,,,Liatris,,,,,India,,,,,,,,,,,20000,,,,1,,,,,,,,,,,,,None,,,,,,,,,,,,,,,0,,,2020,2,100,25
,75,,,,,Liatris,,,,,India,,,,,,,,,,,20000,,,,1,,,,,,,,,,,,,None,,,,,,,,,,,,,,,0,,,2020,2,100,25
,75,,,,,Liatris,,,,,India,,,,,,,,,,,20000,,,,1,,,,,,,,,,,,,None,,,,,,,,,,,,,,,0,,,2020,2,100,25
,75,,,,,Liatris,,,,,India,,,,,,,,,,,20000,,,,1,,,,,,,,,,,,,None,,,,,,,,,,,,,,,0,,,2020,2,100,25
,75,,,,,Liatris,,,,,India,,,,,,,,,,,20000,,,,1,,,,,,,,,,,,,None,,,,,,,,,,,,,,,0,,,2020,2,100,25
,75,,,,,Liatris,,,,,India,,,,,,,,,,,20000,,,,1,,,,,,,,,,,,,None,,,,,,,,,,,,,,,0,,,2020,2,100,25
,75,,,,,Liatris,,,,,India,,,,,,,,,,,20000,,,,1,,,,,,,,,,,,,None,,,,,,,,,,,,,,,0,,,2020,2,100,25
,75,,,,,Liatris,,,,,India,,,,,,,,,,,20000,,,,1,,,,,,,,,,,,,None,,,,,,,,,,,,,,,0,,,2020,2,100,25
,75,,,,,Liatris,,,,,India,,,,,,,,,,,20000,,,,1,,,,,,,,,,,,,None,,,,,,,,,,,,,,,0,,,2020,2,100,25
,75,,,,,Liatris,,,,,India,,,,,,,,,,,20000,,,,1,,,,,,,,,,,,,None,,,,,,,,,,,,,,,0,,,2020,2,100,25
,75,,,,,Liatris,,,,,India,,,,,,,,,,,20000,,,,1,,,,,,,,,,,,,None,,,,,,,,,,,,,,,0,,,2020,2,100,25
,75,,,,,Liatris,,,,,India,,,,,,,,,,,20000,,,,1,,,,,,,,,,,,,None,,,,,,,,,,,,,,,0,,,2020,2,100,25
,75,,,,,Liatris,,,,,India,,,,,,,,,,,20000,,,,1,,,,,,,,,,,,,None,,,,,,,,,,,,,,,0,,,2020,2,100,25
,75,,,,,Liatris,,,,,India,,,,,,,,,,,20000,,,,1,,,,,,,,,,,,,None,,,,,,,,,,,,,,,0,,,2020,2,100,25
,75,,,,,Liatris,,,,,India,,,,,,,,,,,20000,,,,1,,,,,,,,,,,,,None,,,,,,,,,,,,,,,0,,,2020,2,100,25
,75,,,,,Liatris,,,,,India,,,,,,,,,,,20000,,,,1,,,,,,,,,,,,,None,,,,,,,,,,,,,,,0,,,2020,2,100,25
,75,,,,,Liatris,,,,,India,,,,,,,,,,,20000,,,,1,,,,,,,,,,,,,None,,,,,,,,,,,,,,,0,,,2020,2,100,25
,75,,,,,Liatris,,,,,India,,,,,,,,,,,20000,,,,1,,,,,,,,,,,,,None,,,,,,,,,,,,,,,0,,,2020,2,100,25
,75,,,,,Liatris,,,,,India,,,,,,,,,,,20000,,,,1,,,,,,,,,,,,,None,,,,,,,,,,,,,,,0,,,2020,2,100,25
,75,,,,,Liatris,,,,,India,,,,,,,,,,,20000,,,,1,,,,,,,,,,,,,None,,,,,,,,,,,,,,,0,,,2020,2,100,25
,75,,,,,Liatris,,,,,India,,,,,,,,,,,20000,,,,1,,,,,,,,,,,,,None,,,,,,,,,,,,,,,0,,,2020,2,100,25
,75,,,,,Liatris,,,,,India,,,,,,,,,,,20000,,,,1,,,,,,,,,,,,,None,,,,,,,,,,,,,,,0,,,2020,2,100,25
,76,,,,,Protea,,,,,Mexico,,,,,,,,,,,20000,,,,1,,,,,,,,,,,,,None,,,,,,,,,,,,,,,0,,,2020,2,100,25
,76,,,,,Protea,,,,,Mexico,,,,,,,,,,,20000,,,,1,,,,,,,,,,,,,None,,,,,,,,,,,,,,,0,,,2020,2,100,25
,76,,,,,Protea,,,,,Mexico,,,,,,,,,,,20000,,,,1,,,,,,,,,,,,,None,,,,,,,,,,,,,,,0,,,2020,2,100,25
,76,,,,,Protea,,,,,Mexico,,,,,,,,,,,20000,,,,1,,,,,,,,,,,,,None,,,,,,,,,,,,,,,0,,,2020,2,100,25
,76,,,,,Protea,,,,,Mexico,,,,,,,,,,,20000,,,,1,,,,,,,,,,,,,None,,,,,,,,,,,,,,,0,,,2020,2,100,25
,76,,,,,Protea,,,,,Mexico,,,,,,,,,,,20000,,,,1,,,,,,,,,,,,,None,,,,,,,,,,,,,,,0,,,2020,2,100,25
,76,,,,,Protea,,,,,Mexico,,,,,,,,,,,20000,,,,1,,,,,,,,,,,,,None,,,,,,,,,,,,,,,0,,,2020,2,100,25
,76,,,,,Protea,,,,,Mexico,,,,,,,,,,,20000,,,,1,,,,,,,,,,,,,None,,,,,,,,,,,,,,,0,,,2020,2,100,25
,76,,,,,Protea,,,,,Mexico,,,,,,,,,,,20000,,,,1,,,,,,,,,,,,,None,,,,,,,,,,,,,,,0,,,2020,2,100,25
,76,,,,,Protea,,,,,Mexico,,,,,,,,,,,20000,,,,1,,,,,,,,,,,,,None,,,,,,,,,,,,,,,0,,,2020,2,100,25
,76,,,,,Protea,,,,,Mexico,,,,,,,,,,,20000,,,,1,,,,,,,,,,,,,None,,,,,,,,,,,,,,,0,,,2020,2,100,25
,76,,,,,Protea,,,,,Mexico,,,,,,,,,,,20000,,,,1,,,,,,,,,,,,,None,,,,,,,,,,,,,,,0,,,2020,2,100,25
,76,,,,,Protea,,,,,Mexico,,,,,,,,,,,20000,,,,1,,,,,,,,,,,,,None,,,,,,,,,,,,,,,0,,,2020,2,100,25
,76,,,,,Protea,,,,,Mexico,,,,,,,,,,,20000,,,,1,,,,,,,,,,,,,None,,,,,,,,,,,,,,,0,,,2020,2,100,25
,76,,,,,Protea,,,,,Mexico,,,,,,,,,,,20000,,,,1,,,,,,,,,,,,,None,,,,,,,,,,,,,,,0,,,2020,2,100,25
,76,,,,,Protea,,,,,Mexico,,,,,,,,,,,20000,,,,1,,,,,,,,,,,,,None,,,,,,,,,,,,,,,0,,,2020,2,100,25
,76,,,,,Protea,,,,,Mexico,,,,,,,,,,,20000,,,,1,,,,,,,,,,,,,None,,,,,,,,,,,,,,,0,,,2020,2,100,25
,76,,,,,Protea,,,,,Mexico,,,,,,,,,,,20000,,,,1,,,,,,,,,,,,,None,,,,,,,,,,,,,,,0,,,2020,2,100,25
,76,,,,,Protea,,,,,Mexico,,,,,,,,,,,20000,,,,1,,,,,,,,,,,,,None,,,,,,,,,,,,,,,0,,,2020,2,100,25
,76,,,,,Protea,,,,,Mexico,,,,,,,,,,,20000,,,,1,,,,,,,,,,,,,None,,,,,,,,,,,,,,,0,,,2020,2,100,25
,76,,,,,Protea,,,,,Mexico,,,,,,,,,,,20000,,,,1,,,,,,,,,,,,,None,,,,,,,,,,,,,,,0,,,2020,2,100,25
,76,,,,,Protea,,,,,Mexico,,,,,,,,,,,20000,,,,1,,,,,,,,,,,,,None,,,,,,,,,,,,,,,0,,,2020,2,100,25
,76,,,,,Protea,,,,,Mexico,,,,,,,,,,,20000,,,,1,,,,,,,,,,,,,None,,,,,,,,,,,,,,,0,,,2020,2,100,25
,76,,,,,Protea,,,,,Mexico,,,,,,,,,,,20000,,,,1,,,,,,,,,,,,,None,,,,,,,,,,,,,,,0,,,2020,2,100,25
,76,,,,,Protea,,,,,Mexico,,,,,,,,,,,20000,,,,1,,,,,,,,,,,,,None,,,,,,,,,,,,,,,0,,,2020,2,100,25
,77,,,,,Actinidia,,,,,Tanzania,,,,,,,,,,,20000,,,,1,,,,,,,,,,,,,None,,,,,,,,,,,,,,,0,,,2020,2,100,25
,77,,,,,Actinidia,,,,,Tanzania,,,,,,,,,,,20000,,,,1,,,,,,,,,,,,,None,,,,,,,,,,,,,,,0,,,2020,2,100,25
,77,,,,,Actinidia,,,,,Tanzania,,,,,,,,,,,20000,,,,1,,,,,,,,,,,,,None,,,,,,,,,,,,,,,0,,,2020,2,100,25
,77,,,,,Actinidia,,,,,Tanzania,,,,,,,,,,,20000,,,,1,,,,,,,,,,,,,None,,,,,,,,,,,,,,,0,,,2020,2,100,25
,77,,,,,Actinidia,,,,,Tanzania,,,,,,,,,,,20000,,,,1,,,,,,,,,,,,,None,,,,,,,,,,,,,,,0,,,2020,2,100,25
,77,,,,,Actinidia,,,,,Tanzania,,,,,,,,,,,20000,,,,1,,,,,,,,,,,,,None,,,,,,,,,,,,,,,0,,,2020,2,100,25
,77,,,,,Actinidia,,,,,Tanzania,,,,,,,,,,,20000,,,,1,,,,,,,,,,,,,None,,,,,,,,,,,,,,,0,,,2020,2,100,25
,77,,,,,Actinidia,,,,,Tanzania,,,,,,,,,,,20000,,,,1,,,,,,,,,,,,,None,,,,,,,,,,,,,,,0,,,2020,2,100,25
,77,,,,,Actinidia,,,,,Tanzania,,,,,,,,,,,20000,,,,1,,,,,,,,,,,,,None,,,,,,,,,,,,,,,0,,,2020,2,100,25
,77,,,,,Actinidia,,,,,Tanzania,,,,,,,,,,,20000,,,,1,,,,,,,,,,,,,None,,,,,,,,,,,,,,,0,,,2020,2,100,25
,77,,,,,Actinidia,,,,,Tanzania,,,,,,,,,,,20000,,,,1,,,,,,,,,,,,,None,,,,,,,,,,,,,,,0,,,2020,2,100,25
,77,,,,,Actinidia,,,,,Tanzania,,,,,,,,,,,20000,,,,1,,,,,,,,,,,,,None,,,,,,,,,,,,,,,0,,,2020,2,100,25
,77,,,,,Actinidia,,,,,Tanzania,,,,,,,,,,,20000,,,,1,,,,,,,,,,,,,None,,,,,,,,,,,,,,,0,,,2020,2,100,25
,77,,,,,Actinidia,,,,,Tanzania,,,,,,,,,,,20000,,,,1,,,,,,,,,,,,,None,,,,,,,,,,,,,,,0,,,2020,2,100,25
,77,,,,,Actinidia,,,,,Tanzania,,,,,,,,,,,20000,,,,1,,,,,,,,,,,,,None,,,,,,,,,,,,,,,0,,,2020,2,100,25
,77,,,,,Actinidia,,,,,Tanzania,,,,,,,,,,,20000,,,,1,,,,,,,,,,,,,None,,,,,,,,,,,,,,,0,,,2020,2,100,25
,77,,,,,Actinidia,,,,,Tanzania,,,,,,,,,,,20000,,,,1,,,,,,,,,,,,,None,,,,,,,,,,,,,,,0,,,2020,2,100,25
,77,,,,,Actinidia,,,,,Tanzania,,,,,,,,,,,20000,,,,1,,,,,,,,,,,,,None,,,,,,,,,,,,,,,0,,,2020,2,100,25
,77,,,,,Actinidia,,,,,Tanzania,,,,,,,,,,,20000,,,,1,,,,,,,,,,,,,None,,,,,,,,,,,,,,,0,,,2020,2,100,25
,77,,,,,Actinidia,,,,,Tanzania,,,,,,,,,,,20000,,,,1,,,,,,,,,,,,,None,,,,,,,,,,,,,,,0,,,2020,2,100,25
,77,,,,,Actinidia,,,,,Tanzania,,,,,,,,,,,20000,,,,1,,,,,,,,,,,,,None,,,,,,,,,,,,,,,0,,,2020,2,100,25
,77,,,,,Actinidia,,,,,Tanzania,,,,,,,,,,,20000,,,,1,,,,,,,,,,,,,None,,,,,,,,,,,,,,,0,,,2020,2,100,25
,77,,,,,Actinidia,,,,,Tanzania,,,,,,,,,,,20000,,,,1,,,,,,,,,,,,,None,,,,,,,,,,,,,,,0,,,2020,2,100,25
,77,,,,,Actinidia,,,,,Tanzania,,,,,,,,,,,20000,,,,1,,,,,,,,,,,,,None,,,,,,,,,,,,,,,0,,,2020,2,100,25
,77,,,,,Actinidia,,,,,Tanzania,,,,,,,,,,,20000,,,,1,,,,,,,,,,,,,None,,,,,,,,,,,,,,,0,,,2020,2,100,25
,78,,,,,Rosa,,,,,Tanzania,,,,,,,,,,,20000,,,,1,,,,,,,,,,,,,None,,,,,,,,,,,,,,,0,,,2020,2,100,25
,78,,,,,Rosa,,,,,Tanzania,,,,,,,,,,,20000,,,,1,,,,,,,,,,,,,None,,,,,,,,,,,,,,,0,,,2020,2,100,25
,78,,,,,Rosa,,,,,Tanzania,,,,,,,,,,,20000,,,,1,,,,,,,,,,,,,None,,,,,,,,,,,,,,,1,,,2020,2,100,25
,78,,,,,Rosa,,,,,Tanzania,,,,,,,,,,,20000,,,,1,,,,,,,,,,,,,None,,,,,,,,,,,,,,,1,,,2020,2,100,25
,78,,,,,Rosa,,,,,Tanzania,,,,,,,,,,,20000,,,,1,,,,,,,,,,,,,None,,,,,,,,,,,,,,,1,,,2020,2,100,25
,78,,,,,Rosa,,,,,Tanzania,,,,,,,,,,,20000,,,,1,,,,,,,,,,,,,None,,,,,,,,,,,,,,,1,,,2020,2,100,25
,78,,,,,Rosa,,,,,Tanzania,,,,,,,,,,,20000,,,,1,,,,,,,,,,,,,None,,,,,,,,,,,,,,,1,,,2020,2,100,25
,78,,,,,Rosa,,,,,Tanzania,,,,,,,,,,,20000,,,,1,,,,,,,,,,,,,None,,,,,,,,,,,,,,,1,,,2020,2,100,25
,78,,,,,Rosa,,,,,Tanzania,,,,,,,,,,,20000,,,,1,,,,,,,,,,,,,None,,,,,,,,,,,,,,,1,,,2020,2,100,25
,78,,,,,Rosa,,,,,Tanzania,,,,,,,,,,,20000,,,,1,,,,,,,,,,,,,None,,,,,,,,,,,,,,,1,,,2020,2,100,25
,78,,,,,Rosa,,,,,Tanzania,,,,,,,,,,,20000,,,,1,,,,,,,,,,,,,None,,,,,,,,,,,,,,,1,,,2020,2,100,25
,78,,,,,Rosa,,,,,Tanzania,,,,,,,,,,,20000,,,,1,,,,,,,,,,,,,None,,,,,,,,,,,,,,,1,,,2020,2,100,25
,78,,,,,Rosa,,,,,Tanzania,,,,,,,,,,,20000,,,,1,,,,,,,,,,,,,None,,,,,,,,,,,,,,,1,,,2020,2,100,25
,78,,,,,Rosa,,,,,Tanzania,,,,,,,,,,,20000,,,,1,,,,,,,,,,,,,None,,,,,,,,,,,,,,,1,,,2020,2,100,25
,78,,,,,Rosa,,,,,Tanzania,,,,,,,,,,,20000,,,,1,,,,,,,,,,,,,None,,,,,,,,,,,,,,,1,,,2020,2,100,25
,78,,,,,Rosa,,,,,Tanzania,,,,,,,,,,,20000,,,,1,,,,,,,,,,,,,None,,,,,,,,,,,,,,,1,,,2020,2,100,25
,78,,,,,Rosa,,,,,Tanzania,,,,,,,,,,,20000,,,,1,,,,,,,,,,,,,None,,,,,,,,,,,,,,,1,,,2020,2,100,25
,78,,,,,Rosa,,,,,Tanzania,,,,,,,,,,,20000,,,,1,,,,,,,,,,,,,None,,,,,,,,,,,,,,,1,,,2020,2,100,25
,78,,,,,Rosa,,,,,Tanzania,,,,,,,,,,,20000,,,,1,,,,,,,,,,,,,None,,,,,,,,,,,,,,,1,,,2020,2,100,25
,78,,,,,Rosa,,,,,Tanzania,,,,,,,,,,,20000,,,,1,,,,,,,,,,,,,None,,,,,,,,,,,,,,,1,,,2020,2,100,25
,78,,,,,Rosa,,,,,Tanzania,,,,,,,,,,,20000,,,,1,,,,,,,,,,,,,None,,,,,,,,,,,,,,,1,,,2020,2,100,25
,78,,,,,Rosa,,,,,Tanzania,,,,,,,,,,,20000,,,,1,,,,,,,,,,,,,None,,,,,,,,,,,,,,,1,,,2020,2,100,25
,78,,,,,Rosa,,,,,Tanzania,,,,,,,,,,,20000,,,,1,,,,,,,,,,,,,None,,,,,,,,,,,,,,,1,,,2020,2,100,25
,78,,,,,Rosa,,,,,Tanzania,,,,,,,,,,,20000,,,,1,,,,,,,,,,,,,None,,,,,,,,,,,,,,,1,,,2020,2,100,25
,78,,,,,Rosa,,,,,Tanzania,,,,,,,,,,,20000,,,,1,,,,,,,,,,,,,None,,,,,,,,,,,,,,,1,,,2020,2,100,25
,79,,,,,Aegilops,,,,,Israel,,,,,,,,,,,20000,,,,1,,,,,,,,,,,,,None,,,,,,,,,,,,,,,0,,,2020,2,100,25
,79,,,,,Aegilops,,,,,Israel,,,,,,,,,,,20000,,,,1,,,,,,,,,,,,,None,,,,,,,,,,,,,,,0,,,2020,2,100,25
,79,,,,,Aegilops,,,,,Israel,,,,,,,,,,,20000,,,,1,,,,,,,,,,,,,None,,,,,,,,,,,,,,,0,,,2020,2,100,25
,79,,,,,Aegilops,,,,,Israel,,,,,,,,,,,20000,,,,1,,,,,,,,,,,,,None,,,,,,,,,,,,,,,0,,,2020,2,100,25
,79,,,,,Aegilops,,,,,Israel,,,,,,,,,,,20000,,,,1,,,,,,,,,,,,,None,,,,,,,,,,,,,,,0,,,2020,2,100,25
,79,,,,,Aegilops,,,,,Israel,,,,,,,,,,,20000,,,,1,,,,,,,,,,,,,None,,,,,,,,,,,,,,,0,,,2020,2,100,25
,79,,,,,Aegilops,,,,,Israel,,,,,,,,,,,20000,,,,1,,,,,,,,,,,,,None,,,,,,,,,,,,,,,0,,,2020,2,100,25
,79,,,,,Aegilops,,,,,Israel,,,,,,,,,,,20000,,,,1,,,,,,,,,,,,,None,,,,,,,,,,,,,,,0,,,2020,2,100,25
,79,,,,,Aegilops,,,,,Israel,,,,,,,,,,,20000,,,,1,,,,,,,,,,,,,None,,,,,,,,,,,,,,,0,,,2020,2,100,25
,79,,,,,Aegilops,,,,,Israel,,,,,,,,,,,20000,,,,1,,,,,,,,,,,,,None,,,,,,,,,,,,,,,0,,,2020,2,100,25
,79,,,,,Aegilops,,,,,Israel,,,,,,,,,,,20000,,,,1,,,,,,,,,,,,,None,,,,,,,,,,,,,,,0,,,2020,2,100,25
,79,,,,,Aegilops,,,,,Israel,,,,,,,,,,,20000,,,,1,,,,,,,,,,,,,None,,,,,,,,,,,,,,,0,,,2020,2,100,25
,79,,,,,Aegilops,,,,,Israel,,,,,,,,,,,20000,,,,1,,,,,,,,,,,,,None,,,,,,,,,,,,,,,0,,,2020,2,100,25
,79,,,,,Aegilops,,,,,Israel,,,,,,,,,,,20000,,,,1,,,,,,,,,,,,,None,,,,,,,,,,,,,,,0,,,2020,2,100,25
,79,,,,,Aegilops,,,,,Israel,,,,,,,,,,,20000,,,,1,,,,,,,,,,,,,None,,,,,,,,,,,,,,,0,,,2020,2,100,25
,79,,,,,Aegilops,,,,,Israel,,,,,,,,,,,20000,,,,1,,,,,,,,,,,,,None,,,,,,,,,,,,,,,0,,,2020,2,100,25
,79,,,,,Aegilops,,,,,Israel,,,,,,,,,,,20000,,,,1,,,,,,,,,,,,,None,,,,,,,,,,,,,,,0,,,2020,2,100,25
,79,,,,,Aegilops,,,,,Israel,,,,,,,,,,,20000,,,,1,,,,,,,,,,,,,None,,,,,,,,,,,,,,,0,,,2020,2,100,25
,79,,,,,Aegilops,,,,,Israel,,,,,,,,,,,20000,,,,1,,,,,,,,,,,,,None,,,,,,,,,,,,,,,0,,,2020,2,100,25
,79,,,,,Aegilops,,,,,Israel,,,,,,,,,,,20000,,,,1,,,,,,,,,,,,,None,,,,,,,,,,,,,,,0,,,2020,2,100,25
,79,,,,,Aegilops,,,,,Israel,,,,,,,,,,,20000,,,,1,,,,,,,,,,,,,None,,,,,,,,,,,,,,,0,,,2020,2,100,25
,79,,,,,Aegilops,,,,,Israel,,,,,,,,,,,20000,,,,1,,,,,,,,,,,,,None,,,,,,,,,,,,,,,0,,,2020,2,100,25
,79,,,,,Aegilops,,,,,Israel,,,,,,,,,,,20000,,,,1,,,,,,,,,,,,,None,,,,,,,,,,,,,,,0,,,2020,2,100,25
,79,,,,,Aegilops,,,,,Israel,,,,,,,,,,,20000,,,,1,,,,,,,,,,,,,None,,,,,,,,,,,,,,,0,,,2020,2,100,25
,79,,,,,Aegilops,,,,,Israel,,,,,,,,,,,20000,,,,1,,,,,,,,,,,,,None,,,,,,,,,,,,,,,0,,,2020,2,100,25
,80,,,,,Actinidia,,,,,Netherlands,,,,,,,,,,,20000,,,,1,,,,,,,,,,,,,None,,,,,,,,,,,,,,,0,,,2020,2,100,25
,80,,,,,Actinidia,,,,,Netherlands,,,,,,,,,,,20000,,,,1,,,,,,,,,,,,,None,,,,,,,,,,,,,,,0,,,2020,2,100,25
,80,,,,,Actinidia,,,,,Netherlands,,,,,,,,,,,20000,,,,1,,,,,,,,,,,,,None,,,,,,,,,,,,,,,0,,,2020,2,100,25
,80,,,,,Actinidia,,,,,Netherlands,,,,,,,,,,,20000,,,,1,,,,,,,,,,,,,None,,,,,,,,,,,,,,,0,,,2020,2,100,25
,80,,,,,Actinidia,,,,,Netherlands,,,,,,,,,,,20000,,,,1,,,,,,,,,,,,,None,,,,,,,,,,,,,,,0,,,2020,2,100,25
,80,,,,,Actinidia,,,,,Netherlands,,,,,,,,,,,20000,,,,1,,,,,,,,,,,,,None,,,,,,,,,,,,,,,0,,,2020,2,100,25
,80,,,,,Actinidia,,,,,Netherlands,,,,,,,,,,,20000,,,,1,,,,,,,,,,,,,None,,,,,,,,,,,,,,,0,,,2020,2,100,25
,80,,,,,Actinidia,,,,,Netherlands,,,,,,,,,,,20000,,,,1,,,,,,,,,,,,,None,,,,,,,,,,,,,,,0,,,2020,2,100,25
,80,,,,,Actinidia,,,,,Netherlands,,,,,,,,,,,20000,,,,1,,,,,,,,,,,,,None,,,,,,,,,,,,,,,0,,,2020,2,100,25
,80,,,,,Actinidia,,,,,Netherlands,,,,,,,,,,,20000,,,,1,,,,,,,,,,,,,None,,,,,,,,,,,,,,,0,,,2020,2,100,25
,80,,,,,Actinidia,,,,,Netherlands,,,,,,,,,,,20000,,,,1,,,,,,,,,,,,,None,,,,,,,,,,,,,,,0,,,2020,2,100,25
,80,,,,,Actinidia,,,,,Netherlands,,,,,,,,,,,20000,,,,1,,,,,,,,,,,,,None,,,,,,,,,,,,,,,0,,,2020,2,100,25
,80,,,,,Actinidia,,,,,Netherlands,,,,,,,,,,,20000,,,,1,,,,,,,,,,,,,None,,,,,,,,,,,,,,,0,,,2020,2,100,25
,80,,,,,Actinidia,,,,,Netherlands,,,,,,,,,,,20000,,,,1,,,,,,,,,,,,,None,,,,,,,,,,,,,,,0,,,2020,2,100,25
,80,,,,,Actinidia,,,,,Netherlands,,,,,,,,,,,20000,,,,1,,,,,,,,,,,,,None,,,,,,,,,,,,,,,0,,,2020,2,100,25
,80,,,,,Actinidia,,,,,Netherlands,,,,,,,,,,,20000,,,,1,,,,,,,,,,,,,None,,,,,,,,,,,,,,,0,,,2020,2,100,25
,80,,,,,Actinidia,,,,,Netherlands,,,,,,,,,,,20000,,,,1,,,,,,,,,,,,,None,,,,,,,,,,,,,,,0,,,2020,2,100,25
,80,,,,,Actinidia,,,,,Netherlands,,,,,,,,,,,20000,,,,1,,,,,,,,,,,,,None,,,,,,,,,,,,,,,0,,,2020,2,100,25
,80,,,,,Actinidia,,,,,Netherlands,,,,,,,,,,,20000,,,,1,,,,,,,,,,,,,None,,,,,,,,,,,,,,,0,,,2020,2,100,25
,80,,,,,Actinidia,,,,,Netherlands,,,,,,,,,,,20000,,,,1,,,,,,,,,,,,,None,,,,,,,,,,,,,,,0,,,2020,2,100,25
,80,,,,,Actinidia,,,,,Netherlands,,,,,,,,,,,20000,,,,1,,,,,,,,,,,,,None,,,,,,,,,,,,,,,0,,,2020,2,100,25
,80,,,,,Actinidia,,,,,Netherlands,,,,,,,,,,,20000,,,,1,,,,,,,,,,,,,None,,,,,,,,,,,,,,,0,,,2020,2,100,25
,80,,,,,Actinidia,,,,,Netherlands,,,,,,,,,,,20000,,,,1,,,,,,,,,,,,,None,,,,,,,,,,,,,,,0,,,2020,2,100,25
,80,,,,,Actinidia,,,,,Netherlands,,,,,,,,,,,20000,,,,1,,,,,,,,,,,,,None,,,,,,,,,,,,,,,0,,,2020,2,100,25
,80,,,,,Actinidia,,,,,Netherlands,,,,,,,,,,,20000,,,,1,,,,,,,,,,,,,None,,,,,,,,,,,,,,,0,,,2020,2,100,25
,81,,,,,Gerbera,,,,,India,,,,,,,,,,,20000,,,,1,,,,,,,,,,,,,None,,,,,,,,,,,,,,,0,,,2020,2,100,25
,81,,,,,Gerbera,,,,,India,,,,,,,,,,,20000,,,,1,,,,,,,,,,,,,None,,,,,,,,,,,,,,,0,,,2020,2,100,25
,81,,,,,Gerbera,,,,,India,,,,,,,,,,,20000,,,,1,,,,,,,,,,,,,None,,,,,,,,,,,,,,,0,,,2020,2,100,25
,81,,,,,Gerbera,,,,,India,,,,,,,,,,,20000,,,,1,,,,,,,,,,,,,None,,,,,,,,,,,,,,,0,,,2020,2,100,25
,81,,,,,Gerbera,,,,,India,,,,,,,,,,,20000,,,,1,,,,,,,,,,,,,None,,,,,,,,,,,,,,,0,,,2020,2,100,25
,81,,,,,Gerbera,,,,,India,,,,,,,,,,,20000,,,,1,,,,,,,,,,,,,None,,,,,,,,,,,,,,,0,,,2020,2,100,25
,81,,,,,Gerbera,,,,,India,,,,,,,,,,,20000,,,,1,,,,,,,,,,,,,None,,,,,,,,,,,,,,,0,,,2020,2,100,25
,81,,,,,Gerbera,,,,,India,,,,,,,,,,,20000,,,,1,,,,,,,,,,,,,None,,,,,,,,,,,,,,,0,,,2020,2,100,25
,81,,,,,Gerbera,,,,,India,,,,,,,,,,,20000,,,,1,,,,,,,,,,,,,None,,,,,,,,,,,,,,,0,,,2020,2,100,25
,81,,,,,Gerbera,,,,,India,,,,,,,,,,,20000,,,,1,,,,,,,,,,,,,None,,,,,,,,,,,,,,,0,,,2020,2,100,25
,81,,,,,Gerbera,,,,,India,,,,,,,,,,,20000,,,,1,,,,,,,,,,,,,None,,,,,,,,,,,,,,,0,,,2020,2,100,25
,81,,,,,Gerbera,,,,,India,,,,,,,,,,,20000,,,,1,,,,,,,,,,,,,None,,,,,,,,,,,,,,,0,,,2020,2,100,25
,81,,,,,Gerbera,,,,,India,,,,,,,,,,,20000,,,,1,,,,,,,,,,,,,None,,,,,,,,,,,,,,,0,,,2020,2,100,25
,81,,,,,Gerbera,,,,,India,,,,,,,,,,,20000,,,,1,,,,,,,,,,,,,None,,,,,,,,,,,,,,,0,,,2020,2,100,25
,81,,,,,Gerbera,,,,,India,,,,,,,,,,,20000,,,,1,,,,,,,,,,,,,None,,,,,,,,,,,,,,,0,,,2020,2,100,25
,81,,,,,Gerbera,,,,,India,,,,,,,,,,,20000,,,,1,,,,,,,,,,,,,None,,,,,,,,,,,,,,,0,,,2020,2,100,25
,81,,,,,Gerbera,,,,,India,,,,,,,,,,,20000,,,,1,,,,,,,,,,,,,None,,,,,,,,,,,,,,,0,,,2020,2,100,25
,81,,,,,Gerbera,,,,,India,,,,,,,,,,,20000,,,,1,,,,,,,,,,,,,None,,,,,,,,,,,,,,,0,,,2020,2,100,25
,81,,,,,Gerbera,,,,,India,,,,,,,,,,,20000,,,,1,,,,,,,,,,,,,None,,,,,,,,,,,,,,,0,,,2020,2,100,25
,81,,,,,Gerbera,,,,,India,,,,,,,,,,,20000,,,,1,,,,,,,,,,,,,None,,,,,,,,,,,,,,,0,,,2020,2,100,25
,81,,,,,Gerbera,,,,,India,,,,,,,,,,,20000,,,,1,,,,,,,,,,,,,None,,,,,,,,,,,,,,,0,,,2020,2,100,25
,81,,,,,Gerbera,,,,,India,,,,,,,,,,,20000,,,,1,,,,,,,,,,,,,None,,,,,,,,,,,,,,,0,,,2020,2,100,25
,81,,,,,Gerbera,,,,,India,,,,,,,,,,,20000,,,,1,,,,,,,,,,,,,None,,,,,,,,,,,,,,,0,,,2020,2,100,25
,81,,,,,Gerbera,,,,,India,,,,,,,,,,,20000,,,,1,,,,,,,,,,,,,None,,,,,,,,,,,,,,,0,,,2020,2,100,25
,81,,,,,Gerbera,,,,,India,,,,,,,,,,,20000,,,,1,,,,,,,,,,,,,None,,,,,,,,,,,,,,,0,,,2020,2,100,25
,82,,,,,Anemone,,,,,Netherlands,,,,,,,,,,,20000,,,,1,,,,,,,,,,,,,None,,,,,,,,,,,,,,,0,,,2020,2,100,25
,82,,,,,Anemone,,,,,Netherlands,,,,,,,,,,,20000,,,,1,,,,,,,,,,,,,None,,,,,,,,,,,,,,,0,,,2020,2,100,25
,82,,,,,Anemone,,,,,Netherlands,,,,,,,,,,,20000,,,,1,,,,,,,,,,,,,None,,,,,,,,,,,,,,,0,,,2020,2,100,25
,82,,,,,Anemone,,,,,Netherlands,,,,,,,,,,,20000,,,,1,,,,,,,,,,,,,None,,,,,,,,,,,,,,,0,,,2020,2,100,25
,82,,,,,Anemone,,,,,Netherlands,,,,,,,,,,,20000,,,,1,,,,,,,,,,,,,None,,,,,,,,,,,,,,,0,,,2020,2,100,25
,82,,,,,Anemone,,,,,Netherlands,,,,,,,,,,,20000,,,,1,,,,,,,,,,,,,None,,,,,,,,,,,,,,,0,,,2020,2,100,25
,82,,,,,Anemone,,,,,Netherlands,,,,,,,,,,,20000,,,,1,,,,,,,,,,,,,None,,,,,,,,,,,,,,,0,,,2020,2,100,25
,82,,,,,Anemone,,,,,Netherlands,,,,,,,,,,,20000,,,,1,,,,,,,,,,,,,None,,,,,,,,,,,,,,,0,,,2020,2,100,25
,82,,,,,Anemone,,,,,Netherlands,,,,,,,,,,,20000,,,,1,,,,,,,,,,,,,None,,,,,,,,,,,,,,,0,,,2020,2,100,25
,82,,,,,Anemone,,,,,Netherlands,,,,,,,,,,,20000,,,,1,,,,,,,,,,,,,None,,,,,,,,,,,,,,,0,,,2020,2,100,25
,82,,,,,Anemone,,,,,Netherlands,,,,,,,,,,,20000,,,,1,,,,,,,,,,,,,None,,,,,,,,,,,,,,,0,,,2020,2,100,25
,82,,,,,Anemone,,,,,Netherlands,,,,,,,,,,,20000,,,,1,,,,,,,,,,,,,None,,,,,,,,,,,,,,,0,,,2020,2,100,25
,82,,,,,Anemone,,,,,Netherlands,,,,,,,,,,,20000,,,,1,,,,,,,,,,,,,None,,,,,,,,,,,,,,,0,,,2020,2,100,25
,82,,,,,Anemone,,,,,Netherlands,,,,,,,,,,,20000,,,,1,,,,,,,,,,,,,None,,,,,,,,,,,,,,,0,,,2020,2,100,25
,82,,,,,Anemone,,,,,Netherlands,,,,,,,,,,,20000,,,,1,,,,,,,,,,,,,None,,,,,,,,,,,,,,,0,,,2020,2,100,25
,82,,,,,Anemone,,,,,Netherlands,,,,,,,,,,,20000,,,,1,,,,,,,,,,,,,None,,,,,,,,,,,,,,,0,,,2020,2,100,25
,82,,,,,Anemone,,,,,Netherlands,,,,,,,,,,,20000,,,,1,,,,,,,,,,,,,None,,,,,,,,,,,,,,,0,,,2020,2,100,25
,82,,,,,Anemone,,,,,Netherlands,,,,,,,,,,,20000,,,,1,,,,,,,,,,,,,None,,,,,,,,,,,,,,,0,,,2020,2,100,25
,82,,,,,Anemone,,,,,Netherlands,,,,,,,,,,,20000,,,,1,,,,,,,,,,,,,None,,,,,,,,,,,,,,,0,,,2020,2,100,25
,82,,,,,Anemone,,,,,Netherlands,,,,,,,,,,,20000,,,,1,,,,,,,,,,,,,None,,,,,,,,,,,,,,,0,,,2020,2,100,25
,82,,,,,Anemone,,,,,Netherlands,,,,,,,,,,,20000,,,,1,,,,,,,,,,,,,None,,,,,,,,,,,,,,,0,,,2020,2,100,25
,82,,,,,Anemone,,,,,Netherlands,,,,,,,,,,,20000,,,,1,,,,,,,,,,,,,None,,,,,,,,,,,,,,,0,,,2020,2,100,25
,82,,,,,Anemone,,,,,Netherlands,,,,,,,,,,,20000,,,,1,,,,,,,,,,,,,None,,,,,,,,,,,,,,,0,,,2020,2,100,25
,82,,,,,Anemone,,,,,Netherlands,,,,,,,,,,,20000,,,,1,,,,,,,,,,,,,None,,,,,,,,,,,,,,,0,,,2020,2,100,25
,82,,,,,Anemone,,,,,Netherlands,,,,,,,,,,,20000,,,,1,,,,,,,,,,,,,None,,,,,,,,,,,,,,,0,,,2020,2,100,25
,83,,,,,Mokara,,,,,Israel,,,,,,,,,,,20000,,,,1,,,,,,,,,,,,,None,,,,,,,,,,,,,,,0,,,2020,2,100,25
,83,,,,,Mokara,,,,,Israel,,,,,,,,,,,20000,,,,1,,,,,,,,,,,,,None,,,,,,,,,,,,,,,0,,,2020,2,100,25
,83,,,,,Mokara,,,,,Israel,,,,,,,,,,,20000,,,,1,,,,,,,,,,,,,None,,,,,,,,,,,,,,,0,,,2020,2,100,25
,83,,,,,Mokara,,,,,Israel,,,,,,,,,,,20000,,,,1,,,,,,,,,,,,,None,,,,,,,,,,,,,,,0,,,2020,2,100,25
,83,,,,,Mokara,,,,,Israel,,,,,,,,,,,20000,,,,1,,,,,,,,,,,,,None,,,,,,,,,,,,,,,0,,,2020,2,100,25
,83,,,,,Mokara,,,,,Israel,,,,,,,,,,,20000,,,,1,,,,,,,,,,,,,None,,,,,,,,,,,,,,,0,,,2020,2,100,25
,83,,,,,Mokara,,,,,Israel,,,,,,,,,,,20000,,,,1,,,,,,,,,,,,,None,,,,,,,,,,,,,,,0,,,2020,2,100,25
,83,,,,,Mokara,,,,,Israel,,,,,,,,,,,20000,,,,1,,,,,,,,,,,,,None,,,,,,,,,,,,,,,0,,,2020,2,100,25
,83,,,,,Mokara,,,,,Israel,,,,,,,,,,,20000,,,,1,,,,,,,,,,,,,None,,,,,,,,,,,,,,,0,,,2020,2,100,25
,83,,,,,Mokara,,,,,Israel,,,,,,,,,,,20000,,,,1,,,,,,,,,,,,,None,,,,,,,,,,,,,,,0,,,2020,2,100,25
,83,,,,,Mokara,,,,,Israel,,,,,,,,,,,20000,,,,1,,,,,,,,,,,,,None,,,,,,,,,,,,,,,0,,,2020,2,100,25
,83,,,,,Mokara,,,,,Israel,,,,,,,,,,,20000,,,,1,,,,,,,,,,,,,None,,,,,,,,,,,,,,,0,,,2020,2,100,25
,83,,,,,Mokara,,,,,Israel,,,,,,,,,,,20000,,,,1,,,,,,,,,,,,,None,,,,,,,,,,,,,,,0,,,2020,2,100,25
,83,,,,,Mokara,,,,,Israel,,,,,,,,,,,20000,,,,1,,,,,,,,,,,,,None,,,,,,,,,,,,,,,0,,,2020,2,100,25
,83,,,,,Mokara,,,,,Israel,,,,,,,,,,,20000,,,,1,,,,,,,,,,,,,None,,,,,,,,,,,,,,,0,,,2020,2,100,25
,83,,,,,Mokara,,,,,Israel,,,,,,,,,,,20000,,,,1,,,,,,,,,,,,,None,,,,,,,,,,,,,,,0,,,2020,2,100,25
,83,,,,,Mokara,,,,,Israel,,,,,,,,,,,20000,,,,1,,,,,,,,,,,,,None,,,,,,,,,,,,,,,0,,,2020,2,100,25
,83,,,,,Mokara,,,,,Israel,,,,,,,,,,,20000,,,,1,,,,,,,,,,,,,None,,,,,,,,,,,,,,,0,,,2020,2,100,25
,83,,,,,Mokara,,,,,Israel,,,,,,,,,,,20000,,,,1,,,,,,,,,,,,,None,,,,,,,,,,,,,,,0,,,2020,2,100,25
,83,,,,,Mokara,,,,,Israel,,,,,,,,,,,20000,,,,1,,,,,,,,,,,,,None,,,,,,,,,,,,,,,0,,,2020,2,100,25
,83,,,,,Mokara,,,,,Israel,,,,,,,,,,,20000,,,,1,,,,,,,,,,,,,None,,,,,,,,,,,,,,,0,,,2020,2,100,25
,83,,,,,Mokara,,,,,Israel,,,,,,,,,,,20000,,,,1,,,,,,,,,,,,,None,,,,,,,,,,,,,,,0,,,2020,2,100,25
,83,,,,,Mokara,,,,,Israel,,,,,,,,,,,20000,,,,1,,,,,,,,,,,,,None,,,,,,,,,,,,,,,0,,,2020,2,100,25
,83,,,,,Mokara,,,,,Israel,,,,,,,,,,,20000,,,,1,,,,,,,,,,,,,None,,,,,,,,,,,,,,,0,,,2020,2,100,25
,83,,,,,Mokara,,,,,Israel,,,,,,,,,,,20000,,,,1,,,,,,,,,,,,,None,,,,,,,,,,,,,,,0,,,2020,2,100,25
,84,,,,,Mokara,,,,,Japan,,,,,,,,,,,20000,,,,1,,,,,,,,,,,,,None,,,,,,,,,,,,,,,0,,,2020,2,100,25
,84,,,,,Mokara,,,,,Japan,,,,,,,,,,,20000,,,,1,,,,,,,,,,,,,None,,,,,,,,,,,,,,,0,,,2020,2,100,25
,84,,,,,Mokara,,,,,Japan,,,,,,,,,,,20000,,,,1,,,,,,,,,,,,,None,,,,,,,,,,,,,,,0,,,2020,2,100,25
,84,,,,,Mokara,,,,,Japan,,,,,,,,,,,20000,,,,1,,,,,,,,,,,,,None,,,,,,,,,,,,,,,0,,,2020,2,100,25
,84,,,,,Mokara,,,,,Japan,,,,,,,,,,,20000,,,,1,,,,,,,,,,,,,None,,,,,,,,,,,,,,,0,,,2020,2,100,25
,84,,,,,Mokara,,,,,Japan,,,,,,,,,,,20000,,,,1,,,,,,,,,,,,,None,,,,,,,,,,,,,,,0,,,2020,2,100,25
,84,,,,,Mokara,,,,,Japan,,,,,,,,,,,20000,,,,1,,,,,,,,,,,,,None,,,,,,,,,,,,,,,0,,,2020,2,100,25
,84,,,,,Mokara,,,,,Japan,,,,,,,,,,,20000,,,,1,,,,,,,,,,,,,None,,,,,,,,,,,,,,,0,,,2020,2,100,25
,84,,,,,Mokara,,,,,Japan,,,,,,,,,,,20000,,,,1,,,,,,,,,,,,,None,,,,,,,,,,,,,,,0,,,2020,2,100,25
,84,,,,,Mokara,,,,,Japan,,,,,,,,,,,20000,,,,1,,,,,,,,,,,,,None,,,,,,,,,,,,,,,0,,,2020,2,100,25
,84,,,,,Mokara,,,,,Japan,,,,,,,,,,,20000,,,,1,,,,,,,,,,,,,None,,,,,,,,,,,,,,,0,,,2020,2,100,25
,84,,,,,Mokara,,,,,Japan,,,,,,,,,,,20000,,,,1,,,,,,,,,,,,,None,,,,,,,,,,,,,,,0,,,2020,2,100,25
,84,,,,,Mokara,,,,,Japan,,,,,,,,,,,20000,,,,1,,,,,,,,,,,,,None,,,,,,,,,,,,,,,0,,,2020,2,100,25
,84,,,,,Mokara,,,,,Japan,,,,,,,,,,,20000,,,,1,,,,,,,,,,,,,None,,,,,,,,,,,,,,,0,,,2020,2,100,25
,84,,,,,Mokara,,,,,Japan,,,,,,,,,,,20000,,,,1,,,,,,,,,,,,,None,,,,,,,,,,,,,,,0,,,2020,2,100,25
,84,,,,,Mokara,,,,,Japan,,,,,,,,,,,20000,,,,1,,,,,,,,,,,,,None,,,,,,,,,,,,,,,0,,,2020,2,100,25
,84,,,,,Mokara,,,,,Japan,,,,,,,,,,,20000,,,,1,,,,,,,,,,,,,None,,,,,,,,,,,,,,,0,,,2020,2,100,25
,84,,,,,Mokara,,,,,Japan,,,,,,,,,,,20000,,,,1,,,,,,,,,,,,,None,,,,,,,,,,,,,,,0,,,2020,2,100,25
,84,,,,,Mokara,,,,,Japan,,,,,,,,,,,20000,,,,1,,,,,,,,,,,,,None,,,,,,,,,,,,,,,0,,,2020,2,100,25
,84,,,,,Mokara,,,,,Japan,,,,,,,,,,,20000,,,,1,,,,,,,,,,,,,None,,,,,,,,,,,,,,,0,,,2020,2,100,25
,84,,,,,Mokara,,,,,Japan,,,,,,,,,,,20000,,,,1,,,,,,,,,,,,,None,,,,,,,,,,,,,,,0,,,2020,2,100,25
,84,,,,,Mokara,,,,,Japan,,,,,,,,,,,20000,,,,1,,,,,,,,,,,,,None,,,,,,,,,,,,,,,0,,,2020,2,100,25
,84,,,,,Mokara,,,,,Japan,,,,,,,,,,,20000,,,,1,,,,,,,,,,,,,None,,,,,,,,,,,,,,,0,,,2020,2,100,25
,84,,,,,Mokara,,,,,Japan,,,,,,,,,,,20000,,,,1,,,,,,,,,,,,,None,,,,,,,,,,,,,,,0,,,2020,2,100,25
,84,,,,,Mokara,,,,,Japan,,,,,,,,,,,20000,,,,1,,,,,,,,,,,,,None,,,,,,,,,,,,,,,0,,,2020,2,100,25
,85,,,,,Rosa,,,,,New Zealand,,,,,,,,,,,20000,,,,1,,,,,,,,,,,,,None,,,,,,,,,,,,,,,0,,,2020,2,100,25
,85,,,,,Rosa,,,,,New Zealand,,,,,,,,,,,20000,,,,1,,,,,,,,,,,,,None,,,,,,,,,,,,,,,0,,,2020,2,100,25
,85,,,,,Rosa,,,,,New Zealand,,,,,,,,,,,20000,,,,1,,,,,,,,,,,,,None,,,,,,,,,,,,,,,0,,,2020,2,100,25
,85,,,,,Rosa,,,,,New Zealand,,,,,,,,,,,20000,,,,1,,,,,,,,,,,,,None,,,,,,,,,,,,,,,0,,,2020,2,100,25
,85,,,,,Rosa,,,,,New Zealand,,,,,,,,,,,20000,,,,1,,,,,,,,,,,,,None,,,,,,,,,,,,,,,0,,,2020,2,100,25
,85,,,,,Rosa,,,,,New Zealand,,,,,,,,,,,20000,,,,1,,,,,,,,,,,,,None,,,,,,,,,,,,,,,0,,,2020,2,100,25
,85,,,,,Rosa,,,,,New Zealand,,,,,,,,,,,20000,,,,1,,,,,,,,,,,,,None,,,,,,,,,,,,,,,0,,,2020,2,100,25
,85,,,,,Rosa,,,,,New Zealand,,,,,,,,,,,20000,,,,1,,,,,,,,,,,,,None,,,,,,,,,,,,,,,0,,,2020,2,100,25
,85,,,,,Rosa,,,,,New Zealand,,,,,,,,,,,20000,,,,1,,,,,,,,,,,,,None,,,,,,,,,,,,,,,0,,,2020,2,100,25
,85,,,,,Rosa,,,,,New Zealand,,,,,,,,,,,20000,,,,1,,,,,,,,,,,,,None,,,,,,,,,,,,,,,0,,,2020,2,100,25
,85,,,,,Rosa,,,,,New Zealand,,,,,,,,,,,20000,,,,1,,,,,,,,,,,,,None,,,,,,,,,,,,,,,0,,,2020,2,100,25
,85,,,,,Rosa,,,,,New Zealand,,,,,,,,,,,20000,,,,1,,,,,,,,,,,,,None,,,,,,,,,,,,,,,0,,,2020,2,100,25
,85,,,,,Rosa,,,,,New Zealand,,,,,,,,,,,20000,,,,1,,,,,,,,,,,,,None,,,,,,,,,,,,,,,0,,,2020,2,100,25
,85,,,,,Rosa,,,,,New Zealand,,,,,,,,,,,20000,,,,1,,,,,,,,,,,,,None,,,,,,,,,,,,,,,0,,,2020,2,100,25
,85,,,,,Rosa,,,,,New Zealand,,,,,,,,,,,20000,,,,1,,,,,,,,,,,,,None,,,,,,,,,,,,,,,0,,,2020,2,100,25
,85,,,,,Rosa,,,,,New Zealand,,,,,,,,,,,20000,,,,1,,,,,,,,,,,,,None,,,,,,,,,,,,,,,0,,,2020,2,100,25
,85,,,,,Rosa,,,,,New Zealand,,,,,,,,,,,20000,,,,1,,,,,,,,,,,,,None,,,,,,,,,,,,,,,0,,,2020,2,100,25
,85,,,,,Rosa,,,,,New Zealand,,,,,,,,,,,20000,,,,1,,,,,,,,,,,,,None,,,,,,,,,,,,,,,0,,,2020,2,100,25
,85,,,,,Rosa,,,,,New Zealand,,,,,,,,,,,20000,,,,1,,,,,,,,,,,,,None,,,,,,,,,,,,,,,0,,,2020,2,100,25
,85,,,,,Rosa,,,,,New Zealand,,,,,,,,,,,20000,,,,1,,,,,,,,,,,,,None,,,,,,,,,,,,,,,0,,,2020,2,100,25
,85,,,,,Rosa,,,,,New Zealand,,,,,,,,,,,20000,,,,1,,,,,,,,,,,,,None,,,,,,,,,,,,,,,0,,,2020,2,100,25
,85,,,,,Rosa,,,,,New Zealand,,,,,,,,,,,20000,,,,1,,,,,,,,,,,,,None,,,,,,,,,,,,,,,0,,,2020,2,100,25
,85,,,,,Rosa,,,,,New Zealand,,,,,,,,,,,20000,,,,1,,,,,,,,,,,,,None,,,,,,,,,,,,,,,0,,,2020,2,100,25
,85,,,,,Rosa,,,,,New Zealand,,,,,,,,,,,20000,,,,1,,,,,,,,,,,,,None,,,,,,,,,,,,,,,0,,,2020,2,100,25
,85,,,,,Rosa,,,,,New Zealand,,,,,,,,,,,20000,,,,1,,,,,,,,,,,,,None,,,,,,,,,,,,,,,0,,,2020,2,100,25
,86,,,,,Mokara,,,,,Mexico,,,,,,,,,,,20000,,,,1,,,,,,,,,,,,,None,,,,,,,,,,,,,,,0,,,2020,2,100,25
,86,,,,,Mokara,,,,,Mexico,,,,,,,,,,,20000,,,,1,,,,,,,,,,,,,None,,,,,,,,,,,,,,,0,,,2020,2,100,25
,86,,,,,Mokara,,,,,Mexico,,,,,,,,,,,20000,,,,1,,,,,,,,,,,,,None,,,,,,,,,,,,,,,0,,,2020,2,100,25
,86,,,,,Mokara,,,,,Mexico,,,,,,,,,,,20000,,,,1,,,,,,,,,,,,,None,,,,,,,,,,,,,,,0,,,2020,2,100,25
,86,,,,,Mokara,,,,,Mexico,,,,,,,,,,,20000,,,,1,,,,,,,,,,,,,None,,,,,,,,,,,,,,,0,,,2020,2,100,25
,86,,,,,Mokara,,,,,Mexico,,,,,,,,,,,20000,,,,1,,,,,,,,,,,,,None,,,,,,,,,,,,,,,0,,,2020,2,100,25
,86,,,,,Mokara,,,,,Mexico,,,,,,,,,,,20000,,,,1,,,,,,,,,,,,,None,,,,,,,,,,,,,,,0,,,2020,2,100,25
,86,,,,,Mokara,,,,,Mexico,,,,,,,,,,,20000,,,,1,,,,,,,,,,,,,None,,,,,,,,,,,,,,,0,,,2020,2,100,25
,86,,,,,Mokara,,,,,Mexico,,,,,,,,,,,20000,,,,1,,,,,,,,,,,,,None,,,,,,,,,,,,,,,0,,,2020,2,100,25
,86,,,,,Mokara,,,,,Mexico,,,,,,,,,,,20000,,,,1,,,,,,,,,,,,,None,,,,,,,,,,,,,,,0,,,2020,2,100,25
,86,,,,,Mokara,,,,,Mexico,,,,,,,,,,,20000,,,,1,,,,,,,,,,,,,None,,,,,,,,,,,,,,,0,,,2020,2,100,25
,86,,,,,Mokara,,,,,Mexico,,,,,,,,,,,20000,,,,1,,,,,,,,,,,,,None,,,,,,,,,,,,,,,0,,,2020,2,100,25
,86,,,,,Mokara,,,,,Mexico,,,,,,,,,,,20000,,,,1,,,,,,,,,,,,,None,,,,,,,,,,,,,,,0,,,2020,2,100,25
,86,,,,,Mokara,,,,,Mexico,,,,,,,,,,,20000,,,,1,,,,,,,,,,,,,None,,,,,,,,,,,,,,,0,,,2020,2,100,25
,86,,,,,Mokara,,,,,Mexico,,,,,,,,,,,20000,,,,1,,,,,,,,,,,,,None,,,,,,,,,,,,,,,0,,,2020,2,100,25
,86,,,,,Mokara,,,,,Mexico,,,,,,,,,,,20000,,,,1,,,,,,,,,,,,,None,,,,,,,,,,,,,,,0,,,2020,2,100,25
,86,,,,,Mokara,,,,,Mexico,,,,,,,,,,,20000,,,,1,,,,,,,,,,,,,None,,,,,,,,,,,,,,,0,,,2020,2,100,25
,86,,,,,Mokara,,,,,Mexico,,,,,,,,,,,20000,,,,1,,,,,,,,,,,,,None,,,,,,,,,,,,,,,0,,,2020,2,100,25
,86,,,,,Mokara,,,,,Mexico,,,,,,,,,,,20000,,,,1,,,,,,,,,,,,,None,,,,,,,,,,,,,,,0,,,2020,2,100,25
,86,,,,,Mokara,,,,,Mexico,,,,,,,,,,,20000,,,,1,,,,,,,,,,,,,None,,,,,,,,,,,,,,,0,,,2020,2,100,25
,86,,,,,Mokara,,,,,Mexico,,,,,,,,,,,20000,,,,1,,,,,,,,,,,,,None,,,,,,,,,,,,,,,0,,,2020,2,100,25
,86,,,,,Mokara,,,,,Mexico,,,,,,,,,,,20000,,,,1,,,,,,,,,,,,,None,,,,,,,,,,,,,,,0,,,2020,2,100,25
,86,,,,,Mokara,,,,,Mexico,,,,,,,,,,,20000,,,,1,,,,,,,,,,,,,None,,,,,,,,,,,,,,,0,,,2020,2,100,25
,86,,,,,Mokara,,,,,Mexico,,,,,,,,,,,20000,,,,1,,,,,,,,,,,,,None,,,,,,,,,,,,,,,0,,,2020,2,100,25
,86,,,,,Mokara,,,,,Mexico,,,,,,,,,,,20000,,,,1,,,,,,,,,,,,,None,,,,,,,,,,,,,,,0,,,2020,2,100,25
,87,,,,,Mokara,,,,,India,,,,,,,,,,,20000,,,,1,,,,,,,,,,,,,None,,,,,,,,,,,,,,,0,,,2020,2,100,25
,87,,,,,Mokara,,,,,India,,,,,,,,,,,20000,,,,1,,,,,,,,,,,,,None,,,,,,,,,,,,,,,0,,,2020,2,100,25
,87,,,,,Mokara,,,,,India,,,,,,,,,,,20000,,,,1,,,,,,,,,,,,,None,,,,,,,,,,,,,,,0,,,2020,2,100,25
,87,,,,,Mokara,,,,,India,,,,,,,,,,,20000,,,,1,,,,,,,,,,,,,None,,,,,,,,,,,,,,,0,,,2020,2,100,25
,87,,,,,Mokara,,,,,India,,,,,,,,,,,20000,,,,1,,,,,,,,,,,,,None,,,,,,,,,,,,,,,0,,,2020,2,100,25
,87,,,,,Mokara,,,,,India,,,,,,,,,,,20000,,,,1,,,,,,,,,,,,,None,,,,,,,,,,,,,,,0,,,2020,2,100,25
,87,,,,,Mokara,,,,,India,,,,,,,,,,,20000,,,,1,,,,,,,,,,,,,None,,,,,,,,,,,,,,,0,,,2020,2,100,25
,87,,,,,Mokara,,,,,India,,,,,,,,,,,20000,,,,1,,,,,,,,,,,,,None,,,,,,,,,,,,,,,0,,,2020,2,100,25
,87,,,,,Mokara,,,,,India,,,,,,,,,,,20000,,,,1,,,,,,,,,,,,,None,,,,,,,,,,,,,,,0,,,2020,2,100,25
,87,,,,,Mokara,,,,,India,,,,,,,,,,,20000,,,,1,,,,,,,,,,,,,None,,,,,,,,,,,,,,,0,,,2020,2,100,25
,87,,,,,Mokara,,,,,India,,,,,,,,,,,20000,,,,1,,,,,,,,,,,,,None,,,,,,,,,,,,,,,0,,,2020,2,100,25
,87,,,,,Mokara,,,,,India,,,,,,,,,,,20000,,,,1,,,,,,,,,,,,,None,,,,,,,,,,,,,,,0,,,2020,2,100,25
,87,,,,,Mokara,,,,,India,,,,,,,,,,,20000,,,,1,,,,,,,,,,,,,None,,,,,,,,,,,,,,,0,,,2020,2,100,25
,87,,,,,Mokara,,,,,India,,,,,,,,,,,20000,,,,1,,,,,,,,,,,,,None,,,,,,,,,,,,,,,0,,,2020,2,100,25
,87,,,,,Mokara,,,,,India,,,,,,,,,,,20000,,,,1,,,,,,,,,,,,,None,,,,,,,,,,,,,,,0,,,2020,2,100,25
,87,,,,,Mokara,,,,,India,,,,,,,,,,,20000,,,,1,,,,,,,,,,,,,None,,,,,,,,,,,,,,,0,,,2020,2,100,25
,87,,,,,Mokara,,,,,India,,,,,,,,,,,20000,,,,1,,,,,,,,,,,,,None,,,,,,,,,,,,,,,0,,,2020,2,100,25
,87,,,,,Mokara,,,,,India,,,,,,,,,,,20000,,,,1,,,,,,,,,,,,,None,,,,,,,,,,,,,,,0,,,2020,2,100,25
,87,,,,,Mokara,,,,,India,,,,,,,,,,,20000,,,,1,,,,,,,,,,,,,None,,,,,,,,,,,,,,,0,,,2020,2,100,25
,87,,,,,Mokara,,,,,India,,,,,,,,,,,20000,,,,1,,,,,,,,,,,,,None,,,,,,,,,,,,,,,0,,,2020,2,100,25
,87,,,,,Mokara,,,,,India,,,,,,,,,,,20000,,,,1,,,,,,,,,,,,,None,,,,,,,,,,,,,,,0,,,2020,2,100,25
,87,,,,,Mokara,,,,,India,,,,,,,,,,,20000,,,,1,,,,,,,,,,,,,None,,,,,,,,,,,,,,,0,,,2020,2,100,25
,87,,,,,Mokara,,,,,India,,,,,,,,,,,20000,,,,1,,,,,,,,,,,,,None,,,,,,,,,,,,,,,0,,,2020,2,100,25
,87,,,,,Mokara,,,,,India,,,,,,,,,,,20000,,,,1,,,,,,,,,,,,,None,,,,,,,,,,,,,,,0,,,2020,2,100,25
,87,,,,,Mokara,,,,,India,,,,,,,,,,,20000,,,,1,,,,,,,,,,,,,None,,,,,,,,,,,,,,,0,,,2020,2,100,25
,88,,,,,Aegilops,,,,,Netherlands,,,,,,,,,,,20000,,,,1,,,,,,,,,,,,,None,,,,,,,,,,,,,,,0,,,2020,2,100,25
,88,,,,,Aegilops,,,,,Netherlands,,,,,,,,,,,20000,,,,1,,,,,,,,,,,,,None,,,,,,,,,,,,,,,0,,,2020,2,100,25
,88,,,,,Aegilops,,,,,Netherlands,,,,,,,,,,,20000,,,,1,,,,,,,,,,,,,None,,,,,,,,,,,,,,,0,,,2020,2,100,25
,88,,,,,Aegilops,,,,,Netherlands,,,,,,,,,,,20000,,,,1,,,,,,,,,,,,,None,,,,,,,,,,,,,,,0,,,2020,2,100,25
,88,,,,,Aegilops,,,,,Netherlands,,,,,,,,,,,20000,,,,1,,,,,,,,,,,,,None,,,,,,,,,,,,,,,0,,,2020,2,100,25
,88,,,,,Aegilops,,,,,Netherlands,,,,,,,,,,,20000,,,,1,,,,,,,,,,,,,None,,,,,,,,,,,,,,,0,,,2020,2,100,25
,88,,,,,Aegilops,,,,,Netherlands,,,,,,,,,,,20000,,,,1,,,,,,,,,,,,,None,,,,,,,,,,,,,,,0,,,2020,2,100,25
,88,,,,,Aegilops,,,,,Netherlands,,,,,,,,,,,20000,,,,1,,,,,,,,,,,,,None,,,,,,,,,,,,,,,0,,,2020,2,100,25
,88,,,,,Aegilops,,,,,Netherlands,,,,,,,,,,,20000,,,,1,,,,,,,,,,,,,None,,,,,,,,,,,,,,,0,,,2020,2,100,25
,88,,,,,Aegilops,,,,,Netherlands,,,,,,,,,,,20000,,,,1,,,,,,,,,,,,,None,,,,,,,,,,,,,,,0,,,2020,2,100,25
,88,,,,,Aegilops,,,,,Netherlands,,,,,,,,,,,20000,,,,1,,,,,,,,,,,,,None,,,,,,,,,,,,,,,0,,,2020,2,100,25
,88,,,,,Aegilops,,,,,Netherlands,,,,,,,,,,,20000,,,,1,,,,,,,,,,,,,None,,,,,,,,,,,,,,,0,,,2020,2,100,25
,88,,,,,Aegilops,,,,,Netherlands,,,,,,,,,,,20000,,,,1,,,,,,,,,,,,,None,,,,,,,,,,,,,,,0,,,2020,2,100,25
,88,,,,,Aegilops,,,,,Netherlands,,,,,,,,,,,20000,,,,1,,,,,,,,,,,,,None,,,,,,,,,,,,,,,0,,,2020,2,100,25
,88,,,,,Aegilops,,,,,Netherlands,,,,,,,,,,,20000,,,,1,,,,,,,,,,,,,None,,,,,,,,,,,,,,,0,,,2020,2,100,25
,88,,,,,Aegilops,,,,,Netherlands,,,,,,,,,,,20000,,,,1,,,,,,,,,,,,,None,,,,,,,,,,,,,,,0,,,2020,2,100,25
,88,,,,,Aegilops,,,,,Netherlands,,,,,,,,,,,20000,,,,1,,,,,,,,,,,,,None,,,,,,,,,,,,,,,0,,,2020,2,100,25
,88,,,,,Aegilops,,,,,Netherlands,,,,,,,,,,,20000,,,,1,,,,,,,,,,,,,None,,,,,,,,,,,,,,,0,,,2020,2,100,25
,88,,,,,Aegilops,,,,,Netherlands,,,,,,,,,,,20000,,,,1,,,,,,,,,,,,,None,,,,,,,,,,,,,,,0,,,2020,2,100,25
,88,,,,,Aegilops,,,,,Netherlands,,,,,,,,,,,20000,,,,1,,,,,,,,,,,,,None,,,,,,,,,,,,,,,0,,,2020,2,100,25
,88,,,,,Aegilops,,,,,Netherlands,,,,,,,,,,,20000,,,,1,,,,,,,,,,,,,None,,,,,,,,,,,,,,,0,,,2020,2,100,25
,88,,,,,Aegilops,,,,,Netherlands,,,,,,,,,,,20000,,,,1,,,,,,,,,,,,,None,,,,,,,,,,,,,,,0,,,2020,2,100,25
,88,,,,,Aegilops,,,,,Netherlands,,,,,,,,,,,20000,,,,1,,,,,,,,,,,,,None,,,,,,,,,,,,,,,0,,,2020,2,100,25
,88,,,,,Aegilops,,,,,Netherlands,,,,,,,,,,,20000,,,,1,,,,,,,,,,,,,None,,,,,,,,,,,,,,,0,,,2020,2,100,25
,88,,,,,Aegilops,,,,,Netherlands,,,,,,,,,,,20000,,,,1,,,,,,,,,,,,,None,,,,,,,,,,,,,,,0,,,2020,2,100,25
,89,,,,,Mokara,,,,,Netherlands,,,,,,,,,,,20000,,,,1,,,,,,,,,,,,,None,,,,,,,,,,,,,,,0,,,2020,3,100,25
,89,,,,,Mokara,,,,,Netherlands,,,,,,,,,,,20000,,,,1,,,,,,,,,,,,,None,,,,,,,,,,,,,,,0,,,2020,3,100,25
,89,,,,,Mokara,,,,,Netherlands,,,,,,,,,,,20000,,,,1,,,,,,,,,,,,,None,,,,,,,,,,,,,,,0,,,2020,3,100,25
,89,,,,,Mokara,,,,,Netherlands,,,,,,,,,,,20000,,,,1,,,,,,,,,,,,,None,,,,,,,,,,,,,,,0,,,2020,3,100,25
,89,,,,,Mokara,,,,,Netherlands,,,,,,,,,,,20000,,,,1,,,,,,,,,,,,,None,,,,,,,,,,,,,,,0,,,2020,3,100,25
,89,,,,,Mokara,,,,,Netherlands,,,,,,,,,,,20000,,,,1,,,,,,,,,,,,,None,,,,,,,,,,,,,,,0,,,2020,3,100,25
,89,,,,,Mokara,,,,,Netherlands,,,,,,,,,,,20000,,,,1,,,,,,,,,,,,,None,,,,,,,,,,,,,,,0,,,2020,3,100,25
,89,,,,,Mokara,,,,,Netherlands,,,,,,,,,,,20000,,,,1,,,,,,,,,,,,,None,,,,,,,,,,,,,,,0,,,2020,3,100,25
,89,,,,,Mokara,,,,,Netherlands,,,,,,,,,,,20000,,,,1,,,,,,,,,,,,,None,,,,,,,,,,,,,,,0,,,2020,3,100,25
,89,,,,,Mokara,,,,,Netherlands,,,,,,,,,,,20000,,,,1,,,,,,,,,,,,,None,,,,,,,,,,,,,,,0,,,2020,3,100,25
,89,,,,,Mokara,,,,,Netherlands,,,,,,,,,,,20000,,,,1,,,,,,,,,,,,,None,,,,,,,,,,,,,,,0,,,2020,3,100,25
,89,,,,,Mokara,,,,,Netherlands,,,,,,,,,,,20000,,,,1,,,,,,,,,,,,,None,,,,,,,,,,,,,,,0,,,2020,3,100,25
,89,,,,,Mokara,,,,,Netherlands,,,,,,,,,,,20000,,,,1,,,,,,,,,,,,,None,,,,,,,,,,,,,,,0,,,2020,3,100,25
,89,,,,,Mokara,,,,,Netherlands,,,,,,,,,,,20000,,,,1,,,,,,,,,,,,,None,,,,,,,,,,,,,,,0,,,2020,3,100,25
,89,,,,,Mokara,,,,,Netherlands,,,,,,,,,,,20000,,,,1,,,,,,,,,,,,,None,,,,,,,,,,,,,,,0,,,2020,3,100,25
,89,,,,,Mokara,,,,,Netherlands,,,,,,,,,,,20000,,,,1,,,,,,,,,,,,,None,,,,,,,,,,,,,,,0,,,2020,3,100,25
,89,,,,,Mokara,,,,,Netherlands,,,,,,,,,,,20000,,,,1,,,,,,,,,,,,,None,,,,,,,,,,,,,,,0,,,2020,3,100,25
,89,,,,,Mokara,,,,,Netherlands,,,,,,,,,,,20000,,,,1,,,,,,,,,,,,,None,,,,,,,,,,,,,,,0,,,2020,3,100,25
,89,,,,,Mokara,,,,,Netherlands,,,,,,,,,,,20000,,,,1,,,,,,,,,,,,,None,,,,,,,,,,,,,,,0,,,2020,3,100,25
,89,,,,,Mokara,,,,,Netherlands,,,,,,,,,,,20000,,,,1,,,,,,,,,,,,,None,,,,,,,,,,,,,,,0,,,2020,3,100,25
,89,,,,,Mokara,,,,,Netherlands,,,,,,,,,,,20000,,,,1,,,,,,,,,,,,,None,,,,,,,,,,,,,,,0,,,2020,3,100,25
,89,,,,,Mokara,,,,,Netherlands,,,,,,,,,,,20000,,,,1,,,,,,,,,,,,,None,,,,,,,,,,,,,,,0,,,2020,3,100,25
,89,,,,,Mokara,,,,,Netherlands,,,,,,,,,,,20000,,,,1,,,,,,,,,,,,,None,,,,,,,,,,,,,,,0,,,2020,3,100,25
,89,,,,,Mokara,,,,,Netherlands,,,,,,,,,,,20000,,,,1,,,,,,,,,,,,,None,,,,,,,,,,,,,,,0,,,2020,3,100,25
,89,,,,,Mokara,,,,,Netherlands,,,,,,,,,,,20000,,,,1,,,,,,,,,,,,,None,,,,,,,,,,,,,,,0,,,2020,3,100,25
,90,,,,,Liatris,,,,,New Zealand,,,,,,,,,,,20000,,,,1,,,,,,,,,,,,,None,,,,,,,,,,,,,,,0,,,2020,3,100,25
,90,,,,,Liatris,,,,,New Zealand,,,,,,,,,,,20000,,,,1,,,,,,,,,,,,,None,,,,,,,,,,,,,,,0,,,2020,3,100,25
,90,,,,,Liatris,,,,,New Zealand,,,,,,,,,,,20000,,,,1,,,,,,,,,,,,,None,,,,,,,,,,,,,,,0,,,2020,3,100,25
,90,,,,,Liatris,,,,,New Zealand,,,,,,,,,,,20000,,,,1,,,,,,,,,,,,,None,,,,,,,,,,,,,,,0,,,2020,3,100,25
,90,,,,,Liatris,,,,,New Zealand,,,,,,,,,,,20000,,,,1,,,,,,,,,,,,,None,,,,,,,,,,,,,,,0,,,2020,3,100,25
,90,,,,,Liatris,,,,,New Zealand,,,,,,,,,,,20000,,,,1,,,,,,,,,,,,,None,,,,,,,,,,,,,,,0,,,2020,3,100,25
,90,,,,,Liatris,,,,,New Zealand,,,,,,,,,,,20000,,,,1,,,,,,,,,,,,,None,,,,,,,,,,,,,,,0,,,2020,3,100,25
,90,,,,,Liatris,,,,,New Zealand,,,,,,,,,,,20000,,,,1,,,,,,,,,,,,,None,,,,,,,,,,,,,,,0,,,2020,3,100,25
,90,,,,,Liatris,,,,,New Zealand,,,,,,,,,,,20000,,,,1,,,,,,,,,,,,,None,,,,,,,,,,,,,,,0,,,2020,3,100,25
,90,,,,,Liatris,,,,,New Zealand,,,,,,,,,,,20000,,,,1,,,,,,,,,,,,,None,,,,,,,,,,,,,,,0,,,2020,3,100,25
,90,,,,,Liatris,,,,,New Zealand,,,,,,,,,,,20000,,,,1,,,,,,,,,,,,,None,,,,,,,,,,,,,,,0,,,2020,3,100,25
,90,,,,,Liatris,,,,,New Zealand,,,,,,,,,,,20000,,,,1,,,,,,,,,,,,,None,,,,,,,,,,,,,,,0,,,2020,3,100,25
,90,,,,,Liatris,,,,,New Zealand,,,,,,,,,,,20000,,,,1,,,,,,,,,,,,,None,,,,,,,,,,,,,,,0,,,2020,3,100,25
,90,,,,,Liatris,,,,,New Zealand,,,,,,,,,,,20000,,,,1,,,,,,,,,,,,,None,,,,,,,,,,,,,,,0,,,2020,3,100,25
,90,,,,,Liatris,,,,,New Zealand,,,,,,,,,,,20000,,,,1,,,,,,,,,,,,,None,,,,,,,,,,,,,,,0,,,2020,3,100,25
,90,,,,,Liatris,,,,,New Zealand,,,,,,,,,,,20000,,,,1,,,,,,,,,,,,,None,,,,,,,,,,,,,,,0,,,2020,3,100,25
,90,,,,,Liatris,,,,,New Zealand,,,,,,,,,,,20000,,,,1,,,,,,,,,,,,,None,,,,,,,,,,,,,,,0,,,2020,3,100,25
,90,,,,,Liatris,,,,,New Zealand,,,,,,,,,,,20000,,,,1,,,,,,,,,,,,,None,,,,,,,,,,,,,,,0,,,2020,3,100,25
,90,,,,,Liatris,,,,,New Zealand,,,,,,,,,,,20000,,,,1,,,,,,,,,,,,,None,,,,,,,,,,,,,,,0,,,2020,3,100,25
,90,,,,,Liatris,,,,,New Zealand,,,,,,,,,,,20000,,,,1,,,,,,,,,,,,,None,,,,,,,,,,,,,,,0,,,2020,3,100,25
,90,,,,,Liatris,,,,,New Zealand,,,,,,,,,,,20000,,,,1,,,,,,,,,,,,,None,,,,,,,,,,,,,,,0,,,2020,3,100,25
,90,,,,,Liatris,,,,,New Zealand,,,,,,,,,,,20000,,,,1,,,,,,,,,,,,,None,,,,,,,,,,,,,,,0,,,2020,3,100,25
,90,,,,,Liatris,,,,,New Zealand,,,,,,,,,,,20000,,,,1,,,,,,,,,,,,,None,,,,,,,,,,,,,,,0,,,2020,3,100,25
,90,,,,,Liatris,,,,,New Zealand,,,,,,,,,,,20000,,,,1,,,,,,,,,,,,,None,,,,,,,,,,,,,,,0,,,2020,3,100,25
,90,,,,,Liatris,,,,,New Zealand,,,,,,,,,,,20000,,,,1,,,,,,,,,,,,,None,,,,,,,,,,,,,,,0,,,2020,3,100,25
,91,,,,,Aegilops,,,,,Japan,,,,,,,,,,,20000,,,,1,,,,,,,,,,,,,None,,,,,,,,,,,,,,,0,,,2020,3,100,25
,91,,,,,Aegilops,,,,,Japan,,,,,,,,,,,20000,,,,1,,,,,,,,,,,,,None,,,,,,,,,,,,,,,0,,,2020,3,100,25
,91,,,,,Aegilops,,,,,Japan,,,,,,,,,,,20000,,,,1,,,,,,,,,,,,,None,,,,,,,,,,,,,,,0,,,2020,3,100,25
,91,,,,,Aegilops,,,,,Japan,,,,,,,,,,,20000,,,,1,,,,,,,,,,,,,None,,,,,,,,,,,,,,,0,,,2020,3,100,25
,91,,,,,Aegilops,,,,,Japan,,,,,,,,,,,20000,,,,1,,,,,,,,,,,,,None,,,,,,,,,,,,,,,0,,,2020,3,100,25
,91,,,,,Aegilops,,,,,Japan,,,,,,,,,,,20000,,,,1,,,,,,,,,,,,,None,,,,,,,,,,,,,,,0,,,2020,3,100,25
,91,,,,,Aegilops,,,,,Japan,,,,,,,,,,,20000,,,,1,,,,,,,,,,,,,None,,,,,,,,,,,,,,,0,,,2020,3,100,25
,91,,,,,Aegilops,,,,,Japan,,,,,,,,,,,20000,,,,1,,,,,,,,,,,,,None,,,,,,,,,,,,,,,0,,,2020,3,100,25
,91,,,,,Aegilops,,,,,Japan,,,,,,,,,,,20000,,,,1,,,,,,,,,,,,,None,,,,,,,,,,,,,,,0,,,2020,3,100,25
,91,,,,,Aegilops,,,,,Japan,,,,,,,,,,,20000,,,,1,,,,,,,,,,,,,None,,,,,,,,,,,,,,,0,,,2020,3,100,25
,91,,,,,Aegilops,,,,,Japan,,,,,,,,,,,20000,,,,1,,,,,,,,,,,,,None,,,,,,,,,,,,,,,0,,,2020,3,100,25
,91,,,,,Aegilops,,,,,Japan,,,,,,,,,,,20000,,,,1,,,,,,,,,,,,,None,,,,,,,,,,,,,,,0,,,2020,3,100,25
,91,,,,,Aegilops,,,,,Japan,,,,,,,,,,,20000,,,,1,,,,,,,,,,,,,None,,,,,,,,,,,,,,,0,,,2020,3,100,25
,91,,,,,Aegilops,,,,,Japan,,,,,,,,,,,20000,,,,1,,,,,,,,,,,,,None,,,,,,,,,,,,,,,0,,,2020,3,100,25
,91,,,,,Aegilops,,,,,Japan,,,,,,,,,,,20000,,,,1,,,,,,,,,,,,,None,,,,,,,,,,,,,,,0,,,2020,3,100,25
,91,,,,,Aegilops,,,,,Japan,,,,,,,,,,,20000,,,,1,,,,,,,,,,,,,None,,,,,,,,,,,,,,,0,,,2020,3,100,25
,91,,,,,Aegilops,,,,,Japan,,,,,,,,,,,20000,,,,1,,,,,,,,,,,,,None,,,,,,,,,,,,,,,0,,,2020,3,100,25
,91,,,,,Aegilops,,,,,Japan,,,,,,,,,,,20000,,,,1,,,,,,,,,,,,,None,,,,,,,,,,,,,,,0,,,2020,3,100,25
,91,,,,,Aegilops,,,,,Japan,,,,,,,,,,,20000,,,,1,,,,,,,,,,,,,None,,,,,,,,,,,,,,,0,,,2020,3,100,25
,91,,,,,Aegilops,,,,,Japan,,,,,,,,,,,20000,,,,1,,,,,,,,,,,,,None,,,,,,,,,,,,,,,0,,,2020,3,100,25
,91,,,,,Aegilops,,,,,Japan,,,,,,,,,,,20000,,,,1,,,,,,,,,,,,,None,,,,,,,,,,,,,,,0,,,2020,3,100,25
,91,,,,,Aegilops,,,,,Japan,,,,,,,,,,,20000,,,,1,,,,,,,,,,,,,None,,,,,,,,,,,,,,,0,,,2020,3,100,25
,91,,,,,Aegilops,,,,,Japan,,,,,,,,,,,20000,,,,1,,,,,,,,,,,,,None,,,,,,,,,,,,,,,0,,,2020,3,100,25
,91,,,,,Aegilops,,,,,Japan,,,,,,,,,,,20000,,,,1,,,,,,,,,,,,,None,,,,,,,,,,,,,,,0,,,2020,3,100,25
,91,,,,,Aegilops,,,,,Japan,,,,,,,,,,,20000,,,,1,,,,,,,,,,,,,None,,,,,,,,,,,,,,,0,,,2020,3,100,25
,92,,,,,Agapanthus,,,,,India,,,,,,,,,,,20000,,,,1,,,,,,,,,,,,,None,,,,,,,,,,,,,,,0,,,2020,3,100,25
,92,,,,,Agapanthus,,,,,India,,,,,,,,,,,20000,,,,1,,,,,,,,,,,,,None,,,,,,,,,,,,,,,0,,,2020,3,100,25
,92,,,,,Agapanthus,,,,,India,,,,,,,,,,,20000,,,,1,,,,,,,,,,,,,None,,,,,,,,,,,,,,,0,,,2020,3,100,25
,92,,,,,Agapanthus,,,,,India,,,,,,,,,,,20000,,,,1,,,,,,,,,,,,,None,,,,,,,,,,,,,,,0,,,2020,3,100,25
,92,,,,,Agapanthus,,,,,India,,,,,,,,,,,20000,,,,1,,,,,,,,,,,,,None,,,,,,,,,,,,,,,0,,,2020,3,100,25
,92,,,,,Agapanthus,,,,,India,,,,,,,,,,,20000,,,,1,,,,,,,,,,,,,None,,,,,,,,,,,,,,,0,,,2020,3,100,25
,92,,,,,Agapanthus,,,,,India,,,,,,,,,,,20000,,,,1,,,,,,,,,,,,,None,,,,,,,,,,,,,,,0,,,2020,3,100,25
,92,,,,,Agapanthus,,,,,India,,,,,,,,,,,20000,,,,1,,,,,,,,,,,,,None,,,,,,,,,,,,,,,0,,,2020,3,100,25
,92,,,,,Agapanthus,,,,,India,,,,,,,,,,,20000,,,,1,,,,,,,,,,,,,None,,,,,,,,,,,,,,,0,,,2020,3,100,25
,92,,,,,Agapanthus,,,,,India,,,,,,,,,,,20000,,,,1,,,,,,,,,,,,,None,,,,,,,,,,,,,,,0,,,2020,3,100,25
,92,,,,,Agapanthus,,,,,India,,,,,,,,,,,20000,,,,1,,,,,,,,,,,,,None,,,,,,,,,,,,,,,0,,,2020,3,100,25
,92,,,,,Agapanthus,,,,,India,,,,,,,,,,,20000,,,,1,,,,,,,,,,,,,None,,,,,,,,,,,,,,,0,,,2020,3,100,25
,92,,,,,Agapanthus,,,,,India,,,,,,,,,,,20000,,,,1,,,,,,,,,,,,,None,,,,,,,,,,,,,,,0,,,2020,3,100,25
,92,,,,,Agapanthus,,,,,India,,,,,,,,,,,20000,,,,1,,,,,,,,,,,,,None,,,,,,,,,,,,,,,0,,,2020,3,100,25
,92,,,,,Agapanthus,,,,,India,,,,,,,,,,,20000,,,,1,,,,,,,,,,,,,None,,,,,,,,,,,,,,,0,,,2020,3,100,25
,92,,,,,Agapanthus,,,,,India,,,,,,,,,,,20000,,,,1,,,,,,,,,,,,,None,,,,,,,,,,,,,,,0,,,2020,3,100,25
,92,,,,,Agapanthus,,,,,India,,,,,,,,,,,20000,,,,1,,,,,,,,,,,,,None,,,,,,,,,,,,,,,0,,,2020,3,100,25
,92,,,,,Agapanthus,,,,,India,,,,,,,,,,,20000,,,,1,,,,,,,,,,,,,None,,,,,,,,,,,,,,,0,,,2020,3,100,25
,92,,,,,Agapanthus,,,,,India,,,,,,,,,,,20000,,,,1,,,,,,,,,,,,,None,,,,,,,,,,,,,,,0,,,2020,3,100,25
,92,,,,,Agapanthus,,,,,India,,,,,,,,,,,20000,,,,1,,,,,,,,,,,,,None,,,,,,,,,,,,,,,0,,,2020,3,100,25
,92,,,,,Agapanthus,,,,,India,,,,,,,,,,,20000,,,,1,,,,,,,,,,,,,None,,,,,,,,,,,,,,,0,,,2020,3,100,25
,92,,,,,Agapanthus,,,,,India,,,,,,,,,,,20000,,,,1,,,,,,,,,,,,,None,,,,,,,,,,,,,,,0,,,2020,3,100,25
,92,,,,,Agapanthus,,,,,India,,,,,,,,,,,20000,,,,1,,,,,,,,,,,,,None,,,,,,,,,,,,,,,0,,,2020,3,100,25
,92,,,,,Agapanthus,,,,,India,,,,,,,,,,,20000,,,,1,,,,,,,,,,,,,None,,,,,,,,,,,,,,,0,,,2020,3,100,25
,92,,,,,Agapanthus,,,,,India,,,,,,,,,,,20000,,,,1,,,,,,,,,,,,,None,,,,,,,,,,,,,,,0,,,2020,3,100,25
,93,,,,,Rosa,,,,,Japan,,,,,,,,,,,20000,,,,1,,,,,,,,,,,,,None,,,,,,,,,,,,,,,0,,,2020,3,100,25
,93,,,,,Rosa,,,,,Japan,,,,,,,,,,,20000,,,,1,,,,,,,,,,,,,None,,,,,,,,,,,,,,,0,,,2020,3,100,25
,93,,,,,Rosa,,,,,Japan,,,,,,,,,,,20000,,,,1,,,,,,,,,,,,,None,,,,,,,,,,,,,,,0,,,2020,3,100,25
,93,,,,,Rosa,,,,,Japan,,,,,,,,,,,20000,,,,1,,,,,,,,,,,,,None,,,,,,,,,,,,,,,0,,,2020,3,100,25
,93,,,,,Rosa,,,,,Japan,,,,,,,,,,,20000,,,,1,,,,,,,,,,,,,None,,,,,,,,,,,,,,,0,,,2020,3,100,25
,93,,,,,Rosa,,,,,Japan,,,,,,,,,,,20000,,,,1,,,,,,,,,,,,,None,,,,,,,,,,,,,,,0,,,2020,3,100,25
,93,,,,,Rosa,,,,,Japan,,,,,,,,,,,20000,,,,1,,,,,,,,,,,,,None,,,,,,,,,,,,,,,0,,,2020,3,100,25
,93,,,,,Rosa,,,,,Japan,,,,,,,,,,,20000,,,,1,,,,,,,,,,,,,None,,,,,,,,,,,,,,,0,,,2020,3,100,25
,93,,,,,Rosa,,,,,Japan,,,,,,,,,,,20000,,,,1,,,,,,,,,,,,,None,,,,,,,,,,,,,,,0,,,2020,3,100,25
,93,,,,,Rosa,,,,,Japan,,,,,,,,,,,20000,,,,1,,,,,,,,,,,,,None,,,,,,,,,,,,,,,0,,,2020,3,100,25
,93,,,,,Rosa,,,,,Japan,,,,,,,,,,,20000,,,,1,,,,,,,,,,,,,None,,,,,,,,,,,,,,,0,,,2020,3,100,25
,93,,,,,Rosa,,,,,Japan,,,,,,,,,,,20000,,,,1,,,,,,,,,,,,,None,,,,,,,,,,,,,,,0,,,2020,3,100,25
,93,,,,,Rosa,,,,,Japan,,,,,,,,,,,20000,,,,1,,,,,,,,,,,,,None,,,,,,,,,,,,,,,0,,,2020,3,100,25
,93,,,,,Rosa,,,,,Japan,,,,,,,,,,,20000,,,,1,,,,,,,,,,,,,None,,,,,,,,,,,,,,,0,,,2020,3,100,25
,93,,,,,Rosa,,,,,Japan,,,,,,,,,,,20000,,,,1,,,,,,,,,,,,,None,,,,,,,,,,,,,,,0,,,2020,3,100,25
,93,,,,,Rosa,,,,,Japan,,,,,,,,,,,20000,,,,1,,,,,,,,,,,,,None,,,,,,,,,,,,,,,0,,,2020,3,100,25
,93,,,,,Rosa,,,,,Japan,,,,,,,,,,,20000,,,,1,,,,,,,,,,,,,None,,,,,,,,,,,,,,,0,,,2020,3,100,25
,93,,,,,Rosa,,,,,Japan,,,,,,,,,,,20000,,,,1,,,,,,,,,,,,,None,,,,,,,,,,,,,,,0,,,2020,3,100,25
,93,,,,,Rosa,,,,,Japan,,,,,,,,,,,20000,,,,1,,,,,,,,,,,,,None,,,,,,,,,,,,,,,0,,,2020,3,100,25
,93,,,,,Rosa,,,,,Japan,,,,,,,,,,,20000,,,,1,,,,,,,,,,,,,None,,,,,,,,,,,,,,,0,,,2020,3,100,25
,93,,,,,Rosa,,,,,Japan,,,,,,,,,,,20000,,,,1,,,,,,,,,,,,,None,,,,,,,,,,,,,,,0,,,2020,3,100,25
,93,,,,,Rosa,,,,,Japan,,,,,,,,,,,20000,,,,1,,,,,,,,,,,,,None,,,,,,,,,,,,,,,0,,,2020,3,100,25
,93,,,,,Rosa,,,,,Japan,,,,,,,,,,,20000,,,,1,,,,,,,,,,,,,None,,,,,,,,,,,,,,,0,,,2020,3,100,25
,93,,,,,Rosa,,,,,Japan,,,,,,,,,,,20000,,,,1,,,,,,,,,,,,,None,,,,,,,,,,,,,,,0,,,2020,3,100,25
,93,,,,,Rosa,,,,,Japan,,,,,,,,,,,20000,,,,1,,,,,,,,,,,,,None,,,,,,,,,,,,,,,0,,,2020,3,100,25
,94,,,,,Mokara,,,,,India,,,,,,,,,,,20000,,,,1,,,,,,,,,,,,,None,,,,,,,,,,,,,,,0,,,2020,3,100,25
,94,,,,,Mokara,,,,,India,,,,,,,,,,,20000,,,,1,,,,,,,,,,,,,None,,,,,,,,,,,,,,,0,,,2020,3,100,25
,94,,,,,Mokara,,,,,India,,,,,,,,,,,20000,,,,1,,,,,,,,,,,,,None,,,,,,,,,,,,,,,0,,,2020,3,100,25
,94,,,,,Mokara,,,,,India,,,,,,,,,,,20000,,,,1,,,,,,,,,,,,,None,,,,,,,,,,,,,,,0,,,2020,3,100,25
,94,,,,,Mokara,,,,,India,,,,,,,,,,,20000,,,,1,,,,,,,,,,,,,None,,,,,,,,,,,,,,,0,,,2020,3,100,25
,94,,,,,Mokara,,,,,India,,,,,,,,,,,20000,,,,1,,,,,,,,,,,,,None,,,,,,,,,,,,,,,0,,,2020,3,100,25
,94,,,,,Mokara,,,,,India,,,,,,,,,,,20000,,,,1,,,,,,,,,,,,,None,,,,,,,,,,,,,,,0,,,2020,3,100,25
,94,,,,,Mokara,,,,,India,,,,,,,,,,,20000,,,,1,,,,,,,,,,,,,None,,,,,,,,,,,,,,,0,,,2020,3,100,25
,94,,,,,Mokara,,,,,India,,,,,,,,,,,20000,,,,1,,,,,,,,,,,,,None,,,,,,,,,,,,,,,0,,,2020,3,100,25
,94,,,,,Mokara,,,,,India,,,,,,,,,,,20000,,,,1,,,,,,,,,,,,,None,,,,,,,,,,,,,,,0,,,2020,3,100,25
,94,,,,,Mokara,,,,,India,,,,,,,,,,,20000,,,,1,,,,,,,,,,,,,None,,,,,,,,,,,,,,,0,,,2020,3,100,25
,94,,,,,Mokara,,,,,India,,,,,,,,,,,20000,,,,1,,,,,,,,,,,,,None,,,,,,,,,,,,,,,0,,,2020,3,100,25
,94,,,,,Mokara,,,,,India,,,,,,,,,,,20000,,,,1,,,,,,,,,,,,,None,,,,,,,,,,,,,,,0,,,2020,3,100,25
,94,,,,,Mokara,,,,,India,,,,,,,,,,,20000,,,,1,,,,,,,,,,,,,None,,,,,,,,,,,,,,,0,,,2020,3,100,25
,94,,,,,Mokara,,,,,India,,,,,,,,,,,20000,,,,1,,,,,,,,,,,,,None,,,,,,,,,,,,,,,0,,,2020,3,100,25
,94,,,,,Mokara,,,,,India,,,,,,,,,,,20000,,,,1,,,,,,,,,,,,,None,,,,,,,,,,,,,,,0,,,2020,3,100,25
,94,,,,,Mokara,,,,,India,,,,,,,,,,,20000,,,,1,,,,,,,,,,,,,None,,,,,,,,,,,,,,,0,,,2020,3,100,25
,94,,,,,Mokara,,,,,India,,,,,,,,,,,20000,,,,1,,,,,,,,,,,,,None,,,,,,,,,,,,,,,0,,,2020,3,100,25
,94,,,,,Mokara,,,,,India,,,,,,,,,,,20000,,,,1,,,,,,,,,,,,,None,,,,,,,,,,,,,,,0,,,2020,3,100,25
,94,,,,,Mokara,,,,,India,,,,,,,,,,,20000,,,,1,,,,,,,,,,,,,None,,,,,,,,,,,,,,,0,,,2020,3,100,25
,94,,,,,Mokara,,,,,India,,,,,,,,,,,20000,,,,1,,,,,,,,,,,,,None,,,,,,,,,,,,,,,0,,,2020,3,100,25
,94,,,,,Mokara,,,,,India,,,,,,,,,,,20000,,,,1,,,,,,,,,,,,,None,,,,,,,,,,,,,,,0,,,2020,3,100,25
,94,,,,,Mokara,,,,,India,,,,,,,,,,,20000,,,,1,,,,,,,,,,,,,None,,,,,,,,,,,,,,,0,,,2020,3,100,25
,94,,,,,Mokara,,,,,India,,,,,,,,,,,20000,,,,1,,,,,,,,,,,,,None,,,,,,,,,,,,,,,0,,,2020,3,100,25
,94,,,,,Mokara,,,,,India,,,,,,,,,,,20000,,,,1,,,,,,,,,,,,,None,,,,,,,,,,,,,,,0,,,2020,3,100,25
,95,,,,,Aegilops,,,,,Netherlands,,,,,,,,,,,20000,,,,1,,,,,,,,,,,,,None,,,,,,,,,,,,,,,0,,,2020,3,100,25
,95,,,,,Aegilops,,,,,Netherlands,,,,,,,,,,,20000,,,,1,,,,,,,,,,,,,None,,,,,,,,,,,,,,,0,,,2020,3,100,25
,95,,,,,Aegilops,,,,,Netherlands,,,,,,,,,,,20000,,,,1,,,,,,,,,,,,,None,,,,,,,,,,,,,,,0,,,2020,3,100,25
,95,,,,,Aegilops,,,,,Netherlands,,,,,,,,,,,20000,,,,1,,,,,,,,,,,,,None,,,,,,,,,,,,,,,0,,,2020,3,100,25
,95,,,,,Aegilops,,,,,Netherlands,,,,,,,,,,,20000,,,,1,,,,,,,,,,,,,None,,,,,,,,,,,,,,,0,,,2020,3,100,25
,95,,,,,Aegilops,,,,,Netherlands,,,,,,,,,,,20000,,,,1,,,,,,,,,,,,,None,,,,,,,,,,,,,,,0,,,2020,3,100,25
,95,,,,,Aegilops,,,,,Netherlands,,,,,,,,,,,20000,,,,1,,,,,,,,,,,,,None,,,,,,,,,,,,,,,0,,,2020,3,100,25
,95,,,,,Aegilops,,,,,Netherlands,,,,,,,,,,,20000,,,,1,,,,,,,,,,,,,None,,,,,,,,,,,,,,,0,,,2020,3,100,25
,95,,,,,Aegilops,,,,,Netherlands,,,,,,,,,,,20000,,,,1,,,,,,,,,,,,,None,,,,,,,,,,,,,,,0,,,2020,3,100,25
,95,,,,,Aegilops,,,,,Netherlands,,,,,,,,,,,20000,,,,1,,,,,,,,,,,,,None,,,,,,,,,,,,,,,0,,,2020,3,100,25
,95,,,,,Aegilops,,,,,Netherlands,,,,,,,,,,,20000,,,,1,,,,,,,,,,,,,None,,,,,,,,,,,,,,,0,,,2020,3,100,25
,95,,,,,Aegilops,,,,,Netherlands,,,,,,,,,,,20000,,,,1,,,,,,,,,,,,,None,,,,,,,,,,,,,,,0,,,2020,3,100,25
,95,,,,,Aegilops,,,,,Netherlands,,,,,,,,,,,20000,,,,1,,,,,,,,,,,,,None,,,,,,,,,,,,,,,0,,,2020,3,100,25
,95,,,,,Aegilops,,,,,Netherlands,,,,,,,,,,,20000,,,,1,,,,,,,,,,,,,None,,,,,,,,,,,,,,,0,,,2020,3,100,25
,95,,,,,Aegilops,,,,,Netherlands,,,,,,,,,,,20000,,,,1,,,,,,,,,,,,,None,,,,,,,,,,,,,,,0,,,2020,3,100,25
,95,,,,,Aegilops,,,,,Netherlands,,,,,,,,,,,20000,,,,1,,,,,,,,,,,,,None,,,,,,,,,,,,,,,0,,,2020,3,100,25
,95,,,,,Aegilops,,,,,Netherlands,,,,,,,,,,,20000,,,,1,,,,,,,,,,,,,None,,,,,,,,,,,,,,,0,,,2020,3,100,25
,95,,,,,Aegilops,,,,,Netherlands,,,,,,,,,,,20000,,,,1,,,,,,,,,,,,,None,,,,,,,,,,,,,,,0,,,2020,3,100,25
,95,,,,,Aegilops,,,,,Netherlands,,,,,,,,,,,20000,,,,1,,,,,,,,,,,,,None,,,,,,,,,,,,,,,0,,,2020,3,100,25
,95,,,,,Aegilops,,,,,Netherlands,,,,,,,,,,,20000,,,,1,,,,,,,,,,,,,None,,,,,,,,,,,,,,,0,,,2020,3,100,25
,95,,,,,Aegilops,,,,,Netherlands,,,,,,,,,,,20000,,,,1,,,,,,,,,,,,,None,,,,,,,,,,,,,,,0,,,2020,3,100,25
,95,,,,,Aegilops,,,,,Netherlands,,,,,,,,,,,20000,,,,1,,,,,,,,,,,,,None,,,,,,,,,,,,,,,0,,,2020,3,100,25
,95,,,,,Aegilops,,,,,Netherlands,,,,,,,,,,,20000,,,,1,,,,,,,,,,,,,None,,,,,,,,,,,,,,,0,,,2020,3,100,25
,95,,,,,Aegilops,,,,,Netherlands,,,,,,,,,,,20000,,,,1,,,,,,,,,,,,,None,,,,,,,,,,,,,,,0,,,2020,3,100,25
,95,,,,,Aegilops,,,,,Netherlands,,,,,,,,,,,20000,,,,1,,,,,,,,,,,,,None,,,,,,,,,,,,,,,0,,,2020,3,100,25
,96,,,,,Gerbera,,,,,Japan,,,,,,,,,,,20000,,,,1,,,,,,,,,,,,,None,,,,,,,,,,,,,,,0,,,2020,3,100,25
,96,,,,,Gerbera,,,,,Japan,,,,,,,,,,,20000,,,,1,,,,,,,,,,,,,None,,,,,,,,,,,,,,,0,,,2020,3,100,25
,96,,,,,Gerbera,,,,,Japan,,,,,,,,,,,20000,,,,1,,,,,,,,,,,,,None,,,,,,,,,,,,,,,0,,,2020,3,100,25
,96,,,,,Gerbera,,,,,Japan,,,,,,,,,,,20000,,,,1,,,,,,,,,,,,,None,,,,,,,,,,,,,,,0,,,2020,3,100,25
,96,,,,,Gerbera,,,,,Japan,,,,,,,,,,,20000,,,,1,,,,,,,,,,,,,None,,,,,,,,,,,,,,,0,,,2020,3,100,25
,96,,,,,Gerbera,,,,,Japan,,,,,,,,,,,20000,,,,1,,,,,,,,,,,,,None,,,,,,,,,,,,,,,0,,,2020,3,100,25
,96,,,,,Gerbera,,,,,Japan,,,,,,,,,,,20000,,,,1,,,,,,,,,,,,,None,,,,,,,,,,,,,,,0,,,2020,3,100,25
,96,,,,,Gerbera,,,,,Japan,,,,,,,,,,,20000,,,,1,,,,,,,,,,,,,None,,,,,,,,,,,,,,,0,,,2020,3,100,25
,96,,,,,Gerbera,,,,,Japan,,,,,,,,,,,20000,,,,1,,,,,,,,,,,,,None,,,,,,,,,,,,,,,0,,,2020,3,100,25
,96,,,,,Gerbera,,,,,Japan,,,,,,,,,,,20000,,,,1,,,,,,,,,,,,,None,,,,,,,,,,,,,,,0,,,2020,3,100,25
,96,,,,,Gerbera,,,,,Japan,,,,,,,,,,,20000,,,,1,,,,,,,,,,,,,None,,,,,,,,,,,,,,,0,,,2020,3,100,25
,96,,,,,Gerbera,,,,,Japan,,,,,,,,,,,20000,,,,1,,,,,,,,,,,,,None,,,,,,,,,,,,,,,0,,,2020,3,100,25
,96,,,,,Gerbera,,,,,Japan,,,,,,,,,,,20000,,,,1,,,,,,,,,,,,,None,,,,,,,,,,,,,,,0,,,2020,3,100,25
,96,,,,,Gerbera,,,,,Japan,,,,,,,,,,,20000,,,,1,,,,,,,,,,,,,None,,,,,,,,,,,,,,,0,,,2020,3,100,25
,96,,,,,Gerbera,,,,,Japan,,,,,,,,,,,20000,,,,1,,,,,,,,,,,,,None,,,,,,,,,,,,,,,0,,,2020,3,100,25
,96,,,,,Gerbera,,,,,Japan,,,,,,,,,,,20000,,,,1,,,,,,,,,,,,,None,,,,,,,,,,,,,,,0,,,2020,3,100,25
,96,,,,,Gerbera,,,,,Japan,,,,,,,,,,,20000,,,,1,,,,,,,,,,,,,None,,,,,,,,,,,,,,,0,,,2020,3,100,25
,96,,,,,Gerbera,,,,,Japan,,,,,,,,,,,20000,,,,1,,,,,,,,,,,,,None,,,,,,,,,,,,,,,0,,,2020,3,100,25
,96,,,,,Gerbera,,,,,Japan,,,,,,,,,,,20000,,,,1,,,,,,,,,,,,,None,,,,,,,,,,,,,,,0,,,2020,3,100,25
,96,,,,,Gerbera,,,,,Japan,,,,,,,,,,,20000,,,,1,,,,,,,,,,,,,None,,,,,,,,,,,,,,,0,,,2020,3,100,25
,96,,,,,Gerbera,,,,,Japan,,,,,,,,,,,20000,,,,1,,,,,,,,,,,,,None,,,,,,,,,,,,,,,0,,,2020,3,100,25
,96,,,,,Gerbera,,,,,Japan,,,,,,,,,,,20000,,,,1,,,,,,,,,,,,,None,,,,,,,,,,,,,,,0,,,2020,3,100,25
,96,,,,,Gerbera,,,,,Japan,,,,,,,,,,,20000,,,,1,,,,,,,,,,,,,None,,,,,,,,,,,,,,,0,,,2020,3,100,25
,96,,,,,Gerbera,,,,,Japan,,,,,,,,,,,20000,,,,1,,,,,,,,,,,,,None,,,,,,,,,,,,,,,0,,,2020,3,100,25
,96,,,,,Gerbera,,,,,Japan,,,,,,,,,,,20000,,,,1,,,,,,,,,,,,,None,,,,,,,,,,,,,,,0,,,2020,3,100,25
,97,,,,,Gerbera,,,,,Israel,,,,,,,,,,,20000,,,,1,,,,,,,,,,,,,None,,,,,,,,,,,,,,,0,,,2020,3,100,25
,97,,,,,Gerbera,,,,,Israel,,,,,,,,,,,20000,,,,1,,,,,,,,,,,,,None,,,,,,,,,,,,,,,0,,,2020,3,100,25
,97,,,,,Gerbera,,,,,Israel,,,,,,,,,,,20000,,,,1,,,,,,,,,,,,,None,,,,,,,,,,,,,,,0,,,2020,3,100,25
,97,,,,,Gerbera,,,,,Israel,,,,,,,,,,,20000,,,,1,,,,,,,,,,,,,None,,,,,,,,,,,,,,,0,,,2020,3,100,25
,97,,,,,Gerbera,,,,,Israel,,,,,,,,,,,20000,,,,1,,,,,,,,,,,,,None,,,,,,,,,,,,,,,0,,,2020,3,100,25
,97,,,,,Gerbera,,,,,Israel,,,,,,,,,,,20000,,,,1,,,,,,,,,,,,,None,,,,,,,,,,,,,,,0,,,2020,3,100,25
,97,,,,,Gerbera,,,,,Israel,,,,,,,,,,,20000,,,,1,,,,,,,,,,,,,None,,,,,,,,,,,,,,,0,,,2020,3,100,25
,97,,,,,Gerbera,,,,,Israel,,,,,,,,,,,20000,,,,1,,,,,,,,,,,,,None,,,,,,,,,,,,,,,0,,,2020,3,100,25
,97,,,,,Gerbera,,,,,Israel,,,,,,,,,,,20000,,,,1,,,,,,,,,,,,,None,,,,,,,,,,,,,,,0,,,2020,3,100,25
,97,,,,,Gerbera,,,,,Israel,,,,,,,,,,,20000,,,,1,,,,,,,,,,,,,None,,,,,,,,,,,,,,,0,,,2020,3,100,25
,97,,,,,Gerbera,,,,,Israel,,,,,,,,,,,20000,,,,1,,,,,,,,,,,,,None,,,,,,,,,,,,,,,0,,,2020,3,100,25
,97,,,,,Gerbera,,,,,Israel,,,,,,,,,,,20000,,,,1,,,,,,,,,,,,,None,,,,,,,,,,,,,,,0,,,2020,3,100,25
,97,,,,,Gerbera,,,,,Israel,,,,,,,,,,,20000,,,,1,,,,,,,,,,,,,None,,,,,,,,,,,,,,,0,,,2020,3,100,25
,97,,,,,Gerbera,,,,,Israel,,,,,,,,,,,20000,,,,1,,,,,,,,,,,,,None,,,,,,,,,,,,,,,0,,,2020,3,100,25
,97,,,,,Gerbera,,,,,Israel,,,,,,,,,,,20000,,,,1,,,,,,,,,,,,,None,,,,,,,,,,,,,,,0,,,2020,3,100,25
,97,,,,,Gerbera,,,,,Israel,,,,,,,,,,,20000,,,,1,,,,,,,,,,,,,None,,,,,,,,,,,,,,,0,,,2020,3,100,25
,97,,,,,Gerbera,,,,,Israel,,,,,,,,,,,20000,,,,1,,,,,,,,,,,,,None,,,,,,,,,,,,,,,0,,,2020,3,100,25
,97,,,,,Gerbera,,,,,Israel,,,,,,,,,,,20000,,,,1,,,,,,,,,,,,,None,,,,,,,,,,,,,,,0,,,2020,3,100,25
,97,,,,,Gerbera,,,,,Israel,,,,,,,,,,,20000,,,,1,,,,,,,,,,,,,None,,,,,,,,,,,,,,,0,,,2020,3,100,25
,97,,,,,Gerbera,,,,,Israel,,,,,,,,,,,20000,,,,1,,,,,,,,,,,,,None,,,,,,,,,,,,,,,0,,,2020,3,100,25
,97,,,,,Gerbera,,,,,Israel,,,,,,,,,,,20000,,,,1,,,,,,,,,,,,,None,,,,,,,,,,,,,,,0,,,2020,3,100,25
,97,,,,,Gerbera,,,,,Israel,,,,,,,,,,,20000,,,,1,,,,,,,,,,,,,None,,,,,,,,,,,,,,,0,,,2020,3,100,25
,97,,,,,Gerbera,,,,,Israel,,,,,,,,,,,20000,,,,1,,,,,,,,,,,,,None,,,,,,,,,,,,,,,0,,,2020,3,100,25
,97,,,,,Gerbera,,,,,Israel,,,,,,,,,,,20000,,,,1,,,,,,,,,,,,,None,,,,,,,,,,,,,,,0,,,2020,3,100,25
,97,,,,,Gerbera,,,,,Israel,,,,,,,,,,,20000,,,,1,,,,,,,,,,,,,None,,,,,,,,,,,,,,,0,,,2020,3,100,25
,98,,,,,Aegilops,,,,,Mexico,,,,,,,,,,,20000,,,,1,,,,,,,,,,,,,None,,,,,,,,,,,,,,,0,,,2020,3,100,25
,98,,,,,Aegilops,,,,,Mexico,,,,,,,,,,,20000,,,,1,,,,,,,,,,,,,None,,,,,,,,,,,,,,,0,,,2020,3,100,25
,98,,,,,Aegilops,,,,,Mexico,,,,,,,,,,,20000,,,,1,,,,,,,,,,,,,None,,,,,,,,,,,,,,,0,,,2020,3,100,25
,98,,,,,Aegilops,,,,,Mexico,,,,,,,,,,,20000,,,,1,,,,,,,,,,,,,None,,,,,,,,,,,,,,,0,,,2020,3,100,25
,98,,,,,Aegilops,,,,,Mexico,,,,,,,,,,,20000,,,,1,,,,,,,,,,,,,None,,,,,,,,,,,,,,,0,,,2020,3,100,25
,98,,,,,Aegilops,,,,,Mexico,,,,,,,,,,,20000,,,,1,,,,,,,,,,,,,None,,,,,,,,,,,,,,,0,,,2020,3,100,25
,98,,,,,Aegilops,,,,,Mexico,,,,,,,,,,,20000,,,,1,,,,,,,,,,,,,None,,,,,,,,,,,,,,,0,,,2020,3,100,25
,98,,,,,Aegilops,,,,,Mexico,,,,,,,,,,,20000,,,,1,,,,,,,,,,,,,None,,,,,,,,,,,,,,,0,,,2020,3,100,25
,98,,,,,Aegilops,,,,,Mexico,,,,,,,,,,,20000,,,,1,,,,,,,,,,,,,None,,,,,,,,,,,,,,,0,,,2020,3,100,25
,98,,,,,Aegilops,,,,,Mexico,,,,,,,,,,,20000,,,,1,,,,,,,,,,,,,None,,,,,,,,,,,,,,,0,,,2020,3,100,25
,98,,,,,Aegilops,,,,,Mexico,,,,,,,,,,,20000,,,,1,,,,,,,,,,,,,None,,,,,,,,,,,,,,,0,,,2020,3,100,25
,98,,,,,Aegilops,,,,,Mexico,,,,,,,,,,,20000,,,,1,,,,,,,,,,,,,None,,,,,,,,,,,,,,,0,,,2020,3,100,25
,98,,,,,Aegilops,,,,,Mexico,,,,,,,,,,,20000,,,,1,,,,,,,,,,,,,None,,,,,,,,,,,,,,,0,,,2020,3,100,25
,98,,,,,Aegilops,,,,,Mexico,,,,,,,,,,,20000,,,,1,,,,,,,,,,,,,None,,,,,,,,,,,,,,,0,,,2020,3,100,25
,98,,,,,Aegilops,,,,,Mexico,,,,,,,,,,,20000,,,,1,,,,,,,,,,,,,None,,,,,,,,,,,,,,,0,,,2020,3,100,25
,98,,,,,Aegilops,,,,,Mexico,,,,,,,,,,,20000,,,,1,,,,,,,,,,,,,None,,,,,,,,,,,,,,,0,,,2020,3,100,25
,98,,,,,Aegilops,,,,,Mexico,,,,,,,,,,,20000,,,,1,,,,,,,,,,,,,None,,,,,,,,,,,,,,,0,,,2020,3,100,25
,98,,,,,Aegilops,,,,,Mexico,,,,,,,,,,,20000,,,,1,,,,,,,,,,,,,None,,,,,,,,,,,,,,,0,,,2020,3,100,25
,98,,,,,Aegilops,,,,,Mexico,,,,,,,,,,,20000,,,,1,,,,,,,,,,,,,None,,,,,,,,,,,,,,,0,,,2020,3,100,25
,98,,,,,Aegilops,,,,,Mexico,,,,,,,,,,,20000,,,,1,,,,,,,,,,,,,None,,,,,,,,,,,,,,,0,,,2020,3,100,25
,98,,,,,Aegilops,,,,,Mexico,,,,,,,,,,,20000,,,,1,,,,,,,,,,,,,None,,,,,,,,,,,,,,,0,,,2020,3,100,25
,98,,,,,Aegilops,,,,,Mexico,,,,,,,,,,,20000,,,,1,,,,,,,,,,,,,None,,,,,,,,,,,,,,,0,,,2020,3,100,25
,98,,,,,Aegilops,,,,,Mexico,,,,,,,,,,,20000,,,,1,,,,,,,,,,,,,None,,,,,,,,,,,,,,,0,,,2020,3,100,25
,98,,,,,Aegilops,,,,,Mexico,,,,,,,,,,,20000,,,,1,,,,,,,,,,,,,None,,,,,,,,,,,,,,,0,,,2020,3,100,25
,98,,,,,Aegilops,,,,,Mexico,,,,,,,,,,,20000,,,,1,,,,,,,,,,,,,None,,,,,,,,,,,,,,,0,,,2020,3,100,25
,99,,,,,Agapanthus,,,,,Mexico,,,,,,,,,,,20000,,,,1,,,,,,,,,,,,,None,,,,,,,,,,,,,,,0,,,2020,3,100,25
,99,,,,,Agapanthus,,,,,Mexico,,,,,,,,,,,20000,,,,1,,,,,,,,,,,,,None,,,,,,,,,,,,,,,0,,,2020,3,100,25
,99,,,,,Agapanthus,,,,,Mexico,,,,,,,,,,,20000,,,,1,,,,,,,,,,,,,None,,,,,,,,,,,,,,,0,,,2020,3,100,25
,99,,,,,Agapanthus,,,,,Mexico,,,,,,,,,,,20000,,,,1,,,,,,,,,,,,,None,,,,,,,,,,,,,,,0,,,2020,3,100,25
,99,,,,,Agapanthus,,,,,Mexico,,,,,,,,,,,20000,,,,1,,,,,,,,,,,,,None,,,,,,,,,,,,,,,0,,,2020,3,100,25
,99,,,,,Agapanthus,,,,,Mexico,,,,,,,,,,,20000,,,,1,,,,,,,,,,,,,None,,,,,,,,,,,,,,,0,,,2020,3,100,25
,99,,,,,Agapanthus,,,,,Mexico,,,,,,,,,,,20000,,,,1,,,,,,,,,,,,,None,,,,,,,,,,,,,,,0,,,2020,3,100,25
,99,,,,,Agapanthus,,,,,Mexico,,,,,,,,,,,20000,,,,1,,,,,,,,,,,,,None,,,,,,,,,,,,,,,0,,,2020,3,100,25
,99,,,,,Agapanthus,,,,,Mexico,,,,,,,,,,,20000,,,,1,,,,,,,,,,,,,None,,,,,,,,,,,,,,,0,,,2020,3,100,25
,99,,,,,Agapanthus,,,,,Mexico,,,,,,,,,,,20000,,,,1,,,,,,,,,,,,,None,,,,,,,,,,,,,,,0,,,2020,3,100,25
,99,,,,,Agapanthus,,,,,Mexico,,,,,,,,,,,20000,,,,1,,,,,,,,,,,,,None,,,,,,,,,,,,,,,0,,,2020,3,100,25
,99,,,,,Agapanthus,,,,,Mexico,,,,,,,,,,,20000,,,,1,,,,,,,,,,,,,None,,,,,,,,,,,,,,,0,,,2020,3,100,25
,99,,,,,Agapanthus,,,,,Mexico,,,,,,,,,,,20000,,,,1,,,,,,,,,,,,,None,,,,,,,,,,,,,,,0,,,2020,3,100,25
,99,,,,,Agapanthus,,,,,Mexico,,,,,,,,,,,20000,,,,1,,,,,,,,,,,,,None,,,,,,,,,,,,,,,0,,,2020,3,100,25
,99,,,,,Agapanthus,,,,,Mexico,,,,,,,,,,,20000,,,,1,,,,,,,,,,,,,None,,,,,,,,,,,,,,,0,,,2020,3,100,25
,99,,,,,Agapanthus,,,,,Mexico,,,,,,,,,,,20000,,,,1,,,,,,,,,,,,,None,,,,,,,,,,,,,,,0,,,2020,3,100,25
,99,,,,,Agapanthus,,,,,Mexico,,,,,,,,,,,20000,,,,1,,,,,,,,,,,,,None,,,,,,,,,,,,,,,0,,,2020,3,100,25
,99,,,,,Agapanthus,,,,,Mexico,,,,,,,,,,,20000,,,,1,,,,,,,,,,,,,None,,,,,,,,,,,,,,,0,,,2020,3,100,25
,99,,,,,Agapanthus,,,,,Mexico,,,,,,,,,,,20000,,,,1,,,,,,,,,,,,,None,,,,,,,,,,,,,,,0,,,2020,3,100,25
,99,,,,,Agapanthus,,,,,Mexico,,,,,,,,,,,20000,,,,1,,,,,,,,,,,,,None,,,,,,,,,,,,,,,0,,,2020,3,100,25
,99,,,,,Agapanthus,,,,,Mexico,,,,,,,,,,,20000,,,,1,,,,,,,,,,,,,None,,,,,,,,,,,,,,,0,,,2020,3,100,25
,99,,,,,Agapanthus,,,,,Mexico,,,,,,,,,,,20000,,,,1,,,,,,,,,,,,,None,,,,,,,,,,,,,,,0,,,2020,3,100,25
,99,,,,,Agapanthus,,,,,Mexico,,,,,,,,,,,20000,,,,1,,,,,,,,,,,,,None,,,,,,,,,,,,,,,0,,,2020,3,100,25
,99,,,,,Agapanthus,,,,,Mexico,,,,,,,,,,,20000,,,,1,,,,,,,,,,,,,None,,,,,,,,,,,,,,,0,,,2020,3,100,25
,99,,,,,Agapanthus,,,,,Mexico,,,,,,,,,,,20000,,,,1,,,,,,,,,,,,,None,,,,,,,,,,,,,,,0,,,2020,3,100,25
,100,,,,,Aegilops,,,,,Mexico,,,,,,,,,,,20000,,,,1,,,,,,,,,,,,,None,,,,,,,,,,,,,,,0,,,2020,3,100,25
,100,,,,,Aegilops,,,,,Mexico,,,,,,,,,,,20000,,,,1,,,,,,,,,,,,,None,,,,,,,,,,,,,,,0,,,2020,3,100,25
,100,,,,,Aegilops,,,,,Mexico,,,,,,,,,,,20000,,,,1,,,,,,,,,,,,,None,,,,,,,,,,,,,,,0,,,2020,3,100,25
,100,,,,,Aegilops,,,,,Mexico,,,,,,,,,,,20000,,,,1,,,,,,,,,,,,,None,,,,,,,,,,,,,,,0,,,2020,3,100,25
,100,,,,,Aegilops,,,,,Mexico,,,,,,,,,,,20000,,,,1,,,,,,,,,,,,,None,,,,,,,,,,,,,,,0,,,2020,3,100,25
,100,,,,,Aegilops,,,,,Mexico,,,,,,,,,,,20000,,,,1,,,,,,,,,,,,,None,,,,,,,,,,,,,,,0,,,2020,3,100,25
,100,,,,,Aegilops,,,,,Mexico,,,,,,,,,,,20000,,,,1,,,,,,,,,,,,,None,,,,,,,,,,,,,,,0,,,2020,3,100,25
,100,,,,,Aegilops,,,,,Mexico,,,,,,,,,,,20000,,,,1,,,,,,,,,,,,,None,,,,,,,,,,,,,,,0,,,2020,3,100,25
,100,,,,,Aegilops,,,,,Mexico,,,,,,,,,,,20000,,,,1,,,,,,,,,,,,,None,,,,,,,,,,,,,,,0,,,2020,3,100,25
,100,,,,,Aegilops,,,,,Mexico,,,,,,,,,,,20000,,,,1,,,,,,,,,,,,,None,,,,,,,,,,,,,,,0,,,2020,3,100,25
,100,,,,,Aegilops,,,,,Mexico,,,,,,,,,,,20000,,,,1,,,,,,,,,,,,,None,,,,,,,,,,,,,,,0,,,2020,3,100,25
,100,,,,,Aegilops,,,,,Mexico,,,,,,,,,,,20000,,,,1,,,,,,,,,,,,,None,,,,,,,,,,,,,,,0,,,2020,3,100,25
,100,,,,,Aegilops,,,,,Mexico,,,,,,,,,,,20000,,,,1,,,,,,,,,,,,,None,,,,,,,,,,,,,,,0,,,2020,3,100,25
,100,,,,,Aegilops,,,,,Mexico,,,,,,,,,,,20000,,,,1,,,,,,,,,,,,,None,,,,,,,,,,,,,,,0,,,2020,3,100,25
,100,,,,,Aegilops,,,,,Mexico,,,,,,,,,,,20000,,,,1,,,,,,,,,,,,,None,,,,,,,,,,,,,,,0,,,2020,3,100,25
,100,,,,,Aegilops,,,,,Mexico,,,,,,,,,,,20000,,,,1,,,,,,,,,,,,,None,,,,,,,,,,,,,,,0,,,2020,3,100,25
,100,,,,,Aegilops,,,,,Mexico,,,,,,,,,,,20000,,,,1,,,,,,,,,,,,,None,,,,,,,,,,,,,,,0,,,2020,3,100,25
,100,,,,,Aegilops,,,,,Mexico,,,,,,,,,,,20000,,,,1,,,,,,,,,,,,,None,,,,,,,,,,,,,,,0,,,2020,3,100,25
,100,,,,,Aegilops,,,,,Mexico,,,,,,,,,,,20000,,,,1,,,,,,,,,,,,,None,,,,,,,,,,,,,,,0,,,2020,3,100,25
,100,,,,,Aegilops,,,,,Mexico,,,,,,,,,,,20000,,,,1,,,,,,,,,,,,,None,,,,,,,,,,,,,,,0,,,2020,3,100,25
,100,,,,,Aegilops,,,,,Mexico,,,,,,,,,,,20000,,,,1,,,,,,,,,,,,,None,,,,,,,,,,,,,,,0,,,2020,3,100,25
,100,,,,,Aegilops,,,,,Mexico,,,,,,,,,,,20000,,,,1,,,,,,,,,,,,,None,,,,,,,,,,,,,,,0,,,2020,3,100,25
,100,,,,,Aegilops,,,,,Mexico,,,,,,,,,,,20000,,,,1,,,,,,,,,,,,,None,,,,,,,,,,,,,,,0,,,2020,3,100,25
,100,,,,,Aegilops,,,,,Mexico,,,,,,,,,,,20000,,,,1,,,,,,,,,,,,,None,,,,,,,,,,,,,,,0,,,2020,3,100,25
,100,,,,,Aegilops,,,,,Mexico,,,,,,,,,,,20000,,,,1,,,,,,,,,,,,,None,,,,,,,,,,,,,,,0,,,2020,3,100,25
